,sunshine,global_radiation,cloud_cover
10392,0.16564565378980642,0.9608573173213063,-0.12772489238609958
5440,-0.40636317262109567,-0.8876277119492256,0.355495700787328
7316,-1.077851794929546,-1.180680216589676,0.355495700787328
12649,1.1355736637909013,1.1862823208908833,-2.06060726507981
13249,0.8620042250726437,0.8594160657149966,-1.0941660787329548
7308,-0.8788922031344497,-1.101781465340324,0.8387162939607556
6648,-0.4312331215954827,-0.30152270266832526,0.8387162939607556
1583,-0.8540222541600626,-0.16626770052657905,0.8387162939607556
68,-1.077851794929546,-0.8876277119492256,0.8387162939607556
3251,-1.077851794929546,-1.169408966411197,0.8387162939607556
8962,-0.25714347877477345,0.5550923108960676,0.355495700787328
3295,-1.077851794929546,-1.180680216589676,1.3219368871341832
4393,-0.4561030705698698,-0.9552552130200987,-1.0941660787329548
14464,1.1355736637909013,1.3440798233895872,0.355495700787328
7713,1.0360938678933531,-0.24516645177593102,-1.0941660787329548
2455,-1.077851794929546,-0.8425427112353102,0.8387162939607556
1595,-0.033313938005289936,0.6678048126808561,-0.6109454855595272
11571,-0.9286321010832237,-0.5044052058809446,-0.12772489238609958
4914,2.503420857382189,2.448662340880515,-0.12772489238609958
8295,-0.3068833767235475,-0.14372520016962134,-0.12772489238609958
4881,1.6329726432786424,1.7723873301717836,-1.5773866719063825
8511,1.8070622860993515,1.5469623266022066,0.355495700787328
6092,-0.35662327467232163,-0.031012698384832806,0.8387162939607556
245,-0.6799326113393532,-0.24516645177593102,0.8387162939607556
3017,-0.48097301954425686,-0.06482644892026937,0.355495700787328
5292,2.677510500202898,0.46492230946823676,-2.06060726507981
3795,2.055761775843222,2.0992535853476704,-1.0941660787329548
4122,1.3842731535347719,1.2200960714263198,-0.6109454855595272
4004,-1.077851794929546,-1.2032227169466336,0.355495700787328
14906,-1.077851794929546,-1.0454252144479297,0.8387162939607556
4676,0.8371342760982567,-0.16626770052657905,-2.06060726507981
4077,0.7376544802007085,0.04788605286451916,-1.0941660787329548
6434,1.1604436127652884,1.276452322318714,0.8387162939607556
10628,0.4143451435336769,-0.5156764560594235,-1.0941660787329548
673,-1.003241948006385,-1.022882714090972,0.355495700787328
11688,-1.077851794929546,-1.1919514667681548,1.3219368871341832
11419,-1.077851794929546,-0.6847452087366063,0.8387162939607556
8654,1.3096633066116106,0.7805173144656447,-0.6109454855595272
14082,-0.3068833767235475,0.48746480982519447,0.8387162939607556
10668,-0.9037621521088367,-0.6058464574872543,1.3219368871341832
13335,1.1604436127652884,1.6258610778515585,-2.06060726507981
3024,-1.077851794929546,-0.6509314582011697,0.8387162939607556
13989,-0.20740358082599933,0.29585355679105396,0.8387162939607556
12608,2.528290806356576,2.4148485903450783,-2.5438278582532377
2425,1.359403204560385,1.2651810721402352,0.355495700787328
7581,1.0112239189189662,0.2056835553632231,-1.0941660787329548
12774,-0.28201342774916044,-0.9552552130200987,-1.5773866719063825
6388,-0.7048025603137403,0.1831410550062654,0.8387162939607556
13166,-0.40636317262109567,-0.9101702123061833,-0.6109454855595272
4984,-0.8042823562112885,-0.23389520159745217,1.3219368871341832
11585,0.46408504148245106,0.22822605572018081,-0.12772489238609958
13078,-0.10792378492845114,-0.5044052058809446,-1.0941660787329548
3433,-0.13279373390283822,0.6565335625023773,0.355495700787328
4338,-0.555582866467418,-0.8988989621277045,0.8387162939607556
8495,1.4340130514835459,1.051027318749137,-1.5773866719063825
8810,0.6630446332775474,-0.3353364532037618,-1.0941660787329548
5228,-0.35662327467232163,0.23949730589865967,0.8387162939607556
12662,0.2651254496873547,0.41983730875432135,-2.5438278582532377
2517,-1.077851794929546,-1.1581377162327182,1.3219368871341832
14102,1.0360938678933531,1.2426385717832775,-1.0941660787329548
6174,-0.48097301954425686,-0.932712712663141,0.355495700787328
9039,-0.9783719990319979,-0.7636439599859582,0.8387162939607556
2036,1.8816721330225128,1.8738285817780933,-1.5773866719063825
3065,0.3894751945592899,1.0397560685706582,0.355495700787328
12156,0.09103580686664531,0.4311085589328002,-1.0941660787329548
13305,1.9811519289200612,2.133067335883107,-2.06060726507981
3355,0.8620042250726437,0.2620398062556174,0.355495700787328
14670,-0.505842968518644,-0.5044052058809446,0.8387162939607556
5183,0.19051560276419338,-0.019741448206353953,-0.6109454855595272
4638,1.2599234086628366,0.7128898133947715,-1.5773866719063825
1427,-0.6799326113393532,-0.9890689635555353,-2.06060726507981
3881,1.6578425922530293,1.5018773258882911,-1.5773866719063825
14764,-0.8788922031344497,-0.04228394856331166,0.8387162939607556
1041,-0.7794124072369014,-0.9214414624846622,0.355495700787328
8821,0.5138249394312252,-0.22262395141897331,0.355495700787328
4501,-1.052981845955159,-0.4818627055239869,1.3219368871341832
5557,1.0360938678933531,0.5438210607175887,0.355495700787328
1413,-0.9783719990319979,-1.0566964646264085,0.355495700787328
114,0.36460524558490276,0.757974814108687,0.355495700787328
8513,1.8816721330225128,1.6258610778515585,-0.12772489238609958
11716,-1.077851794929546,-1.1355952158757605,1.3219368871341832
13885,-0.580452815441805,-1.0003402137340143,0.8387162939607556
230,-0.9286321010832237,-0.3353364532037618,0.355495700787328
13422,1.5583627963554811,0.46492230946823676,-2.06060726507981
6109,1.3345332555859974,0.5550923108960676,-0.12772489238609958
10662,-0.6799326113393532,-0.49313395570246576,-0.12772489238609958
2746,0.8371342760982567,1.4004360742819815,-0.12772489238609958
14709,1.856802184048126,1.366622323746545,-1.0941660787329548
7998,-0.25714347877477345,-0.8538139614137891,-0.12772489238609958
1520,0.7625244291750957,0.04788605286451916,-0.12772489238609958
14420,2.503420857382189,-0.8876277119492256,-2.06060726507981
4604,0.9117441230214178,1.1750110707124044,0.355495700787328
214,-0.033313938005289936,0.6227198119669407,0.355495700787328
10062,1.5086228984067072,1.7611160799933048,-0.6109454855595272
14436,0.9366140719958048,1.4567923251743757,-0.6109454855595272
7598,-1.077851794929546,-1.022882714090972,1.3219368871341832
11024,0.5386948884056122,0.09297105357843458,-0.12772489238609958
11317,-0.6053227644161921,-1.0341539642694508,-0.6109454855595272
5614,-1.077851794929546,-0.47059145534550806,1.3219368871341832
2487,0.5138249394312252,-0.30152270266832526,-1.5773866719063825
8323,-0.505842968518644,-0.5833039571302966,0.355495700787328
11731,-1.077851794929546,-1.0679677148048874,1.3219368871341832
6927,-1.077851794929546,-1.2032227169466336,1.3219368871341832
2182,-1.077851794929546,-1.2032227169466336,0.8387162939607556
3886,0.7376544802007085,0.9157723166073909,-0.12772489238609958
11515,-0.38149322364670873,0.46492230946823676,-0.12772489238609958
14021,1.3345332555859974,1.659674828386995,-1.0941660787329548
11028,-1.052981845955159,-0.8200002108783525,1.3219368871341832
3477,0.488954990456838,1.1637398205339256,0.355495700787328
5706,1.06096381686774,1.1862823208908833,-0.12772489238609958
5169,-0.7794124072369014,-0.7636439599859582,0.8387162939607556
9230,1.0360938678933531,0.9383148169643486,-0.6109454855595272
9927,-1.077851794929546,-0.9101702123061833,1.3219368871341832
3115,0.8620042250726437,1.4004360742819815,-0.6109454855595272
10766,1.6578425922530293,1.9639985832059241,-1.5773866719063825
6914,-0.7296725092881273,-1.0566964646264085,0.8387162939607556
5369,-0.13279373390283822,0.014072302329082605,0.355495700787328
8992,2.055761775843222,1.738573579636347,-1.0941660787329548
10241,-0.555582866467418,-0.9665264631985776,0.355495700787328
6935,-0.530712917493031,-1.0116114639124931,-0.12772489238609958
14951,-0.6550626623649661,-1.0341539642694508,-0.12772489238609958
10036,1.1604436127652884,1.659674828386995,-0.6109454855595272
1498,-1.052981845955159,-1.0679677148048874,0.8387162939607556
10431,1.6329726432786424,1.7949298305287413,-1.5773866719063825
10296,1.359403204560385,0.48746480982519447,-2.06060726507981
9745,-0.555582866467418,-0.1775389507050579,-0.12772489238609958
14863,-0.9535020500576108,-0.5720327069518177,0.8387162939607556
11541,-0.7794124072369014,-0.07609769909874822,0.8387162939607556
4176,-0.4312331215954827,0.4536510592897579,0.355495700787328
5217,-0.20740358082599933,0.22822605572018081,0.8387162939607556
8222,0.43921509250806384,1.1411973201769678,0.8387162939607556
6977,0.3894751945592899,-0.5156764560594235,-0.12772489238609958
6234,-0.8042823562112885,-0.9890689635555353,0.355495700787328
2055,0.46408504148245106,0.8030598148226024,-1.0941660787329548
11711,-1.077851794929546,-1.1468664660542394,0.8387162939607556
2058,1.8319322350737386,1.5244198262452489,-2.5438278582532377
9266,1.6827125412274162,1.817472330885699,-0.6109454855595272
13974,1.3842731535347719,1.0284848183921793,-1.5773866719063825
15199,1.4340130514835459,1.670946078565474,-1.0941660787329548
4861,0.16564565378980642,0.6114485617884619,0.8387162939607556
5683,1.2847933576372237,1.592047327316122,0.355495700787328
9659,-0.13279373390283822,0.7241610635732504,0.355495700787328
4860,-0.6799326113393532,-0.06482644892026937,0.8387162939607556
14340,1.0360938678933531,0.8706873158934755,-1.5773866719063825
8094,-1.077851794929546,-0.9890689635555353,1.3219368871341832
483,-0.7545424582625144,-0.08736894927722708,0.8387162939607556
10338,0.6879145822519344,0.9270435667858697,-1.5773866719063825
10802,0.5884347863543863,1.0961123194630524,-0.6109454855595272
14437,-0.13279373390283822,0.679076062859335,-0.12772489238609958
12531,2.1055016737919963,1.738573579636347,-1.5773866719063825
9515,-0.38149322364670873,-0.8988989621277045,-0.6109454855595272
4391,-0.4312331215954827,-0.9552552130200987,0.355495700787328
9125,-1.077851794929546,-1.2032227169466336,1.3219368871341832
12900,-0.9037621521088367,-0.2677089521328887,0.8387162939607556
2984,-1.052981845955159,-0.8763564617707468,0.8387162939607556
11957,0.04129590891787117,-0.08736894927722708,-1.0941660787329548
6425,2.3044612655870926,2.0203548340983186,-2.06060726507981
3079,0.14077570481541946,0.9270435667858697,0.355495700787328
2046,-0.25714347877477345,0.39729480839736364,0.355495700787328
13640,1.5086228984067072,1.6145898276730797,-1.5773866719063825
12117,0.8620042250726437,0.1831410550062654,-0.6109454855595272
4328,-0.28201342774916044,-0.7298302094505217,-0.12772489238609958
5137,-0.7048025603137403,-0.9665264631985776,0.355495700787328
7173,0.7873943781494827,0.9383148169643486,-0.12772489238609958
4128,0.6879145822519344,0.904501066428912,0.355495700787328
13897,0.43921509250806384,-0.707287709093564,-1.5773866719063825
2347,-0.8788922031344497,-0.04228394856331166,1.3219368871341832
15138,-0.6550626623649661,0.41983730875432135,0.8387162939607556
11427,0.5884347863543863,0.757974814108687,-1.5773866719063825
9581,0.6879145822519344,0.48746480982519447,-0.6109454855595272
5857,-1.003241948006385,-1.1243239656972817,0.8387162939607556
9918,-0.580452815441805,-0.6509314582011697,0.8387162939607556
15273,-0.8540222541600626,-0.7974577105213948,-2.06060726507981
13848,0.3894751945592899,-0.7411014596290005,-2.5438278582532377
1414,0.5884347863543863,-0.5720327069518177,-0.12772489238609958
499,2.4039410614846406,2.211966087132459,-2.5438278582532377
668,0.7625244291750957,-0.3466077033822407,-0.6109454855595272
10678,0.43921509250806384,0.3860235582188848,-0.12772489238609958
8631,0.7625244291750957,0.9721285674997852,0.355495700787328
3033,-0.008443989030902977,0.46492230946823676,0.355495700787328
6829,0.8122643271238696,0.5325498105391099,-0.6109454855595272
9364,1.6081026943042553,1.3891648241035026,-0.12772489238609958
4695,0.7625244291750957,-0.4593202051670292,-2.06060726507981
2485,0.8620042250726437,-0.1549964503481002,-2.06060726507981
12890,0.36460524558490276,0.6565335625023773,-1.0941660787329548
11623,-0.9535020500576108,-0.9439839628416199,-0.12772489238609958
303,0.2651254496873547,-0.4818627055239869,-0.12772489238609958
12816,0.6630446332775474,-0.5044052058809446,-1.5773866719063825
12637,0.7376544802007085,1.1073835696415313,-2.06060726507981
9253,1.3096633066116106,1.4455210749958969,0.355495700787328
1703,0.2899953986617417,0.521278560360631,-0.6109454855595272
13733,1.1355736637909013,1.3440798233895872,-0.6109454855595272
13315,0.5386948884056122,1.2426385717832775,-1.0941660787329548
10400,-0.38149322364670873,0.5100073101821522,0.8387162939607556
5496,-1.052981845955159,-1.1355952158757605,0.8387162939607556
5152,-1.077851794929546,-1.090510215161845,1.3219368871341832
6210,-1.077851794929546,-1.1919514667681548,1.3219368871341832
1042,0.04129590891787117,-0.6396602080226909,0.8387162939607556
14733,1.2847933576372237,1.4455210749958969,-0.6109454855595272
3921,-0.530712917493031,-0.38042145391767723,0.355495700787328
2924,0.4143451435336769,-0.7974577105213948,-0.6109454855595272
3206,1.1853135617396753,0.11551355393539228,-0.6109454855595272
11836,-0.25714347877477345,0.5663635610745464,0.8387162939607556
7596,1.1107037148165144,-0.04228394856331166,-0.6109454855595272
6223,-0.9535020500576108,-1.101781465340324,0.355495700787328
10875,0.9614840209701918,0.059157303042998016,-1.5773866719063825
10728,-1.077851794929546,-0.4593202051670292,1.3219368871341832
5035,-1.077851794929546,-0.9890689635555353,0.355495700787328
5743,0.488954990456838,0.2056835553632231,-0.6109454855595272
14038,-1.077851794929546,-0.4367777048100715,1.3219368871341832
10606,-1.077851794929546,-1.169408966411197,1.3219368871341832
5642,2.3790711125102537,2.381034839809642,-1.0941660787329548
13858,-1.077851794929546,-1.2032227169466336,1.3219368871341832
14127,-0.8042823562112885,-0.3691502037391984,0.8387162939607556
13363,-0.505842968518644,0.22822605572018081,-0.12772489238609958
2699,-0.13279373390283822,0.6339910621454196,0.8387162939607556
3402,1.7075824902018033,1.5695048269591643,-0.12772489238609958
7856,-1.077851794929546,-0.4367777048100715,1.3219368871341832
11097,0.33973529661051577,0.983399817678264,-0.12772489238609958
1068,-0.9037621521088367,-1.101781465340324,0.355495700787328
7457,-0.6053227644161921,0.2620398062556174,0.8387162939607556
7109,0.7127845312263216,1.366622323746545,0.8387162939607556
3143,0.9614840209701918,1.208824821247841,-0.6109454855595272
2470,-0.7048025603137403,-0.6058464574872543,0.8387162939607556
11859,0.6630446332775474,1.3328085732111083,-0.12772489238609958
14617,0.19051560276419338,-0.8200002108783525,-2.06060726507981
10079,-0.18253363185161225,0.4761935596467156,-0.12772489238609958
553,-0.9286321010832237,-0.12118269981266364,1.3219368871341832
8538,-0.38149322364670873,0.39729480839736364,0.8387162939607556
9222,-0.2322735298003864,0.059157303042998016,0.8387162939607556
13823,-0.8291523051856755,-0.932712712663141,-0.6109454855595272
11095,0.6879145822519344,1.208824821247841,-1.0941660787329548
5746,-1.077851794929546,-0.8650852115922679,1.3219368871341832
2766,0.6879145822519344,1.1637398205339256,-0.12772489238609958
9537,-1.077851794929546,-1.0792389649833662,1.3219368871341832
3038,0.3148653476361286,0.7467035639302081,-1.0941660787329548
6345,-0.7794124072369014,0.0028010521506037526,0.355495700787328
13873,-1.077851794929546,-1.2032227169466336,1.3219368871341832
12439,-0.9783719990319979,-1.090510215161845,0.8387162939607556
11610,-1.077851794929546,-0.9890689635555353,1.3219368871341832
10939,-1.077851794929546,-1.2032227169466336,1.3219368871341832
8332,0.11590575584103227,-0.44804895498855035,-0.12772489238609958
6311,-1.077851794929546,-0.6509314582011697,1.3219368871341832
3315,-1.077851794929546,-1.1355952158757605,0.8387162939607556
13372,-0.28201342774916044,0.3409385575049694,0.355495700787328
14432,2.1552415717407705,-0.9101702123061833,-2.5438278582532377
7745,-1.052981845955159,-0.786186460342916,0.355495700787328
4720,-1.077851794929546,-1.1919514667681548,1.3219368871341832
13258,2.030891826868835,1.6484035782085162,-2.5438278582532377
8621,-0.4312331215954827,0.25076855607713855,0.355495700787328
420,0.2899953986617417,-0.30152270266832526,-0.6109454855595272
4667,-0.25714347877477345,-0.4367777048100715,0.8387162939607556
4954,1.1355736637909013,1.4793348255313334,-0.12772489238609958
2995,-1.052981845955159,-0.7974577105213948,0.355495700787328
13866,-1.077851794929546,-1.2032227169466336,1.3219368871341832
1496,-1.052981845955159,-1.0792389649833662,0.355495700787328
1047,0.21538555173858054,-0.6509314582011697,-0.6109454855595272
12202,1.1355736637909013,1.5807760771376431,-2.06060726507981
8925,2.0060218778944483,2.155609836240065,0.355495700787328
856,-0.9037621521088367,-0.2000814510620156,0.355495700787328
10054,2.503420857382189,2.381034839809642,-2.5438278582532377
15229,1.1355736637909013,1.0397560685706582,0.355495700787328
8391,0.7376544802007085,-0.7636439599859582,-2.06060726507981
3660,-1.077851794929546,-1.1919514667681548,1.3219368871341832
7654,0.21538555173858054,-0.8538139614137891,0.355495700787328
4659,0.4143451435336769,-0.031012698384832806,-0.6109454855595272
11734,-0.28201342774916044,-0.628388957844212,-0.6109454855595272
14861,-1.077851794929546,-0.7523727098074794,1.3219368871341832
6332,0.5138249394312252,0.9608573173213063,0.355495700787328
11039,-0.4561030705698698,-0.21135270124049446,-0.6109454855595272
15261,-1.077851794929546,-0.7411014596290005,0.355495700787328
14438,0.3894751945592899,1.0735698191060947,0.355495700787328
3187,0.14077570481541946,0.02534355250756146,-0.12772489238609958
8916,2.4039410614846406,2.347221089274205,-0.12772489238609958
6133,-1.077851794929546,-1.0003402137340143,0.355495700787328
820,-1.0281118969807719,-0.6396602080226909,1.3219368871341832
1643,0.46408504148245106,1.1750110707124044,0.355495700787328
7559,0.016425959943484204,0.11551355393539228,0.8387162939607556
14787,2.2298514186639316,-0.8876277119492256,-1.5773866719063825
2631,0.3148653476361286,0.12678480411387114,-1.0941660787329548
107,1.6329726432786424,1.4004360742819815,-1.0941660787329548
10591,-1.077851794929546,-1.1919514667681548,1.3219368871341832
367,-1.077851794929546,-1.1919514667681548,1.3219368871341832
6983,1.0360938678933531,-0.24516645177593102,-1.0941660787329548
416,-1.077851794929546,-1.022882714090972,1.3219368871341832
2420,1.1853135617396753,1.2426385717832775,-1.0941660787329548
729,-1.077851794929546,-1.1919514667681548,0.8387162939607556
4768,0.33973529661051577,-0.6960164589150851,-1.0941660787329548
3599,-1.077851794929546,-1.1130527155188028,0.355495700787328
13826,-0.6301927133905793,-0.8763564617707468,-0.12772489238609958
3941,-0.08305383595406408,-0.4142352044531138,0.355495700787328
4129,-0.033313938005289936,0.44237980911127905,0.355495700787328
9934,-1.052981845955159,-0.8087289606998737,1.3219368871341832
6508,0.2402555007129675,-0.4367777048100715,-0.6109454855595272
2388,0.5884347863543863,1.197553571069362,0.355495700787328
9225,0.5635648373799991,0.5889060614315041,-0.12772489238609958
3804,-0.7048025603137403,0.1605985546493077,0.8387162939607556
10989,-0.18253363185161225,-0.7411014596290005,-0.12772489238609958
13342,-1.077851794929546,-0.4593202051670292,0.8387162939607556
5353,1.3842731535347719,1.1750110707124044,-0.6109454855595272
14144,1.085833765842127,0.46492230946823676,-1.5773866719063825
510,-0.9037621521088367,-0.10991144963418478,0.8387162939607556
700,-0.7794124072369014,-1.0566964646264085,-0.12772489238609958
10068,0.8620042250726437,1.3102660728541506,-0.6109454855595272
13900,0.46408504148245106,-0.6734739585581274,-2.5438278582532377
2628,-1.077851794929546,-0.8650852115922679,0.355495700787328
5981,1.6827125412274162,1.8400148312426567,-0.12772489238609958
1277,-1.0281118969807719,-0.27898020231136755,1.3219368871341832
13399,-0.7296725092881273,-0.3353364532037618,0.8387162939607556
2030,1.3096633066116106,1.6033185774946008,-1.0941660787329548
5327,0.43921509250806384,0.9721285674997852,0.8387162939607556
39,-1.077851794929546,-1.090510215161845,1.3219368871341832
1891,-0.8788922031344497,-0.6960164589150851,0.8387162939607556
12166,-0.4312331215954827,0.1605985546493077,0.8387162939607556
6682,-0.28201342774916044,0.21695480554170196,-0.12772489238609958
9462,-1.077851794929546,-1.169408966411197,0.8387162939607556
4313,0.016425959943484204,-0.47059145534550806,-0.12772489238609958
3482,-0.7296725092881273,0.10424230375691343,0.355495700787328
9810,-1.077851794929546,-1.1243239656972817,0.355495700787328
2980,-0.4312331215954827,-0.5607614567733389,0.8387162939607556
14756,-0.08305383595406408,0.7016185632162927,-0.12772489238609958
12198,2.3790711125102537,2.3021360885602897,-2.5438278582532377
1303,0.04129590891787117,0.7354323137517292,-0.12772489238609958
381,0.488954990456838,-0.6960164589150851,-0.6109454855595272
8072,-0.4312331215954827,-0.7749152101644371,0.355495700787328
11103,0.2651254496873547,0.9608573173213063,-0.12772489238609958
346,-0.3317533256979346,-0.9665264631985776,-0.12772489238609958
15158,-0.20740358082599933,1.0397560685706582,-0.12772489238609958
12424,-1.077851794929546,-1.1919514667681548,0.8387162939607556
11809,2.2298514186639316,1.9527273330274453,-2.5438278582532377
474,1.0360938678933531,1.1073835696415313,-0.6109454855595272
5382,-0.9535020500576108,-0.6960164589150851,0.355495700787328
6889,-0.008443989030902977,-0.6847452087366063,-0.6109454855595272
1878,-1.077851794929546,-1.022882714090972,0.8387162939607556
7276,-1.077851794929546,-1.1919514667681548,1.3219368871341832
13535,-1.003241948006385,-1.101781465340324,-0.12772489238609958
322,-0.505842968518644,-0.8988989621277045,-0.6109454855595272
14048,1.4091431025091588,1.817472330885699,-1.5773866719063825
12659,0.9366140719958048,0.9157723166073909,-2.06060726507981
8522,0.6381746843031604,1.0284848183921793,0.355495700787328
8188,0.09103580686664531,0.8819585660719543,0.355495700787328
2754,2.080631724817609,2.1105248355261494,-0.12772489238609958
5001,1.06096381686774,0.6678048126808561,-0.6109454855595272
5843,-0.6053227644161921,-1.022882714090972,-0.12772489238609958
6870,0.8122643271238696,-0.2000814510620156,-0.6109454855595272
7077,1.583232745329868,1.7723873301717836,-1.5773866719063825
3328,0.46408504148245106,-0.4367777048100715,-0.12772489238609958
971,-0.2322735298003864,0.2056835553632231,0.355495700787328
3076,0.5884347863543863,1.2539098219617564,0.355495700787328
7019,-1.077851794929546,-0.8087289606998737,1.3219368871341832
4464,-0.20740358082599933,-0.053555198741790516,-0.6109454855595272
7884,0.8620042250726437,1.2313673216047987,-0.6109454855595272
12750,-1.077851794929546,-1.169408966411197,1.3219368871341832
11903,-0.8291523051856755,-0.10991144963418478,0.355495700787328
6107,1.5583627963554811,0.679076062859335,-0.6109454855595272
12773,-1.077851794929546,-1.2032227169466336,0.8387162939607556
1201,0.7873943781494827,0.8932298162504332,-1.0941660787329548
2727,-0.25714347877477345,0.6227198119669407,0.355495700787328
9418,-0.3317533256979346,-0.5044052058809446,0.8387162939607556
14009,2.1801115207151573,2.0316260842767973,-2.06060726507981
7407,0.7873943781494827,0.8481448155365178,-0.6109454855595272
36,0.6133047353287733,-0.4593202051670292,-0.6109454855595272
6325,0.2651254496873547,0.7128898133947715,-0.12772489238609958
5914,1.1604436127652884,0.4311085589328002,-0.6109454855595272
7061,1.4340130514835459,1.51314857606677,0.355495700787328
6934,-0.555582866467418,-1.022882714090972,0.355495700787328
14846,1.6578425922530293,1.366622323746545,-1.5773866719063825
12216,-1.077851794929546,-0.42550645463159265,1.3219368871341832
11018,0.8620042250726437,0.11551355393539228,-1.0941660787329548
6463,-0.3317533256979346,-0.08736894927722708,0.355495700787328
8993,-0.15766368287722518,0.39729480839736364,-0.12772489238609958
4829,-0.580452815441805,-0.30152270266832526,0.8387162939607556
4850,-0.505842968518644,-0.008470198027875101,-0.12772489238609958
8862,1.7075824902018033,1.2313673216047987,-1.5773866719063825
3090,-0.4312331215954827,0.46492230946823676,0.355495700787328
12522,0.7376544802007085,0.8368735653580389,-0.12772489238609958
1288,-1.077851794929546,-0.44804895498855035,1.3219368871341832
3031,0.06616585789225812,0.4987360600036733,-0.12772489238609958
10887,1.0112239189189662,-0.14372520016962134,-2.5438278582532377
2977,0.2651254496873547,-0.3127939528468041,0.355495700787328
2400,-0.3068833767235475,0.44237980911127905,0.8387162939607556
9798,-0.6053227644161921,-0.7749152101644371,-0.12772489238609958
14843,1.1604436127652884,1.1524685703554467,-1.0941660787329548
14972,-0.530712917493031,-1.0116114639124931,0.355495700787328
4461,-1.077851794929546,-0.8200002108783525,1.3219368871341832
1746,-0.7545424582625144,-0.6960164589150851,0.8387162939607556
4329,0.33973529661051577,-0.5607614567733389,-1.0941660787329548
15274,-0.3068833767235475,-0.49313395570246576,-1.0941660787329548
10155,0.16564565378980642,-0.38042145391767723,-0.12772489238609958
7359,-1.052981845955159,-0.9665264631985776,0.8387162939607556
11478,0.8371342760982567,1.4229785746389392,-1.5773866719063825
5425,-1.077851794929546,-1.1130527155188028,0.8387162939607556
6908,-1.077851794929546,-1.180680216589676,0.355495700787328
7590,1.3096633066116106,0.13805605429235,-2.06060726507981
3405,-0.505842968518644,0.14932730447082884,0.355495700787328
10122,0.16564565378980642,0.11551355393539228,-0.12772489238609958
4560,-0.10792378492845114,0.7467035639302081,0.8387162939607556
12188,-0.40636317262109567,0.3634810578619271,-0.12772489238609958
3375,-1.077851794929546,-0.7411014596290005,1.3219368871341832
15077,1.5086228984067072,1.4567923251743757,0.355495700787328
12710,-0.9535020500576108,-0.8763564617707468,-0.12772489238609958
2507,0.8620042250726437,-0.4818627055239869,-2.5438278582532377
5333,0.3148653476361286,0.8256023151795601,0.355495700787328
14032,-0.033313938005289936,0.7805173144656447,-0.12772489238609958
11032,1.2350534596884497,0.5438210607175887,-2.5438278582532377
210,-0.9037621521088367,-0.1775389507050579,0.355495700787328
14981,-0.8540222541600626,-1.0003402137340143,-0.12772489238609958
1950,0.4143451435336769,0.904501066428912,-0.6109454855595272
13910,-1.077851794929546,-1.1243239656972817,1.3219368871341832
651,0.5138249394312252,-0.1549964503481002,-1.0941660787329548
2206,-0.40636317262109567,-0.9214414624846622,0.355495700787328
13810,0.09103580686664531,-0.44804895498855035,-0.12772489238609958
2615,-0.9286321010832237,-0.8425427112353102,0.355495700787328
1396,0.8371342760982567,-0.27898020231136755,-1.5773866719063825
10646,-0.2322735298003864,-0.5156764560594235,0.355495700787328
6698,-0.10792378492845114,0.521278560360631,0.355495700787328
6390,-0.18253363185161225,0.679076062859335,0.8387162939607556
1670,2.2547213676383184,2.0879823351691917,-0.6109454855595272
2320,0.21538555173858054,0.8030598148226024,-0.12772489238609958
9734,0.8122643271238696,0.8932298162504332,-0.12772489238609958
8466,0.488954990456838,0.04788605286451916,-0.6109454855595272
7292,-0.15766368287722518,-0.932712712663141,-0.6109454855595272
1952,-1.052981845955159,-0.42550645463159265,0.8387162939607556
12353,0.46408504148245106,-0.38042145391767723,-1.0941660787329548
12780,0.04129590891787117,-0.8876277119492256,-1.5773866719063825
2937,-1.077851794929546,-1.169408966411197,0.8387162939607556
11115,0.14077570481541946,0.9270435667858697,0.8387162939607556
10894,0.7127845312263216,-0.3466077033822407,-0.6109454855595272
11699,-1.077851794929546,-1.180680216589676,1.3219368871341832
5513,-0.7296725092881273,-0.9101702123061833,0.355495700787328
11755,-0.13279373390283822,-0.21135270124049446,-0.12772489238609958
12479,-0.7794124072369014,-0.6622027083796486,0.355495700787328
484,-0.48097301954425686,0.17186980482778655,0.8387162939607556
12596,0.16564565378980642,0.9608573173213063,-0.12772489238609958
8824,-1.052981845955159,-0.9439839628416199,0.8387162939607556
898,-0.8042823562112885,0.07042855322147687,0.8387162939607556
1732,-1.052981845955159,-0.8312714610568314,1.3219368871341832
8011,-1.077851794929546,-1.1919514667681548,0.8387162939607556
2613,1.1853135617396753,0.02534355250756146,-1.0941660787329548
5920,0.3894751945592899,0.19441230518474426,-0.12772489238609958
5391,0.11590575584103227,-0.1775389507050579,-0.12772489238609958
4705,-1.077851794929546,-1.1468664660542394,0.8387162939607556
11011,-1.077851794929546,-1.0116114639124931,1.3219368871341832
12037,-0.530712917493031,-1.0116114639124931,0.8387162939607556
10542,0.36460524558490276,-0.5945752073087754,-1.5773866719063825
2640,-0.13279373390283822,0.014072302329082605,-0.6109454855595272
1250,2.1055016737919963,2.189423586775501,-1.5773866719063825
12550,0.6381746843031604,1.129926069998489,-0.12772489238609958
5912,1.1107037148165144,0.37475230804040593,-1.0941660787329548
2435,-0.15766368287722518,0.1605985546493077,-0.12772489238609958
8262,1.1853135617396753,1.276452322318714,-0.6109454855595272
13928,-0.3317533256979346,-0.628388957844212,-0.12772489238609958
15255,0.09103580686664531,0.04788605286451916,-0.12772489238609958
13669,-1.077851794929546,-0.4367777048100715,0.8387162939607556
9399,-1.0281118969807719,-0.7749152101644371,0.355495700787328
4147,-0.05818388697967712,0.6114485617884619,0.355495700787328
12331,-0.8042823562112885,-0.6622027083796486,1.3219368871341832
12347,-1.077851794929546,-1.0341539642694508,1.3219368871341832
2303,1.2599234086628366,1.2651810721402352,-0.12772489238609958
10896,0.7127845312263216,-0.3691502037391984,-2.06060726507981
10368,2.3293312145614795,2.2457798376678957,-1.5773866719063825
14838,0.7873943781494827,1.0172135682137005,-0.12772489238609958
582,0.3894751945592899,0.8932298162504332,0.355495700787328
4923,0.46408504148245106,1.1862823208908833,-0.6109454855595272
4304,0.6381746843031604,-0.10991144963418478,0.355495700787328
718,-1.077851794929546,-1.2032227169466336,0.355495700787328
6753,-1.052981845955159,-0.3353364532037618,1.3219368871341832
10620,-0.555582866467418,-0.8876277119492256,-0.12772489238609958
762,0.9614840209701918,-0.4367777048100715,-2.5438278582532377
3844,1.4837529494323203,1.8062010807072202,-0.6109454855595272
1870,0.7873943781494827,-0.30152270266832526,-0.6109454855595272
12869,0.016425959943484204,0.13805605429235,-0.6109454855595272
6369,2.6277706022541243,2.505018591772909,-1.5773866719063825
13464,-0.555582866467418,-0.8650852115922679,-0.12772489238609958
11117,-1.077851794929546,-0.4367777048100715,1.3219368871341832
738,-1.077851794929546,-1.1919514667681548,0.8387162939607556
3545,-0.08305383595406408,0.0028010521506037526,0.355495700787328
9565,-0.7794124072369014,-0.5833039571302966,0.8387162939607556
7914,-0.40636317262109567,-0.019741448206353953,0.355495700787328
6161,-0.48097301954425686,-0.8538139614137891,-0.12772489238609958
7534,0.46408504148245106,0.8030598148226024,-0.12772489238609958
7852,-0.3317533256979346,0.5438210607175887,0.355495700787328
12572,2.2049814696895442,2.2457798376678957,-2.06060726507981
6088,-0.25714347877477345,0.08169980339995572,0.355495700787328
8031,-1.052981845955159,-1.180680216589676,0.8387162939607556
10164,-1.052981845955159,-1.0341539642694508,0.8387162939607556
9443,-1.052981845955159,-1.0792389649833662,0.8387162939607556
6431,1.085833765842127,1.276452322318714,0.355495700787328
750,-0.28201342774916044,-0.8650852115922679,0.355495700787328
3449,-1.077851794929546,-0.42550645463159265,0.8387162939607556
15103,2.553160755330963,2.437391090702036,-0.12772489238609958
14310,0.016425959943484204,-0.16626770052657905,-0.12772489238609958
2329,0.46408504148245106,1.051027318749137,-0.12772489238609958
3571,-0.8788922031344497,-0.7749152101644371,0.355495700787328
1839,0.04129590891787117,-0.8200002108783525,-0.12772489238609958
10120,-1.052981845955159,-0.7411014596290005,1.3219368871341832
10797,1.7075824902018033,1.828743581064178,-2.5438278582532377
1275,1.1853135617396753,1.659674828386995,-0.6109454855595272
14628,-1.077851794929546,-1.1581377162327182,1.3219368871341832
10349,0.5138249394312252,0.9495860671428275,0.355495700787328
5020,0.6381746843031604,0.12678480411387114,-0.12772489238609958
10539,0.5138249394312252,-0.5269477062379023,-0.6109454855595272
9377,1.583232745329868,1.0397560685706582,-0.6109454855595272
4064,1.0360938678933531,-0.2000814510620156,-0.12772489238609958
6315,-0.530712917493031,0.014072302329082605,0.8387162939607556
9414,-0.18253363185161225,-0.3916927040961561,0.8387162939607556
2264,0.016425959943484204,-0.06482644892026937,-0.6109454855595272
8929,2.453680959433415,2.4148485903450783,-1.0941660787329548
1536,-0.8042823562112885,-0.5382189564163812,0.8387162939607556
4509,-0.530712917493031,0.19441230518474426,0.8387162939607556
13573,0.7127845312263216,-0.08736894927722708,-1.0941660787329548
5044,0.7376544802007085,-0.24516645177593102,-0.12772489238609958
1369,0.14077570481541946,-0.09864019945570593,0.355495700787328
740,-0.2322735298003864,-0.8988989621277045,-0.6109454855595272
10548,-1.077851794929546,-1.1468664660542394,1.3219368871341832
11999,-1.077851794929546,-1.1130527155188028,1.3219368871341832
1188,0.2651254496873547,0.3860235582188848,0.355495700787328
13767,-1.077851794929546,-0.7749152101644371,0.8387162939607556
10986,-0.2322735298003864,-0.786186460342916,-0.12772489238609958
1570,-1.077851794929546,-0.6058464574872543,0.355495700787328
9642,0.4143451435336769,1.0735698191060947,0.8387162939607556
10284,-1.077851794929546,-0.9890689635555353,0.8387162939607556
2527,-0.6550626623649661,-1.022882714090972,0.8387162939607556
2127,-1.077851794929546,-1.0679677148048874,1.3219368871341832
12581,-1.003241948006385,-0.22262395141897331,1.3219368871341832
3487,0.33973529661051577,1.0059423180352216,-0.12772489238609958
10308,-1.052981845955159,-0.7411014596290005,0.8387162939607556
2764,0.3148653476361286,0.9383148169643486,0.355495700787328
5058,-1.052981845955159,-1.0679677148048874,-0.6109454855595272
5261,0.2899953986617417,0.9946710678567429,0.355495700787328
5277,0.21538555173858054,1.0059423180352216,0.8387162939607556
11232,0.36460524558490276,-0.019741448206353953,-0.6109454855595272
12669,0.2402555007129675,0.29585355679105396,-1.5773866719063825
7092,0.46408504148245106,1.1524685703554467,0.355495700787328
1981,-0.033313938005289936,0.7917885646441235,0.8387162939607556
5267,-1.052981845955159,-0.3466077033822407,0.355495700787328
4296,-0.8042823562112885,-0.6622027083796486,0.355495700787328
10862,0.7376544802007085,0.2056835553632231,-0.6109454855595272
3898,0.7625244291750957,0.6565335625023773,-0.6109454855595272
13181,-1.077851794929546,-1.1130527155188028,-2.06060726507981
2057,1.7821923371249646,1.51314857606677,-0.6109454855595272
3635,-1.077851794929546,-1.2032227169466336,0.8387162939607556
4921,-0.25714347877477345,0.6227198119669407,0.355495700787328
13154,-0.9286321010832237,-1.1130527155188028,-0.12772489238609958
5528,0.43921509250806384,-0.3353364532037618,-0.6109454855595272
12563,1.4837529494323203,1.7723873301717836,-1.0941660787329548
11973,-0.580452815441805,-0.6058464574872543,0.355495700787328
3488,-0.20740358082599933,0.5776348112530253,0.8387162939607556
15080,2.528290806356576,2.0992535853476704,-0.6109454855595272
6057,2.030891826868835,1.9189135824920087,-1.0941660787329548
11510,-1.003241948006385,-0.24516645177593102,0.355495700787328
6794,1.9314120309712868,1.7836585803502625,-1.5773866719063825
9292,0.5635648373799991,1.2539098219617564,0.355495700787328
9484,0.3148653476361286,-0.8425427112353102,-0.6109454855595272
4104,-0.4561030705698698,-0.1549964503481002,-0.12772489238609958
10217,-1.077851794929546,-1.2032227169466336,1.3219368871341832
1710,0.8620042250726437,0.6452623123238984,-0.6109454855595272
8297,-1.077851794929546,-0.8200002108783525,1.3219368871341832
6592,-1.052981845955159,-1.1355952158757605,0.8387162939607556
11477,1.9065420819969,2.0767110849907127,-2.06060726507981
562,0.3148653476361286,1.0059423180352216,0.355495700787328
12296,1.2350534596884497,1.0172135682137005,-1.0941660787329548
5790,-0.8540222541600626,-0.9552552130200987,0.355495700787328
640,0.9117441230214178,0.1831410550062654,-2.06060726507981
1669,1.3096633066116106,1.5695048269591643,-0.12772489238609958
3000,0.8122643271238696,0.4311085589328002,-0.12772489238609958
7652,0.016425959943484204,-0.8876277119492256,-0.6109454855595272
13709,1.1355736637909013,1.5695048269591643,-0.6109454855595272
13405,-0.3068833767235475,-0.09864019945570593,0.355495700787328
2407,-1.077851794929546,-0.5382189564163812,1.3219368871341832
12861,-0.05818388697967712,-0.031012698384832806,-2.06060726507981
3611,-0.580452815441805,-0.932712712663141,0.355495700787328
7854,0.36460524558490276,1.0961123194630524,0.8387162939607556
8163,2.354201163535867,2.0992535853476704,-2.06060726507981
9604,0.9614840209701918,1.0284848183921793,-0.6109454855595272
9195,-0.7545424582625144,-0.6058464574872543,0.355495700787328
8741,-1.077851794929546,-1.1919514667681548,1.3219368871341832
5687,-0.13279373390283822,0.5889060614315041,0.355495700787328
2910,0.6133047353287733,-0.786186460342916,-1.0941660787329548
2742,-1.0281118969807719,-0.2902514524898464,1.3219368871341832
13813,-0.555582866467418,-0.7298302094505217,0.355495700787328
12387,0.04129590891787117,-0.8200002108783525,-0.6109454855595272
4982,-0.9286321010832237,-0.3691502037391984,0.355495700787328
11878,-0.008443989030902977,0.7917885646441235,0.355495700787328
13039,-0.6053227644161921,-0.2902514524898464,-0.6109454855595272
5763,0.7625244291750957,-0.031012698384832806,-2.06060726507981
2928,-0.3068833767235475,-0.932712712663141,-1.5773866719063825
3166,-1.077851794929546,-0.707287709093564,1.3219368871341832
5692,-0.8042823562112885,-0.06482644892026937,0.355495700787328
13577,0.9863539699445792,0.21695480554170196,-1.0941660787329548
15055,-0.555582866467418,0.12678480411387114,-0.12772489238609958
180,-1.052981845955159,-0.3353364532037618,0.8387162939607556
4450,-1.052981845955159,-0.8425427112353102,0.8387162939607556
11347,-1.052981845955159,-1.1243239656972817,0.8387162939607556
13699,0.21538555173858054,0.983399817678264,-0.6109454855595272
2218,-1.077851794929546,-1.1355952158757605,0.355495700787328
6501,0.3894751945592899,-0.2902514524898464,-0.6109454855595272
1955,1.2101835107140624,1.4680635753528546,-0.6109454855595272
1057,-1.077851794929546,-1.1581377162327182,0.355495700787328
6147,0.9117441230214178,-0.30152270266832526,-1.0941660787329548
6690,-1.077851794929546,-0.5720327069518177,1.3219368871341832
11072,0.6381746843031604,0.9270435667858697,-0.6109454855595272
9294,0.8371342760982567,1.4455210749958969,-0.12772489238609958
1399,-1.077851794929546,-1.0792389649833662,1.3219368871341832
7217,-0.8788922031344497,-0.707287709093564,0.8387162939607556
10236,-0.580452815441805,-0.9890689635555353,-0.12772489238609958
5846,0.6381746843031604,-0.7523727098074794,-1.5773866719063825
10765,1.5086228984067072,1.8738285817780933,-0.6109454855595272
3068,1.9811519289200612,2.0767110849907127,0.8387162939607556
7613,-1.052981845955159,-1.0679677148048874,0.355495700787328
11396,0.6879145822519344,0.2845823066125751,-1.5773866719063825
2234,0.8122643271238696,-0.32406520302528297,-2.06060726507981
6759,-0.6550626623649661,0.22822605572018081,0.8387162939607556
12026,-0.3068833767235475,-0.9439839628416199,-2.06060726507981
12695,-0.10792378492845114,-0.25643770195440985,0.355495700787328
1210,0.8620042250726437,1.0735698191060947,0.355495700787328
4057,-0.033313938005289936,-0.6171177076657332,-0.12772489238609958
10679,-0.20740358082599933,0.02534355250756146,-0.12772489238609958
2238,1.0360938678933531,-0.2000814510620156,-1.0941660787329548
11605,0.5386948884056122,-0.07609769909874822,-0.6109454855595272
10995,-0.3068833767235475,-0.7298302094505217,-0.12772489238609958
2948,-1.077851794929546,-1.1355952158757605,1.3219368871341832
12044,-1.077851794929546,-1.2032227169466336,0.8387162939607556
8589,-1.077851794929546,-0.44804895498855035,1.3219368871341832
5502,-1.077851794929546,-1.1468664660542394,1.3219368871341832
4359,-1.077851794929546,-1.1919514667681548,1.3219368871341832
4486,0.3148653476361286,0.5776348112530253,0.355495700787328
11398,-0.7545424582625144,-0.49313395570246576,-0.6109454855595272
5751,-1.077851794929546,-0.8988989621277045,1.3219368871341832
4629,0.6133047353287733,0.5663635610745464,-1.5773866719063825
5556,1.0112239189189662,0.5100073101821522,0.355495700787328
5282,-1.052981845955159,-0.3353364532037618,1.3219368871341832
1434,-1.077851794929546,-1.1919514667681548,1.3219368871341832
15323,-0.9535020500576108,-1.1581377162327182,0.355495700787328
92,-0.3068833767235475,0.02534355250756146,-0.12772489238609958
11652,0.5884347863543863,-0.6734739585581274,-1.5773866719063825
2300,1.5583627963554811,1.3778935739250238,-0.6109454855595272
4404,-1.003241948006385,-1.101781465340324,0.355495700787328
11250,-1.052981845955159,-0.9777977133770565,0.8387162939607556
5736,-1.077851794929546,-0.7974577105213948,1.3219368871341832
13628,-0.35662327467232163,0.23949730589865967,0.8387162939607556
6515,-1.0281118969807719,-1.0341539642694508,0.8387162939607556
8265,-0.9286321010832237,-0.32406520302528297,0.8387162939607556
14848,1.5086228984067072,1.2539098219617564,-2.06060726507981
14524,0.886874174047031,0.10424230375691343,-2.06060726507981
7782,0.6381746843031604,0.904501066428912,0.355495700787328
10519,0.9863539699445792,-0.09864019945570593,-2.06060726507981
6909,-1.0281118969807719,-1.1468664660542394,0.355495700787328
9115,-0.555582866467418,-1.022882714090972,-0.12772489238609958
8091,1.3345332555859974,0.04788605286451916,-0.12772489238609958
3378,0.488954990456838,0.4987360600036733,-0.6109454855595272
9573,0.9614840209701918,0.46492230946823676,-0.6109454855595272
1084,-1.077851794929546,-1.2032227169466336,1.3219368871341832
9972,-1.052981845955159,-0.5269477062379023,0.8387162939607556
2777,0.5635648373799991,0.9721285674997852,-0.12772489238609958
5957,-1.077851794929546,-0.5833039571302966,1.3219368871341832
428,1.06096381686774,0.25076855607713855,-1.5773866719063825
8922,-1.052981845955159,-0.3466077033822407,0.8387162939607556
7847,-0.10792378492845114,0.7467035639302081,0.355495700787328
12018,0.3894751945592899,-0.7185589592720428,-1.0941660787329548
5042,-0.008443989030902977,-0.4593202051670292,-0.12772489238609958
5290,-0.4312331215954827,0.46492230946823676,0.8387162939607556
15190,1.3842731535347719,2.0767110849907127,-1.5773866719063825
2698,0.6381746843031604,1.208824821247841,-0.12772489238609958
6929,-1.077851794929546,-1.2032227169466336,1.3219368871341832
14887,-1.077851794929546,-0.932712712663141,1.3219368871341832
3478,-1.077851794929546,-0.44804895498855035,1.3219368871341832
7410,0.43921509250806384,0.6903473130378138,-0.12772489238609958
11895,-0.7794124072369014,-0.008470198027875101,0.8387162939607556
408,-1.003241948006385,-0.9890689635555353,0.8387162939607556
13100,-1.077851794929546,-1.1243239656972817,-0.12772489238609958
13608,-0.28201342774916044,0.07042855322147687,0.8387162939607556
1608,-1.077851794929546,-0.42550645463159265,1.3219368871341832
14288,-1.077851794929546,-1.0679677148048874,0.8387162939607556
7488,0.16564565378980642,0.9495860671428275,0.8387162939607556
9842,-0.6053227644161921,-1.022882714090972,-0.12772489238609958
10226,-1.077851794929546,-1.1919514667681548,0.355495700787328
14570,-1.052981845955159,-1.1243239656972817,-0.6109454855595272
13355,-1.052981845955159,-0.40296395427463494,1.3219368871341832
10363,-0.8291523051856755,-0.053555198741790516,0.355495700787328
9285,0.19051560276419338,0.9608573173213063,0.355495700787328
426,-0.10792378492845114,-0.2902514524898464,0.8387162939607556
949,-1.077851794929546,-0.54949020659486,1.3219368871341832
3827,2.354201163535867,2.369763589631163,-1.0941660787329548
11508,1.0360938678933531,1.5469623266022066,-1.5773866719063825
3597,-0.9286321010832237,-0.9890689635555353,-0.6109454855595272
2865,-1.077851794929546,-1.101781465340324,1.3219368871341832
9228,0.2651254496873547,0.46492230946823676,-0.12772489238609958
9458,-1.077851794929546,-1.1581377162327182,1.3219368871341832
14579,-1.077851794929546,-1.180680216589676,0.8387162939607556
13954,-1.077851794929546,-0.8425427112353102,-0.12772489238609958
7336,-1.077851794929546,-1.1243239656972817,1.3219368871341832
6857,1.1355736637909013,0.13805605429235,-1.0941660787329548
6196,-1.077851794929546,-1.2032227169466336,1.3219368871341832
8169,-1.077851794929546,-0.47059145534550806,1.3219368871341832
12756,-1.077851794929546,-1.1919514667681548,-0.12772489238609958
1691,1.6578425922530293,1.4680635753528546,-2.06060726507981
9531,-1.077851794929546,-1.1130527155188028,0.8387162939607556
11164,-0.9535020500576108,-0.22262395141897331,-0.12772489238609958
8722,0.19051560276419338,-0.6960164589150851,-0.6109454855595272
9711,1.6578425922530293,1.7047598291009105,-0.12772489238609958
1421,0.2899953986617417,-0.707287709093564,-0.12772489238609958
10558,-1.052981845955159,-1.1468664660542394,0.8387162939607556
14440,2.453680959433415,-0.8988989621277045,-2.5438278582532377
819,-1.077851794929546,-0.7411014596290005,1.3219368871341832
9478,-1.077851794929546,-1.2032227169466336,1.3219368871341832
14089,-0.08305383595406408,0.6227198119669407,0.8387162939607556
11764,-1.077851794929546,-0.8312714610568314,0.355495700787328
3817,0.6381746843031604,1.3102660728541506,0.355495700787328
14252,-1.077851794929546,-1.1919514667681548,1.3219368871341832
15014,-0.2322735298003864,-0.5720327069518177,1.3219368871341832
14456,1.3842731535347719,1.5807760771376431,-0.6109454855595272
14704,-0.38149322364670873,-0.008470198027875101,0.355495700787328
9263,-1.077851794929546,-0.4818627055239869,0.8387162939607556
11927,-0.10792378492845114,0.29585355679105396,-0.12772489238609958
409,-1.077851794929546,-1.0679677148048874,1.3219368871341832
1285,0.2899953986617417,1.0284848183921793,-0.12772489238609958
9725,2.080631724817609,1.7160310792793894,-2.06060726507981
9244,2.2049814696895442,1.8062010807072202,-0.6109454855595272
13581,-1.052981845955159,-0.8425427112353102,0.355495700787328
1941,2.080631724817609,1.7723873301717836,-2.5438278582532377
13015,0.6630446332775474,0.8932298162504332,-1.0941660787329548
1091,-1.077851794929546,-1.2032227169466336,1.3219368871341832
5597,0.7127845312263216,1.0284848183921793,0.8387162939607556
73,-1.077851794929546,-0.8538139614137891,1.3219368871341832
7908,-1.077851794929546,-0.6622027083796486,0.355495700787328
9696,1.0112239189189662,1.4567923251743757,-0.6109454855595272
4448,-0.580452815441805,-0.49313395570246576,0.8387162939607556
11484,-0.15766368287722518,0.7016185632162927,-0.12772489238609958
12308,-0.2322735298003864,-0.04228394856331166,-0.6109454855595272
13179,-1.077851794929546,-1.1243239656972817,-0.12772489238609958
9853,-1.077851794929546,-1.2032227169466336,1.3219368871341832
291,0.33973529661051577,-0.2902514524898464,0.355495700787328
9936,-1.077851794929546,-0.8425427112353102,1.3219368871341832
12672,-0.8788922031344497,-0.49313395570246576,0.355495700787328
8530,-1.077851794929546,-0.49313395570246576,1.3219368871341832
3578,-1.052981845955159,-0.9665264631985776,1.3219368871341832
14355,0.5386948884056122,0.8143310650010812,-0.6109454855595272
11686,-1.077851794929546,-1.2032227169466336,1.3219368871341832
6013,1.6827125412274162,1.9865410835628818,-0.12772489238609958
2089,-0.8291523051856755,-0.5382189564163812,0.355495700787328
5397,0.016425959943484204,-0.30152270266832526,0.8387162939607556
1801,0.016425959943484204,-0.8763564617707468,-1.0941660787329548
14072,0.2402555007129675,0.9721285674997852,0.355495700787328
12099,-0.555582866467418,-0.7411014596290005,-0.6109454855595272
1576,0.6381746843031604,0.9495860671428275,-0.12772489238609958
1110,-1.077851794929546,-1.169408966411197,0.8387162939607556
318,-1.052981845955159,-1.101781465340324,1.3219368871341832
7018,0.488954990456838,0.27331105643409626,-0.6109454855595272
7145,1.5583627963554811,1.738573579636347,0.355495700787328
13908,-1.077851794929546,-1.1355952158757605,0.355495700787328
8217,1.3096633066116106,1.738573579636347,-0.6109454855595272
1825,-1.077851794929546,-1.1919514667681548,0.355495700787328
3146,-0.9286321010832237,-0.2902514524898464,0.8387162939607556
5339,1.359403204560385,1.3891648241035026,-0.12772489238609958
13442,-1.077851794929546,-1.022882714090972,1.3219368871341832
3411,0.19051560276419338,0.7467035639302081,-0.12772489238609958
144,1.0360938678933531,1.4906060757098123,-0.12772489238609958
12704,-1.077851794929546,-0.9777977133770565,0.355495700787328
13603,1.1107037148165144,0.7917885646441235,-0.6109454855595272
8098,-1.052981845955159,-0.8763564617707468,0.355495700787328
3514,1.583232745329868,1.4793348255313334,-0.12772489238609958
4237,1.359403204560385,1.4680635753528546,0.355495700787328
4062,-1.077851794929546,-1.0679677148048874,1.3219368871341832
14030,-0.38149322364670873,0.46492230946823676,-0.6109454855595272
4502,-1.077851794929546,-0.54949020659486,1.3219368871341832
9159,0.9863539699445792,-0.47059145534550806,-2.06060726507981
15150,2.8267301940492207,3.0347673501614154,-2.5438278582532377
10655,0.2402555007129675,-0.09864019945570593,-1.0941660787329548
10973,-1.052981845955159,-1.1468664660542394,1.3219368871341832
12077,-1.077851794929546,-1.1468664660542394,1.3219368871341832
13827,-0.7296725092881273,-0.9214414624846622,0.8387162939607556
14481,1.0360938678933531,1.0397560685706582,-1.5773866719063825
1830,-1.077851794929546,-1.1919514667681548,0.355495700787328
9681,-0.25714347877477345,0.600177311609983,0.8387162939607556
85,0.36460524558490276,0.3296673073264905,0.355495700787328
10471,-0.2322735298003864,0.09297105357843458,0.355495700787328
1219,1.0360938678933531,1.2989948226756718,-1.0941660787329548
4429,0.6381746843031604,-0.3127939528468041,-0.12772489238609958
5598,1.9811519289200612,1.7836585803502625,-0.6109454855595272
4098,0.6630446332775474,0.39729480839736364,-0.12772489238609958
9211,0.9117441230214178,0.521278560360631,-0.6109454855595272
6452,-0.008443989030902977,0.31839605714801167,0.355495700787328
5678,1.6827125412274162,1.8625573315996145,-0.6109454855595272
9053,1.2350534596884497,0.07042855322147687,-0.6109454855595272
8240,2.055761775843222,2.0316260842767973,-0.12772489238609958
6913,-0.555582866467418,-1.0003402137340143,0.355495700787328
4467,-1.077851794929546,-0.7749152101644371,1.3219368871341832
14922,-0.9783719990319979,-1.0341539642694508,0.355495700787328
594,-0.6301927133905793,-0.008470198027875101,0.355495700787328
6750,-1.077851794929546,-0.42550645463159265,1.3219368871341832
3919,-0.4312331215954827,-0.30152270266832526,0.8387162939607556
15070,1.4588830004579327,1.3778935739250238,-1.5773866719063825
14227,-0.08305383595406408,-0.9101702123061833,-1.5773866719063825
4745,-1.077851794929546,-1.2032227169466336,1.3219368871341832
9964,-0.530712917493031,-0.031012698384832806,0.8387162939607556
8833,-0.20740358082599933,-0.25643770195440985,0.8387162939607556
14877,-0.4312331215954827,-0.3127939528468041,0.8387162939607556
14389,-0.8042823562112885,0.014072302329082605,0.8387162939607556
6282,-0.35662327467232163,-0.25643770195440985,0.8387162939607556
61,-1.052981845955159,-0.8876277119492256,1.3219368871341832
7516,1.8319322350737386,1.828743581064178,0.355495700787328
9058,0.3894751945592899,-0.2902514524898464,-0.12772489238609958
3570,1.3842731535347719,0.19441230518474426,-2.06060726507981
10059,2.478550908407802,2.3246785889172474,-2.5438278582532377
13158,-0.8042823562112885,-1.0566964646264085,-0.6109454855595272
5349,1.5086228984067072,1.3102660728541506,-0.6109454855595272
4029,-0.8042823562112885,-1.0566964646264085,0.8387162939607556
12897,-0.15766368287722518,0.37475230804040593,-0.12772489238609958
12515,0.8122643271238696,0.7692460642871658,-2.06060726507981
3728,0.14077570481541946,0.04788605286451916,-0.12772489238609958
12670,-1.052981845955159,-0.6847452087366063,-0.6109454855595272
9318,1.5086228984067072,1.8400148312426567,-1.5773866719063825
14548,0.3894751945592899,-0.44804895498855035,-0.6109454855595272
10937,-0.8788922031344497,-1.101781465340324,0.355495700787328
15226,-0.6053227644161921,0.2620398062556174,-0.12772489238609958
7976,-0.28201342774916044,-0.6960164589150851,-0.12772489238609958
9445,0.6381746843031604,-0.5156764560594235,-0.6109454855595272
11671,-1.077851794929546,-1.2032227169466336,0.355495700787328
7748,1.1107037148165144,0.5776348112530253,-0.6109454855595272
532,-0.008443989030902977,0.8256023151795601,0.8387162939607556
958,2.030891826868835,1.7160310792793894,-1.5773866719063825
472,-0.10792378492845114,0.35220980768344823,0.355495700787328
10657,-1.077851794929546,-0.9101702123061833,0.8387162939607556
13334,0.19051560276419338,0.9608573173213063,-0.6109454855595272
1513,1.0360938678933531,-0.09864019945570593,-2.5438278582532377
2290,1.2101835107140624,1.0172135682137005,-1.0941660787329548
6408,2.677510500202898,2.4148485903450783,-1.5773866719063825
14164,0.2899953986617417,-0.21135270124049446,0.355495700787328
11576,-0.7048025603137403,-0.3466077033822407,0.355495700787328
6865,1.3345332555859974,0.04788605286451916,-1.0941660787329548
1479,0.46408504148245106,-0.6847452087366063,-2.5438278582532377
9595,0.7376544802007085,0.757974814108687,-0.6109454855595272
5883,-1.077851794929546,-1.090510215161845,1.3219368871341832
2899,0.5138249394312252,-0.786186460342916,-0.12772489238609958
10291,-0.033313938005289936,-0.21135270124049446,-0.6109454855595272
7439,-0.6799326113393532,0.10424230375691343,0.355495700787328
14991,-0.9783719990319979,-0.9552552130200987,-0.6109454855595272
11582,0.33973529661051577,0.21695480554170196,-1.5773866719063825
5610,-0.08305383595406408,0.6114485617884619,0.355495700787328
4739,-0.6053227644161921,-1.0341539642694508,0.355495700787328
10529,1.0112239189189662,-0.25643770195440985,-1.0941660787329548
6387,-0.6301927133905793,0.2620398062556174,0.8387162939607556
5194,-0.13279373390283822,-0.031012698384832806,0.355495700787328
5903,0.4143451435336769,-0.08736894927722708,-0.12772489238609958
9804,0.46408504148245106,-0.4818627055239869,-1.5773866719063825
4972,-0.8042823562112885,-0.14372520016962134,0.8387162939607556
9404,-0.35662327467232163,-0.3466077033822407,0.355495700787328
491,0.3894751945592899,0.904501066428912,-0.6109454855595272
10329,0.16564565378980642,0.46492230946823676,-1.5773866719063825
12930,-1.077851794929546,-0.42550645463159265,0.8387162939607556
14544,-0.13279373390283822,-0.5720327069518177,-0.6109454855595272
10475,0.3148653476361286,0.37475230804040593,-0.6109454855595272
8020,-1.003241948006385,-1.1581377162327182,0.355495700787328
8099,1.0112239189189662,0.22822605572018081,-1.0941660787329548
127,-0.28201342774916044,0.41983730875432135,0.8387162939607556
10713,0.06616585789225812,0.6339910621454196,0.355495700787328
5595,-0.8291523051856755,-0.1775389507050579,1.3219368871341832
6110,-0.08305383595406408,-0.10991144963418478,-0.6109454855595272
8861,-1.077851794929546,-0.6960164589150851,0.8387162939607556
3724,1.0360938678933531,0.39729480839736364,-0.6109454855595272
1264,-0.7048025603137403,0.1831410550062654,0.8387162939607556
9500,-1.077851794929546,-1.1919514667681548,0.8387162939607556
4948,-0.9286321010832237,-0.16626770052657905,0.8387162939607556
10272,-0.35662327467232163,-0.6622027083796486,-1.5773866719063825
8257,1.6578425922530293,1.6033185774946008,-1.0941660787329548
11715,-1.0281118969807719,-1.090510215161845,1.3219368871341832
12332,0.886874174047031,0.10424230375691343,-0.6109454855595272
5099,-1.077851794929546,-1.2032227169466336,-0.12772489238609958
12979,0.8371342760982567,1.3778935739250238,-0.6109454855595272
4355,0.46408504148245106,-0.7749152101644371,-1.0941660787329548
275,-0.9037621521088367,-0.7185589592720428,0.8387162939607556
7578,-0.8788922031344497,-0.6734739585581274,0.355495700787328
13927,-0.05818388697967712,-0.5269477062379023,-0.12772489238609958
10743,-0.4561030705698698,0.39729480839736364,0.8387162939607556
1272,-0.7048025603137403,0.1831410550062654,0.355495700787328
12723,-1.077851794929546,-1.0792389649833662,0.8387162939607556
12832,-0.7794124072369014,-0.8312714610568314,-0.12772489238609958
14935,-0.9037621521088367,-1.0454252144479297,0.8387162939607556
8247,1.2847933576372237,1.5244198262452489,-0.12772489238609958
1897,-0.6301927133905793,-0.44804895498855035,0.355495700787328
12169,0.14077570481541946,0.6227198119669407,0.355495700787328
13776,-0.9286321010832237,-0.6171177076657332,1.3219368871341832
5996,0.36460524558490276,1.0848410692845736,0.8387162939607556
9994,-0.505842968518644,0.2620398062556174,0.355495700787328
12908,1.3096633066116106,1.4793348255313334,-1.5773866719063825
10872,-1.0281118969807719,-0.8650852115922679,0.355495700787328
15065,-0.7296725092881273,-0.1549964503481002,-1.0941660787329548
14077,1.7075824902018033,1.896371082135051,-0.12772489238609958
1458,-1.077851794929546,-1.2032227169466336,0.8387162939607556
14853,1.06096381686774,0.8368735653580389,-1.0941660787329548
12488,-1.077851794929546,-0.8763564617707468,0.8387162939607556
10440,-0.10792378492845114,0.5663635610745464,-0.6109454855595272
6461,-0.05818388697967712,0.10424230375691343,-0.12772489238609958
3585,-1.052981845955159,-1.0116114639124931,1.3219368871341832
2826,0.6381746843031604,0.1831410550062654,0.355495700787328
715,0.4143451435336769,-0.8200002108783525,-1.0941660787329548
10776,0.11590575584103227,0.904501066428912,0.355495700787328
5426,-1.077851794929546,-1.1130527155188028,-0.12772489238609958
2973,-0.18253363185161225,-0.5269477062379023,0.355495700787328
13041,0.09103580686664531,0.11551355393539228,-1.5773866719063825
1118,-0.7545424582625144,-0.9890689635555353,0.8387162939607556
11735,-0.48097301954425686,-0.6960164589150851,0.355495700787328
6826,1.8319322350737386,1.051027318749137,-1.5773866719063825
7417,-1.077851794929546,-0.5833039571302966,1.3219368871341832
14933,-0.8788922031344497,-1.0341539642694508,-1.0941660787329548
1698,1.3096633066116106,1.1637398205339256,-1.0941660787329548
4337,-1.077851794929546,-1.1355952158757605,1.3219368871341832
5446,-0.3068833767235475,-0.8876277119492256,0.8387162939607556
2316,-0.15766368287722518,0.48746480982519447,0.355495700787328
11913,-0.15766368287722518,0.41983730875432135,0.355495700787328
9410,0.9614840209701918,0.12678480411387114,-1.0941660787329548
10092,0.8371342760982567,1.0172135682137005,-0.12772489238609958
8115,-1.077851794929546,-0.8087289606998737,1.3219368871341832
11850,-0.8788922031344497,-0.031012698384832806,0.355495700787328
2458,-0.8788922031344497,-0.6171177076657332,0.8387162939607556
10988,-0.4312331215954827,-0.8312714610568314,-0.6109454855595272
9243,1.7075824902018033,1.5244198262452489,-1.0941660787329548
5900,1.2847933576372237,0.059157303042998016,-1.5773866719063825
8040,-1.077851794929546,-1.1919514667681548,1.3219368871341832
2174,-0.8291523051856755,-1.090510215161845,0.8387162939607556
14110,1.1604436127652884,1.197553571069362,-0.6109454855595272
8129,0.21538555173858054,0.37475230804040593,-0.12772489238609958
14677,-0.2322735298003864,-0.2677089521328887,0.355495700787328
10854,1.1107037148165144,0.521278560360631,-1.5773866719063825
10187,-1.077851794929546,-1.1581377162327182,0.8387162939607556
13812,-1.003241948006385,-0.9665264631985776,1.3219368871341832
1864,0.09103580686664531,-0.5833039571302966,-0.6109454855595272
12247,-0.20740358082599933,0.6114485617884619,0.8387162939607556
15045,-0.8788922031344497,-1.1355952158757605,-0.6109454855595272
13700,0.3894751945592899,1.1073835696415313,0.355495700787328
3846,2.1552415717407705,2.1781523365970226,-1.5773866719063825
10955,0.3148653476361286,-0.8312714610568314,-0.6109454855595272
1145,-1.077851794929546,-1.0341539642694508,1.3219368871341832
3834,-0.40636317262109567,0.4761935596467156,0.8387162939607556
7252,0.3894751945592899,-0.5607614567733389,0.355495700787328
14767,-0.7048025603137403,0.17186980482778655,0.8387162939607556
13663,0.06616585789225812,0.8256023151795601,-0.12772489238609958
733,0.04129590891787117,-0.8650852115922679,-0.12772489238609958
4743,0.36460524558490276,-0.8200002108783525,-1.5773866719063825
12083,-1.0281118969807719,-1.0792389649833662,-0.12772489238609958
5431,-0.6799326113393532,-0.9214414624846622,0.355495700787328
3282,-1.077851794929546,-1.2032227169466336,1.3219368871341832
2457,1.085833765842127,0.4536510592897579,0.355495700787328
10203,-1.052981845955159,-1.169408966411197,0.355495700787328
11591,-0.6550626623649661,-0.4593202051670292,0.355495700787328
6134,-0.7545424582625144,-0.7523727098074794,0.355495700787328
13743,1.9562819799456737,1.6371323280300374,-2.06060726507981
7305,-0.18253363185161225,-0.9214414624846622,0.355495700787328
1835,-1.077851794929546,-1.180680216589676,1.3219368871341832
13662,0.5635648373799991,1.197553571069362,-1.0941660787329548
12172,-0.8291523051856755,-0.1549964503481002,0.355495700787328
12696,-0.8540222541600626,-0.6960164589150851,0.355495700787328
7471,2.503420857382189,2.448662340880515,-0.6109454855595272
8218,0.09103580686664531,0.8932298162504332,-0.12772489238609958
4852,-1.077851794929546,-0.6396602080226909,1.3219368871341832
14816,-0.9037621521088367,-0.1549964503481002,1.3219368871341832
6847,-1.0281118969807719,-0.8087289606998737,0.8387162939607556
4256,-0.3068833767235475,0.17186980482778655,-0.12772489238609958
15299,-0.7048025603137403,-1.0116114639124931,1.3219368871341832
5094,-0.18253363185161225,-0.932712712663141,0.355495700787328
5830,-0.8291523051856755,-1.090510215161845,-0.12772489238609958
477,-1.077851794929546,-0.5833039571302966,1.3219368871341832
5582,-0.15766368287722518,0.2620398062556174,0.355495700787328
11218,0.7127845312263216,0.37475230804040593,-1.5773866719063825
13912,-1.077851794929546,-1.1130527155188028,1.3219368871341832
4292,0.3148653476361286,-0.04228394856331166,0.8387162939607556
4438,0.2651254496873547,-0.3127939528468041,-0.12772489238609958
8064,-0.9037621521088367,-1.022882714090972,0.355495700787328
12023,-0.05818388697967712,-0.8763564617707468,-1.0941660787329548
642,0.43921509250806384,-0.031012698384832806,0.355495700787328
7666,-1.077851794929546,-1.2032227169466336,0.355495700787328
6804,1.4588830004579327,1.3778935739250238,-0.12772489238609958
8086,0.19051560276419338,-0.40296395427463494,-0.12772489238609958
8214,0.3148653476361286,1.0735698191060947,0.355495700787328
14825,-0.9535020500576108,-0.2677089521328887,0.355495700787328
11601,0.5386948884056122,-0.008470198027875101,-0.6109454855595272
11655,-1.003241948006385,-1.1130527155188028,0.355495700787328
1793,-0.8788922031344497,-1.0679677148048874,0.355495700787328
1692,-0.20740358082599933,0.31839605714801167,0.355495700787328
7635,0.09103580686664531,-0.786186460342916,0.355495700787328
7894,2.1055016737919963,1.7949298305287413,-1.5773866719063825
7271,-1.077851794929546,-1.169408966411197,0.355495700787328
493,-0.530712917493031,0.2056835553632231,-0.12772489238609958
6883,0.09103580686664531,-0.5945752073087754,0.8387162939607556
157,-0.4561030705698698,0.4311085589328002,-0.12772489238609958
4715,-0.4561030705698698,-0.932712712663141,0.355495700787328
14467,0.5884347863543863,0.9721285674997852,-0.6109454855595272
1463,-1.077851794929546,-1.1919514667681548,1.3219368871341832
5049,0.6133047353287733,-0.3578789535607195,-0.6109454855595272
8400,0.7127845312263216,-0.7523727098074794,-2.06060726507981
8124,1.6081026943042553,1.0172135682137005,-0.6109454855595272
8724,-1.077851794929546,-1.1468664660542394,0.8387162939607556
9746,1.1355736637909013,0.7692460642871658,-0.6109454855595272
5403,0.6133047353287733,-0.16626770052657905,-1.5773866719063825
8965,1.583232745329868,1.8062010807072202,-0.12772489238609958
2287,-0.25714347877477345,0.09297105357843458,0.355495700787328
7881,1.2847933576372237,1.5244198262452489,-0.6109454855595272
3351,-0.10792378492845114,-0.24516645177593102,-0.12772489238609958
7720,0.9614840209701918,-0.1549964503481002,-0.6109454855595272
10390,0.6879145822519344,1.3440798233895872,-0.6109454855595272
965,0.43921509250806384,0.7241610635732504,-0.12772489238609958
8974,0.7625244291750957,1.2313673216047987,0.355495700787328
9564,-1.077851794929546,-0.8988989621277045,0.8387162939607556
2252,-0.6799326113393532,-0.6058464574872543,-0.12772489238609958
8902,-0.555582866467418,0.23949730589865967,0.8387162939607556
2578,-1.077851794929546,-1.1581377162327182,0.355495700787328
438,-1.077851794929546,-0.8538139614137891,0.8387162939607556
10691,1.3345332555859974,1.0961123194630524,-1.5773866719063825
13426,-1.077851794929546,-0.932712712663141,1.3219368871341832
1614,-0.7296725092881273,0.13805605429235,0.8387162939607556
4959,-0.08305383595406408,0.6114485617884619,0.355495700787328
5030,-0.530712917493031,-0.54949020659486,0.355495700787328
9187,0.9614840209701918,-0.053555198741790516,-1.0941660787329548
8178,2.2795913166127058,2.223237337310938,-1.5773866719063825
5379,0.06616585789225812,-0.019741448206353953,-0.6109454855595272
13261,1.06096381686774,1.1637398205339256,-1.0941660787329548
13414,0.46408504148245106,0.17186980482778655,-0.6109454855595272
467,1.9811519289200612,1.4906060757098123,-2.06060726507981
13833,-1.052981845955159,-1.1130527155188028,1.3219368871341832
3751,0.43921509250806384,0.5776348112530253,0.355495700787328
10537,-0.9783719990319979,-1.022882714090972,0.8387162939607556
756,-0.9037621521088367,-1.0341539642694508,0.8387162939607556
4848,0.7127845312263216,0.7692460642871658,-0.6109454855595272
2929,-1.077851794929546,-1.1919514667681548,-2.5438278582532377
2688,-0.05818388697967712,0.6227198119669407,0.355495700787328
1090,-1.077851794929546,-1.2032227169466336,0.355495700787328
12929,-1.077851794929546,-0.42550645463159265,0.8387162939607556
4716,-1.077851794929546,-1.180680216589676,1.3219368871341832
3958,-1.077851794929546,-1.090510215161845,0.355495700787328
6407,2.3790711125102537,2.2683223380248534,-1.5773866719063825
11490,2.428811010459028,2.4148485903450783,-2.06060726507981
1374,-0.2322735298003864,-0.3466077033822407,0.8387162939607556
11626,-1.077851794929546,-1.0792389649833662,0.8387162939607556
7425,0.9863539699445792,1.2313673216047987,-0.6109454855595272
12503,-1.077851794929546,-0.7749152101644371,1.3219368871341832
14833,-0.7545424582625144,-0.07609769909874822,0.355495700787328
9527,-0.580452815441805,-0.8763564617707468,-0.12772489238609958
12746,-1.077851794929546,-1.1581377162327182,0.8387162939607556
13861,-1.052981845955159,-1.180680216589676,1.3219368871341832
9846,-0.2322735298003864,-0.9439839628416199,-0.12772489238609958
2186,0.2899953986617417,-0.8425427112353102,-1.0941660787329548
9899,-1.0281118969807719,-1.0454252144479297,1.3219368871341832
10157,-0.8540222541600626,-0.8425427112353102,0.8387162939607556
8620,-0.9037621521088367,-0.22262395141897331,0.8387162939607556
1432,0.19051560276419338,-0.8200002108783525,-1.0941660787329548
11828,1.8816721330225128,1.975269833384403,-2.06060726507981
10285,-0.3068833767235475,-0.5044052058809446,0.355495700787328
6125,1.2847933576372237,0.2056835553632231,-1.5773866719063825
6695,2.3293312145614795,1.9865410835628818,-0.6109454855595272
13854,-1.077851794929546,-1.1919514667681548,1.3219368871341832
2102,-0.3068833767235475,-0.3578789535607195,-0.12772489238609958
8161,-0.2322735298003864,0.44237980911127905,0.355495700787328
9260,-0.8540222541600626,-0.12118269981266364,1.3219368871341832
3891,1.085833765842127,1.0284848183921793,-0.12772489238609958
1995,2.354201163535867,2.369763589631163,-2.06060726507981
2952,0.9117441230214178,-0.4593202051670292,-2.5438278582532377
8348,0.5138249394312252,-0.5269477062379023,-0.6109454855595272
13421,1.583232745329868,0.4987360600036733,-2.5438278582532377
7623,-0.3317533256979346,-0.8200002108783525,0.355495700787328
5040,-1.052981845955159,-0.9777977133770565,1.3219368871341832
15227,-0.20740358082599933,0.35220980768344823,-0.12772489238609958
2447,1.1853135617396753,0.6903473130378138,-1.0941660787329548
11997,-1.003241948006385,-1.0341539642694508,0.8387162939607556
14323,-0.2322735298003864,-0.10991144963418478,0.355495700787328
8663,-1.003241948006385,-0.6960164589150851,0.8387162939607556
6925,-1.077851794929546,-1.2032227169466336,1.3219368871341832
10347,2.2298514186639316,1.9414560828489664,-2.5438278582532377
12905,-1.003241948006385,-0.3691502037391984,0.8387162939607556
12733,-1.077851794929546,-1.1243239656972817,0.8387162939607556
7051,0.3894751945592899,0.7354323137517292,0.355495700787328
7958,0.09103580686664531,-0.3466077033822407,0.8387162939607556
4294,0.9614840209701918,0.1831410550062654,-1.0941660787329548
11644,-0.48097301954425686,-0.8763564617707468,0.8387162939607556
10584,-1.0281118969807719,-1.169408966411197,1.3219368871341832
11361,-1.077851794929546,-1.090510215161845,1.3219368871341832
134,2.2547213676383184,2.133067335883107,-1.0941660787329548
14261,0.2402555007129675,-0.7523727098074794,-1.0941660787329548
799,-1.077851794929546,-0.8876277119492256,1.3219368871341832
10511,-1.077851794929546,-0.9777977133770565,1.3219368871341832
427,0.9863539699445792,0.19441230518474426,-0.6109454855595272
12960,0.2899953986617417,1.0622985689276159,-0.6109454855595272
15057,1.8319322350737386,1.3440798233895872,-2.06060726507981
8166,1.9562819799456737,1.9189135824920087,-1.0941660787329548
6158,-1.077851794929546,-1.1243239656972817,0.8387162939607556
13717,-0.9037621521088367,-0.14372520016962134,0.8387162939607556
1255,1.8319322350737386,2.054168584633755,-1.5773866719063825
10330,1.4837529494323203,1.2539098219617564,-1.5773866719063825
7134,0.8122643271238696,1.366622323746545,-0.12772489238609958
8723,-0.08305383595406408,-0.7749152101644371,0.355495700787328
6384,0.7625244291750957,1.3891648241035026,0.355495700787328
10097,-0.530712917493031,0.02534355250756146,-0.12772489238609958
3131,-0.530712917493031,0.23949730589865967,0.8387162939607556
1926,-1.052981845955159,-0.5945752073087754,0.8387162939607556
6072,2.1801115207151573,1.7723873301717836,-1.5773866719063825
3037,1.7324524391761906,1.592047327316122,-1.0941660787329548
5712,0.2899953986617417,0.6452623123238984,0.355495700787328
12658,1.2101835107140624,1.0848410692845736,-2.06060726507981
12507,-0.7048025603137403,-0.32406520302528297,1.3219368871341832
6778,0.9366140719958048,1.3778935739250238,0.355495700787328
12405,-1.003241948006385,-1.1581377162327182,0.355495700787328
6818,0.7127845312263216,0.6678048126808561,0.355495700787328
6188,0.14077570481541946,-0.8650852115922679,0.8387162939607556
5168,-1.052981845955159,-0.9665264631985776,0.8387162939607556
13089,-1.003241948006385,-1.0116114639124931,0.355495700787328
3746,-0.13279373390283822,0.14932730447082884,0.8387162939607556
7068,2.2298514186639316,2.054168584633755,-0.12772489238609958
4851,0.21538555173858054,0.521278560360631,0.355495700787328
4455,-0.7048025603137403,-0.49313395570246576,0.355495700787328
14735,-0.580452815441805,0.13805605429235,0.8387162939607556
4096,0.09103580686664531,0.07042855322147687,0.8387162939607556
8419,0.3894751945592899,-0.707287709093564,-1.0941660787329548
11242,0.7127845312263216,-0.053555198741790516,-2.06060726507981
3503,-0.033313938005289936,0.600177311609983,-0.12772489238609958
11213,-0.9535020500576108,-0.5833039571302966,-0.12772489238609958
9367,0.5635648373799991,0.7692460642871658,0.8387162939607556
6081,0.5635648373799991,0.757974814108687,0.355495700787328
7800,-0.8788922031344497,-0.14372520016962134,0.8387162939607556
2314,-0.9535020500576108,-0.2902514524898464,0.8387162939607556
9489,-1.003241948006385,-1.1581377162327182,0.8387162939607556
5399,-1.052981845955159,-0.932712712663141,1.3219368871341832
2018,0.2402555007129675,0.9721285674997852,-0.6109454855595272
8701,0.3894751945592899,-0.40296395427463494,-0.12772489238609958
11326,0.488954990456838,-0.7749152101644371,-2.5438278582532377
5418,-1.077851794929546,-1.0792389649833662,1.3219368871341832
14388,-0.8042823562112885,0.014072302329082605,0.8387162939607556
10095,0.33973529661051577,0.6678048126808561,-0.6109454855595272
4347,-1.077851794929546,-1.169408966411197,1.3219368871341832
4514,1.583232745329868,1.7160310792793894,-0.12772489238609958
4209,2.677510500202898,2.4824760914159514,-2.06060726507981
7348,1.085833765842127,-0.23389520159745217,-1.0941660787329548
8978,-1.077851794929546,-0.5269477062379023,1.3219368871341832
12576,0.06616585789225812,0.8706873158934755,-0.12772489238609958
6529,-0.2322735298003864,-0.7974577105213948,-0.12772489238609958
3448,-1.077851794929546,-0.42550645463159265,1.3219368871341832
8382,-1.077851794929546,-1.2032227169466336,1.3219368871341832
43,-1.077851794929546,-1.0679677148048874,1.3219368871341832
17,-1.077851794929546,-1.169408966411197,1.3219368871341832
6053,2.478550908407802,2.2006948369539803,-0.6109454855595272
1883,-1.077851794929546,-0.9890689635555353,1.3219368871341832
10212,0.3894751945592899,-0.8200002108783525,-1.5773866719063825
2372,0.36460524558490276,1.1073835696415313,0.8387162939607556
12810,-0.18253363185161225,-0.786186460342916,-1.0941660787329548
6050,0.886874174047031,1.3215373230326295,-0.6109454855595272
7964,-1.077851794929546,-1.0341539642694508,1.3219368871341832
6180,-1.077851794929546,-1.1919514667681548,1.3219368871341832
4094,1.3096633066116106,0.6227198119669407,-0.6109454855595272
13859,0.09103580686664531,-0.8763564617707468,-1.5773866719063825
10094,0.04129590891787117,0.48746480982519447,-0.12772489238609958
8225,-0.505842968518644,0.3634810578619271,0.355495700787328
14285,-1.077851794929546,-1.0792389649833662,0.355495700787328
9985,1.5583627963554811,1.6033185774946008,-1.5773866719063825
14806,2.1801115207151573,-0.932712712663141,-2.5438278582532377
3305,-1.052981845955159,-1.1355952158757605,1.3219368871341832
10579,-0.18253363185161225,-0.932712712663141,-1.0941660787329548
443,-1.077851794929546,-0.8200002108783525,1.3219368871341832
9411,0.7873943781494827,0.04788605286451916,-0.6109454855595272
4344,-0.6799326113393532,-0.9665264631985776,0.8387162939607556
9843,-0.8788922031344497,-1.1130527155188028,0.8387162939607556
12306,-0.6301927133905793,-0.2902514524898464,0.8387162939607556
9898,-1.077851794929546,-1.101781465340324,1.3219368871341832
13384,-1.077851794929546,-0.6509314582011697,1.3219368871341832
14092,0.488954990456838,1.0059423180352216,-0.12772489238609958
430,-1.077851794929546,-0.9101702123061833,0.8387162939607556
8486,1.6827125412274162,0.983399817678264,-1.0941660787329548
10952,0.36460524558490276,-0.8200002108783525,-1.0941660787329548
2328,0.8620042250726437,1.3215373230326295,-1.5773866719063825
5758,0.886874174047031,0.10424230375691343,0.355495700787328
577,1.8070622860993515,1.8062010807072202,-0.12772489238609958
4233,2.2049814696895442,1.9865410835628818,-1.5773866719063825
684,-1.077851794929546,-1.1355952158757605,1.3219368871341832
5576,0.04129590891787117,0.31839605714801167,0.8387162939607556
3785,0.5386948884056122,1.0622985689276159,-0.12772489238609958
4816,0.3148653476361286,0.02534355250756146,-0.6109454855595272
761,-0.28201342774916044,-0.7749152101644371,-0.6109454855595272
13394,-0.7048025603137403,-0.2677089521328887,0.8387162939607556
5380,-0.033313938005289936,-0.07609769909874822,0.355495700787328
796,-1.077851794929546,-0.9101702123061833,1.3219368871341832
14196,-0.25714347877477345,-0.7749152101644371,-0.6109454855595272
8062,0.5884347863543863,-0.5833039571302966,-1.0941660787329548
8029,-1.077851794929546,-1.2032227169466336,1.3219368871341832
9703,-1.003241948006385,-0.30152270266832526,0.8387162939607556
12800,-0.6053227644161921,-0.9665264631985776,-0.12772489238609958
12570,0.886874174047031,1.434249824817418,-0.6109454855595272
9176,-1.052981845955159,-1.022882714090972,0.8387162939607556
10890,-0.505842968518644,-0.707287709093564,-0.6109454855595272
14244,-1.077851794929546,-1.1919514667681548,0.8387162939607556
7975,0.6381746843031604,-0.40296395427463494,-0.6109454855595272
11187,1.1107037148165144,1.1862823208908833,-1.5773866719063825
1654,1.8070622860993515,1.9865410835628818,-2.06060726507981
7540,-1.077851794929546,-0.6509314582011697,1.3219368871341832
9514,-0.033313938005289936,-0.8087289606998737,-0.12772489238609958
11603,0.2651254496873547,-0.1549964503481002,0.355495700787328
591,-1.003241948006385,-0.4142352044531138,0.8387162939607556
12601,-1.077851794929546,-0.4367777048100715,-0.12772489238609958
2392,1.6578425922530293,1.8400148312426567,-0.12772489238609958
2221,-0.8042823562112885,-0.9665264631985776,-0.12772489238609958
8660,-0.40636317262109567,-0.2000814510620156,0.8387162939607556
4580,0.6630446332775474,1.2426385717832775,0.355495700787328
9997,-0.6053227644161921,0.1831410550062654,0.355495700787328
7625,0.886874174047031,-0.5269477062379023,-0.6109454855595272
14929,-0.9037621521088367,-1.022882714090972,1.3219368871341832
8139,-1.077851794929546,-0.6396602080226909,0.8387162939607556
12378,-1.077851794929546,-1.1581377162327182,0.355495700787328
6104,-0.7296725092881273,-0.4367777048100715,0.355495700787328
4702,0.19051560276419338,-0.6847452087366063,-0.12772489238609958
9016,0.2651254496873547,0.31839605714801167,0.355495700787328
11291,-0.9783719990319979,-1.1130527155188028,-0.12772489238609958
12413,-1.0281118969807719,-1.169408966411197,-0.6109454855595272
8517,0.2651254496873547,0.7128898133947715,0.355495700787328
14904,0.8122643271238696,-0.18881020088353676,-1.5773866719063825
15288,-1.077851794929546,-0.9552552130200987,0.8387162939607556
13104,-1.077851794929546,-1.1468664660542394,0.8387162939607556
4504,0.16564565378980642,0.7016185632162927,-0.6109454855595272
3540,0.9117441230214178,0.600177311609983,-0.6109454855595272
14273,-0.8788922031344497,-1.0116114639124931,0.355495700787328
13288,0.886874174047031,1.355351073568066,-1.0941660787329548
1160,-0.7296725092881273,-0.5945752073087754,0.355495700787328
12295,-0.4561030705698698,0.014072302329082605,-0.12772489238609958
7286,-1.003241948006385,-1.1581377162327182,0.355495700787328
11945,1.3842731535347719,0.7354323137517292,-2.06060726507981
12108,0.5386948884056122,-0.21135270124049446,-0.6109454855595272
5948,-1.052981845955159,-0.5720327069518177,0.8387162939607556
13758,1.3842731535347719,0.983399817678264,-1.5773866719063825
6095,0.8371342760982567,0.5889060614315041,0.355495700787328
7506,0.3894751945592899,1.0284848183921793,0.355495700787328
7770,1.5583627963554811,1.2313673216047987,-1.5773866719063825
1329,-0.7296725092881273,-0.1324539499911425,0.8387162939607556
4936,0.21538555173858054,0.9721285674997852,-0.12772489238609958
6739,-0.7794124072369014,0.09297105357843458,1.3219368871341832
3772,-0.3317533256979346,0.29585355679105396,0.8387162939607556
13135,-1.077851794929546,-1.2032227169466336,1.3219368871341832
10018,2.3293312145614795,2.3246785889172474,-1.5773866719063825
1886,-0.35662327467232163,-0.42550645463159265,0.355495700787328
623,-0.8788922031344497,-0.5382189564163812,0.355495700787328
7163,1.9065420819969,1.7160310792793894,-1.0941660787329548
1339,-1.077851794929546,-0.707287709093564,0.355495700787328
15291,-1.0281118969807719,-0.9214414624846622,-0.6109454855595272
5032,-0.9783719990319979,-0.8538139614137891,0.355495700787328
13890,-0.8291523051856755,-1.0679677148048874,0.355495700787328
3080,-1.003241948006385,-0.23389520159745217,1.3219368871341832
3794,1.533492847381094,1.7836585803502625,-1.0941660787329548
1501,-1.077851794929546,-1.0792389649833662,0.8387162939607556
4387,-0.18253363185161225,-0.9101702123061833,-0.12772489238609958
12815,0.3148653476361286,-0.6058464574872543,-1.0941660787329548
9549,-0.10792378492845114,-0.49313395570246576,0.355495700787328
5799,-0.08305383595406408,-0.7636439599859582,-0.12772489238609958
11875,-0.35662327467232163,0.5100073101821522,0.355495700787328
13632,0.9614840209701918,1.1862823208908833,-0.6109454855595272
2532,0.2651254496873547,-0.8200002108783525,-1.0941660787329548
14371,2.2547213676383184,2.0316260842767973,-2.5438278582532377
13711,0.04129590891787117,0.8030598148226024,0.8387162939607556
12603,0.04129590891787117,0.8481448155365178,-0.6109454855595272
8294,1.2599234086628366,0.6565335625023773,-1.0941660787329548
8689,-1.077851794929546,-1.0003402137340143,0.8387162939607556
11943,0.7873943781494827,0.4987360600036733,-1.5773866719063825
8344,1.0360938678933531,-0.3466077033822407,-0.6109454855595272
5849,0.3148653476361286,-0.7974577105213948,-1.0941660787329548
10263,0.488954990456838,-0.49313395570246576,-1.0941660787329548
4238,2.1552415717407705,1.8850998319565722,-0.6109454855595272
14354,2.130371622766383,1.6934885789224317,-2.5438278582532377
11385,0.16564565378980642,-0.14372520016962134,-0.6109454855595272
1472,-1.077851794929546,-1.180680216589676,1.3219368871341832
6101,-0.580452815441805,-0.2902514524898464,0.8387162939607556
6933,-1.052981845955159,-1.180680216589676,-0.12772489238609958
849,-1.0281118969807719,-0.42550645463159265,1.3219368871341832
9589,1.0360938678933531,0.8143310650010812,-0.12772489238609958
6827,1.6827125412274162,0.9608573173213063,-0.6109454855595272
6954,-0.35662327467232163,-0.9101702123061833,-0.12772489238609958
5023,-0.18253363185161225,-0.27898020231136755,0.8387162939607556
2210,-1.077851794929546,-1.1581377162327182,1.3219368871341832
10820,-0.4312331215954827,0.17186980482778655,0.8387162939607556
3526,-0.38149322364670873,0.10424230375691343,0.8387162939607556
3202,0.488954990456838,-0.06482644892026937,-0.6109454855595272
7785,-0.8042823562112885,-0.16626770052657905,0.8387162939607556
13766,-0.20740358082599933,0.014072302329082605,0.355495700787328
5836,-1.077851794929546,-1.2032227169466336,1.3219368871341832
6802,1.7324524391761906,1.5582335767806854,-2.06060726507981
3424,2.453680959433415,2.279593588203332,-1.5773866719063825
414,-0.505842968518644,-0.6847452087366063,0.8387162939607556
6075,2.0060218778944483,1.6258610778515585,-2.06060726507981
8377,0.5386948884056122,-0.7749152101644371,-0.6109454855595272
7247,-0.28201342774916044,-0.707287709093564,-0.12772489238609958
8205,2.0060218778944483,2.1668810864185435,-0.6109454855595272
12279,1.085833765842127,1.2200960714263198,-0.12772489238609958
2094,-0.505842968518644,-0.3691502037391984,-0.12772489238609958
6021,1.6827125412274162,1.975269833384403,-1.0941660787329548
9747,1.9314120309712868,1.1073835696415313,-2.06060726507981
5219,-0.7048025603137403,-0.1549964503481002,0.355495700787328
2340,2.6277706022541243,2.4599335910589937,-1.0941660787329548
265,-0.9535020500576108,-0.6734739585581274,-0.12772489238609958
11091,-1.0281118969807719,-0.3466077033822407,1.3219368871341832
12177,-1.077851794929546,-0.5156764560594235,1.3219368871341832
13549,-1.077851794929546,-1.101781465340324,1.3219368871341832
5278,-1.003241948006385,-0.22262395141897331,1.3219368871341832
11940,-0.9037621521088367,-0.5044052058809446,0.355495700787328
10747,1.1107037148165144,1.6033185774946008,-0.6109454855595272
3542,0.21538555173858054,0.21695480554170196,-0.6109454855595272
11195,-0.8291523051856755,-0.27898020231136755,0.8387162939607556
8732,-0.4312331215954827,-0.9214414624846622,-0.6109454855595272
14799,-0.6301927133905793,0.23949730589865967,1.3219368871341832
2142,-0.9286321010832237,-1.022882714090972,0.8387162939607556
3851,2.2298514186639316,2.1781523365970226,-1.5773866719063825
7953,-0.20740358082599933,-0.40296395427463494,0.355495700787328
1082,0.2899953986617417,-0.8425427112353102,-1.0941660787329548
1671,1.1355736637909013,1.4455210749958969,-0.12772489238609958
11369,-1.077851794929546,-1.0566964646264085,1.3219368871341832
14096,1.085833765842127,1.3440798233895872,-0.6109454855595272
9661,0.6133047353287733,1.287723572497193,-0.6109454855595272
12833,-1.052981845955159,-1.0003402137340143,0.355495700787328
1503,-0.08305383595406408,-0.5945752073087754,0.355495700787328
1971,-1.077851794929546,-0.42550645463159265,1.3219368871341832
7222,-0.6301927133905793,-0.5945752073087754,0.355495700787328
3798,2.080631724817609,2.133067335883107,-0.6109454855595272
694,-0.9783719990319979,-1.101781465340324,-0.12772489238609958
3855,1.2847933576372237,1.6033185774946008,-0.12772489238609958
12129,-1.077851794929546,-0.8312714610568314,0.8387162939607556
10311,1.6329726432786424,0.9383148169643486,-2.5438278582532377
12071,-0.6301927133905793,-0.9665264631985776,-0.12772489238609958
9554,0.5884347863543863,-0.16626770052657905,-0.6109454855595272
6393,-0.7545424582625144,0.11551355393539228,0.8387162939607556
3094,-0.35662327467232163,0.5325498105391099,0.8387162939607556
12225,-0.7545424582625144,0.12678480411387114,0.8387162939607556
6306,-1.077851794929546,-0.6847452087366063,1.3219368871341832
14679,0.9863539699445792,0.3409385575049694,-1.0941660787329548
13982,0.3148653476361286,0.5663635610745464,-0.6109454855595272
4993,-0.4561030705698698,-0.06482644892026937,0.8387162939607556
8939,1.0112239189189662,1.5582335767806854,-0.12772489238609958
3244,-1.077851794929546,-1.1468664660542394,0.8387162939607556
3100,-0.4561030705698698,0.4311085589328002,0.8387162939607556
6605,-1.077851794929546,-1.1243239656972817,1.3219368871341832
3563,-0.555582866467418,-0.49313395570246576,0.355495700787328
9822,-0.530712917493031,-0.9214414624846622,-0.6109454855595272
6275,-0.7048025603137403,-0.5607614567733389,0.355495700787328
11648,-1.003241948006385,-1.101781465340324,0.8387162939607556
14318,-0.40636317262109567,-0.2902514524898464,0.8387162939607556
14202,-0.20740358082599933,-0.8087289606998737,-0.6109454855595272
13038,0.9117441230214178,0.5776348112530253,-1.5773866719063825
8936,2.7521203471260596,2.5839173430222613,-2.06060726507981
14114,-0.7296725092881273,-0.14372520016962134,-0.12772489238609958
15278,-1.077851794929546,-1.022882714090972,1.3219368871341832
14010,-0.48097301954425686,0.2620398062556174,-0.12772489238609958
7012,-0.35662327467232163,-0.2677089521328887,-0.12772489238609958
12107,-0.6053227644161921,-0.6847452087366063,0.8387162939607556
4877,-0.7296725092881273,0.02534355250756146,0.8387162939607556
3231,-1.077851794929546,-1.101781465340324,-1.0941660787329548
10850,-0.40636317262109567,-0.18881020088353676,0.355495700787328
11887,-0.530712917493031,0.29585355679105396,0.8387162939607556
2484,1.1107037148165144,-0.06482644892026937,-2.06060726507981
8957,2.130371622766383,2.1781523365970226,-0.12772489238609958
7740,0.33973529661051577,0.07042855322147687,0.8387162939607556
952,0.2899953986617417,0.7805173144656447,-0.12772489238609958
12047,-1.077851794929546,-1.2032227169466336,1.3219368871341832
10130,1.1355736637909013,0.4085660585758425,-1.5773866719063825
3409,0.16564565378980642,0.7128898133947715,0.355495700787328
5767,-1.077851794929546,-1.0003402137340143,1.3219368871341832
1718,0.36460524558490276,0.2620398062556174,0.355495700787328
13147,-0.25714347877477345,-0.9439839628416199,-2.06060726507981
10413,-0.20740358082599933,0.6452623123238984,0.355495700787328
4519,-1.077851794929546,-0.4593202051670292,1.3219368871341832
12489,0.5138249394312252,0.14932730447082884,0.355495700787328
10496,-0.10792378492845114,-0.16626770052657905,-1.0941660787329548
11026,-0.6799326113393532,-0.5156764560594235,-0.12772489238609958
5464,-1.077851794929546,-1.2032227169466336,1.3219368871341832
11391,-1.077851794929546,-0.8876277119492256,0.8387162939607556
2564,-1.077851794929546,-1.1919514667681548,1.3219368871341832
5012,-1.0281118969807719,-0.7523727098074794,0.8387162939607556
1146,-1.077851794929546,-1.0341539642694508,0.8387162939607556
1937,1.6081026943042553,1.4567923251743757,-0.12772489238609958
9669,2.677510500202898,2.5501035924868245,-1.0941660787329548
1031,-0.6550626623649661,-0.786186460342916,0.355495700787328
3884,2.2547213676383184,1.749844829814826,-1.5773866719063825
12827,0.3148653476361286,-0.4593202051670292,-1.5773866719063825
13326,1.1107037148165144,1.6258610778515585,-1.5773866719063825
8371,-1.077851794929546,-1.1919514667681548,0.8387162939607556
13870,-0.10792378492845114,-0.9214414624846622,-2.06060726507981
7676,-0.530712917493031,-0.9890689635555353,0.355495700787328
8404,0.19051560276419338,-0.8312714610568314,-0.6109454855595272
3858,1.4588830004579327,1.6822173287439528,-1.5773866719063825
96,-0.505842968518644,-0.07609769909874822,1.3219368871341832
13841,-1.052981845955159,-1.1355952158757605,1.3219368871341832
3130,0.04129590891787117,0.7241610635732504,0.355495700787328
2474,0.11590575584103227,-0.24516645177593102,0.355495700787328
3931,-1.077851794929546,-0.932712712663141,-0.12772489238609958
2627,0.5884347863543863,0.1831410550062654,-0.6109454855595272
3773,-1.052981845955159,-0.4593202051670292,1.3219368871341832
5456,-0.38149322364670873,-0.9665264631985776,-0.12772489238609958
2239,0.3148653476361286,-0.40296395427463494,-0.6109454855595272
11177,0.9863539699445792,1.2539098219617564,-1.0941660787329548
7142,1.2350534596884497,1.5695048269591643,-0.12772489238609958
11961,1.533492847381094,0.4536510592897579,-2.5438278582532377
6422,0.14077570481541946,0.757974814108687,-0.12772489238609958
11292,-0.25714347877477345,-0.9101702123061833,-1.0941660787329548
3027,0.7127845312263216,0.8481448155365178,-1.0941660787329548
8827,-1.0281118969807719,-0.8538139614137891,0.355495700787328
2389,1.4588830004579327,1.749844829814826,-0.6109454855595272
11988,0.9614840209701918,-0.24516645177593102,-0.6109454855595272
14755,-0.6550626623649661,0.1831410550062654,0.8387162939607556
1592,0.3894751945592899,0.9608573173213063,0.355495700787328
2391,-0.08305383595406408,0.6903473130378138,0.355495700787328
3082,1.085833765842127,1.6033185774946008,0.355495700787328
14572,-1.077851794929546,-1.1581377162327182,1.3219368871341832
14193,-0.2322735298003864,-0.7411014596290005,0.355495700787328
4682,-0.9783719990319979,-0.9552552130200987,0.8387162939607556
8452,-1.0281118969807719,-0.9665264631985776,0.355495700787328
11992,-0.35662327467232163,-0.707287709093564,-0.6109454855595272
10712,-0.9535020500576108,-0.30152270266832526,0.8387162939607556
4935,2.2547213676383184,2.2683223380248534,-1.0941660787329548
15119,1.6578425922530293,2.2683223380248534,-1.0941660787329548
2901,-1.077851794929546,-1.2032227169466336,0.355495700787328
4099,-0.7545424582625144,-0.4367777048100715,0.355495700787328
12343,0.46408504148245106,-0.23389520159745217,-0.12772489238609958
12530,-0.18253363185161225,0.3409385575049694,0.355495700787328
2540,-1.077851794929546,-1.2032227169466336,0.8387162939607556
12523,-0.28201342774916044,0.1831410550062654,-0.12772489238609958
8759,-0.6799326113393532,-1.0566964646264085,0.8387162939607556
10423,-0.6550626623649661,0.1831410550062654,0.355495700787328
2354,1.8070622860993515,2.0428973344552763,-0.12772489238609958
6128,-0.4561030705698698,-0.5269477062379023,0.355495700787328
4609,2.080631724817609,1.749844829814826,-1.5773866719063825
10282,-1.052981845955159,-0.9665264631985776,1.3219368871341832
12571,1.8070622860993515,2.0090835839198395,-1.5773866719063825
4184,-0.9037621521088367,-0.06482644892026937,0.8387162939607556
12823,-0.6799326113393532,-0.8538139614137891,-0.12772489238609958
2576,0.04129590891787117,-0.7749152101644371,-0.6109454855595272
12275,1.533492847381094,1.5244198262452489,-1.5773866719063825
9811,-1.052981845955159,-1.090510215161845,1.3219368871341832
13647,0.8371342760982567,1.276452322318714,0.355495700787328
9473,-1.077851794929546,-1.1919514667681548,0.8387162939607556
5550,0.016425959943484204,-0.07609769909874822,0.355495700787328
10456,-1.003241948006385,-0.4367777048100715,1.3219368871341832
1281,0.9117441230214178,1.4680635753528546,-0.12772489238609958
13903,0.488954990456838,-0.6396602080226909,-2.06060726507981
8113,0.488954990456838,0.2620398062556174,0.8387162939607556
13639,2.1801115207151573,1.9865410835628818,-2.06060726507981
6760,1.9562819799456737,2.1105248355261494,-0.6109454855595272
6560,-1.077851794929546,-1.2032227169466336,1.3219368871341832
13783,-0.8788922031344497,-0.6396602080226909,-0.12772489238609958
6808,-0.9286321010832237,-0.3578789535607195,0.8387162939607556
8889,1.6329726432786424,1.6484035782085162,-0.12772489238609958
7219,-1.052981845955159,-0.8876277119492256,0.8387162939607556
415,-0.8042823562112885,-0.8200002108783525,0.355495700787328
9027,0.6879145822519344,0.35220980768344823,-1.5773866719063825
13701,1.06096381686774,1.5582335767806854,-0.12772489238609958
710,-1.077851794929546,-1.2032227169466336,1.3219368871341832
10701,-1.077851794929546,-0.6058464574872543,1.3219368871341832
3528,1.359403204560385,1.1186548198200101,-0.6109454855595272
4503,-0.9286321010832237,-0.2677089521328887,0.8387162939607556
2528,-1.077851794929546,-1.1919514667681548,0.8387162939607556
12616,0.9863539699445792,1.4567923251743757,-2.06060726507981
7497,1.9811519289200612,2.0879823351691917,-1.0941660787329548
9050,0.19051560276419338,-0.24516645177593102,0.355495700787328
2893,-1.077851794929546,-1.1919514667681548,0.8387162939607556
11272,-0.9037621521088367,-1.0003402137340143,0.8387162939607556
15088,2.453680959433415,2.223237337310938,-0.6109454855595272
4540,-1.0281118969807719,-0.27898020231136755,1.3219368871341832
10434,0.3148653476361286,0.9383148169643486,-0.12772489238609958
12299,1.4588830004579327,0.983399817678264,-1.5773866719063825
4091,0.9366140719958048,0.39729480839736364,-0.6109454855595272
12702,-0.48097301954425686,-0.5269477062379023,-0.6109454855595272
2888,0.2402555007129675,-0.7636439599859582,-2.06060726507981
12475,-1.077851794929546,-1.0003402137340143,1.3219368871341832
1523,-0.9535020500576108,-0.7749152101644371,0.355495700787328
14651,-0.033313938005289936,-0.5945752073087754,-0.6109454855595272
5438,-0.7296725092881273,-0.9777977133770565,-0.12772489238609958
12585,-0.4561030705698698,0.44237980911127905,0.355495700787328
1406,-1.077851794929546,-1.101781465340324,0.355495700787328
8132,0.33973529661051577,0.48746480982519447,-0.12772489238609958
4896,0.3148653476361286,1.0172135682137005,0.355495700787328
11301,0.4143451435336769,-0.8087289606998737,-2.06060726507981
5381,-1.077851794929546,-0.8650852115922679,0.355495700787328
6517,-0.35662327467232163,-0.7411014596290005,-0.12772489238609958
1811,-0.8042823562112885,-1.090510215161845,0.355495700787328
13619,-0.9535020500576108,-0.4142352044531138,1.3219368871341832
13769,-0.3317533256979346,-0.09864019945570593,0.355495700787328
11264,-0.7545424582625144,-0.8763564617707468,-0.12772489238609958
10500,-1.077851794929546,-0.8988989621277045,1.3219368871341832
12284,1.6578425922530293,1.4567923251743757,-2.06060726507981
4553,0.06616585789225812,0.8932298162504332,0.355495700787328
10858,-1.052981845955159,-0.7974577105213948,0.8387162939607556
14452,0.7376544802007085,1.2200960714263198,-0.6109454855595272
4643,-0.6550626623649661,-0.38042145391767723,-0.12772489238609958
1486,-1.077851794929546,-1.1468664660542394,1.3219368871341832
8122,-0.6053227644161921,-0.2677089521328887,0.8387162939607556
12355,-0.6550626623649661,-0.8087289606998737,0.8387162939607556
774,1.085833765842127,-0.23389520159745217,-2.5438278582532377
1631,1.2101835107140624,1.6934885789224317,-1.0941660787329548
5589,0.8122643271238696,0.983399817678264,0.355495700787328
10159,-1.077851794929546,-1.0454252144479297,0.8387162939607556
469,1.4588830004579327,1.2539098219617564,-0.6109454855595272
14809,-1.077851794929546,-0.47059145534550806,0.8387162939607556
8507,0.9117441230214178,0.983399817678264,0.355495700787328
11356,-1.077851794929546,-1.1130527155188028,1.3219368871341832
13056,-0.008443989030902977,-0.1549964503481002,-1.0941660787329548
5038,0.8620042250726437,-0.09864019945570593,-2.06060726507981
12454,0.14077570481541946,-0.6058464574872543,-0.12772489238609958
10098,0.9117441230214178,0.9721285674997852,-0.12772489238609958
598,1.6081026943042553,1.3891648241035026,-1.0941660787329548
4562,1.0360938678933531,1.5695048269591643,-0.12772489238609958
12675,-1.077851794929546,-0.786186460342916,0.355495700787328
11203,0.5386948884056122,0.5438210607175887,-0.12772489238609958
13346,0.19051560276419338,0.9157723166073909,-0.6109454855595272
1905,-0.530712917493031,-0.2902514524898464,0.355495700787328
11953,1.1107037148165144,0.4536510592897579,-1.5773866719063825
9247,1.4837529494323203,1.4680635753528546,-0.6109454855595272
7510,0.7625244291750957,1.2539098219617564,-0.6109454855595272
10843,-1.003241948006385,-0.6171177076657332,0.8387162939607556
7949,1.06096381686774,0.17186980482778655,-0.6109454855595272
13259,2.2298514186639316,1.7723873301717836,-2.5438278582532377
13182,-0.9535020500576108,-1.022882714090972,-0.12772489238609958
9191,1.085833765842127,0.19441230518474426,-2.06060726507981
4679,-1.077851794929546,-1.0454252144479297,1.3219368871341832
5770,-1.077851794929546,-1.0116114639124931,0.8387162939607556
10764,-1.077851794929546,-0.42550645463159265,1.3219368871341832
5186,-0.4561030705698698,-0.32406520302528297,-0.6109454855595272
15304,-0.7048025603137403,-0.8876277119492256,0.8387162939607556
10549,-0.8788922031344497,-1.022882714090972,0.8387162939607556
5400,0.04129590891787117,-0.3353364532037618,0.355495700787328
6926,-1.077851794929546,-1.2032227169466336,1.3219368871341832
8740,-1.077851794929546,-1.1919514667681548,0.8387162939607556
10607,0.14077570481541946,-0.786186460342916,-2.06060726507981
2837,0.06616585789225812,-0.23389520159745217,-0.12772489238609958
6672,1.359403204560385,1.0735698191060947,-0.12772489238609958
14778,-0.48097301954425686,0.41983730875432135,0.8387162939607556
3218,1.06096381686774,-0.14372520016962134,-1.5773866719063825
3573,-0.8042823562112885,-0.7411014596290005,0.355495700787328
3132,-1.0281118969807719,-0.3691502037391984,0.8387162939607556
6634,-0.580452815441805,-0.5607614567733389,0.355495700787328
3520,-1.052981845955159,-0.54949020659486,1.3219368871341832
6757,0.2899953986617417,1.051027318749137,0.355495700787328
2588,-1.077851794929546,-1.1243239656972817,1.3219368871341832
3338,-1.052981845955159,-0.9890689635555353,0.8387162939607556
5120,-1.077851794929546,-1.1919514667681548,0.355495700787328
3353,-0.8540222541600626,-0.6622027083796486,0.8387162939607556
4308,-1.077851794929546,-1.0116114639124931,1.3219368871341832
1758,-0.9535020500576108,-0.9214414624846622,0.355495700787328
11883,1.3842731535347719,1.7160310792793894,-0.6109454855595272
10608,-0.8788922031344497,-1.0566964646264085,-0.12772489238609958
852,0.33973529661051577,0.8256023151795601,0.355495700787328
1494,-0.6550626623649661,-0.8876277119492256,-0.6109454855595272
12399,-0.8540222541600626,-1.101781465340324,0.355495700787328
8425,-1.077851794929546,-1.1468664660542394,0.8387162939607556
2464,0.11590575584103227,-0.09864019945570593,-1.0941660787329548
11893,1.7075824902018033,1.828743581064178,-1.0941660787329548
6373,2.7769902961004465,2.59518859320074,-2.06060726507981
9287,-0.8042823562112885,0.059157303042998016,0.355495700787328
13613,-0.48097301954425686,-0.019741448206353953,0.355495700787328
7284,-1.077851794929546,-1.2032227169466336,0.8387162939607556
10022,2.553160755330963,2.4599335910589937,-2.5438278582532377
7700,-1.003241948006385,-1.0566964646264085,0.8387162939607556
4789,-1.052981845955159,-1.0454252144479297,1.3219368871341832
4608,0.16564565378980642,0.6565335625023773,0.355495700787328
11942,0.5386948884056122,0.39729480839736364,-0.6109454855595272
8699,0.7376544802007085,-0.27898020231136755,-0.6109454855595272
13267,0.016425959943484204,0.5550923108960676,-0.6109454855595272
500,2.453680959433415,2.2006948369539803,-2.5438278582532377
10618,0.5386948884056122,-0.5945752073087754,-2.06060726507981
5250,-0.38149322364670873,0.39729480839736364,0.355495700787328
14238,-1.077851794929546,-1.2032227169466336,1.3219368871341832
1046,-0.7545424582625144,-0.9439839628416199,0.8387162939607556
11814,-0.7048025603137403,0.02534355250756146,0.355495700787328
2633,-0.505842968518644,-0.3127939528468041,0.8387162939607556
7300,-1.077851794929546,-1.2032227169466336,0.8387162939607556
15157,-1.0281118969807719,0.31839605714801167,0.355495700787328
8373,0.016425959943484204,-0.8650852115922679,0.355495700787328
4925,0.6381746843031604,1.3102660728541506,-0.6109454855595272
5331,0.19051560276419338,0.757974814108687,-0.12772489238609958
13462,-1.077851794929546,-1.1243239656972817,1.3219368871341832
14842,1.0112239189189662,1.0848410692845736,-1.5773866719063825
6025,0.7127845312263216,1.3440798233895872,0.355495700787328
777,0.5386948884056122,-0.3466077033822407,-1.0941660787329548
4791,0.3148653476361286,-0.4593202051670292,-1.5773866719063825
7229,0.36460524558490276,-0.25643770195440985,0.355495700787328
10629,-0.9783719990319979,-1.0116114639124931,0.8387162939607556
4019,-1.077851794929546,-1.1919514667681548,0.355495700787328
1194,0.04129590891787117,0.3296673073264905,-0.6109454855595272
10444,0.9614840209701918,1.2539098219617564,-1.0941660787329548
51,-1.077851794929546,-1.022882714090972,1.3219368871341832
8963,-1.052981845955159,-0.3691502037391984,0.8387162939607556
2304,0.6630446332775474,0.9157723166073909,-0.12772489238609958
8544,0.33973529661051577,1.0059423180352216,0.8387162939607556
12654,-1.077851794929546,-0.6509314582011697,0.355495700787328
5813,-1.052981845955159,-1.1581377162327182,0.8387162939607556
1113,-0.48097301954425686,-0.932712712663141,-0.12772489238609958
2982,-0.08305383595406408,-0.2902514524898464,0.8387162939607556
656,1.1604436127652884,-0.031012698384832806,-2.06060726507981
3254,-1.077851794929546,-1.169408966411197,-1.0941660787329548
13128,-0.9037621521088367,-1.1130527155188028,-1.0941660787329548
1187,-0.6550626623649661,-0.24516645177593102,0.355495700787328
15241,1.0112239189189662,0.521278560360631,0.8387162939607556
11465,2.3044612655870926,2.2345085874894166,-2.5438278582532377
11370,0.46408504148245106,-0.3578789535607195,-0.6109454855595272
565,-0.7545424582625144,0.059157303042998016,0.8387162939607556
4118,0.2651254496873547,0.5100073101821522,0.355495700787328
11658,-1.077851794929546,-1.1919514667681548,1.3219368871341832
840,0.4143451435336769,0.7241610635732504,-0.6109454855595272
3888,1.856802184048126,1.4793348255313334,-0.6109454855595272
1642,1.1107037148165144,1.6145898276730797,-0.12772489238609958
10697,1.2350534596884497,1.1524685703554467,-1.0941660787329548
14105,0.5635648373799991,0.9157723166073909,-0.6109454855595272
10925,-1.077851794929546,-1.180680216589676,1.3219368871341832
2666,1.06096381686774,1.1186548198200101,-0.12772489238609958
1972,-1.077851794929546,-0.42550645463159265,1.3219368871341832
6880,-0.35662327467232163,-0.707287709093564,-0.6109454855595272
11791,-1.077851794929546,-0.6396602080226909,1.3219368871341832
1149,0.2402555007129675,-0.3466077033822407,-2.06060726507981
4092,1.0360938678933531,0.46492230946823676,-0.6109454855595272
10565,-0.6053227644161921,-1.0116114639124931,-0.12772489238609958
8739,0.5386948884056122,-0.7636439599859582,-1.0941660787329548
765,0.04129590891787117,-0.6509314582011697,-0.6109454855595272
4802,-0.8540222541600626,-0.8200002108783525,-0.12772489238609958
7918,-0.6799326113393532,-0.2677089521328887,0.8387162939607556
7708,-0.18253363185161225,-0.6734739585581274,-0.12772489238609958
3872,0.7873943781494827,1.129926069998489,-0.12772489238609958
11896,0.5884347863543863,1.1073835696415313,-0.12772489238609958
9051,-0.35662327467232163,-0.49313395570246576,0.8387162939607556
2620,-0.9783719990319979,-0.7974577105213948,0.8387162939607556
9616,-0.2322735298003864,0.37475230804040593,0.8387162939607556
3026,-0.505842968518644,0.014072302329082605,-0.6109454855595272
4990,0.2402555007129675,0.48746480982519447,-0.12772489238609958
4102,0.6133047353287733,0.44237980911127905,-0.12772489238609958
6820,-1.077851794929546,-0.7185589592720428,0.8387162939607556
11512,1.5583627963554811,1.8625573315996145,-2.5438278582532377
14517,-0.28201342774916044,-0.2902514524898464,-0.6109454855595272
5967,2.2795913166127058,2.0090835839198395,-1.5773866719063825
7796,1.6827125412274162,1.7160310792793894,-0.12772489238609958
11818,-0.7545424582625144,0.0028010521506037526,0.355495700787328
2685,-1.003241948006385,-0.32406520302528297,0.8387162939607556
9602,-0.40636317262109567,0.10424230375691343,-0.12772489238609958
9974,-1.077851794929546,-0.5833039571302966,1.3219368871341832
14347,-1.077851794929546,-0.6509314582011697,1.3219368871341832
911,0.14077570481541946,0.9383148169643486,-0.12772489238609958
10381,-0.8540222541600626,-0.008470198027875101,-0.12772489238609958
13713,2.503420857382189,-0.9101702123061833,-2.5438278582532377
13030,-0.6053227644161921,-0.18881020088353676,-0.6109454855595272
7413,0.2402555007129675,0.600177311609983,-0.12772489238609958
1345,-0.008443989030902977,0.17186980482778655,-0.12772489238609958
1444,-1.077851794929546,-1.2032227169466336,1.3219368871341832
12148,-1.077851794929546,-0.6960164589150851,0.355495700787328
3499,-0.6799326113393532,0.07042855322147687,0.8387162939607556
13844,-0.40636317262109567,-0.9101702123061833,-0.6109454855595272
5306,0.4143451435336769,1.0961123194630524,-0.12772489238609958
12926,-0.10792378492845114,0.6565335625023773,0.355495700787328
14766,1.8816721330225128,2.0767110849907127,-1.0941660787329548
2422,0.8122643271238696,1.0059423180352216,-0.12772489238609958
5146,-0.008443989030902977,-0.6847452087366063,-0.12772489238609958
2732,1.6081026943042553,1.9301848326704876,-0.6109454855595272
80,0.4143451435336769,0.27331105643409626,-0.6109454855595272
4217,2.553160755330963,2.347221089274205,-2.5438278582532377
13702,0.5635648373799991,1.2200960714263198,0.8387162939607556
13242,-1.052981845955159,-0.6509314582011697,0.8387162939607556
9129,-1.077851794929546,-1.2032227169466336,1.3219368871341832
10464,1.7324524391761906,1.3891648241035026,-1.5773866719063825
12074,-0.9037621521088367,-1.0566964646264085,-0.12772489238609958
15194,0.46408504148245106,1.276452322318714,-1.5773866719063825
5135,-1.077851794929546,-1.1581377162327182,0.8387162939607556
1572,-0.4561030705698698,0.12678480411387114,0.8387162939607556
13299,-0.6550626623649661,0.19441230518474426,0.355495700787328
879,-1.077851794929546,-0.42550645463159265,0.8387162939607556
1578,0.43921509250806384,0.8368735653580389,-0.12772489238609958
12742,-0.6550626623649661,-0.9439839628416199,-0.12772489238609958
1509,0.886874174047031,-0.21135270124049446,-2.5438278582532377
1896,-1.003241948006385,-0.7636439599859582,0.8387162939607556
4746,-1.077851794929546,-1.2032227169466336,1.3219368871341832
14942,0.33973529661051577,-0.7411014596290005,-1.5773866719063825
4112,1.7821923371249646,1.2313673216047987,-2.06060726507981
8999,0.06616585789225812,0.4987360600036733,-0.12772489238609958
1845,0.2402555007129675,-0.7298302094505217,-0.12772489238609958
12304,1.856802184048126,1.0622985689276159,-2.5438278582532377
5562,-0.9783719990319979,-0.628388957844212,0.355495700787328
13488,-1.0281118969807719,-1.1581377162327182,1.3219368871341832
6932,-1.077851794929546,-1.2032227169466336,0.8387162939607556
7507,-0.9535020500576108,-0.21135270124049446,0.355495700787328
11118,-0.9535020500576108,-0.14372520016962134,0.8387162939607556
4742,-1.052981845955159,-1.180680216589676,0.355495700787328
11161,0.04129590891787117,0.757974814108687,0.355495700787328
14222,-0.15766368287722518,-0.9214414624846622,-1.0941660787329548
13441,-0.2322735298003864,-0.5269477062379023,-0.6109454855595272
7757,-1.003241948006385,-0.6171177076657332,0.8387162939607556
14442,1.0360938678933531,1.4906060757098123,-0.6109454855595272
9001,0.9366140719958048,0.9946710678567429,-0.12772489238609958
13548,-0.8042823562112885,-0.9439839628416199,0.355495700787328
3614,0.43921509250806384,-0.6847452087366063,-2.06060726507981
2108,-1.003241948006385,-0.8538139614137891,1.3219368871341832
15061,2.1801115207151573,1.3778935739250238,-2.5438278582532377
4901,-0.10792378492845114,0.7241610635732504,0.8387162939607556
15287,0.11590575584103227,-0.5382189564163812,0.8387162939607556
14715,-0.7296725092881273,-0.1775389507050579,0.8387162939607556
4696,-1.0281118969807719,-1.0679677148048874,0.355495700787328
5613,1.7075824902018033,1.817472330885699,-0.12772489238609958
12301,1.9811519289200612,1.1750110707124044,-2.06060726507981
6702,-0.40636317262109567,0.3071248069695328,0.8387162939607556
4843,1.3096633066116106,1.0059423180352216,-0.6109454855595272
13521,-0.555582866467418,-0.9890689635555353,-0.6109454855595272
13648,0.7127845312263216,1.197553571069362,-0.12772489238609958
7149,-0.3068833767235475,0.44237980911127905,0.8387162939607556
13150,0.2651254496873547,-0.8312714610568314,-1.0941660787329548
4325,0.19051560276419338,-0.5607614567733389,-0.6109454855595272
3219,0.6133047353287733,-0.2902514524898464,-2.06060726507981
7934,-0.35662327467232163,-0.23389520159745217,-0.6109454855595272
5100,-1.077851794929546,-1.2032227169466336,1.3219368871341832
13495,-1.077851794929546,-1.2032227169466336,0.8387162939607556
1193,0.09103580686664531,0.35220980768344823,0.355495700787328
45,-1.077851794929546,-1.0566964646264085,0.8387162939607556
13934,0.3148653476361286,-0.30152270266832526,-1.5773866719063825
976,0.3148653476361286,0.41983730875432135,-1.5773866719063825
5081,-1.077851794929546,-1.180680216589676,1.3219368871341832
2963,-0.8291523051856755,-0.8988989621277045,0.8387162939607556
1584,-0.7545424582625144,-0.04228394856331166,0.8387162939607556
5868,-1.077851794929546,-1.1468664660542394,1.3219368871341832
4515,-0.13279373390283822,0.5776348112530253,0.8387162939607556
13098,-0.8788922031344497,-0.9890689635555353,0.355495700787328
9931,-0.8042823562112885,-0.5945752073087754,0.8387162939607556
1975,1.1355736637909013,1.5807760771376431,-0.12772489238609958
3912,-1.052981845955159,-0.7523727098074794,0.355495700787328
10041,1.0360938678933531,1.5695048269591643,-1.5773866719063825
13649,0.9863539699445792,1.3891648241035026,-0.6109454855595272
4411,-1.077851794929546,-1.1355952158757605,1.3219368871341832
13162,0.14077570481541946,-0.7974577105213948,-1.0941660787329548
7073,-0.7296725092881273,0.04788605286451916,0.8387162939607556
13817,-1.077851794929546,-1.0792389649833662,0.8387162939607556
10191,-0.9783719990319979,-1.101781465340324,-0.12772489238609958
11951,-0.10792378492845114,-0.07609769909874822,0.8387162939607556
6151,1.06096381686774,-0.32406520302528297,-0.6109454855595272
2840,0.7376544802007085,-0.019741448206353953,-1.0941660787329548
5508,0.5635648373799991,-0.5607614567733389,-0.6109454855595272
11034,1.5086228984067072,0.7128898133947715,-2.06060726507981
13618,0.2402555007129675,0.5438210607175887,0.355495700787328
9701,-0.35662327467232163,0.4311085589328002,0.8387162939607556
11792,-0.9286321010832237,-0.3916927040961561,1.3219368871341832
4978,-1.0281118969807719,-0.4818627055239869,0.8387162939607556
7859,-0.7296725092881273,0.12678480411387114,0.8387162939607556
12876,-0.7545424582625144,-0.32406520302528297,-0.6109454855595272
15237,1.583232745329868,1.051027318749137,-1.5773866719063825
6930,-1.077851794929546,-1.2032227169466336,1.3219368871341832
4505,0.14077570481541946,0.6903473130378138,0.355495700787328
6418,-0.9286321010832237,-0.2000814510620156,0.8387162939607556
37,-1.077851794929546,-1.101781465340324,-0.6109454855595272
576,1.3096633066116106,1.5356910764237277,-0.12772489238609958
7460,1.085833765842127,1.5807760771376431,0.355495700787328
3988,-1.077851794929546,-1.1919514667681548,1.3219368871341832
8437,0.19051560276419338,-0.5833039571302966,-1.0941660787329548
713,-1.077851794929546,-1.2032227169466336,0.355495700787328
14741,1.7324524391761906,1.8062010807072202,-2.06060726507981
9844,-1.003241948006385,-1.1581377162327182,1.3219368871341832
8450,-0.7545424582625144,-0.8087289606998737,0.8387162939607556
2335,0.14077570481541946,0.8594160657149966,0.355495700787328
4983,0.6630446332775474,0.8368735653580389,-0.12772489238609958
4420,-1.077851794929546,-1.101781465340324,0.8387162939607556
7841,-1.0281118969807719,-0.2677089521328887,0.8387162939607556
14457,1.9314120309712868,1.8738285817780933,-2.06060726507981
881,0.6133047353287733,1.2313673216047987,-0.12772489238609958
567,2.1552415717407705,2.1105248355261494,-1.5773866719063825
13779,-0.4561030705698698,-0.30152270266832526,0.355495700787328
10069,0.4143451435336769,1.0059423180352216,-0.6109454855595272
2245,0.16564565378980642,-0.3691502037391984,-0.12772489238609958
5070,-1.077851794929546,-1.1468664660542394,0.355495700787328
15100,1.2350534596884497,1.7047598291009105,-2.06060726507981
4165,1.5583627963554811,1.8400148312426567,-0.12772489238609958
8793,0.16564565378980642,-0.6847452087366063,-0.6109454855595272
9688,1.7075824902018033,1.9301848326704876,-0.12772489238609958
10305,-0.4561030705698698,-0.25643770195440985,-0.12772489238609958
10815,-0.6301927133905793,0.04788605286451916,0.8387162939607556
239,2.030891826868835,1.4906060757098123,-2.5438278582532377
7743,-0.530712917493031,-0.3578789535607195,0.8387162939607556
10864,0.5138249394312252,0.08169980339995572,0.355495700787328
8498,1.583232745329868,1.1862823208908833,-1.0941660787329548
7716,0.8620042250726437,-0.24516645177593102,-1.0941660787329548
1597,0.33973529661051577,0.9608573173213063,0.355495700787328
9892,-0.40636317262109567,-0.8200002108783525,0.355495700787328
12032,-1.077851794929546,-1.2032227169466336,0.8387162939607556
1901,-1.052981845955159,-0.786186460342916,0.8387162939607556
1180,1.5086228984067072,0.8819585660719543,-2.06060726507981
6521,0.43921509250806384,-0.54949020659486,-1.5773866719063825
6706,1.1604436127652884,1.4567923251743757,-1.0941660787329548
7882,1.8319322350737386,1.817472330885699,-0.12772489238609958
3006,-1.052981845955159,-0.7185589592720428,0.355495700787328
9673,0.33973529661051577,1.0961123194630524,0.8387162939607556
2781,-0.28201342774916044,0.3409385575049694,0.8387162939607556
10919,-0.8788922031344497,-1.0454252144479297,0.355495700787328
5564,-0.2322735298003864,-0.019741448206353953,0.8387162939607556
12691,-0.48097301954425686,-0.40296395427463494,-0.12772489238609958
8694,-0.505842968518644,-0.6509314582011697,0.8387162939607556
7107,-0.3317533256979346,0.5550923108960676,0.8387162939607556
9052,0.488954990456838,-0.16626770052657905,0.355495700787328
2829,-1.077851794929546,-0.8988989621277045,0.8387162939607556
7203,0.7873943781494827,0.35220980768344823,-0.6109454855595272
5444,0.4143451435336769,-0.7185589592720428,0.355495700787328
5537,-0.9783719990319979,-0.8763564617707468,0.8387162939607556
12482,1.3345332555859974,0.35220980768344823,-2.5438278582532377
4219,2.055761775843222,2.065439834812234,-2.06060726507981
10770,-0.20740358082599933,0.6565335625023773,0.8387162939607556
13146,0.43921509250806384,-0.8087289606998737,-2.5438278582532377
10799,0.14077570481541946,0.8030598148226024,0.355495700787328
6875,1.2847933576372237,-0.1549964503481002,-2.5438278582532377
3413,2.2049814696895442,2.0090835839198395,-2.06060726507981
6216,-1.077851794929546,-1.1919514667681548,0.8387162939607556
906,-0.9037621521088367,-0.06482644892026937,1.3219368871341832
10934,-0.8042823562112885,-1.0792389649833662,0.355495700787328
3693,-0.9535020500576108,-0.9777977133770565,-1.0941660787329548
14251,0.11590575584103227,-0.8425427112353102,-1.5773866719063825
3118,-0.6053227644161921,0.23949730589865967,0.8387162939607556
12798,-1.077851794929546,-1.169408966411197,0.8387162939607556
10810,-0.35662327467232163,0.3296673073264905,0.8387162939607556
15144,-0.8540222541600626,0.5100073101821522,-0.12772489238609958
9189,-0.9783719990319979,-0.8763564617707468,0.355495700787328
5662,1.359403204560385,1.7611160799933048,0.355495700787328
5304,0.7873943781494827,1.366622323746545,-0.6109454855595272
12879,-1.052981845955159,-0.628388957844212,1.3219368871341832
14294,-1.077851794929546,-1.0341539642694508,1.3219368871341832
295,-0.008443989030902977,-0.47059145534550806,0.355495700787328
6557,-0.38149322364670873,-0.9777977133770565,-0.6109454855595272
5015,-0.580452815441805,-0.40296395427463494,0.8387162939607556
1785,0.5386948884056122,-0.6396602080226909,-1.5773866719063825
4382,-0.7048025603137403,-1.0566964646264085,0.355495700787328
11650,0.06616585789225812,-0.7749152101644371,-1.0941660787329548
10758,0.886874174047031,1.4793348255313334,-0.6109454855595272
1284,2.130371622766383,2.2006948369539803,-1.5773866719063825
10833,-1.077851794929546,-0.6847452087366063,1.3219368871341832
10393,-0.033313938005289936,0.8143310650010812,0.355495700787328
12968,2.0060218778944483,2.144338586061586,-1.5773866719063825
4454,1.3345332555859974,0.521278560360631,-2.06060726507981
14852,0.33973529661051577,0.5438210607175887,-1.0941660787329548
14425,2.055761775843222,-0.8876277119492256,-1.5773866719063825
549,1.7075824902018033,1.9639985832059241,-0.12772489238609958
5151,-1.077851794929546,-1.101781465340324,1.3219368871341832
9026,-0.28201342774916044,-0.1324539499911425,-0.12772489238609958
3574,-0.4312331215954827,-0.54949020659486,-0.12772489238609958
6598,0.3148653476361286,-0.6847452087366063,0.355495700787328
4352,-1.077851794929546,-1.180680216589676,0.8387162939607556
7153,0.9366140719958048,1.287723572497193,-0.12772489238609958
2648,0.43921509250806384,0.4761935596467156,-0.6109454855595272
2586,-1.077851794929546,-1.1243239656972817,1.3219368871341832
6143,0.016425959943484204,-0.5156764560594235,-0.12772489238609958
4889,1.1853135617396753,1.5582335767806854,-1.5773866719063825
13393,0.2899953986617417,0.41983730875432135,-0.12772489238609958
3160,-0.7794124072369014,-0.23389520159745217,0.355495700787328
13225,1.085833765842127,0.521278560360631,-1.5773866719063825
3182,1.085833765842127,0.5438210607175887,0.355495700787328
3480,-0.13279373390283822,0.679076062859335,0.355495700787328
2377,0.14077570481541946,0.9270435667858697,-0.12772489238609958
6045,1.4837529494323203,1.7273023294578682,-0.6109454855595272
9255,-0.6053227644161921,0.10424230375691343,0.355495700787328
8637,0.43921509250806384,0.6903473130378138,0.355495700787328
8704,-1.0281118969807719,-1.0116114639124931,1.3219368871341832
8403,0.46408504148245106,-0.786186460342916,0.355495700787328
12855,0.9366140719958048,0.35220980768344823,-0.12772489238609958
10243,-0.7794124072369014,-1.022882714090972,0.8387162939607556
12918,1.6329726432786424,1.7723873301717836,-1.5773866719063825
7809,0.6879145822519344,1.2200960714263198,0.355495700787328
14200,0.36460524558490276,-0.6509314582011697,-1.0941660787329548
13914,-0.38149322364670873,-0.7749152101644371,-0.6109454855595272
11374,-1.003241948006385,-0.9439839628416199,0.8387162939607556
8683,0.14077570481541946,-0.23389520159745217,0.8387162939607556
5701,-1.077851794929546,-0.5720327069518177,1.3219368871341832
8372,-1.077851794929546,-1.1919514667681548,0.8387162939607556
7298,-1.077851794929546,-1.2032227169466336,0.8387162939607556
7665,-0.9783719990319979,-1.1468664660542394,-0.12772489238609958
11821,0.6630446332775474,1.1637398205339256,-0.12772489238609958
10025,-0.2322735298003864,0.6452623123238984,0.355495700787328
10686,1.2101835107140624,0.9383148169643486,-1.5773866719063825
1613,-0.28201342774916044,0.5663635610745464,0.355495700787328
9512,-0.6053227644161921,-0.9777977133770565,-0.12772489238609958
8368,-1.077851794929546,-1.169408966411197,1.3219368871341832
13138,-1.003241948006385,-1.1581377162327182,0.355495700787328
6179,-1.077851794929546,-1.1919514667681548,1.3219368871341832
2015,1.8816721330225128,2.0428973344552763,-1.5773866719063825
13057,-0.28201342774916044,-0.30152270266832526,0.355495700787328
13762,-1.077851794929546,-0.7411014596290005,1.3219368871341832
9307,2.3293312145614795,2.347221089274205,-0.6109454855595272
6749,0.488954990456838,1.208824821247841,0.8387162939607556
2981,-1.077851794929546,-0.9439839628416199,1.3219368871341832
7965,-1.003241948006385,-0.9439839628416199,0.355495700787328
9295,2.7023804491772854,2.5613748426653036,-1.0941660787329548
13404,-0.505842968518644,-0.22262395141897331,0.8387162939607556
243,0.06616585789225812,0.29585355679105396,0.355495700787328
4878,-0.7048025603137403,0.04788605286451916,0.355495700787328
10441,1.6827125412274162,1.7160310792793894,-2.06060726507981
106,-1.077851794929546,-0.6171177076657332,0.8387162939607556
8030,-1.077851794929546,-1.2032227169466336,0.8387162939607556
10923,-0.9037621521088367,-1.0679677148048874,0.8387162939607556
13569,-0.05818388697967712,-0.4367777048100715,-0.6109454855595272
14079,-0.6799326113393532,0.14932730447082884,0.8387162939607556
13614,1.2599234086628366,1.0735698191060947,-1.0941660787329548
4830,-0.28201342774916044,-0.08736894927722708,0.8387162939607556
14282,0.06616585789225812,-0.6058464574872543,0.355495700787328
13431,-1.052981845955159,-0.9101702123061833,0.355495700787328
13695,-0.6053227644161921,0.2845823066125751,1.3219368871341832
4605,-0.9535020500576108,-0.3127939528468041,0.8387162939607556
8253,-0.10792378492845114,0.5325498105391099,0.8387162939607556
6281,0.33973529661051577,0.10424230375691343,0.8387162939607556
5547,1.4091431025091588,0.48746480982519447,-1.0941660787329548
3960,-0.3068833767235475,-0.7185589592720428,-0.12772489238609958
3873,0.8122643271238696,1.129926069998489,0.355495700787328
179,0.2899953986617417,1.051027318749137,0.355495700787328
6790,-0.4561030705698698,0.27331105643409626,0.8387162939607556
7238,0.14077570481541946,-0.4593202051670292,-0.12772489238609958
6051,0.488954990456838,1.051027318749137,-0.12772489238609958
10140,-0.8788922031344497,-0.7185589592720428,0.8387162939607556
4793,0.488954990456838,-0.38042145391767723,-0.12772489238609958
6351,-1.077851794929546,-0.4367777048100715,1.3219368871341832
12589,-0.580452815441805,0.31839605714801167,0.355495700787328
14556,0.5386948884056122,-0.5044052058809446,-2.06060726507981
9993,1.1355736637909013,1.4455210749958969,-2.06060726507981
29,-0.8788922031344497,-1.0003402137340143,-0.12772489238609958
2801,1.4588830004579327,1.0172135682137005,-0.12772489238609958
7200,-0.8540222541600626,-0.5382189564163812,0.8387162939607556
5933,-0.40636317262109567,-0.08736894927722708,0.8387162939607556
2922,-1.077851794929546,-1.1919514667681548,0.8387162939607556
4664,-0.8291523051856755,-0.707287709093564,0.355495700787328
13152,-1.077851794929546,-1.1919514667681548,1.3219368871341832
10100,1.4340130514835459,1.2200960714263198,-1.0941660787329548
12389,0.2899953986617417,-0.8087289606998737,-1.5773866719063825
1245,1.1853135617396753,1.6145898276730797,-0.12772489238609958
7475,1.2101835107140624,1.6934885789224317,0.355495700787328
4053,-0.40636317262109567,-0.7749152101644371,0.355495700787328
13287,0.9117441230214178,1.366622323746545,-1.0941660787329548
4412,-1.077851794929546,-1.1243239656972817,1.3219368871341832
108,-0.9037621521088367,-0.32406520302528297,0.8387162939607556
7310,-0.3317533256979346,-0.9439839628416199,-0.12772489238609958
7020,0.14077570481541946,0.12678480411387114,-0.12772489238609958
8480,-0.555582866467418,-0.3127939528468041,0.8387162939607556
10405,-0.20740358082599933,0.6565335625023773,0.355495700787328
11497,1.1355736637909013,1.6371323280300374,-1.5773866719063825
8606,-0.18253363185161225,0.5663635610745464,0.355495700787328
11604,-1.077851794929546,-0.9552552130200987,1.3219368871341832
8893,-0.48097301954425686,0.25076855607713855,0.8387162939607556
4394,0.04129590891787117,-0.8312714610568314,-0.12772489238609958
8985,1.9811519289200612,1.8062010807072202,-2.5438278582532377
13689,0.9863539699445792,1.5469623266022066,-0.6109454855595272
6290,-1.077851794929546,-0.7974577105213948,1.3219368871341832
10297,0.7376544802007085,0.25076855607713855,-2.06060726507981
4348,-0.8788922031344497,-1.0566964646264085,0.355495700787328
9824,-1.052981845955159,-1.1355952158757605,-0.12772489238609958
9886,-0.7296725092881273,-0.9665264631985776,0.355495700787328
7822,-0.25714347877477345,0.5889060614315041,1.3219368871341832
12831,-1.052981845955159,-1.0116114639124931,-0.12772489238609958
15152,2.7023804491772854,2.9445973487335846,-0.6109454855595272
12096,-1.052981845955159,-1.0341539642694508,0.8387162939607556
7259,0.43921509250806384,-0.6171177076657332,-1.5773866719063825
7646,-1.077851794929546,-1.1919514667681548,-0.12772489238609958
973,-0.580452815441805,-0.08736894927722708,0.8387162939607556
9733,1.4091431025091588,1.2313673216047987,-1.0941660787329548
4299,-0.9535020500576108,-0.8087289606998737,0.355495700787328
5270,2.1801115207151573,1.5356910764237277,-2.06060726507981
3653,-1.077851794929546,-1.1919514667681548,0.8387162939607556
14224,-1.077851794929546,-1.2032227169466336,0.355495700787328
12420,-1.077851794929546,-1.1919514667681548,0.8387162939607556
7637,-1.077851794929546,-1.169408966411197,0.8387162939607556
3088,1.4837529494323203,1.8625573315996145,-0.12772489238609958
13616,0.8122643271238696,0.8594160657149966,-0.12772489238609958
5938,0.11590575584103227,0.3296673073264905,0.8387162939607556
7771,-1.077851794929546,-0.6509314582011697,0.8387162939607556
6084,-1.052981845955159,-0.6058464574872543,0.8387162939607556
14516,1.4340130514835459,0.46492230946823676,-2.5438278582532377
10,0.6133047353287733,-0.7185589592720428,-2.06060726507981
2647,0.7625244291750957,0.6339910621454196,-1.0941660787329548
12170,0.21538555173858054,0.6903473130378138,0.355495700787328
1426,-1.077851794929546,-1.169408966411197,0.8387162939607556
12382,-0.20740358082599933,-0.8538139614137891,0.355495700787328
3265,0.488954990456838,-0.7974577105213948,-0.6109454855595272
14819,1.7573223881505777,1.817472330885699,-0.6109454855595272
12220,-0.10792378492845114,0.7467035639302081,0.355495700787328
4814,-0.8788922031344497,-0.6847452087366063,0.8387162939607556
10309,-0.7794124072369014,-0.44804895498855035,0.8387162939607556
9878,-1.052981845955159,-1.1468664660542394,0.355495700787328
1215,-0.8788922031344497,-0.22262395141897331,0.8387162939607556
12016,0.16564565378980642,-0.7523727098074794,-1.0941660787329548
14216,-1.077851794929546,-1.1919514667681548,1.3219368871341832
13434,-0.28201342774916044,-0.4593202051670292,0.355495700787328
13666,-1.077851794929546,-0.44804895498855035,1.3219368871341832
9434,-0.2322735298003864,-0.6509314582011697,-0.12772489238609958
7021,-1.052981845955159,-0.7411014596290005,0.8387162939607556
323,-1.077851794929546,-1.1468664660542394,-0.6109454855595272
1344,-1.0281118969807719,-0.628388957844212,0.8387162939607556
4457,-1.0281118969807719,-0.7523727098074794,0.8387162939607556
10659,-1.0281118969807719,-0.8087289606998737,0.355495700787328
909,-0.28201342774916044,0.600177311609983,0.355495700787328
10376,-0.35662327467232163,0.4761935596467156,-0.12772489238609958
3399,-1.052981845955159,-0.5156764560594235,0.355495700787328
496,2.428811010459028,2.2006948369539803,-2.06060726507981
9566,-0.7545424582625144,-0.5607614567733389,0.8387162939607556
8426,-1.052981845955159,-1.1130527155188028,1.3219368871341832
10525,-1.077851794929546,-1.0566964646264085,1.3219368871341832
11140,1.5583627963554811,1.8850998319565722,-1.0941660787329548
15239,1.6081026943042553,0.8481448155365178,-0.6109454855595272
3470,1.4588830004579327,1.828743581064178,-0.6109454855595272
13473,-0.18253363185161225,-0.8200002108783525,-0.12772489238609958
7172,0.9117441230214178,1.0284848183921793,0.355495700787328
4365,-0.530712917493031,-1.0116114639124931,-0.12772489238609958
10597,0.016425959943484204,-0.8650852115922679,-1.0941660787329548
1195,-0.008443989030902977,0.31839605714801167,-0.12772489238609958
11469,0.3894751945592899,1.0622985689276159,-0.12772489238609958
4953,1.4837529494323203,1.6934885789224317,-0.6109454855595272
1423,-0.28201342774916044,-0.8650852115922679,0.355495700787328
5749,0.19051560276419338,-0.031012698384832806,0.355495700787328
256,0.6879145822519344,0.4311085589328002,-0.6109454855595272
12927,-0.28201342774916044,0.521278560360631,0.8387162939607556
9279,0.5138249394312252,1.1524685703554467,0.8387162939607556
288,-0.3068833767235475,-0.5044052058809446,0.8387162939607556
8540,-0.7296725092881273,0.07042855322147687,0.8387162939607556
15184,-0.8291523051856755,0.10424230375691343,-1.0941660787329548
9965,0.16564565378980642,0.48746480982519447,-0.6109454855595272
10323,0.6630446332775474,0.679076062859335,-1.0941660787329548
6601,-1.077851794929546,-1.1355952158757605,0.8387162939607556
4484,0.8620042250726437,0.8706873158934755,-0.12772489238609958
9214,-0.3068833767235475,-0.08736894927722708,-0.12772489238609958
11258,-0.8291523051856755,-0.8763564617707468,-0.6109454855595272
5862,-1.077851794929546,-1.1581377162327182,-0.12772489238609958
8012,-0.15766368287722518,-0.9214414624846622,0.355495700787328
1232,-0.580452815441805,0.21695480554170196,-0.12772489238609958
7255,-0.6053227644161921,-0.8876277119492256,0.8387162939607556
11643,-1.077851794929546,-1.1468664660542394,0.8387162939607556
2675,1.7573223881505777,1.6484035782085162,-0.12772489238609958
1112,-0.4561030705698698,-0.9214414624846622,-0.6109454855595272
14361,-1.077851794929546,-0.5607614567733389,0.8387162939607556
11204,0.7625244291750957,0.6452623123238984,-0.6109454855595272
267,-0.9286321010832237,-0.6622027083796486,1.3219368871341832
13371,-0.6799326113393532,0.0028010521506037526,1.3219368871341832
14607,-1.077851794929546,-1.2032227169466336,0.8387162939607556
9252,-1.077851794929546,-0.5382189564163812,0.8387162939607556
5931,1.7075824902018033,1.0397560685706582,-1.0941660787329548
11712,-1.052981845955159,-1.1243239656972817,1.3219368871341832
3048,2.3293312145614795,2.0767110849907127,-1.5773866719063825
6466,1.583232745329868,0.8143310650010812,-1.0941660787329548
9304,0.5635648373799991,1.2539098219617564,0.8387162939607556
1379,-0.9783719990319979,-0.8425427112353102,-0.12772489238609958
14268,-1.077851794929546,-1.1468664660542394,1.3219368871341832
11790,-1.052981845955159,-0.5833039571302966,0.8387162939607556
11545,0.5635648373799991,0.9495860671428275,-1.0941660787329548
4759,-1.077851794929546,-1.180680216589676,-0.6109454855595272
9800,-0.9037621521088367,-0.932712712663141,0.8387162939607556
11178,1.3345332555859974,1.4455210749958969,-1.0941660787329548
6876,1.1853135617396753,-0.2000814510620156,-2.06060726507981
3790,0.8122643271238696,1.287723572497193,-0.12772489238609958
620,0.9863539699445792,0.5889060614315041,-0.12772489238609958
652,-0.9037621521088367,-0.8200002108783525,0.355495700787328
6955,-0.13279373390283822,-0.8425427112353102,-0.6109454855595272
8300,0.9614840209701918,0.41983730875432135,-1.0941660787329548
3473,0.8122643271238696,1.4004360742819815,0.355495700787328
12627,0.8620042250726437,1.287723572497193,-0.6109454855595272
5279,2.2049814696895442,-0.22262395141897331,-0.6109454855595272
7159,2.3790711125102537,2.0203548340983186,-2.06060726507981
5019,0.04129590891787117,-0.12118269981266364,-0.12772489238609958
7261,-0.4561030705698698,-0.8763564617707468,0.8387162939607556
14494,1.6081026943042553,0.9946710678567429,-1.5773866719063825
2516,-1.077851794929546,-1.1581377162327182,1.3219368871341832
7711,0.46408504148245106,-0.4367777048100715,-1.0941660787329548
11775,-0.8042823562112885,-0.4142352044531138,-0.6109454855595272
7412,1.06096381686774,1.0848410692845736,-0.12772489238609958
13615,-0.8291523051856755,-0.30152270266832526,0.8387162939607556
8421,-0.8788922031344497,-1.0454252144479297,0.355495700787328
13926,-0.4561030705698698,-0.6960164589150851,0.355495700787328
12171,-1.077851794929546,-0.54949020659486,1.3219368871341832
3603,-0.7048025603137403,-0.9214414624846622,0.355495700787328
6624,-1.077851794929546,-1.0341539642694508,0.355495700787328
14580,-0.7794124072369014,-1.0566964646264085,0.8387162939607556
8773,-1.077851794929546,-1.1919514667681548,-0.12772489238609958
9174,-1.077851794929546,-1.0679677148048874,1.3219368871341832
1506,-1.077851794929546,-1.0566964646264085,0.8387162939607556
6427,0.3894751945592899,0.8819585660719543,0.8387162939607556
13300,-0.05818388697967712,0.757974814108687,-0.6109454855595272
5524,-1.077851794929546,-1.0566964646264085,1.3219368871341832
11183,-0.40636317262109567,0.22822605572018081,-0.12772489238609958
12667,-0.38149322364670873,-0.053555198741790516,-0.12772489238609958
6705,1.4091431025091588,1.6033185774946008,-0.6109454855595272
14964,-0.6053227644161921,-1.0341539642694508,0.8387162939607556
4890,2.2795913166127058,2.223237337310938,-2.06060726507981
730,-1.077851794929546,-1.1919514667681548,0.355495700787328
7672,-1.077851794929546,-1.1919514667681548,1.3219368871341832
12641,1.1355736637909013,1.2989948226756718,-1.0941660787329548
6417,-0.48097301954425686,0.29585355679105396,0.8387162939607556
14411,-0.4312331215954827,0.46492230946823676,0.8387162939607556
1745,-1.052981845955159,-0.9214414624846622,0.8387162939607556
3853,2.3293312145614795,2.223237337310938,-0.6109454855595272
9881,-0.033313938005289936,-0.7974577105213948,-0.6109454855595272
14973,-0.18253363185161225,-0.9214414624846622,-2.5438278582532377
2709,-0.9286321010832237,-0.12118269981266364,0.8387162939607556
7093,0.6381746843031604,1.276452322318714,-0.12772489238609958
3388,1.7573223881505777,1.355351073568066,-1.5773866719063825
7434,1.5583627963554811,1.6822173287439528,-0.12772489238609958
8794,-0.20740358082599933,-0.7749152101644371,-0.6109454855595272
11379,0.09103580686664531,-0.3578789535607195,-0.12772489238609958
15133,-0.2322735298003864,0.7917885646441235,0.8387162939607556
8515,1.2599234086628366,1.3102660728541506,0.355495700787328
3126,-1.052981845955159,-0.40296395427463494,0.8387162939607556
1156,0.3894751945592899,-0.07609769909874822,-0.6109454855595272
10056,2.478550908407802,2.347221089274205,-2.06060726507981
32,-0.7296725092881273,-0.9214414624846622,-0.12772489238609958
10356,-0.530712917493031,0.21695480554170196,0.8387162939607556
11901,0.36460524558490276,0.9157723166073909,-0.6109454855595272
1336,1.7573223881505777,1.3440798233895872,-0.6109454855595272
13850,-1.077851794929546,-1.1919514667681548,1.3219368871341832
5620,-0.6799326113393532,0.13805605429235,0.8387162939607556
13141,-0.6301927133905793,-1.0341539642694508,-0.6109454855595272
9029,0.8620042250726437,0.3860235582188848,-0.12772489238609958
1610,-0.2322735298003864,0.5889060614315041,0.8387162939607556
939,0.6879145822519344,1.1750110707124044,0.355495700787328
6497,0.9614840209701918,-0.031012698384832806,-1.0941660787329548
4023,-1.077851794929546,-1.1919514667681548,1.3219368871341832
14309,-0.7794124072369014,-0.628388957844212,0.8387162939607556
8642,-0.6301927133905793,-0.12118269981266364,0.355495700787328
11290,-1.003241948006385,-1.1130527155188028,0.8387162939607556
745,0.04129590891787117,-0.8087289606998737,-1.0941660787329548
4083,-1.077851794929546,-0.9101702123061833,0.8387162939607556
7228,-1.052981845955159,-0.9552552130200987,0.8387162939607556
2877,-0.05818388697967712,-0.7523727098074794,-1.0941660787329548
15173,-0.13279373390283822,1.1411973201769678,-1.5773866719063825
4701,-0.3068833767235475,-0.8087289606998737,-0.6109454855595272
1741,-1.052981845955159,-0.8988989621277045,0.8387162939607556
9485,-0.8291523051856755,-1.090510215161845,0.355495700787328
2651,0.5138249394312252,0.5663635610745464,-0.6109454855595272
12192,-0.6799326113393532,0.12678480411387114,1.3219368871341832
10561,-0.033313938005289936,-0.8650852115922679,-1.0941660787329548
3002,-0.505842968518644,-0.25643770195440985,-0.12772489238609958
1821,-1.077851794929546,-1.2032227169466336,1.3219368871341832
8909,0.2899953986617417,0.9721285674997852,0.8387162939607556
1330,0.11590575584103227,0.5100073101821522,-0.12772489238609958
12474,-1.077851794929546,-1.0003402137340143,1.3219368871341832
957,0.7376544802007085,1.0059423180352216,-0.6109454855595272
2110,0.488954990456838,-0.1324539499911425,-0.6109454855595272
5667,-1.077851794929546,-0.44804895498855035,0.8387162939607556
13193,-1.003241948006385,-0.9890689635555353,0.8387162939607556
4691,-0.6301927133905793,-0.8425427112353102,-0.6109454855595272
1660,-0.008443989030902977,0.7467035639302081,-0.12772489238609958
14171,-1.077851794929546,-1.0116114639124931,1.3219368871341832
8366,-1.052981845955159,-1.1468664660542394,0.355495700787328
5363,0.36460524558490276,0.3860235582188848,0.355495700787328
13665,-1.077851794929546,-0.4142352044531138,1.3219368871341832
655,-1.077851794929546,-1.0116114639124931,1.3219368871341832
13325,0.11590575584103227,0.9270435667858697,-1.0941660787329548
11060,0.19051560276419338,0.48746480982519447,-0.12772489238609958
14311,0.5884347863543863,0.11551355393539228,-0.12772489238609958
10315,-1.077851794929546,-0.7411014596290005,1.3219368871341832
7033,0.21538555173858054,0.37475230804040593,0.8387162939607556
10560,-1.077851794929546,-1.180680216589676,0.8387162939607556
2199,-1.077851794929546,-1.1919514667681548,0.8387162939607556
2960,-1.077851794929546,-1.090510215161845,1.3219368871341832
4640,0.43921509250806384,0.29585355679105396,0.355495700787328
7320,-0.8042823562112885,-1.0341539642694508,0.8387162939607556
13345,-0.6053227644161921,0.23949730589865967,-0.12772489238609958
14663,0.488954990456838,-0.25643770195440985,-2.5438278582532377
5740,-1.077851794929546,-0.8200002108783525,1.3219368871341832
8990,1.533492847381094,1.4906060757098123,-0.12772489238609958
1405,-1.077851794929546,-1.101781465340324,0.8387162939607556
6225,-0.35662327467232163,-0.8988989621277045,-0.12772489238609958
2625,-0.9286321010832237,-0.707287709093564,0.8387162939607556
9345,1.06096381686774,1.355351073568066,-0.12772489238609958
7919,0.11590575584103227,0.25076855607713855,0.355495700787328
5436,0.8371342760982567,-0.5607614567733389,-2.06060726507981
5220,-0.8042823562112885,-0.23389520159745217,0.8387162939607556
3148,2.1801115207151573,1.8062010807072202,-1.0941660787329548
12238,-0.6550626623649661,0.21695480554170196,0.8387162939607556
2873,-1.077851794929546,-1.1243239656972817,0.8387162939607556
3916,1.2599234086628366,0.5550923108960676,-2.06060726507981
5527,-1.077851794929546,-1.0454252144479297,0.8387162939607556
14054,-0.9286321010832237,-0.09864019945570593,0.8387162939607556
10632,0.9366140719958048,-0.32406520302528297,-1.0941660787329548
8291,0.19051560276419338,0.19441230518474426,-0.12772489238609958
76,0.016425959943484204,0.0028010521506037526,0.355495700787328
5195,1.0112239189189662,0.5889060614315041,-1.5773866719063825
9935,0.2899953986617417,0.09297105357843458,-0.12772489238609958
9186,0.16564565378980642,-0.3466077033822407,-0.6109454855595272
14259,-0.8788922031344497,-1.0679677148048874,0.355495700787328
4947,0.8620042250726437,1.366622323746545,-0.12772489238609958
8187,-0.6550626623649661,0.2056835553632231,0.8387162939607556
2260,-0.530712917493031,-0.42550645463159265,0.355495700787328
1775,-1.077851794929546,-1.1243239656972817,0.8387162939607556
5375,1.4837529494323203,0.6903473130378138,-0.6109454855595272
5768,-0.9535020500576108,-0.8650852115922679,0.355495700787328
93,-0.40636317262109567,-0.031012698384832806,-0.6109454855595272
10687,-0.40636317262109567,-0.008470198027875101,0.355495700787328
10438,2.1055016737919963,1.9865410835628818,-2.06060726507981
4007,-0.20740358082599933,-0.9439839628416199,-0.12772489238609958
10319,-1.077851794929546,-0.7185589592720428,0.8387162939607556
5963,-0.9535020500576108,-0.3127939528468041,0.355495700787328
12019,-1.077851794929546,-1.169408966411197,-0.12772489238609958
4810,-1.077851794929546,-0.932712712663141,1.3219368871341832
3181,0.2402555007129675,0.1605985546493077,0.8387162939607556
6096,-0.9286321010832237,-0.5382189564163812,0.8387162939607556
1076,0.36460524558490276,-0.8200002108783525,-2.06060726507981
2338,-0.7794124072369014,0.04788605286451916,0.355495700787328
11670,-1.003241948006385,-1.1581377162327182,1.3219368871341832
1885,-0.7048025603137403,-0.6847452087366063,1.3219368871341832
9210,-0.9286321010832237,-0.6058464574872543,0.355495700787328
12575,2.2298514186639316,2.2683223380248534,-1.5773866719063825
4323,-0.4561030705698698,-0.7523727098074794,0.8387162939607556
4949,-1.003241948006385,-0.27898020231136755,0.8387162939607556
9880,-1.077851794929546,-1.1581377162327182,1.3219368871341832
10234,-1.052981845955159,-1.169408966411197,0.355495700787328
12352,-1.077851794929546,-1.0566964646264085,0.8387162939607556
10215,-1.077851794929546,-1.2032227169466336,0.8387162939607556
2759,0.43921509250806384,1.0622985689276159,-0.12772489238609958
7861,-0.7545424582625144,0.09297105357843458,0.8387162939607556
5635,0.6630446332775474,1.3102660728541506,0.355495700787328
4030,0.6879145822519344,-0.6847452087366063,-1.5773866719063825
3352,-1.003241948006385,-0.7974577105213948,0.8387162939607556
1437,0.06616585789225812,-0.8650852115922679,-1.0941660787329548
1233,0.9614840209701918,1.3891648241035026,-0.6109454855595272
8552,2.478550908407802,2.381034839809642,-2.06060726507981
4281,0.9863539699445792,0.44237980911127905,-0.12772489238609958
5834,0.6133047353287733,-0.786186460342916,-2.06060726507981
7047,-0.7545424582625144,-0.1775389507050579,0.8387162939607556
3102,1.4837529494323203,1.8512860814211356,-0.12772489238609958
2465,0.9366140719958048,0.23949730589865967,-0.6109454855595272
6945,-0.9535020500576108,-1.1243239656972817,-0.12772489238609958
14154,-0.13279373390283822,-0.24516645177593102,0.8387162939607556
449,0.5138249394312252,0.39729480839736364,0.355495700787328
10562,-0.8540222541600626,-1.0792389649833662,0.355495700787328
10723,2.1055016737919963,2.0203548340983186,-2.06060726507981
3621,-0.13279373390283822,-0.8538139614137891,0.355495700787328
2317,1.8319322350737386,1.7949298305287413,-1.0941660787329548
6366,2.528290806356576,2.437391090702036,-0.6109454855595272
2185,-0.9535020500576108,-1.1355952158757605,-0.6109454855595272
4477,-0.6550626623649661,-0.21135270124049446,-0.12772489238609958
1890,-1.077851794929546,-0.9101702123061833,0.8387162939607556
1155,-0.28201342774916044,-0.40296395427463494,-0.12772489238609958
14231,0.09103580686664531,-0.8763564617707468,-2.5438278582532377
13536,-1.0281118969807719,-1.1130527155188028,-0.12772489238609958
7225,-1.077851794929546,-0.9777977133770565,1.3219368871341832
1728,1.4588830004579327,0.5550923108960676,-1.0941660787329548
11066,0.6381746843031604,0.8481448155365178,-1.0941660787329548
10990,-1.077851794929546,-1.1130527155188028,1.3219368871341832
8046,-1.077851794929546,-1.180680216589676,0.8387162939607556
11114,-1.077851794929546,-0.4367777048100715,1.3219368871341832
11504,-0.25714347877477345,0.6114485617884619,-1.5773866719063825
11683,-1.077851794929546,-1.2032227169466336,1.3219368871341832
4392,-0.7545424582625144,-1.0454252144479297,0.8387162939607556
8698,-0.3068833767235475,-0.6058464574872543,0.355495700787328
2503,-0.9037621521088367,-0.9777977133770565,0.8387162939607556
10884,-0.8291523051856755,-0.8087289606998737,-0.12772489238609958
2463,0.886874174047031,0.25076855607713855,-1.0941660787329548
6201,-0.8788922031344497,-1.1130527155188028,0.8387162939607556
2846,0.7873943781494827,-0.10991144963418478,-1.0941660787329548
14937,-1.052981845955159,-1.1355952158757605,0.8387162939607556
5312,0.14077570481541946,0.8706873158934755,-0.12772489238609958
1612,0.8371342760982567,1.4117073244604603,0.8387162939607556
10050,0.11590575584103227,0.8932298162504332,0.355495700787328
2191,-0.7545424582625144,-1.0679677148048874,-0.12772489238609958
1729,1.3096633066116106,0.4761935596467156,-2.06060726507981
4824,-0.40636317262109567,-0.24516645177593102,0.8387162939607556
10465,0.8620042250726437,0.904501066428912,-1.0941660787329548
11432,1.4837529494323203,1.355351073568066,-1.0941660787329548
10669,-1.077851794929546,-0.8200002108783525,0.8387162939607556
8379,0.46408504148245106,-0.7974577105213948,-1.5773866719063825
9850,-0.9286321010832237,-1.1243239656972817,0.355495700787328
5453,-1.0281118969807719,-1.1581377162327182,0.8387162939607556
15015,-1.052981845955159,-1.0679677148048874,0.8387162939607556
14275,-0.6053227644161921,-0.8876277119492256,-0.12772489238609958
7085,-0.7794124072369014,0.04788605286451916,0.8387162939607556
6556,-1.077851794929546,-1.2032227169466336,0.355495700787328
4047,-0.38149322364670873,-0.8200002108783525,0.355495700787328
5775,0.46408504148245106,-0.32406520302528297,-0.12772489238609958
8496,1.7573223881505777,1.2313673216047987,-2.5438278582532377
7624,0.2651254496873547,-0.6622027083796486,-0.6109454855595272
11337,-1.077851794929546,-1.169408966411197,1.3219368871341832
14785,-0.8291523051856755,0.03661480268604031,1.3219368871341832
4240,1.4340130514835459,1.4680635753528546,0.8387162939607556
5781,-1.077851794929546,-1.0679677148048874,1.3219368871341832
7649,-1.077851794929546,-1.2032227169466336,0.8387162939607556
2755,0.21538555173858054,0.9270435667858697,-0.12772489238609958
2492,-0.580452815441805,-0.7523727098074794,0.8387162939607556
3139,1.5583627963554811,1.6033185774946008,-1.0941660787329548
8719,-0.6550626623649661,-0.9214414624846622,0.355495700787328
14394,-1.077851794929546,-0.4142352044531138,0.8387162939607556
5234,0.6133047353287733,0.9946710678567429,-0.6109454855595272
12411,-1.077851794929546,-1.2032227169466336,0.8387162939607556
3272,-1.077851794929546,-1.2032227169466336,1.3219368871341832
15189,1.5086228984067072,2.0316260842767973,-1.0941660787329548
5273,-0.6053227644161921,0.2845823066125751,0.355495700787328
6244,-0.8540222541600626,-0.9552552130200987,-0.12772489238609958
2889,-1.077851794929546,-1.169408966411197,1.3219368871341832
13092,-0.8042823562112885,-0.9101702123061833,-0.12772489238609958
788,-1.052981845955159,-0.9552552130200987,0.355495700787328
5905,1.3096633066116106,0.29585355679105396,-1.0941660787329548
6189,-1.077851794929546,-1.2032227169466336,1.3219368871341832
5504,-0.05818388697967712,-0.7523727098074794,-0.12772489238609958
13921,-1.077851794929546,-1.0792389649833662,1.3219368871341832
10912,-1.077851794929546,-1.1468664660542394,0.8387162939607556
10767,0.7127845312263216,1.355351073568066,-0.6109454855595272
13734,0.7127845312263216,1.0735698191060947,-0.12772489238609958
6526,0.6879145822519344,-0.5382189564163812,-1.0941660787329548
3377,0.06616585789225812,0.23949730589865967,-0.12772489238609958
4527,1.5086228984067072,1.7836585803502625,-0.12772489238609958
13107,-0.15766368287722518,-0.7974577105213948,-1.0941660787329548
1780,-1.052981845955159,-1.1130527155188028,0.8387162939607556
7075,2.503420857382189,2.279593588203332,-0.6109454855595272
2959,0.06616585789225812,-0.6058464574872543,-0.12772489238609958
14126,-0.8540222541600626,-0.40296395427463494,1.3219368871341832
8593,-1.052981845955159,-0.3578789535607195,0.355495700787328
349,-0.9783719990319979,-1.1468664660542394,-0.12772489238609958
7199,0.886874174047031,0.4761935596467156,-0.12772489238609958
6156,-1.077851794929546,-1.1130527155188028,0.8387162939607556
3349,-0.7296725092881273,-0.6171177076657332,0.8387162939607556
42,-1.052981845955159,-1.0341539642694508,1.3219368871341832
801,-0.6550626623649661,-0.4818627055239869,0.355495700787328
3529,0.33973529661051577,0.5438210607175887,0.355495700787328
6346,-1.052981845955159,-0.38042145391767723,1.3219368871341832
981,0.3894751945592899,0.3860235582188848,-0.6109454855595272
3458,-0.7048025603137403,0.1831410550062654,0.355495700787328
7250,-0.4312331215954827,-0.786186460342916,0.355495700787328
5804,-1.0281118969807719,-1.1130527155188028,0.8387162939607556
5173,-0.38149322364670873,-0.44804895498855035,0.355495700787328
7945,-1.003241948006385,-0.8087289606998737,0.355495700787328
13555,0.7873943781494827,-0.3466077033822407,-1.0941660787329548
7632,-1.0281118969807719,-1.1130527155188028,0.8387162939607556
6334,-0.3317533256979346,0.3634810578619271,-0.12772489238609958
3091,-1.052981845955159,-0.3353364532037618,1.3219368871341832
7315,-0.8540222541600626,-1.0679677148048874,-0.6109454855595272
8267,1.6081026943042553,1.4229785746389392,-0.6109454855595272
2756,-0.20740358082599933,0.5889060614315041,0.355495700787328
12194,-0.40636317262109567,0.39729480839736364,-0.12772489238609958
916,0.11590575584103227,0.904501066428912,0.8387162939607556
4617,-0.8291523051856755,-0.24516645177593102,-0.12772489238609958
1616,-0.05818388697967712,0.7692460642871658,0.355495700787328
12628,0.2899953986617417,0.904501066428912,-0.6109454855595272
14689,-1.052981845955159,-0.7523727098074794,1.3219368871341832
2146,-1.077851794929546,-1.1468664660542394,0.8387162939607556
7530,1.1107037148165144,1.2426385717832775,-0.12772489238609958
1833,0.06616585789225812,-0.8425427112353102,-1.0941660787329548
8581,-0.6053227644161921,0.2845823066125751,0.8387162939607556
13174,-1.077851794929546,-1.1468664660542394,-0.12772489238609958
6742,0.19051560276419338,0.983399817678264,0.8387162939607556
7749,-0.505842968518644,-0.27898020231136755,0.355495700787328
4714,-1.077851794929546,-1.169408966411197,1.3219368871341832
5992,0.6630446332775474,1.2651810721402352,-0.6109454855595272
10399,-0.555582866467418,0.3409385575049694,0.8387162939607556
11027,-0.35662327467232163,-0.3127939528468041,-0.12772489238609958
782,-0.033313938005289936,-0.47059145534550806,-0.12772489238609958
6472,-1.077851794929546,-0.8425427112353102,1.3219368871341832
12720,0.5386948884056122,-0.38042145391767723,-2.06060726507981
7872,2.503420857382189,2.290864838381811,-2.06060726507981
9567,0.7873943781494827,0.27331105643409626,-1.0941660787329548
5664,0.7625244291750957,1.366622323746545,-0.12772489238609958
8401,0.4143451435336769,-0.7974577105213948,-2.5438278582532377
9939,0.8620042250726437,0.44237980911127905,-0.12772489238609958
9246,0.16564565378980642,0.6339910621454196,0.355495700787328
4838,0.36460524558490276,0.4085660585758425,0.355495700787328
2401,-0.505842968518644,0.2620398062556174,0.8387162939607556
10428,0.14077570481541946,0.8481448155365178,-0.12772489238609958
4205,-0.6799326113393532,0.19441230518474426,1.3219368871341832
4641,-1.052981845955159,-0.7411014596290005,0.355495700787328
2152,-1.077851794929546,-1.1581377162327182,0.8387162939607556
8067,-1.052981845955159,-1.090510215161845,-0.6109454855595272
2947,-1.077851794929546,-1.1468664660542394,1.3219368871341832
9790,-0.033313938005289936,-0.4593202051670292,0.355495700787328
7525,-0.15766368287722518,0.4761935596467156,0.8387162939607556
3878,0.7625244291750957,1.0397560685706582,-0.12772489238609958
6224,-1.052981845955159,-1.1468664660542394,0.8387162939607556
13811,-1.077851794929546,-1.0454252144479297,1.3219368871341832
5632,1.06096381686774,1.5582335767806854,0.8387162939607556
11123,0.11590575584103227,0.9270435667858697,0.355495700787328
13402,1.4091431025091588,0.8256023151795601,-1.0941660787329548
9350,2.453680959433415,2.054168584633755,-2.06060726507981
7028,-0.7794124072369014,-0.38042145391767723,0.8387162939607556
3023,0.46408504148245106,0.6452623123238984,-0.6109454855595272
14659,0.2402555007129675,-0.40296395427463494,-0.6109454855595272
3541,0.06616585789225812,0.14932730447082884,-0.6109454855595272
3279,-1.077851794929546,-1.2032227169466336,1.3219368871341832
6756,-0.10792378492845114,0.7354323137517292,0.8387162939607556
13229,0.8371342760982567,0.48746480982519447,-1.0941660787329548
14612,-1.077851794929546,-1.1919514667681548,1.3219368871341832
15044,-0.6799326113393532,-0.44804895498855035,1.3219368871341832
5896,-0.505842968518644,-0.6622027083796486,0.355495700787328
2804,1.06096381686774,0.7692460642871658,-0.6109454855595272
2211,-1.077851794929546,-1.1581377162327182,1.3219368871341832
7695,0.7127845312263216,-0.5720327069518177,-1.0941660787329548
10861,1.6081026943042553,0.5776348112530253,-2.5438278582532377
11239,-0.9535020500576108,-0.8087289606998737,-0.12772489238609958
3133,0.5884347863543863,1.0848410692845736,0.355495700787328
12828,-1.077851794929546,-1.0679677148048874,0.355495700787328
9048,-0.580452815441805,-0.5720327069518177,0.355495700787328
6959,0.06616585789225812,-0.7749152101644371,-0.6109454855595272
4320,0.46408504148245106,-0.4142352044531138,-1.5773866719063825
13016,0.33973529661051577,0.6903473130378138,-0.6109454855595272
2107,-0.9037621521088367,-0.7636439599859582,1.3219368871341832
5128,-0.8042823562112885,-1.0454252144479297,0.8387162939607556
9876,-0.9783719990319979,-1.1130527155188028,0.8387162939607556
11586,0.5635648373799991,0.2620398062556174,-1.5773866719063825
3973,-0.9286321010832237,-1.0454252144479297,0.355495700787328
8731,-0.580452815441805,-0.9552552130200987,0.355495700787328
3034,1.9811519289200612,1.670946078565474,-2.06060726507981
13570,-0.3068833767235475,-0.5269477062379023,0.8387162939607556
9963,0.2899953986617417,0.5325498105391099,-0.6109454855595272
4663,-1.0281118969807719,-0.8650852115922679,-0.12772489238609958
7794,-1.052981845955159,-0.4367777048100715,0.8387162939607556
3286,-0.35662327467232163,-0.9665264631985776,-0.12772489238609958
2367,-0.555582866467418,0.3409385575049694,0.355495700787328
9395,1.085833765842127,0.46492230946823676,-0.12772489238609958
11793,-0.40636317262109567,0.10424230375691343,0.8387162939607556
440,-1.0281118969807719,-0.7523727098074794,1.3219368871341832
12928,2.2049814696895442,2.2006948369539803,-1.5773866719063825
12630,-0.7545424582625144,0.0028010521506037526,0.355495700787328
7630,-1.077851794929546,-1.1581377162327182,0.8387162939607556
4692,-0.530712917493031,-0.8087289606998737,0.355495700787328
13737,0.14077570481541946,0.6565335625023773,0.355495700787328
7900,-1.052981845955159,-0.5382189564163812,0.355495700787328
10076,-0.13279373390283822,0.5438210607175887,-0.12772489238609958
1224,0.9366140719958048,1.287723572497193,0.8387162939607556
8744,-1.077851794929546,-1.2032227169466336,1.3219368871341832
2592,0.19051560276419338,-0.5945752073087754,-0.12772489238609958
3247,-1.052981845955159,-1.1243239656972817,0.8387162939607556
2812,-0.7048025603137403,-0.3578789535607195,0.8387162939607556
7634,-1.052981845955159,-1.1355952158757605,0.8387162939607556
7182,0.8371342760982567,0.8256023151795601,-0.12772489238609958
8431,-0.7296725092881273,-0.932712712663141,-0.12772489238609958
2691,1.9562819799456737,1.9639985832059241,-0.12772489238609958
4132,1.5583627963554811,1.4793348255313334,-1.5773866719063825
11456,0.06616585789225812,0.7354323137517292,0.355495700787328
14743,2.4039410614846406,2.2006948369539803,-2.5438278582532377
2249,-0.9783719990319979,-0.8876277119492256,-0.6109454855595272
2552,-0.28201342774916044,-0.9552552130200987,0.355495700787328
12204,-0.9535020500576108,-0.1549964503481002,-0.12772489238609958
12319,-1.077851794929546,-0.8538139614137891,-0.12772489238609958
13353,-1.077851794929546,-0.49313395570246576,1.3219368871341832
9722,0.43921509250806384,0.8368735653580389,-0.12772489238609958
3649,-0.4561030705698698,-0.9890689635555353,0.355495700787328
380,-0.4561030705698698,-0.932712712663141,-0.6109454855595272
10590,-0.9535020500576108,-1.1355952158757605,0.8387162939607556
14123,1.2101835107140624,0.9157723166073909,-1.0941660787329548
7550,1.7573223881505777,1.1411973201769678,-1.5773866719063825
9864,-1.077851794929546,-1.1919514667681548,1.3219368871341832
9660,2.1552415717407705,2.2457798376678957,-1.5773866719063825
1360,0.19051560276419338,0.059157303042998016,-0.6109454855595272
3196,-0.08305383595406408,-0.22262395141897331,0.355495700787328
2037,0.2402555007129675,0.8481448155365178,0.8387162939607556
486,0.5635648373799991,0.9721285674997852,-0.12772489238609958
14117,0.8122643271238696,0.8932298162504332,-0.12772489238609958
10493,0.5138249394312252,0.1831410550062654,-0.12772489238609958
783,-1.077851794929546,-1.022882714090972,1.3219368871341832
14941,-1.003241948006385,-1.1130527155188028,1.3219368871341832
10844,-1.052981845955159,-0.6960164589150851,0.8387162939607556
10334,1.4588830004579327,1.3102660728541506,-2.06060726507981
15035,0.04129590891787117,-0.22262395141897331,-1.0941660787329548
3238,-1.0281118969807719,-1.0792389649833662,-0.12772489238609958
15095,-0.505842968518644,0.4761935596467156,0.355495700787328
6029,0.16564565378980642,0.9495860671428275,0.355495700787328
5627,1.06096381686774,1.5244198262452489,-0.6109454855595272
8568,2.7769902961004465,2.59518859320074,-1.5773866719063825
15303,-0.8540222541600626,-0.9665264631985776,0.8387162939607556
6165,0.8620042250726437,-0.54949020659486,-2.06060726507981
6902,-1.077851794929546,-1.1581377162327182,1.3219368871341832
8396,-0.9535020500576108,-1.1355952158757605,0.355495700787328
13622,-0.15766368287722518,0.31839605714801167,0.355495700787328
1915,0.2899953986617417,0.35220980768344823,-0.6109454855595272
8746,-1.077851794929546,-1.2032227169466336,1.3219368871341832
5729,1.4340130514835459,0.8932298162504332,-0.6109454855595272
7937,-0.7545424582625144,-0.5269477062379023,-0.12772489238609958
109,-0.48097301954425686,0.08169980339995572,0.8387162939607556
8587,-0.25714347877477345,0.600177311609983,0.8387162939607556
3464,-0.6550626623649661,0.23949730589865967,0.8387162939607556
2138,-0.6550626623649661,-0.8763564617707468,0.8387162939607556
9749,-0.9286321010832237,-0.5382189564163812,0.8387162939607556
5805,-0.9286321010832237,-1.0679677148048874,0.8387162939607556
742,-1.003241948006385,-1.1243239656972817,-0.12772489238609958
8771,0.7127845312263216,-0.7298302094505217,-1.0941660787329548
11799,2.1055016737919963,1.7160310792793894,-2.5438278582532377
6377,2.553160755330963,2.4824760914159514,0.355495700787328
6765,1.1604436127652884,1.6033185774946008,-0.6109454855595272
14395,-0.6301927133905793,0.22822605572018081,0.355495700787328
14185,-0.9783719990319979,-0.9890689635555353,-0.12772489238609958
4480,0.3148653476361286,0.48746480982519447,-0.12772489238609958
3442,0.09103580686664531,0.8932298162504332,0.355495700787328
14143,-0.7794124072369014,-0.5044052058809446,0.8387162939607556
4521,-0.8540222541600626,-0.07609769909874822,0.8387162939607556
2847,-0.8788922031344497,-0.8200002108783525,1.3219368871341832
10683,0.7873943781494827,0.6678048126808561,-0.6109454855595272
13209,0.8371342760982567,0.10424230375691343,-2.06060726507981
12141,1.7075824902018033,1.0622985689276159,-2.5438278582532377
9354,0.6879145822519344,1.0172135682137005,0.355495700787328
8021,-1.052981845955159,-1.180680216589676,1.3219368871341832
7709,-0.4312331215954827,-0.7523727098074794,-0.12772489238609958
7017,1.3345332555859974,0.6565335625023773,-0.6109454855595272
9296,1.8070622860993515,2.054168584633755,0.355495700787328
5414,-0.8788922031344497,-0.8988989621277045,0.8387162939607556
13799,-0.25714347877477345,-0.44804895498855035,0.8387162939607556
6661,1.7324524391761906,1.0284848183921793,-1.5773866719063825
1834,-0.6550626623649661,-1.0116114639124931,-0.6109454855595272
14630,-1.003241948006385,-1.101781465340324,0.8387162939607556
13314,0.21538555173858054,1.0059423180352216,-0.12772489238609958
12877,-0.8788922031344497,-0.42550645463159265,-1.0941660787329548
6498,0.7376544802007085,-0.1324539499911425,-1.0941660787329548
5980,-1.052981845955159,-0.38042145391767723,1.3219368871341832
10171,0.5386948884056122,-0.4818627055239869,-2.5438278582532377
4801,-1.077851794929546,-1.0116114639124931,1.3219368871341832
12203,1.2350534596884497,1.6484035782085162,-1.0941660787329548
14230,-1.077851794929546,-1.2032227169466336,0.355495700787328
5952,1.2599234086628366,1.208824821247841,-1.0941660787329548
9656,1.1107037148165144,1.6145898276730797,-0.6109454855595272
3003,-1.077851794929546,-0.7974577105213948,1.3219368871341832
23,0.11590575584103227,-0.7298302094505217,-1.0941660787329548
11294,-0.9037621521088367,-1.101781465340324,0.8387162939607556
3524,0.6879145822519344,0.8256023151795601,-0.12772489238609958
12717,-0.8042823562112885,-0.8425427112353102,-0.6109454855595272
5389,0.5386948884056122,0.03661480268604031,-0.12772489238609958
5803,-1.077851794929546,-1.1581377162327182,0.355495700787328
10065,-0.25714347877477345,0.521278560360631,-0.6109454855595272
1309,-0.08305383595406408,0.5889060614315041,0.355495700787328
14749,-0.3068833767235475,0.4761935596467156,0.355495700787328
8596,1.6081026943042553,1.8512860814211356,-1.0941660787329548
3475,0.886874174047031,1.4455210749958969,-0.12772489238609958
789,-0.580452815441805,-0.628388957844212,0.8387162939607556
12162,-0.6301927133905793,-0.04228394856331166,0.8387162939607556
15223,-0.2322735298003864,0.3860235582188848,-1.0941660787329548
14249,-0.505842968518644,-0.9890689635555353,0.355495700787328
3284,-1.077851794929546,-1.2032227169466336,1.3219368871341832
15301,-0.9783719990319979,-0.9777977133770565,0.355495700787328
2514,-0.8291523051856755,-1.0116114639124931,0.355495700787328
6444,0.46408504148245106,0.7241610635732504,0.355495700787328
4385,-0.8788922031344497,-1.101781465340324,-0.12772489238609958
11215,-1.077851794929546,-0.7974577105213948,0.8387162939607556
4905,-0.25714347877477345,0.6114485617884619,0.8387162939607556
8937,1.9811519289200612,2.155609836240065,-0.12772489238609958
8604,-0.9535020500576108,-0.21135270124049446,0.8387162939607556
14656,-1.077851794929546,-1.0566964646264085,0.355495700787328
11638,-1.077851794929546,-1.1243239656972817,0.8387162939607556
10007,-0.7296725092881273,0.10424230375691343,0.8387162939607556
3688,-0.6550626623649661,-0.8650852115922679,0.355495700787328
1395,0.5138249394312252,-0.3578789535607195,-1.5773866719063825
12609,2.1055016737919963,2.1668810864185435,-2.06060726507981
5865,-1.077851794929546,-1.1581377162327182,0.8387162939607556
5006,-0.05818388697967712,0.014072302329082605,-0.6109454855595272
14800,-0.3068833767235475,0.5438210607175887,0.8387162939607556
15259,-1.0281118969807719,-0.54949020659486,-0.6109454855595272
7691,-0.555582866467418,-0.932712712663141,-0.12772489238609958
14521,-0.9783719990319979,-0.786186460342916,0.8387162939607556
5257,0.7625244291750957,1.2989948226756718,0.8387162939607556
12453,-0.008443989030902977,-0.6622027083796486,-0.12772489238609958
13465,-0.35662327467232163,-0.8087289606998737,-1.0941660787329548
10029,1.7821923371249646,2.0428973344552763,-1.5773866719063825
14199,-0.6799326113393532,-0.932712712663141,0.8387162939607556
5703,1.3345332555859974,1.3891648241035026,-0.12772489238609958
7760,-0.48097301954425686,-0.12118269981266364,0.8387162939607556
12361,-1.0281118969807719,-1.0454252144479297,0.355495700787328
10402,-0.40636317262109567,0.48746480982519447,0.8387162939607556
14112,-1.077851794929546,-0.628388957844212,1.3219368871341832
6167,-0.10792378492845114,-0.786186460342916,-0.12772489238609958
9709,-0.530712917493031,0.21695480554170196,0.355495700787328
3301,-1.077851794929546,-1.169408966411197,-0.6109454855595272
13109,-1.077851794929546,-1.1581377162327182,1.3219368871341832
13775,-0.8788922031344497,-0.5607614567733389,1.3219368871341832
11050,-0.033313938005289936,0.2056835553632231,-0.12772489238609958
5406,-0.033313938005289936,-0.44804895498855035,-0.12772489238609958
9940,-1.077851794929546,-0.8200002108783525,0.8387162939607556
712,-1.077851794929546,-1.2032227169466336,0.8387162939607556
4279,0.5635648373799991,0.29585355679105396,-0.12772489238609958
13269,0.016425959943484204,0.5889060614315041,-0.12772489238609958
8968,0.6381746843031604,1.197553571069362,-0.12772489238609958
9676,0.886874174047031,1.4680635753528546,0.355495700787328
12807,-1.077851794929546,-1.1468664660542394,0.8387162939607556
1822,-0.580452815441805,-1.022882714090972,0.8387162939607556
13042,-0.15766368287722518,-0.04228394856331166,-1.0941660787329548
5411,-0.8291523051856755,-0.8425427112353102,0.8387162939607556
11051,0.886874174047031,0.757974814108687,-0.12772489238609958
15022,-1.0281118969807719,-1.0116114639124931,0.8387162939607556
7874,-0.8788922031344497,-0.10991144963418478,1.3219368871341832
13448,-0.48097301954425686,-0.707287709093564,0.8387162939607556
9730,-1.077851794929546,-0.6396602080226909,0.8387162939607556
6849,1.4588830004579327,0.4085660585758425,-1.0941660787329548
1977,2.1801115207151573,2.223237337310938,-2.06060726507981
12181,-0.38149322364670873,0.3409385575049694,0.8387162939607556
14476,-0.10792378492845114,0.39729480839736364,0.355495700787328
3264,-0.3317533256979346,-0.9552552130200987,0.355495700787328
13798,0.488954990456838,-0.1324539499911425,-1.0941660787329548
4834,-0.9037621521088367,-0.5156764560594235,0.8387162939607556
5061,-1.077851794929546,-1.1243239656972817,0.8387162939607556
252,-0.10792378492845114,0.07042855322147687,0.8387162939607556
8730,0.2899953986617417,-0.7411014596290005,-0.12772489238609958
2098,0.8620042250726437,0.22822605572018081,-0.6109454855595272
5998,-0.9037621521088367,-0.07609769909874822,0.8387162939607556
11578,-0.9286321010832237,-0.5607614567733389,0.8387162939607556
3671,-1.077851794929546,-1.1581377162327182,-1.5773866719063825
13860,-1.077851794929546,-1.2032227169466336,1.3219368871341832
14140,-0.25714347877477345,-0.12118269981266364,0.355495700787328
13832,-1.077851794929546,-1.1355952158757605,1.3219368871341832
11109,1.8319322350737386,2.0203548340983186,-2.06060726507981
4416,-0.9783719990319979,-1.0341539642694508,-0.6109454855595272
14466,0.21538555173858054,0.7354323137517292,-0.6109454855595272
12434,-0.7545424582625144,-1.022882714090972,0.355495700787328
6137,1.0360938678933531,-0.09864019945570593,-1.0941660787329548
9611,-1.0281118969807719,-0.4593202051670292,1.3219368871341832
13728,-1.077851794929546,-0.5382189564163812,1.3219368871341832
11142,1.3345332555859974,1.738573579636347,-1.5773866719063825
12150,-1.052981845955159,-0.6171177076657332,0.8387162939607556
2934,-0.9783719990319979,-1.1130527155188028,-0.12772489238609958
12321,0.8122643271238696,0.27331105643409626,-1.0941660787329548
11634,-0.9783719990319979,-1.022882714090972,1.3219368871341832
9180,0.6630446332775474,-0.25643770195440985,-0.6109454855595272
12228,0.5386948884056122,1.2426385717832775,-0.12772489238609958
6872,1.2101835107140624,-0.12118269981266364,-1.0941660787329548
15243,-0.2322735298003864,-0.07609769909874822,-0.12772489238609958
6237,-1.077851794929546,-1.1355952158757605,1.3219368871341832
8545,1.2599234086628366,1.6258610778515585,0.355495700787328
14732,-0.6053227644161921,0.09297105357843458,0.8387162939607556
13246,0.488954990456838,0.600177311609983,-1.5773866719063825
9668,2.1801115207151573,2.2683223380248534,0.355495700787328
56,-0.033313938005289936,-0.4142352044531138,-1.0941660787329548
3412,1.6329726432786424,1.670946078565474,-1.0941660787329548
5859,-1.077851794929546,-1.169408966411197,1.3219368871341832
2855,0.7625244291750957,-0.2677089521328887,-1.0941660787329548
8104,-0.6053227644161921,-0.47059145534550806,0.8387162939607556
2986,-1.077851794929546,-0.9101702123061833,1.3219368871341832
4572,1.3345332555859974,1.7273023294578682,0.355495700787328
6292,-1.077851794929546,-0.786186460342916,1.3219368871341832
9432,0.16564565378980642,-0.49313395570246576,0.355495700787328
12335,-0.13279373390283822,-0.3578789535607195,0.355495700787328
12406,-1.077851794929546,-1.2032227169466336,1.3219368871341832
10175,-0.7794124072369014,-0.932712712663141,-0.6109454855595272
12751,-1.077851794929546,-1.169408966411197,0.355495700787328
12063,-0.4312331215954827,-0.9439839628416199,-0.12772489238609958
4722,0.21538555173858054,-0.8312714610568314,-1.5773866719063825
11336,-1.077851794929546,-1.180680216589676,1.3219368871341832
8703,-1.077851794929546,-1.0679677148048874,1.3219368871341832
4472,-0.28201342774916044,0.0028010521506037526,0.355495700787328
8986,2.1552415717407705,1.8850998319565722,-2.5438278582532377
8330,0.06616585789225812,-0.4367777048100715,0.355495700787328
2188,-1.003241948006385,-1.1581377162327182,-0.6109454855595272
13943,-0.505842968518644,-0.47059145534550806,0.8387162939607556
4049,-0.6799326113393532,-0.9101702123061833,0.355495700787328
12502,-1.077851794929546,-0.786186460342916,1.3219368871341832
5719,0.16564565378980642,0.46492230946823676,-0.12772489238609958
13790,1.4837529494323203,0.37475230804040593,-2.5438278582532377
7735,-1.077851794929546,-0.9101702123061833,1.3219368871341832
3544,-1.052981845955159,-0.7298302094505217,0.8387162939607556
6286,-0.05818388697967712,-0.031012698384832806,0.8387162939607556
519,1.7821923371249646,2.0090835839198395,0.355495700787328
14923,0.488954990456838,-0.54949020659486,-0.12772489238609958
4508,-0.8540222541600626,-0.14372520016962134,0.355495700787328
10664,-1.052981845955159,-0.8087289606998737,0.355495700787328
6958,-1.052981845955159,-1.1355952158757605,0.355495700787328
5263,-0.13279373390283822,0.6678048126808561,0.355495700787328
14888,0.09103580686664531,-0.2000814510620156,0.8387162939607556
7281,-1.077851794929546,-1.1919514667681548,1.3219368871341832
227,0.46408504148245106,0.8256023151795601,-0.12772489238609958
13612,-0.35662327467232163,0.059157303042998016,0.355495700787328
10494,0.36460524558490276,0.09297105357843458,-0.12772489238609958
665,-1.0281118969807719,-1.0003402137340143,0.8387162939607556
7981,-0.8291523051856755,-0.9439839628416199,0.8387162939607556
13522,-1.077851794929546,-1.180680216589676,0.8387162939607556
12038,0.016425959943484204,-0.8988989621277045,-1.0941660787329548
14335,-1.077851794929546,-0.7298302094505217,1.3219368871341832
10598,-0.15766368287722518,-0.8988989621277045,-1.5773866719063825
10360,-0.8291523051856755,-0.06482644892026937,0.355495700787328
1699,1.4091431025091588,1.197553571069362,-1.5773866719063825
15251,-1.077851794929546,-1.0003402137340143,1.3219368871341832
13316,-0.2322735298003864,0.6452623123238984,-0.6109454855595272
1877,-0.530712917493031,-0.6734739585581274,0.355495700787328
15121,2.7023804491772854,3.0122248498044577,0.8387162939607556
513,0.6630446332775474,1.2651810721402352,-0.6109454855595272
8309,-0.8540222541600626,-0.6509314582011697,0.8387162939607556
6480,0.33973529661051577,0.02534355250756146,0.8387162939607556
14070,1.5086228984067072,1.817472330885699,-1.0941660787329548
9839,-0.6301927133905793,-1.0341539642694508,0.355495700787328
7889,-0.580452815441805,0.12678480411387114,0.8387162939607556
6428,-0.08305383595406408,0.5325498105391099,0.355495700787328
9628,2.1055016737919963,2.0203548340983186,-0.12772489238609958
12566,-1.077851794929546,-0.42550645463159265,1.3219368871341832
8757,-1.077851794929546,-1.2032227169466336,1.3219368871341832
6253,-0.3068833767235475,-0.6622027083796486,-0.12772489238609958
5970,2.055761775843222,1.9301848326704876,-1.0941660787329548
8629,1.3842731535347719,1.355351073568066,-0.12772489238609958
2916,-0.505842968518644,-1.0116114639124931,-0.12772489238609958
6020,1.6827125412274162,1.975269833384403,-1.0941660787329548
480,-0.8788922031344497,-0.24516645177593102,1.3219368871341832
11144,0.43921509250806384,1.1411973201769678,-0.6109454855595272
13886,-1.077851794929546,-1.1919514667681548,1.3219368871341832
2577,-0.18253363185161225,-0.8312714610568314,-0.12772489238609958
6083,1.9065420819969,1.434249824817418,-1.0941660787329548
13911,-1.052981845955159,-1.090510215161845,1.3219368871341832
8565,-0.6799326113393532,0.2056835553632231,0.8387162939607556
6138,0.2651254496873547,-0.3691502037391984,0.355495700787328
15115,2.354201163535867,2.764257345877923,-0.12772489238609958
5272,2.503420857382189,1.5356910764237277,-1.5773866719063825
7066,-0.6301927133905793,0.10424230375691343,0.355495700787328
8854,1.4340130514835459,0.9383148169643486,-0.6109454855595272
1596,0.5884347863543863,1.129926069998489,-0.12772489238609958
14669,-1.052981845955159,-0.8988989621277045,0.8387162939607556
3896,1.4091431025091588,1.0172135682137005,-0.6109454855595272
10803,2.2547213676383184,2.065439834812234,-2.06060726507981
1349,-0.9286321010832237,-0.5382189564163812,0.355495700787328
6086,-1.052981845955159,-0.6171177076657332,0.8387162939607556
7517,2.1801115207151573,2.0090835839198395,-0.6109454855595272
3777,1.7324524391761906,1.7160310792793894,-1.0941660787329548
11334,-1.077851794929546,-1.180680216589676,1.3219368871341832
11596,-1.077851794929546,-0.8988989621277045,1.3219368871341832
12730,-1.0281118969807719,-1.0566964646264085,-1.0941660787329548
4050,0.488954990456838,-0.5382189564163812,-1.0941660787329548
14886,-1.0281118969807719,-0.8425427112353102,0.355495700787328
11674,-1.077851794929546,-1.2032227169466336,1.3219368871341832
5702,-0.530712917493031,0.13805605429235,0.8387162939607556
15250,-0.555582866467418,-0.27898020231136755,1.3219368871341832
12510,1.9562819799456737,1.2426385717832775,-2.5438278582532377
2762,-0.28201342774916044,0.48746480982519447,0.8387162939607556
15079,1.3842731535347719,1.51314857606677,-2.06060726507981
15108,1.085833765842127,1.9639985832059241,-0.6109454855595272
3685,-0.9535020500576108,-1.022882714090972,-0.12772489238609958
5062,-0.2322735298003864,-0.7523727098074794,-0.12772489238609958
3602,-0.9783719990319979,-1.0454252144479297,0.355495700787328
7960,0.7127845312263216,-0.1549964503481002,-0.6109454855595272
8870,0.886874174047031,0.9383148169643486,0.355495700787328
10671,-1.052981845955159,-0.7523727098074794,0.8387162939607556
1446,-0.25714347877477345,-0.9552552130200987,-0.6109454855595272
12442,-1.077851794929546,-1.1468664660542394,1.3219368871341832
1020,-1.077851794929546,-1.0003402137340143,1.3219368871341832
705,0.2651254496873547,-0.8200002108783525,-1.5773866719063825
10650,-1.077851794929546,-0.9890689635555353,0.8387162939607556
1866,-0.7296725092881273,-0.8650852115922679,-0.12772489238609958
7698,-0.25714347877477345,-0.786186460342916,0.8387162939607556
6844,-1.052981845955159,-0.8200002108783525,0.8387162939607556
13187,0.46408504148245106,-0.4818627055239869,-1.5773866719063825
11995,-0.6550626623649661,-0.8425427112353102,0.355495700787328
2574,-1.077851794929546,-1.169408966411197,1.3219368871341832
15149,2.876470091997995,3.1925648526601194,-2.06060726507981
2956,-1.077851794929546,-1.1130527155188028,1.3219368871341832
7836,-0.8788922031344497,-0.031012698384832806,0.8387162939607556
3742,1.1853135617396753,0.8368735653580389,-2.06060726507981
3914,1.1604436127652884,0.5550923108960676,-0.12772489238609958
9055,1.2599234086628366,0.03661480268604031,-2.06060726507981
11822,0.016425959943484204,0.7016185632162927,-0.6109454855595272
1419,-0.35662327467232163,-0.8538139614137891,-0.6109454855595272
1103,-1.077851794929546,-1.1919514667681548,1.3219368871341832
8375,-0.7296725092881273,-1.0566964646264085,0.355495700787328
9856,-0.8788922031344497,-1.1130527155188028,0.355495700787328
8201,0.46408504148245106,1.1862823208908833,0.355495700787328
10599,-1.052981845955159,-1.169408966411197,0.355495700787328
1558,0.8620042250726437,0.8143310650010812,0.355495700787328
15203,-0.9783719990319979,-0.4818627055239869,-0.12772489238609958
15124,2.7521203471260596,3.113666101410767,-2.06060726507981
11765,1.6827125412274162,0.8030598148226024,-2.5438278582532377
13117,-0.10792378492845114,-0.8538139614137891,-0.12772489238609958
3523,-0.40636317262109567,0.11551355393539228,0.355495700787328
4542,1.6329726432786424,1.9414560828489664,-0.12772489238609958
34,-1.052981845955159,-1.0792389649833662,1.3219368871341832
3400,1.3842731535347719,1.366622323746545,-1.0941660787329548
14855,-0.4561030705698698,-0.06482644892026937,0.8387162939607556
5880,-0.7794124072369014,-0.9101702123061833,0.8387162939607556
14696,0.2402555007129675,0.2845823066125751,-0.12772489238609958
7188,-0.3068833767235475,0.0028010521506037526,0.355495700787328
12486,-1.077851794929546,-0.8988989621277045,1.3219368871341832
2652,-0.7794124072369014,-0.3127939528468041,0.355495700787328
5328,0.8371342760982567,1.2200960714263198,-0.12772489238609958
8807,-1.077851794929546,-1.0792389649833662,1.3219368871341832
15270,-0.8788922031344497,-0.932712712663141,-0.6109454855595272
12432,-1.077851794929546,-1.180680216589676,0.8387162939607556
12483,-1.052981845955159,-0.8650852115922679,0.355495700787328
9332,0.6381746843031604,1.197553571069362,0.355495700787328
13497,-1.077851794929546,-1.2032227169466336,1.3219368871341832
292,-0.9286321010832237,-0.8763564617707468,0.8387162939607556
2836,0.6879145822519344,0.02534355250756146,-0.6109454855595272
11201,0.7376544802007085,0.679076062859335,-1.0941660787329548
9271,0.5138249394312252,1.1073835696415313,0.355495700787328
11820,0.6133047353287733,1.1186548198200101,-1.0941660787329548
2870,-0.505842968518644,-0.8312714610568314,0.8387162939607556
13751,0.21538555173858054,0.5438210607175887,0.355495700787328
7463,1.8070622860993515,2.0316260842767973,-0.6109454855595272
7903,1.8070622860993515,1.4906060757098123,-1.5773866719063825
10781,0.2899953986617417,1.0284848183921793,0.355495700787328
7474,0.46408504148245106,1.1862823208908833,-0.12772489238609958
7921,-1.077851794929546,-0.7523727098074794,1.3219368871341832
1535,-1.077851794929546,-0.8425427112353102,0.355495700787328
1318,0.6630446332775474,1.0172135682137005,-0.6109454855595272
2730,-1.077851794929546,-0.42550645463159265,1.3219368871341832
10458,-0.9783719990319979,-0.4142352044531138,0.8387162939607556
6594,-0.7296725092881273,-0.9890689635555353,0.8387162939607556
14392,0.6133047353287733,1.2200960714263198,-0.6109454855595272
13518,-0.555582866467418,-1.0003402137340143,0.355495700787328
4879,0.9117441230214178,1.2989948226756718,0.355495700787328
10665,-0.9286321010832237,-0.6622027083796486,1.3219368871341832
9300,-0.555582866467418,0.3409385575049694,0.355495700787328
11673,-0.7296725092881273,-1.0679677148048874,-0.6109454855595272
14005,-0.7296725092881273,-0.008470198027875101,0.8387162939607556
2228,-0.9783719990319979,-1.0116114639124931,0.8387162939607556
2641,0.5884347863543863,0.4311085589328002,-0.6109454855595272
4418,-0.9783719990319979,-1.022882714090972,0.8387162939607556
11038,1.06096381686774,0.5889060614315041,-1.0941660787329548
8060,-0.10792378492845114,-0.7749152101644371,-0.6109454855595272
12255,0.7376544802007085,1.2651810721402352,-0.12772489238609958
6208,-1.077851794929546,-1.1919514667681548,1.3219368871341832
7197,-0.8540222541600626,-0.5044052058809446,0.8387162939607556
356,-1.077851794929546,-1.2032227169466336,1.3219368871341832
12464,-0.05818388697967712,-0.5607614567733389,-0.6109454855595272
13155,-1.077851794929546,-1.1919514667681548,-0.6109454855595272
13211,0.5884347863543863,0.03661480268604031,-2.06060726507981
14484,-0.555582866467418,-0.031012698384832806,1.3219368871341832
4584,-0.20740358082599933,0.5776348112530253,0.355495700787328
837,2.130371622766383,1.6371323280300374,-2.5438278582532377
266,0.886874174047031,0.3409385575049694,-0.12772489238609958
6670,0.6630446332775474,0.6678048126808561,-0.12772489238609958
2006,1.0112239189189662,1.5469623266022066,-0.12772489238609958
6348,-0.3317533256979346,0.4536510592897579,0.8387162939607556
11092,-0.8042823562112885,-0.031012698384832806,1.3219368871341832
2362,1.06096381686774,1.592047327316122,0.355495700787328
8809,-0.20740358082599933,-0.628388957844212,0.8387162939607556
11400,-0.7296725092881273,-0.4593202051670292,0.8387162939607556
12617,2.3790711125102537,2.2683223380248534,-2.5438278582532377
11184,-0.3068833767235475,0.29585355679105396,-0.12772489238609958
14818,-0.7545424582625144,0.014072302329082605,0.355495700787328
6312,1.583232745329868,1.2989948226756718,0.355495700787328
826,-0.38149322364670873,0.0028010521506037526,0.8387162939607556
9983,0.11590575584103227,0.6678048126808561,-0.6109454855595272
4253,0.7376544802007085,0.8819585660719543,-1.0941660787329548
6347,-1.077851794929546,-0.4593202051670292,1.3219368871341832
13667,-1.052981845955159,-0.3466077033822407,1.3219368871341832
8482,0.2402555007129675,0.19441230518474426,0.8387162939607556
1441,-1.077851794929546,-1.2032227169466336,1.3219368871341832
3066,-0.8540222541600626,-0.04228394856331166,0.355495700787328
9869,-1.077851794929546,-1.1919514667681548,1.3219368871341832
2748,-0.18253363185161225,0.6452623123238984,0.8387162939607556
7732,0.3894751945592899,-0.04228394856331166,0.355495700787328
9245,2.2298514186639316,1.8400148312426567,-0.6109454855595272
3061,1.4091431025091588,1.6822173287439528,-0.12772489238609958
889,-0.008443989030902977,0.8143310650010812,0.8387162939607556
13800,-0.38149322364670873,-0.5156764560594235,0.8387162939607556
14057,-1.052981845955159,-0.3353364532037618,0.8387162939607556
12458,-1.077851794929546,-1.090510215161845,1.3219368871341832
1963,-1.052981845955159,-0.38042145391767723,0.8387162939607556
3125,-1.077851794929546,-0.49313395570246576,1.3219368871341832
6176,-0.9535020500576108,-1.090510215161845,0.8387162939607556
11750,0.46408504148245106,-0.019741448206353953,-0.6109454855595272
1127,-1.077851794929546,-1.1243239656972817,1.3219368871341832
9385,0.9117441230214178,0.5776348112530253,0.355495700787328
12067,0.5138249394312252,-0.707287709093564,-2.06060726507981
6692,0.2651254496873547,0.7241610635732504,0.8387162939607556
9953,0.6879145822519344,0.6114485617884619,-0.12772489238609958
7551,1.359403204560385,0.9383148169643486,-1.5773866719063825
11423,0.6381746843031604,0.7354323137517292,-0.12772489238609958
6503,0.4143451435336769,-0.3127939528468041,-0.12772489238609958
1543,-0.7794124072369014,-0.44804895498855035,0.355495700787328
3263,0.43921509250806384,-0.7974577105213948,-1.0941660787329548
11033,1.3842731535347719,0.6339910621454196,-1.5773866719063825
11538,-0.7048025603137403,0.02534355250756146,0.355495700787328
2268,1.4588830004579327,0.6903473130378138,-1.5773866719063825
3770,2.1055016737919963,1.817472330885699,-1.0941660787329548
7360,-1.077851794929546,-1.0003402137340143,0.8387162939607556
9045,0.43921509250806384,-0.06482644892026937,-0.12772489238609958
132,2.1552415717407705,2.054168584633755,-0.6109454855595272
9574,1.3096633066116106,0.6452623123238984,-0.6109454855595272
11965,-0.9783719990319979,-0.7974577105213948,1.3219368871341832
603,1.3345332555859974,1.1637398205339256,-0.12772489238609958
13066,0.2899953986617417,-0.1775389507050579,-1.5773866719063825
843,1.583232745329868,1.4567923251743757,-0.12772489238609958
393,-0.9783719990319979,-1.0566964646264085,1.3219368871341832
14047,2.0060218778944483,1.7949298305287413,-2.06060726507981
6333,1.4091431025091588,1.5356910764237277,-1.0941660787329548
8045,-1.077851794929546,-1.180680216589676,0.8387162939607556
4989,0.6381746843031604,0.7354323137517292,-0.12772489238609958
3928,-0.6053227644161921,-0.5044052058809446,0.355495700787328
5511,-0.3317533256979346,-0.7749152101644371,-0.6109454855595272
7254,0.6630446332775474,-0.5156764560594235,-0.12772489238609958
6195,-1.077851794929546,-1.2032227169466336,1.3219368871341832
13307,0.5138249394312252,1.208824821247841,-0.6109454855595272
13531,-1.077851794929546,-1.169408966411197,0.355495700787328
7814,-0.13279373390283822,0.6452623123238984,0.8387162939607556
2277,-0.4561030705698698,-0.16626770052657905,0.355495700787328
6724,2.7023804491772854,2.516289841951388,-2.06060726507981
3234,-1.077851794929546,-1.1130527155188028,1.3219368871341832
12542,0.3894751945592899,0.8819585660719543,-0.6109454855595272
3498,0.5138249394312252,1.0397560685706582,-0.12772489238609958
6145,-0.35662327467232163,-0.6734739585581274,0.355495700787328
4613,1.085833765842127,1.1637398205339256,-0.6109454855595272
9082,-0.28201342774916044,-0.786186460342916,-0.6109454855595272
6277,-0.8042823562112885,-0.6058464574872543,0.355495700787328
401,-1.077851794929546,-1.101781465340324,0.8387162939607556
12068,0.6879145822519344,-0.6622027083796486,-2.5438278582532377
5727,-1.052981845955159,-0.6734739585581274,0.8387162939607556
9707,-0.555582866467418,0.21695480554170196,0.355495700787328
9592,-0.033313938005289936,0.25076855607713855,0.355495700787328
10836,0.19051560276419338,0.3634810578619271,-0.12772489238609958
11730,-0.38149322364670873,-0.707287709093564,-0.12772489238609958
4680,-1.052981845955159,-1.0116114639124931,1.3219368871341832
5008,0.14077570481541946,0.09297105357843458,0.355495700787328
7567,-1.052981845955159,-0.7749152101644371,0.8387162939607556
3403,0.9366140719958048,1.1411973201769678,-0.12772489238609958
7476,1.3096633066116106,1.749844829814826,-0.6109454855595272
3883,2.055761775843222,1.670946078565474,-0.6109454855595272
6613,-0.008443989030902977,-0.6171177076657332,0.355495700787328
9643,2.3293312145614795,2.279593588203332,-1.5773866719063825
8778,-0.28201342774916044,-0.8988989621277045,0.8387162939607556
14404,-0.10792378492845114,0.7354323137517292,0.8387162939607556
1573,0.2651254496873547,0.6678048126808561,-0.12772489238609958
14283,-0.6799326113393532,-0.8538139614137891,-0.12772489238609958
9545,-0.7048025603137403,-0.786186460342916,0.355495700787328
2423,-0.7048025603137403,-0.09864019945570593,0.355495700787328
13744,-0.13279373390283822,0.3860235582188848,0.8387162939607556
5264,0.7127845312263216,1.3102660728541506,0.355495700787328
14008,0.3148653476361286,0.8819585660719543,-0.12772489238609958
3548,-0.08305383595406408,-0.031012698384832806,-0.12772489238609958
8118,-1.052981845955159,-0.7298302094505217,1.3219368871341832
11206,-0.3317533256979346,-0.019741448206353953,0.355495700787328
9597,1.6827125412274162,1.2989948226756718,-1.0941660787329548
12718,0.14077570481541946,-0.47059145534550806,-0.12772489238609958
8101,-0.15766368287722518,-0.25643770195440985,0.355495700787328
11662,-1.077851794929546,-1.1919514667681548,1.3219368871341832
14045,2.0060218778944483,1.7949298305287413,-1.5773866719063825
13278,0.7873943781494827,1.208824821247841,-0.6109454855595272
5501,-0.3317533256979346,-0.8538139614137891,0.355495700787328
15114,2.1801115207151573,2.7417148455209652,-1.5773866719063825
809,0.21538555173858054,0.13805605429235,0.355495700787328
11254,-0.8291523051856755,-0.8425427112353102,0.355495700787328
15051,1.4588830004579327,0.8932298162504332,0.8387162939607556
2650,-0.13279373390283822,0.14932730447082884,0.355495700787328
8639,0.016425959943484204,0.39729480839736364,-0.12772489238609958
15202,-1.077851794929546,-0.49313395570246576,1.3219368871341832
11919,0.8122643271238696,0.983399817678264,-0.12772489238609958
3190,1.0112239189189662,0.3634810578619271,-1.5773866719063825
3620,-1.077851794929546,-1.180680216589676,0.8387162939607556
1702,0.2651254496873547,0.5100073101821522,-1.0941660787329548
7038,-0.9037621521088367,-0.4142352044531138,0.8387162939607556
8802,-1.077851794929546,-1.101781465340324,0.355495700787328
3650,-1.077851794929546,-1.2032227169466336,1.3219368871341832
13132,-0.35662327467232163,-0.9777977133770565,-0.6109454855595272
8027,-1.077851794929546,-1.2032227169466336,1.3219368871341832
14734,-0.008443989030902977,0.600177311609983,-0.12772489238609958
13629,-0.7048025603137403,-0.06482644892026937,1.3219368871341832
12955,2.2049814696895442,2.290864838381811,-2.06060726507981
14803,0.16564565378980642,0.9157723166073909,-0.6109454855595272
3370,-0.2322735298003864,-0.04228394856331166,0.8387162939607556
14424,2.428811010459028,-0.8876277119492256,-2.5438278582532377
6595,0.2651254496873547,-0.7185589592720428,0.355495700787328
6105,-0.9037621521088367,-0.5945752073087754,0.355495700787328
10416,0.8122643271238696,1.3891648241035026,-0.6109454855595272
9513,-1.077851794929546,-1.169408966411197,0.8387162939607556
11399,-0.35662327467232163,-0.21135270124049446,0.355495700787328
10383,0.04129590891787117,0.8481448155365178,0.8387162939607556
7278,-0.8291523051856755,-1.0792389649833662,-0.6109454855595272
10437,1.1604436127652884,1.4567923251743757,-1.5773866719063825
7058,0.04129590891787117,0.5776348112530253,0.355495700787328
664,-1.077851794929546,-1.0566964646264085,1.3219368871341832
10577,-0.6301927133905793,-1.0454252144479297,0.355495700787328
12393,-1.077851794929546,-1.1919514667681548,-0.6109454855595272
13972,1.3842731535347719,0.9946710678567429,-1.5773866719063825
1736,-1.077851794929546,-0.9214414624846622,0.8387162939607556
5259,-1.077851794929546,-0.42550645463159265,1.3219368871341832
10740,-1.077851794929546,-0.42550645463159265,0.8387162939607556
3347,0.488954990456838,-0.04228394856331166,-0.12772489238609958
1568,-1.077851794929546,-0.6171177076657332,1.3219368871341832
462,0.5386948884056122,0.6227198119669407,-0.6109454855595272
743,0.19051560276419338,-0.786186460342916,-0.6109454855595272
222,0.2899953986617417,0.7692460642871658,0.355495700787328
12132,0.2402555007129675,0.17186980482778655,-0.6109454855595272
3994,-1.077851794929546,-1.1919514667681548,0.8387162939607556
1979,1.1355736637909013,1.6033185774946008,0.355495700787328
11077,-0.9535020500576108,-0.3127939528468041,0.8387162939607556
625,0.21538555173858054,0.13805605429235,-0.12772489238609958
10891,-1.077851794929546,-1.0566964646264085,0.355495700787328
10280,-0.8291523051856755,-0.8087289606998737,0.8387162939607556
9943,0.8620042250726437,0.521278560360631,-0.6109454855595272
12272,-0.8291523051856755,-0.1324539499911425,0.355495700787328
344,-1.077851794929546,-1.2032227169466336,0.355495700787328
5494,0.14077570481541946,-0.786186460342916,-0.6109454855595272
7050,-1.052981845955159,-0.5269477062379023,1.3219368871341832
8977,-0.580452815441805,0.1831410550062654,0.355495700787328
1004,-0.7545424582625144,-0.5833039571302966,0.8387162939607556
4449,0.886874174047031,0.23949730589865967,-0.12772489238609958
2280,-1.077851794929546,-0.7411014596290005,1.3219368871341832
456,-0.505842968518644,-0.1324539499911425,0.8387162939607556
12300,0.4143451435336769,0.44237980911127905,-0.6109454855595272
9423,-1.003241948006385,-0.932712712663141,0.355495700787328
4335,-0.505842968518644,-0.8650852115922679,0.355495700787328
2621,1.2350534596884497,0.3409385575049694,-1.5773866719063825
873,-0.7545424582625144,0.059157303042998016,0.355495700787328
6631,0.16564565378980642,-0.3353364532037618,-0.6109454855595272
13849,0.3148653476361286,-0.7974577105213948,-2.06060726507981
6211,-1.077851794929546,-1.1919514667681548,1.3219368871341832
6389,-0.7296725092881273,0.14932730447082884,0.355495700787328
14782,1.8816721330225128,-0.9101702123061833,-2.06060726507981
5114,-0.4312331215954827,-0.9777977133770565,0.8387162939607556
9770,0.8620042250726437,0.2056835553632231,-0.6109454855595272
5212,-1.077851794929546,-0.6734739585581274,1.3219368871341832
10417,-0.38149322364670873,0.4761935596467156,0.355495700787328
1760,0.46408504148245106,-0.3691502037391984,-0.12772489238609958
842,-0.7794124072369014,-0.16626770052657905,0.355495700787328
13487,-1.077851794929546,-1.1919514667681548,1.3219368871341832
13190,-1.077851794929546,-1.0792389649833662,1.3219368871341832
7583,1.3842731535347719,0.29585355679105396,-1.5773866719063825
5199,-0.7296725092881273,-0.3691502037391984,-0.12772489238609958
4803,-1.0281118969807719,-0.9439839628416199,-0.12772489238609958
2902,-0.7545424582625144,-1.0679677148048874,-0.6109454855595272
12820,-1.077851794929546,-1.101781465340324,-0.12772489238609958
8944,1.533492847381094,1.8850998319565722,-0.6109454855595272
14999,-1.077851794929546,-1.2032227169466336,1.3219368871341832
7113,-1.003241948006385,-0.22262395141897331,1.3219368871341832
8518,0.3148653476361286,0.757974814108687,-0.12772489238609958
7689,-1.077851794929546,-1.1581377162327182,0.355495700787328
6779,-0.7048025603137403,0.09297105357843458,0.8387162939607556
9128,-1.077851794929546,-1.2032227169466336,0.8387162939607556
8444,-0.9286321010832237,-0.9439839628416199,0.8387162939607556
3431,1.6081026943042553,1.8512860814211356,-0.12772489238609958
14470,-0.13279373390283822,0.44237980911127905,-0.6109454855595272
12253,0.2899953986617417,0.9608573173213063,0.355495700787328
13387,-0.35662327467232163,0.13805605429235,0.355495700787328
12729,-0.9286321010832237,-0.9890689635555353,-0.12772489238609958
11767,-0.3068833767235475,-0.14372520016962134,-0.12772489238609958
12448,0.21538555173858054,-0.6509314582011697,-0.6109454855595272
4725,-0.6301927133905793,-1.0341539642694508,-1.5773866719063825
1469,-0.40636317262109567,-0.9439839628416199,-0.12772489238609958
5130,-1.077851794929546,-1.169408966411197,0.355495700787328
8369,-1.077851794929546,-1.180680216589676,1.3219368871341832
7273,-0.7048025603137403,-1.0116114639124931,-0.12772489238609958
13142,0.2402555007129675,-0.8538139614137891,-2.5438278582532377
12294,-0.25714347877477345,0.17186980482778655,-0.6109454855595272
9341,0.6381746843031604,1.129926069998489,0.355495700787328
10312,0.9117441230214178,0.6227198119669407,-2.06060726507981
10940,-1.052981845955159,-1.180680216589676,0.8387162939607556
368,-0.13279373390283822,-0.8988989621277045,-0.12772489238609958
12864,0.6879145822519344,0.4085660585758425,-1.0941660787329548
3593,-0.2322735298003864,-0.6734739585581274,-0.6109454855595272
1415,-0.9037621521088367,-1.022882714090972,0.355495700787328
6572,-1.077851794929546,-1.2032227169466336,0.355495700787328
8317,0.11590575584103227,-0.23389520159745217,-0.12772489238609958
15213,-0.6301927133905793,0.1831410550062654,0.355495700787328
12437,-1.077851794929546,-1.1581377162327182,1.3219368871341832
8341,0.5635648373799991,-0.42550645463159265,-0.6109454855595272
7091,1.0360938678933531,1.5356910764237277,-0.12772489238609958
12509,-0.13279373390283822,0.11551355393539228,-0.12772489238609958
2825,0.6133047353287733,0.19441230518474426,-0.6109454855595272
9535,-0.7296725092881273,-0.8763564617707468,-0.12772489238609958
1721,-0.7794124072369014,-0.47059145534550806,0.355495700787328
9913,-0.35662327467232163,-0.6058464574872543,0.355495700787328
5324,0.2402555007129675,0.8594160657149966,0.355495700787328
4060,0.9614840209701918,-0.27898020231136755,-1.0941660787329548
14789,2.3044612655870926,-0.8988989621277045,-2.06060726507981
1824,0.21538555173858054,-0.8425427112353102,-1.0941660787329548
10779,-0.7048025603137403,0.1605985546493077,0.8387162939607556
8037,-1.003241948006385,-1.1468664660542394,0.8387162939607556
12333,-0.28201342774916044,-0.3916927040961561,-1.0941660787329548
12062,-0.9037621521088367,-1.090510215161845,0.8387162939607556
11952,-0.08305383595406408,-0.07609769909874822,-0.12772489238609958
3232,-1.077851794929546,-1.101781465340324,1.3219368871341832
1918,1.1355736637909013,0.8594160657149966,-1.5773866719063825
10611,-1.077851794929546,-1.1581377162327182,1.3219368871341832
1569,-1.052981845955159,-0.5382189564163812,0.8387162939607556
1831,-0.505842968518644,-0.9890689635555353,0.355495700787328
347,0.016425959943484204,-0.8876277119492256,0.355495700787328
1242,-0.9286321010832237,-0.1324539499911425,0.8387162939607556
8489,0.7376544802007085,0.5889060614315041,-1.5773866719063825
7639,-0.530712917493031,-0.9777977133770565,0.8387162939607556
11554,-1.003241948006385,-0.44804895498855035,0.8387162939607556
14364,-1.077851794929546,-0.54949020659486,1.3219368871341832
12802,0.2651254496873547,-0.7298302094505217,-1.5773866719063825
13097,-0.20740358082599933,-0.7411014596290005,-0.6109454855595272
6890,0.5138249394312252,-0.5607614567733389,-1.5773866719063825
12174,0.2402555007129675,0.757974814108687,0.355495700787328
13392,-0.3068833767235475,0.059157303042998016,0.8387162939607556
11133,0.5138249394312252,1.2200960714263198,-1.0941660787329548
10269,-1.052981845955159,-1.0341539642694508,0.8387162939607556
9505,-1.077851794929546,-1.180680216589676,0.355495700787328
11856,0.2899953986617417,1.0622985689276159,0.355495700787328
11557,-0.3068833767235475,0.21695480554170196,0.355495700787328
11914,0.886874174047031,1.0961123194630524,-0.6109454855595272
13247,1.3345332555859974,1.0848410692845736,-2.06060726507981
11668,-0.18253363185161225,-0.932712712663141,-0.6109454855595272
15221,-0.18253363185161225,0.19441230518474426,0.8387162939607556
13656,0.2651254496873547,0.9495860671428275,0.355495700787328
6127,-0.05818388697967712,-0.3353364532037618,-0.6109454855595272
10846,-0.9783719990319979,-0.6058464574872543,0.8387162939607556
13381,0.9117441230214178,1.0284848183921793,-0.12772489238609958
1222,0.016425959943484204,0.6452623123238984,-0.12772489238609958
11386,0.9366140719958048,0.19441230518474426,-2.06060726507981
2134,0.2899953986617417,-0.5382189564163812,-0.6109454855595272
14814,1.9562819799456737,1.975269833384403,-1.5773866719063825
8327,-0.9535020500576108,-0.8763564617707468,0.355495700787328
7013,-1.077851794929546,-0.8538139614137891,1.3219368871341832
7877,1.06096381686774,1.4229785746389392,0.355495700787328
12386,0.2402555007129675,-0.7749152101644371,-1.5773866719063825
509,-1.003241948006385,-0.25643770195440985,0.8387162939607556
10694,0.3894751945592899,0.6114485617884619,-0.12772489238609958
3986,0.46408504148245106,-0.7298302094505217,-1.5773866719063825
748,-0.9535020500576108,-1.090510215161845,0.355495700787328
5246,0.21538555173858054,0.8368735653580389,0.8387162939607556
1259,-0.7545424582625144,0.12678480411387114,0.8387162939607556
4718,-1.077851794929546,-1.1919514667681548,1.3219368871341832
1888,0.04129590891787117,-0.2000814510620156,-0.12772489238609958
13898,0.09103580686664531,-0.7749152101644371,-2.06060726507981
711,-1.077851794929546,-1.2032227169466336,1.3219368871341832
13466,-1.077851794929546,-1.1355952158757605,0.355495700787328
14017,-0.10792378492845114,0.6339910621454196,0.8387162939607556
8209,1.6578425922530293,1.9639985832059241,-0.6109454855595272
5833,-0.05818388697967712,-0.9101702123061833,-0.6109454855595272
9487,-1.0281118969807719,-1.169408966411197,1.3219368871341832
13458,-1.077851794929546,-1.101781465340324,0.8387162939607556
15228,-0.505842968518644,0.02534355250756146,-0.6109454855595272
4808,-1.077851794929546,-0.9439839628416199,0.355495700787328
3329,0.8620042250726437,-0.3127939528468041,-1.5773866719063825
3293,0.4143451435336769,-0.7749152101644371,-2.06060726507981
8688,-1.077851794929546,-0.9890689635555353,1.3219368871341832
15214,0.11590575584103227,0.8481448155365178,0.8387162939607556
6329,0.06616585789225812,0.6114485617884619,0.355495700787328
13741,2.2049814696895442,1.7949298305287413,-2.5438278582532377
7767,1.6329726432786424,1.208824821247841,-1.5773866719063825
13368,1.2847933576372237,1.4229785746389392,-1.5773866719063825
10279,-1.077851794929546,-1.022882714090972,0.8387162939607556
4865,0.3148653476361286,0.757974814108687,-0.12772489238609958
5551,0.5138249394312252,0.1831410550062654,0.355495700787328
10880,-1.077851794929546,-1.0003402137340143,0.8387162939607556
14396,-0.3317533256979346,0.521278560360631,0.8387162939607556
104,0.9366140719958048,0.9721285674997852,0.355495700787328
7070,0.7873943781494827,1.2200960714263198,0.8387162939607556
1794,-1.077851794929546,-1.180680216589676,0.8387162939607556
10705,0.21538555173858054,0.6452623123238984,-0.6109454855595272
14596,-1.077851794929546,-1.2032227169466336,1.3219368871341832
2386,0.2899953986617417,1.0059423180352216,0.355495700787328
6733,1.8319322350737386,2.054168584633755,-0.6109454855595272
4847,1.5583627963554811,1.2200960714263198,-2.5438278582532377
10351,0.06616585789225812,0.6565335625023773,-0.12772489238609958
5837,-1.077851794929546,-1.2032227169466336,0.8387162939607556
8446,1.0360938678933531,-0.21135270124049446,-1.0941660787329548
1658,1.1107037148165144,1.5356910764237277,-1.0941660787329548
212,0.43921509250806384,0.9721285674997852,-0.12772489238609958
8440,-0.28201342774916044,-0.6960164589150851,0.355495700787328
5886,-0.35662327467232163,-0.6960164589150851,-0.12772489238609958
4419,-0.555582866467418,-0.8200002108783525,-0.6109454855595272
14474,-1.0281118969807719,-0.4818627055239869,0.8387162939607556
5193,-1.003241948006385,-0.6847452087366063,0.8387162939607556
5735,-0.9037621521088367,-0.54949020659486,0.8387162939607556
1359,0.11590575584103227,0.03661480268604031,-0.12772489238609958
334,-0.35662327467232163,-0.932712712663141,0.355495700787328
2166,-0.25714347877477345,-0.932712712663141,-0.12772489238609958
3110,2.2298514186639316,2.2457798376678957,-1.0941660787329548
5709,0.6381746843031604,0.8932298162504332,-0.12772489238609958
15331,-1.077851794929546,-1.1581377162327182,1.3219368871341832
792,-1.077851794929546,-0.932712712663141,1.3219368871341832
233,0.9366140719958048,1.0284848183921793,-0.6109454855595272
9276,0.6133047353287733,1.208824821247841,0.355495700787328
12852,-0.10792378492845114,-0.18881020088353676,-0.6109454855595272
1064,-1.077851794929546,-1.180680216589676,0.8387162939607556
209,-0.8540222541600626,-0.09864019945570593,0.355495700787328
13266,1.6578425922530293,1.5807760771376431,-1.5773866719063825
11065,1.6827125412274162,1.4229785746389392,-1.5773866719063825
9124,-1.077851794929546,-1.2032227169466336,0.8387162939607556
9750,-1.077851794929546,-0.7749152101644371,1.3219368871341832
4498,1.583232745329868,1.5018773258882911,-1.0941660787329548
7499,0.6381746843031604,1.2426385717832775,-0.12772489238609958
12143,-1.077851794929546,-0.7298302094505217,0.355495700787328
2413,0.5386948884056122,0.9495860671428275,0.355495700787328
12830,1.0112239189189662,-0.2000814510620156,-2.06060726507981
7947,-0.08305383595406408,-0.2677089521328887,0.8387162939607556
11831,1.9811519289200612,2.065439834812234,-0.6109454855595272
9401,-0.9037621521088367,-0.6734739585581274,0.8387162939607556
871,-0.530712917493031,0.2845823066125751,0.355495700787328
1263,1.1355736637909013,1.6484035782085162,-0.6109454855595272
1618,0.9117441230214178,1.4793348255313334,-0.12772489238609958
13693,0.7376544802007085,1.366622323746545,0.355495700787328
4345,-0.9783719990319979,-1.090510215161845,0.8387162939607556
10310,-0.48097301954425686,-0.21135270124049446,0.355495700787328
2414,0.21538555173858054,0.7241610635732504,-0.12772489238609958
9635,-1.052981845955159,-0.3691502037391984,1.3219368871341832
13821,-0.15766368287722518,-0.6622027083796486,-0.12772489238609958
8001,-1.077851794929546,-1.169408966411197,0.355495700787328
1220,-0.6053227644161921,0.10424230375691343,-0.12772489238609958
6266,1.2101835107140624,0.04788605286451916,-1.5773866719063825
1765,-1.077851794929546,-1.0792389649833662,1.3219368871341832
12727,-0.8291523051856755,-0.932712712663141,0.8387162939607556
8696,1.1107037148165144,-0.10991144963418478,-0.6109454855595272
13674,0.9863539699445792,1.5356910764237277,-0.6109454855595272
2001,1.6827125412274162,1.975269833384403,-0.12772489238609958
5609,1.2599234086628366,1.51314857606677,0.355495700787328
13998,-0.555582866467418,0.10424230375691343,0.355495700787328
4581,0.09103580686664531,0.8256023151795601,0.8387162939607556
8261,1.5086228984067072,1.4680635753528546,0.355495700787328
1485,-1.052981845955159,-1.1243239656972817,0.8387162939607556
3582,0.43921509250806384,-0.32406520302528297,0.355495700787328
2523,0.7873943781494827,-0.6509314582011697,-1.5773866719063825
5990,0.09103580686664531,0.8368735653580389,0.8387162939607556
8617,-0.3068833767235475,0.3860235582188848,0.355495700787328
13467,-1.077851794929546,-1.1355952158757605,1.3219368871341832
11071,1.5583627963554811,1.4567923251743757,-1.5773866719063825
3078,0.8620042250726437,1.4455210749958969,0.355495700787328
4833,-0.008443989030902977,0.11551355393539228,0.355495700787328
6950,-0.9286321010832237,-1.101781465340324,0.355495700787328
1305,0.9117441230214178,1.3102660728541506,-1.0941660787329548
4782,-1.003241948006385,-1.0454252144479297,1.3219368871341832
6206,0.7376544802007085,-0.7523727098074794,-1.5773866719063825
8454,0.5884347863543863,-0.22262395141897331,-1.0941660787329548
4381,0.16564565378980642,-0.8538139614137891,-1.0941660787329548
11693,-1.077851794929546,-1.1919514667681548,1.3219368871341832
13524,-1.003241948006385,-1.1355952158757605,0.8387162939607556
13657,1.1355736637909013,1.5469623266022066,-0.6109454855595272
6243,-0.3068833767235475,-0.7523727098074794,0.355495700787328
10090,0.33973529661051577,0.7354323137517292,-0.12772489238609958
2165,-1.077851794929546,-1.1919514667681548,1.3219368871341832
617,-0.13279373390283822,0.059157303042998016,0.355495700787328
14882,-1.0281118969807719,-0.8087289606998737,0.355495700787328
7912,1.2847933576372237,1.0622985689276159,-0.6109454855595272
6499,1.1853135617396753,0.0028010521506037526,-1.0941660787329548
9672,-1.077851794929546,-0.42550645463159265,0.8387162939607556
10480,1.7324524391761906,0.9608573173213063,-2.06060726507981
9309,1.359403204560385,1.7723873301717836,-0.12772489238609958
15067,-0.18253363185161225,0.11551355393539228,0.355495700787328
2163,-1.077851794929546,-1.1919514667681548,0.8387162939607556
4770,-0.20740358082599933,-0.8200002108783525,-0.6109454855595272
10377,1.1604436127652884,1.6033185774946008,-1.0941660787329548
15036,0.7873943781494827,0.2056835553632231,-1.0941660787329548
2004,1.8319322350737386,2.065439834812234,-1.0941660787329548
10345,1.1604436127652884,1.2989948226756718,-1.0941660787329548
14668,-0.9037621521088367,-0.8200002108783525,0.355495700787328
3047,0.2402555007129675,0.7917885646441235,-0.6109454855595272
12317,-1.052981845955159,-0.786186460342916,-0.6109454855595272
13606,0.8122643271238696,0.6903473130378138,0.355495700787328
14830,-0.13279373390283822,0.48746480982519447,0.355495700787328
13191,-1.077851794929546,-1.0679677148048874,0.8387162939607556
12072,-1.077851794929546,-1.1581377162327182,0.355495700787328
10538,-1.003241948006385,-1.0341539642694508,0.8387162939607556
14873,1.5583627963554811,0.679076062859335,-2.5438278582532377
3095,-1.052981845955159,-0.3353364532037618,0.8387162939607556
7712,-0.2322735298003864,-0.6509314582011697,0.355495700787328
3285,-1.0281118969807719,-1.169408966411197,0.355495700787328
8406,-1.077851794929546,-1.1919514667681548,1.3219368871341832
9684,-0.8042823562112885,0.04788605286451916,0.8387162939607556
9578,0.2402555007129675,0.19441230518474426,0.355495700787328
1313,-0.28201342774916044,0.39729480839736364,-0.6109454855595272
8814,1.2847933576372237,-0.08736894927722708,-2.5438278582532377
12976,0.7376544802007085,1.3215373230326295,-0.6109454855595272
14314,-0.7545424582625144,-0.5607614567733389,1.3219368871341832
2903,-0.008443989030902977,-0.8988989621277045,-0.12772489238609958
14757,0.09103580686664531,0.8368735653580389,0.355495700787328
3333,1.0112239189189662,-0.2000814510620156,-1.0941660787329548
11542,0.46408504148245106,0.9270435667858697,-0.6109454855595272
3053,0.488954990456838,1.0284848183921793,0.355495700787328
11343,-0.530712917493031,-0.9214414624846622,0.8387162939607556
5072,-1.077851794929546,-1.1581377162327182,0.355495700787328
8881,-0.08305383595406408,0.4536510592897579,0.355495700787328
10043,1.7821923371249646,2.0203548340983186,-2.5438278582532377
9780,-0.20740358082599933,-0.40296395427463494,0.355495700787328
2269,0.06616585789225812,0.03661480268604031,-0.6109454855595272
2694,0.3894751945592899,1.0059423180352216,-0.6109454855595272
8374,-0.05818388697967712,-0.8876277119492256,0.355495700787328
12707,-0.6301927133905793,-0.6622027083796486,-0.12772489238609958
10796,-0.15766368287722518,0.600177311609983,0.355495700787328
9593,0.8371342760982567,0.7805173144656447,-0.12772489238609958
10762,1.5583627963554811,1.9076423323135299,-0.6109454855595272
13544,-1.052981845955159,-1.090510215161845,1.3219368871341832
10023,1.583232745329868,1.9076423323135299,-2.06060726507981
8076,-1.077851794929546,-1.0792389649833662,1.3219368871341832
8256,-0.35662327467232163,0.3071248069695328,0.355495700787328
4707,0.11590575584103227,-0.7411014596290005,-0.12772489238609958
13686,0.33973529661051577,1.0961123194630524,0.8387162939607556
2114,-1.052981845955159,-0.9552552130200987,0.355495700787328
7608,0.9117441230214178,-0.30152270266832526,-1.0941660787329548
1541,0.6381746843031604,0.3860235582188848,-1.0941660787329548
6440,1.9562819799456737,1.6033185774946008,-2.06060726507981
2602,0.016425959943484204,-0.5269477062379023,-0.12772489238609958
13171,0.21538555173858054,-0.707287709093564,-1.5773866719063825
4607,0.7873943781494827,1.0622985689276159,0.355495700787328
10688,-0.28201342774916044,0.09297105357843458,0.355495700787328
9185,-1.077851794929546,-1.0116114639124931,0.355495700787328
11058,-1.077851794929546,-0.6622027083796486,1.3219368871341832
4756,-1.052981845955159,-1.1581377162327182,1.3219368871341832
6597,-0.8540222541600626,-1.022882714090972,0.8387162939607556
5538,-1.052981845955159,-0.8988989621277045,0.8387162939607556
7223,0.5138249394312252,-0.10991144963418478,-0.12772489238609958
520,1.4588830004579327,1.817472330885699,-0.12772489238609958
10702,-0.4561030705698698,0.11551355393539228,0.8387162939607556
7502,1.06096381686774,1.5018773258882911,0.355495700787328
9647,2.130371622766383,2.189423586775501,-0.12772489238609958
9084,-0.10792378492845114,-0.7523727098074794,0.8387162939607556
1092,-1.077851794929546,-1.2032227169466336,1.3219368871341832
8919,-0.25714347877477345,0.600177311609983,0.8387162939607556
8763,-1.077851794929546,-1.2032227169466336,1.3219368871341832
4913,2.428811010459028,2.4035773401665996,0.355495700787328
6123,-1.077851794929546,-0.9439839628416199,0.355495700787328
13999,-0.7048025603137403,-0.031012698384832806,0.355495700787328
3771,-0.8042823562112885,-0.14372520016962134,1.3219368871341832
11324,0.3894751945592899,-0.7974577105213948,-0.6109454855595272
1109,0.06616585789225812,-0.8087289606998737,-2.5438278582532377
4655,1.2350534596884497,0.3634810578619271,-0.6109454855595272
10206,-1.077851794929546,-1.2032227169466336,0.8387162939607556
1038,-1.052981845955159,-1.0566964646264085,0.8387162939607556
12626,0.36460524558490276,0.9721285674997852,-1.0941660787329548
20,-1.077851794929546,-1.1581377162327182,0.8387162939607556
14454,-1.077851794929546,-0.5156764560594235,1.3219368871341832
13401,1.8816721330225128,1.051027318749137,-2.5438278582532377
5531,-1.077851794929546,-1.022882714090972,1.3219368871341832
14667,1.2101835107140624,0.04788605286451916,-2.5438278582532377
934,-0.8540222541600626,-0.07609769909874822,0.8387162939607556
9149,-1.052981845955159,-1.1355952158757605,0.8387162939607556
6861,-1.052981845955159,-0.9439839628416199,0.355495700787328
13882,-0.4561030705698698,-0.9777977133770565,-1.0941660787329548
14501,-0.4561030705698698,-0.2000814510620156,0.355495700787328
1726,1.1355736637909013,0.46492230946823676,-0.6109454855595272
4490,-0.7545424582625144,-0.1775389507050579,0.8387162939607556
10528,0.2651254496873547,-0.4593202051670292,-0.6109454855595272
9034,0.33973529661051577,0.07042855322147687,0.355495700787328
1737,0.3894751945592899,-0.04228394856331166,-0.12772489238609958
10581,-0.18253363185161225,-0.932712712663141,-1.0941660787329548
6745,-0.28201342774916044,0.600177311609983,0.355495700787328
561,0.14077570481541946,0.8819585660719543,0.355495700787328
13580,0.5884347863543863,0.11551355393539228,-0.12772489238609958
14163,-0.9535020500576108,-0.8200002108783525,0.8387162939607556
12799,-0.4312331215954827,-0.9214414624846622,-0.12772489238609958
1162,0.7127845312263216,0.1605985546493077,-0.6109454855595272
9072,0.6630446332775474,-0.4142352044531138,-0.6109454855595272
10252,-0.7545424582625144,-0.9777977133770565,0.355495700787328
8626,2.2049814696895442,1.828743581064178,-1.5773866719063825
8191,0.5386948884056122,1.2200960714263198,0.355495700787328
1527,0.7873943781494827,0.19441230518474426,-1.0941660787329548
8370,-0.505842968518644,-0.9777977133770565,0.355495700787328
8211,2.4039410614846406,2.3923060899881206,-0.12772489238609958
2930,-1.077851794929546,-1.180680216589676,0.8387162939607556
14139,-0.25714347877477345,-0.10991144963418478,0.8387162939607556
58,-0.555582866467418,-0.6171177076657332,0.355495700787328
8953,1.3096633066116106,1.7160310792793894,-0.12772489238609958
8422,0.19051560276419338,-0.7298302094505217,0.355495700787328
13086,-1.0281118969807719,-1.0116114639124931,-0.6109454855595272
4483,0.8122643271238696,0.8256023151795601,-0.12772489238609958
2291,0.5138249394312252,0.6452623123238984,0.355495700787328
7258,-0.7794124072369014,-0.9665264631985776,-0.6109454855595272
13163,-0.4561030705698698,-0.932712712663141,-1.0941660787329548
8416,-0.9783719990319979,-1.101781465340324,0.355495700787328
9803,-1.003241948006385,-1.0116114639124931,-0.12772489238609958
9868,-1.077851794929546,-1.1919514667681548,0.8387162939607556
12949,-1.052981845955159,-0.3353364532037618,1.3219368871341832
1649,-0.10792378492845114,0.7128898133947715,-1.0941660787329548
15140,1.0112239189189662,2.065439834812234,0.355495700787328
6438,1.4340130514835459,1.366622323746545,-1.0941660787329548
2724,0.3894751945592899,1.129926069998489,-0.6109454855595272
10839,-0.8291523051856755,-0.3916927040961561,0.8387162939607556
938,-0.28201342774916044,0.4761935596467156,0.355495700787328
4510,-0.8540222541600626,-0.1324539499911425,0.355495700787328
13165,-0.35662327467232163,-0.8988989621277045,-1.5773866719063825
14583,-1.077851794929546,-1.1919514667681548,1.3219368871341832
4694,-0.8540222541600626,-0.9552552130200987,0.8387162939607556
9870,-1.077851794929546,-1.180680216589676,1.3219368871341832
7862,0.16564565378980642,0.9157723166073909,-0.12772489238609958
998,0.8371342760982567,0.3071248069695328,-0.6109454855595272
9226,-0.3068833767235475,0.059157303042998016,-0.12772489238609958
4528,-0.8291523051856755,-0.008470198027875101,0.8387162939607556
3870,1.7821923371249646,1.7273023294578682,0.355495700787328
13731,0.5386948884056122,0.9946710678567429,-1.0941660787329548
5354,1.4091431025091588,1.1637398205339256,-0.6109454855595272
14598,-0.6053227644161921,-1.0341539642694508,0.355495700787328
2907,-1.077851794929546,-1.2032227169466336,-0.12772489238609958
11014,-0.9535020500576108,-0.8650852115922679,0.8387162939607556
14577,-1.052981845955159,-1.1468664660542394,0.8387162939607556
3538,1.06096381686774,0.7016185632162927,-1.0941660787329548
14147,-1.077851794929546,-0.8650852115922679,1.3219368871341832
5993,-0.6550626623649661,0.19441230518474426,0.8387162939607556
14500,1.5086228984067072,0.8256023151795601,-2.06060726507981
915,-0.6550626623649661,0.22822605572018081,0.8387162939607556
13876,0.09103580686664531,-0.8763564617707468,-1.5773866719063825
4415,-1.003241948006385,-1.0566964646264085,0.355495700787328
13451,-1.077851794929546,-1.0679677148048874,1.3219368871341832
10520,1.1853135617396753,-0.053555198741790516,-2.5438278582532377
13011,0.6630446332775474,0.9495860671428275,-0.12772489238609958
1817,-0.8291523051856755,-1.090510215161845,0.355495700787328
14982,-0.7545424582625144,-0.9214414624846622,0.8387162939607556
10124,0.8620042250726437,0.4085660585758425,-0.6109454855595272
3949,1.1604436127652884,-0.12118269981266364,-1.0941660787329548
337,-0.9037621521088367,-1.101781465340324,0.355495700787328
2072,0.7625244291750957,0.6452623123238984,0.355495700787328
13294,1.0360938678933531,1.4906060757098123,-1.5773866719063825
5822,-1.077851794929546,-1.2032227169466336,1.3219368871341832
10761,-1.052981845955159,-0.3353364532037618,0.8387162939607556
5143,-1.077851794929546,-1.1243239656972817,0.8387162939607556
8398,-1.0281118969807719,-1.169408966411197,-0.12772489238609958
3513,0.3894751945592899,0.7917885646441235,0.355495700787328
2815,0.06616585789225812,0.09297105357843458,0.355495700787328
13349,-0.9783719990319979,-0.23389520159745217,0.8387162939607556
6375,2.8267301940492207,2.6290023437361767,-1.0941660787329548
9778,0.7376544802007085,0.014072302329082605,0.355495700787328
13786,-0.13279373390283822,-0.21135270124049446,0.355495700787328
8034,0.7127845312263216,-0.7523727098074794,-1.5773866719063825
11119,1.6827125412274162,1.975269833384403,-1.0941660787329548
8624,0.46408504148245106,0.8819585660719543,-0.12772489238609958
766,-0.9286321010832237,-0.9890689635555353,-0.12772489238609958
3782,1.4837529494323203,1.6371323280300374,0.355495700787328
14180,-0.3317533256979346,-0.6509314582011697,-1.5773866719063825
1144,-1.077851794929546,-1.0454252144479297,1.3219368871341832
12521,-0.7545424582625144,-0.22262395141897331,0.8387162939607556
2510,-0.20740358082599933,-0.7749152101644371,-0.12772489238609958
14655,1.0112239189189662,-0.22262395141897331,-2.5438278582532377
2273,-0.9286321010832237,-0.5833039571302966,1.3219368871341832
2860,-1.003241948006385,-1.0003402137340143,0.8387162939607556
1221,-0.25714347877477345,0.41983730875432135,0.355495700787328
11067,1.4340130514835459,1.3215373230326295,-1.5773866719063825
4864,-0.9783719990319979,-0.3691502037391984,0.355495700787328
14874,-0.9783719990319979,-0.6847452087366063,0.355495700787328
7653,0.2402555007129675,-0.8538139614137891,-0.6109454855595272
8283,-0.48097301954425686,-0.10991144963418478,0.355495700787328
9705,0.33973529661051577,0.9383148169643486,0.355495700787328
7076,2.503420857382189,2.290864838381811,-1.0941660787329548
4924,-0.3317533256979346,0.5550923108960676,-0.12772489238609958
4532,0.3148653476361286,1.0172135682137005,0.355495700787328
6699,-0.05818388697967712,0.5663635610745464,0.8387162939607556
1672,-0.8788922031344497,-0.14372520016962134,0.355495700787328
11736,-0.9286321010832237,-0.9101702123061833,0.8387162939607556
7136,0.3894751945592899,1.0622985689276159,0.355495700787328
9987,-0.6550626623649661,0.07042855322147687,-0.12772489238609958
4055,-1.077851794929546,-1.101781465340324,1.3219368871341832
15118,1.1107037148165144,2.0879823351691917,-1.0941660787329548
1808,-1.077851794929546,-1.2032227169466336,0.8387162939607556
2275,-1.052981845955159,-0.7185589592720428,-0.12772489238609958
3761,0.43921509250806384,0.7241610635732504,-0.6109454855595272
13127,0.2402555007129675,-0.8425427112353102,-1.5773866719063825
10809,-1.077851794929546,-0.54949020659486,0.8387162939607556
10436,0.6133047353287733,1.1186548198200101,-0.6109454855595272
6798,0.21538555173858054,0.7128898133947715,0.355495700787328
2045,0.016425959943484204,0.6114485617884619,0.8387162939607556
9683,0.2899953986617417,1.0397560685706582,0.355495700787328
7103,-1.052981845955159,-0.3353364532037618,0.8387162939607556
5113,-1.077851794929546,-1.1919514667681548,1.3219368871341832
1295,1.0112239189189662,1.4567923251743757,0.355495700787328
15179,1.5583627963554811,2.3246785889172474,0.8387162939607556
4687,-0.9286321010832237,-0.9552552130200987,0.8387162939607556
3952,-0.530712917493031,-0.7185589592720428,0.8387162939607556
11985,0.16564565378980642,-0.4367777048100715,-0.6109454855595272
4317,-0.28201342774916044,-0.628388957844212,0.355495700787328
10283,-0.28201342774916044,-0.5156764560594235,-0.12772489238609958
444,0.7376544802007085,0.41983730875432135,-0.12772489238609958
5519,0.5635648373799991,-0.42550645463159265,-0.6109454855595272
858,0.04129590891787117,0.6678048126808561,0.355495700787328
11838,1.5086228984067072,1.817472330885699,-1.5773866719063825
4439,-1.052981845955159,-0.9552552130200987,0.8387162939607556
5321,-0.9286321010832237,-0.18881020088353676,1.3219368871341832
841,-0.7794124072369014,-0.1775389507050579,0.355495700787328
11967,-0.7296725092881273,-0.628388957844212,-0.6109454855595272
7301,-0.28201342774916044,-0.9552552130200987,-0.12772489238609958
14214,-0.20740358082599933,-0.8988989621277045,0.355495700787328
11817,1.9811519289200612,1.9189135824920087,-2.06060726507981
994,1.06096381686774,0.4761935596467156,-0.6109454855595272
15257,-0.7296725092881273,-0.42550645463159265,-1.0941660787329548
9212,0.5884347863543863,0.3860235582188848,-1.0941660787329548
1554,0.016425959943484204,0.25076855607713855,0.8387162939607556
13073,-0.28201342774916044,-0.5044052058809446,-0.12772489238609958
1973,-1.077851794929546,-0.42550645463159265,1.3219368871341832
1951,0.11590575584103227,0.7016185632162927,0.355495700787328
14469,-0.505842968518644,0.14932730447082884,0.8387162939607556
9717,2.1055016737919963,1.8625573315996145,-0.12772489238609958
7775,-1.077851794929546,-0.628388957844212,1.3219368871341832
13222,-1.077851794929546,-0.8538139614137891,0.8387162939607556
2513,0.09103580686664531,-0.7185589592720428,-1.0941660787329548
5559,-1.077851794929546,-0.7974577105213948,1.3219368871341832
14561,0.33973529661051577,-0.6171177076657332,-1.5773866719063825
6301,0.886874174047031,0.7354323137517292,-1.0941660787329548
2835,0.2899953986617417,-0.10991144963418478,0.355495700787328
4700,-0.7048025603137403,-0.932712712663141,-0.6109454855595272
2445,1.583232745329868,0.904501066428912,-2.06060726507981
2233,0.9366140719958048,-0.30152270266832526,-2.06060726507981
3050,2.3790711125102537,2.133067335883107,-1.0941660787329548
12053,-1.077851794929546,-1.1919514667681548,0.8387162939607556
400,-1.077851794929546,-1.101781465340324,0.8387162939607556
7759,-1.077851794929546,-0.7411014596290005,1.3219368871341832
7944,0.5884347863543863,0.08169980339995572,-0.12772489238609958
5198,0.43921509250806384,0.35220980768344823,-1.5773866719063825
13791,1.1853135617396753,0.25076855607713855,-2.06060726507981
10089,-0.033313938005289936,0.4987360600036733,-0.6109454855595272
1023,-0.08305383595406408,-0.4593202051670292,-0.12772489238609958
3298,-0.9286321010832237,-1.101781465340324,-0.12772489238609958
6803,-0.6799326113393532,-0.04228394856331166,0.355495700787328
9281,0.2899953986617417,1.0059423180352216,0.355495700787328
14983,-0.8540222541600626,-1.022882714090972,-1.0941660787329548
11842,1.1107037148165144,1.592047327316122,-1.5773866719063825
9785,0.2651254496873547,-0.27898020231136755,-1.0941660787329548
5894,-1.077851794929546,-1.0341539642694508,0.8387162939607556
4241,1.9562819799456737,1.738573579636347,-0.6109454855595272
5424,-1.077851794929546,-1.101781465340324,1.3219368871341832
6877,0.06616585789225812,-0.5382189564163812,-0.12772489238609958
8109,-0.35662327467232163,-0.25643770195440985,0.8387162939607556
12629,-0.3068833767235475,0.4311085589328002,-1.0941660787329548
4309,-0.40636317262109567,-0.5833039571302966,0.8387162939607556
4080,-1.052981845955159,-0.8763564617707468,0.8387162939607556
803,-0.6053227644161921,-0.42550645463159265,0.8387162939607556
1550,0.11590575584103227,0.25076855607713855,0.355495700787328
1009,-0.08305383595406408,-0.27898020231136755,-0.12772489238609958
15302,-0.38149322364670873,-0.8312714610568314,0.8387162939607556
8880,-1.003241948006385,-0.4142352044531138,0.8387162939607556
2737,1.1604436127652884,1.6484035782085162,-0.6109454855595272
12965,1.583232745329868,1.9076423323135299,-1.5773866719063825
5095,-1.077851794929546,-1.2032227169466336,0.355495700787328
648,-1.003241948006385,-0.8650852115922679,0.355495700787328
9015,-0.38149322364670873,-0.06482644892026937,-0.12772489238609958
2862,-0.05818388697967712,-0.6058464574872543,-0.6109454855595272
4975,1.4837529494323203,1.4229785746389392,0.355495700787328
7810,0.5138249394312252,1.1073835696415313,-0.12772489238609958
6399,-0.8788922031344497,-0.053555198741790516,0.8387162939607556
9152,-1.077851794929546,-1.1581377162327182,1.3219368871341832
8176,2.57803070430535,2.369763589631163,-0.12772489238609958
550,-0.3317533256979346,0.5325498105391099,0.355495700787328
14535,0.2402555007129675,-0.3127939528468041,-0.6109454855595272
5617,0.11590575584103227,0.8143310650010812,-0.12772489238609958
8121,-1.0281118969807719,-0.6734739585581274,0.8387162939607556
9073,0.488954990456838,-0.47059145534550806,-0.12772489238609958
211,0.3894751945592899,0.9495860671428275,0.355495700787328
12825,-0.40636317262109567,-0.7298302094505217,-1.0941660787329548
12010,0.016425959943484204,-0.7523727098074794,-2.06060726507981
6343,0.8122643271238696,1.2651810721402352,-0.6109454855595272
1781,-1.077851794929546,-1.1468664660542394,0.8387162939607556
11199,-0.7296725092881273,-0.21135270124049446,0.355495700787328
3543,-0.4312331215954827,-0.1775389507050579,-0.12772489238609958
14553,-0.7296725092881273,-0.8876277119492256,0.355495700787328
1438,-0.40636317262109567,-0.9777977133770565,0.8387162939607556
2515,-1.077851794929546,-1.1468664660542394,1.3219368871341832
2868,0.5635648373799991,-0.5044052058809446,-0.12772489238609958
2434,0.16564565378980642,0.44237980911127905,-0.12772489238609958
5045,-0.4312331215954827,-0.6622027083796486,-0.12772489238609958
4792,-1.077851794929546,-1.0679677148048874,0.355495700787328
12650,1.5583627963554811,1.4004360742819815,-2.5438278582532377
9479,-1.077851794929546,-1.2032227169466336,1.3219368871341832
12963,0.6133047353287733,1.287723572497193,-0.12772489238609958
12410,-0.9783719990319979,-1.1468664660542394,0.8387162939607556
6475,-0.9783719990319979,-0.707287709093564,0.8387162939607556
1314,-1.077851794929546,-0.54949020659486,0.355495700787328
9543,-1.077851794929546,-1.0566964646264085,0.8387162939607556
6824,0.16564565378980642,0.27331105643409626,0.355495700787328
9980,0.19051560276419338,0.679076062859335,0.355495700787328
3979,0.7873943781494827,-0.6058464574872543,-1.5773866719063825
12,0.6630446332775474,-0.6960164589150851,-2.06060726507981
15076,2.1801115207151573,1.6822173287439528,0.355495700787328
818,-1.077851794929546,-0.7523727098074794,0.8387162939607556
2784,1.9065420819969,1.6484035782085162,-0.6109454855595272
14711,-0.18253363185161225,0.22822605572018081,-0.12772489238609958
13285,1.1107037148165144,1.4793348255313334,-1.0941660787329548
453,0.11590575584103227,0.23949730589865967,-0.12772489238609958
1049,-1.077851794929546,-1.1355952158757605,1.3219368871341832
14869,1.7573223881505777,0.8481448155365178,-2.06060726507981
1656,1.8319322350737386,1.9865410835628818,-2.5438278582532377
3457,1.7821923371249646,2.0428973344552763,-0.6109454855595272
12943,0.4143451435336769,1.1411973201769678,-0.6109454855595272
13412,-1.003241948006385,-0.707287709093564,0.8387162939607556
12034,0.09103580686664531,-0.8763564617707468,-0.12772489238609958
13318,1.1853135617396753,1.670946078565474,-1.0941660787329548
5139,-1.052981845955159,-1.1130527155188028,0.355495700787328
2908,-1.077851794929546,-1.2032227169466336,0.355495700787328
11340,-1.077851794929546,-1.169408966411197,0.355495700787328
940,1.4340130514835459,1.6258610778515585,-1.0941660787329548
7030,-1.077851794929546,-0.7298302094505217,0.8387162939607556
13944,0.19051560276419338,-0.09864019945570593,-0.12772489238609958
11800,1.8319322350737386,1.592047327316122,-2.06060726507981
13625,-0.008443989030902977,0.46492230946823676,0.355495700787328
9814,0.6133047353287733,-0.5607614567733389,-2.5438278582532377
11720,-1.052981845955159,-1.090510215161845,0.8387162939607556
4634,1.1355736637909013,0.7354323137517292,-0.6109454855595272
8459,0.3894751945592899,-0.22262395141897331,-0.6109454855595272
13024,0.11590575584103227,0.4311085589328002,-0.12772489238609958
6693,1.1107037148165144,1.276452322318714,-0.12772489238609958
1400,-1.0281118969807719,-1.022882714090972,1.3219368871341832
9932,-0.8788922031344497,-0.6396602080226909,1.3219368871341832
30,-0.6799326113393532,-0.9101702123061833,-0.12772489238609958
6363,1.1604436127652884,1.6258610778515585,-0.6109454855595272
6258,-0.033313938005289936,-0.5044052058809446,0.355495700787328
13633,0.8371342760982567,1.1186548198200101,-0.6109454855595272
3677,-1.077851794929546,-1.1468664660542394,1.3219368871341832
11910,-0.38149322364670873,0.27331105643409626,0.355495700787328
672,0.7127845312263216,-0.4142352044531138,-1.0941660787329548
8634,0.8122643271238696,0.9608573173213063,0.8387162939607556
9297,2.080631724817609,2.211966087132459,-1.0941660787329548
11823,-0.7794124072369014,0.0028010521506037526,0.8387162939607556
14610,-0.9535020500576108,-1.1243239656972817,0.8387162939607556
5466,-1.077851794929546,-1.2032227169466336,1.3219368871341832
11890,0.886874174047031,1.355351073568066,-0.6109454855595272
6973,0.46408504148245106,-0.5382189564163812,-0.6109454855595272
9391,-1.077851794929546,-0.8200002108783525,0.8387162939607556
1108,-0.033313938005289936,-0.8425427112353102,-2.06060726507981
14448,1.9562819799456737,1.9865410835628818,-1.5773866719063825
13906,-0.9286321010832237,-1.0454252144479297,0.355495700787328
3229,-1.052981845955159,-1.0566964646264085,0.8387162939607556
11388,1.4588830004579327,0.44237980911127905,-2.5438278582532377
15267,-0.8540222541600626,-0.5607614567733389,0.8387162939607556
8359,-1.0281118969807719,-1.101781465340324,0.8387162939607556
3319,0.016425959943484204,-0.6734739585581274,-0.6109454855595272
10264,0.8620042250726437,-0.38042145391767723,-1.5773866719063825
5835,-0.7048025603137403,-1.0566964646264085,-1.0941660787329548
12578,-1.003241948006385,-0.23389520159745217,1.3219368871341832
13589,-0.05818388697967712,-0.053555198741790516,0.8387162939607556
8314,0.11590575584103227,-0.18881020088353676,-1.0941660787329548
11298,-1.077851794929546,-1.1919514667681548,0.355495700787328
2553,-1.003241948006385,-1.1581377162327182,-0.12772489238609958
4775,0.16564565378980642,-0.6847452087366063,-0.12772489238609958
6647,-0.7794124072369014,-0.54949020659486,0.8387162939607556
2686,-0.20740358082599933,0.48746480982519447,0.8387162939607556
13124,-0.8291523051856755,-1.0792389649833662,-0.12772489238609958
11446,0.19051560276419338,0.7467035639302081,-1.0941660787329548
1563,-0.530712917493031,-0.031012698384832806,0.355495700787328
6688,0.016425959943484204,0.5100073101821522,0.355495700787328
555,-1.077851794929546,-0.44804895498855035,1.3219368871341832
3071,0.36460524558490276,1.051027318749137,0.8387162939607556
11947,-0.20740358082599933,-0.07609769909874822,0.355495700787328
13159,-0.10792378492845114,-0.8650852115922679,-1.0941660787329548
4474,-1.077851794929546,-0.7185589592720428,1.3219368871341832
7724,-0.7048025603137403,-0.7298302094505217,1.3219368871341832
12127,0.8122643271238696,0.3634810578619271,-1.5773866719063825
11417,-0.7048025603137403,-0.25643770195440985,0.355495700787328
4856,-0.28201342774916044,0.22822605572018081,0.355495700787328
5268,1.3842731535347719,1.7723873301717836,0.355495700787328
2853,-1.052981845955159,-1.0003402137340143,-0.12772489238609958
6887,-0.555582866467418,-0.8425427112353102,-0.12772489238609958
8000,0.14077570481541946,-0.7749152101644371,-0.12772489238609958
11656,-1.077851794929546,-1.180680216589676,0.8387162939607556
11682,-0.6053227644161921,-1.0341539642694508,-1.0941660787329548
10375,0.6381746843031604,1.2426385717832775,-0.12772489238609958
4601,-1.077851794929546,-0.54949020659486,1.3219368871341832
13361,0.7625244291750957,1.1862823208908833,-1.5773866719063825
8149,-0.3068833767235475,0.2620398062556174,-0.12772489238609958
14159,-1.077851794929546,-0.9439839628416199,0.8387162939607556
2213,0.7873943781494827,-0.5945752073087754,-1.0941660787329548
4929,-0.555582866467418,0.3296673073264905,0.8387162939607556
11165,0.36460524558490276,0.9721285674997852,0.355495700787328
11227,1.3096633066116106,0.4536510592897579,-2.06060726507981
12222,0.06616585789225812,0.8932298162504332,0.355495700787328
11505,-0.6301927133905793,0.25076855607713855,-0.12772489238609958
2111,0.488954990456838,-0.14372520016962134,0.355495700787328
13079,-0.7048025603137403,-0.7636439599859582,1.3219368871341832
10328,0.8122643271238696,0.8481448155365178,-2.5438278582532377
14161,-0.8540222541600626,-0.7298302094505217,0.8387162939607556
13929,-0.8540222541600626,-0.8538139614137891,0.355495700787328
15064,0.3894751945592899,0.44237980911127905,0.355495700787328
10780,-0.7545424582625144,0.10424230375691343,0.8387162939607556
7492,0.7873943781494827,1.3778935739250238,0.8387162939607556
4446,-1.003241948006385,-0.8200002108783525,1.3219368871341832
13884,0.2402555007129675,-0.8200002108783525,-2.06060726507981
11491,-0.6799326113393532,0.21695480554170196,0.355495700787328
15285,-0.3317533256979346,-0.6509314582011697,0.355495700787328
8077,-1.077851794929546,-1.0792389649833662,1.3219368871341832
5026,-0.13279373390283822,-0.30152270266832526,-0.12772489238609958
28,-0.8291523051856755,-0.9890689635555353,-0.6109454855595272
14533,-0.08305383595406408,-0.4142352044531138,0.8387162939607556
14443,0.488954990456838,1.1186548198200101,0.355495700787328
10446,1.583232745329868,1.592047327316122,-0.6109454855595272
10261,-0.3317533256979346,-0.7636439599859582,-1.0941660787329548
355,-1.077851794929546,-1.2032227169466336,1.3219368871341832
1429,-1.077851794929546,-1.180680216589676,-1.5773866719063825
11322,-1.077851794929546,-1.1919514667681548,0.8387162939607556
10821,-0.05818388697967712,0.4536510592897579,0.355495700787328
11069,1.7573223881505777,1.5356910764237277,-2.06060726507981
12551,0.488954990456838,1.0284848183921793,-0.12772489238609958
9807,0.3148653476361286,-0.5607614567733389,-1.5773866719063825
332,-0.8042823562112885,-1.0341539642694508,-0.6109454855595272
5643,2.57803070430535,2.4937473415944305,-2.06060726507981
9194,-1.077851794929546,-0.9214414624846622,1.3219368871341832
8812,-0.28201342774916044,-0.628388957844212,-0.12772489238609958
13725,-0.7545424582625144,0.0028010521506037526,0.8387162939607556
4224,1.5086228984067072,1.7047598291009105,-1.0941660787329548
964,-0.3317533256979346,0.2056835553632231,0.8387162939607556
15308,-1.077851794929546,-1.1130527155188028,1.3219368871341832
120,-1.003241948006385,-0.3691502037391984,1.3219368871341832
4930,-1.077851794929546,-0.4367777048100715,1.3219368871341832
6791,-0.28201342774916044,0.4085660585758425,0.8387162939607556
5579,1.1853135617396753,1.0397560685706582,-0.6109454855595272
7332,-0.38149322364670873,-0.8312714610568314,0.8387162939607556
8116,-0.6799326113393532,-0.38042145391767723,0.8387162939607556
4710,-0.4312331215954827,-0.8988989621277045,-0.12772489238609958
3281,-1.077851794929546,-1.2032227169466336,1.3219368871341832
2370,-0.6550626623649661,0.23949730589865967,0.355495700787328
5522,-0.9037621521088367,-0.932712712663141,0.8387162939607556
2544,0.09103580686664531,-0.8763564617707468,-0.12772489238609958
11547,-0.7545424582625144,-0.08736894927722708,0.355495700787328
9494,-0.4312331215954827,-0.9777977133770565,-0.12772489238609958
2885,-1.077851794929546,-1.169408966411197,1.3219368871341832
13232,0.33973529661051577,0.2845823066125751,-1.5773866719063825
2178,0.2899953986617417,-0.8425427112353102,-0.6109454855595272
9150,-1.077851794929546,-1.1581377162327182,1.3219368871341832
4898,0.3894751945592899,1.0735698191060947,-0.12772489238609958
5153,-1.077851794929546,-1.090510215161845,1.3219368871341832
1209,-0.6799326113393532,-0.053555198741790516,0.355495700787328
5170,-1.077851794929546,-1.0003402137340143,1.3219368871341832
11463,1.3096633066116106,1.6371323280300374,-1.5773866719063825
9826,-1.0281118969807719,-1.1243239656972817,-0.6109454855595272
11189,-0.10792378492845114,0.39729480839736364,-1.0941660787329548
3123,-1.077851794929546,-0.4818627055239869,1.3219368871341832
12290,-0.38149322364670873,0.12678480411387114,0.8387162939607556
1544,-1.077851794929546,-0.786186460342916,-0.12772489238609958
10154,0.09103580686664531,-0.40296395427463494,0.355495700787328
14602,-0.555582866467418,-1.022882714090972,-0.12772489238609958
10979,-0.7545424582625144,-0.9890689635555353,0.8387162939607556
7207,0.6133047353287733,0.2056835553632231,0.355495700787328
11544,-1.077851794929546,-0.5720327069518177,0.8387162939607556
9849,0.43921509250806384,-0.8200002108783525,-2.06060726507981
10359,-0.9037621521088367,-0.16626770052657905,0.8387162939607556
15201,-0.2322735298003864,0.37475230804040593,1.3219368871341832
945,2.1801115207151573,1.9865410835628818,-2.06060726507981
14352,2.055761775843222,1.6258610778515585,-2.5438278582532377
4550,-0.6053227644161921,0.29585355679105396,0.8387162939607556
13708,-0.08305383595406408,0.7128898133947715,1.3219368871341832
12496,-0.7048025603137403,-0.4367777048100715,0.355495700787328
13312,-0.8540222541600626,0.0028010521506037526,0.8387162939607556
8526,0.8620042250726437,1.208824821247841,0.355495700787328
9270,2.453680959433415,2.290864838381811,-2.06060726507981
14614,-1.077851794929546,-1.1919514667681548,1.3219368871341832
1675,2.3044612655870926,2.054168584633755,-1.5773866719063825
9644,1.8816721330225128,2.0316260842767973,-1.0941660787329548
1561,-1.077851794929546,-0.6622027083796486,0.8387162939607556
11858,-0.28201342774916044,0.600177311609983,0.8387162939607556
14798,0.11590575584103227,0.8932298162504332,0.8387162939607556
7978,0.6133047353287733,-0.44804895498855035,-1.0941660787329548
6213,-1.077851794929546,-1.1919514667681548,1.3219368871341832
8183,0.8620042250726437,1.3891648241035026,0.8387162939607556
6044,2.6029006532797374,2.369763589631163,-1.5773866719063825
4541,-1.077851794929546,-0.4367777048100715,1.3219368871341832
1782,-1.077851794929546,-1.1468664660542394,1.3219368871341832
9321,-0.10792378492845114,0.7128898133947715,0.8387162939607556
13761,-0.8042823562112885,-0.3691502037391984,0.8387162939607556
1095,-0.3317533256979346,-0.9552552130200987,0.355495700787328
7198,1.06096381686774,0.5776348112530253,-0.12772489238609958
14122,1.1355736637909013,0.9946710678567429,-1.5773866719063825
8108,0.16564565378980642,0.014072302329082605,0.355495700787328
3287,-1.077851794929546,-1.1919514667681548,0.355495700787328
12681,0.5138249394312252,0.25076855607713855,-0.6109454855595272
677,-1.077851794929546,-1.1130527155188028,1.3219368871341832
6193,-1.077851794929546,-1.2032227169466336,0.8387162939607556
2605,-0.8788922031344497,-0.8763564617707468,0.8387162939607556
1392,0.14077570481541946,-0.4367777048100715,-0.6109454855595272
8753,0.11590575584103227,-0.8763564617707468,-0.6109454855595272
13277,0.33973529661051577,0.8932298162504332,-0.6109454855595272
752,-1.077851794929546,-1.1581377162327182,1.3219368871341832
1711,-1.052981845955159,-0.6847452087366063,0.8387162939607556
3737,0.9614840209701918,0.6227198119669407,-0.12772489238609958
15012,0.3148653476361286,-0.4367777048100715,-0.6109454855595272
15009,-0.8291523051856755,-0.786186460342916,-0.12772489238609958
13105,-0.2322735298003864,-0.8087289606998737,-0.12772489238609958
3215,-0.38149322364670873,-0.5945752073087754,-0.12772489238609958
797,-0.9286321010832237,-0.7185589592720428,1.3219368871341832
8410,-0.35662327467232163,-0.932712712663141,0.355495700787328
1777,-0.35662327467232163,-0.8087289606998737,-0.12772489238609958
4113,1.8070622860993515,1.2651810721402352,-2.06060726507981
1770,-1.077851794929546,-1.101781465340324,0.8387162939607556
13973,-1.077851794929546,-0.707287709093564,1.3219368871341832
10411,-0.05818388697967712,0.7692460642871658,0.8387162939607556
13077,0.16564565378980642,-0.38042145391767723,-0.6109454855595272
7306,0.3894751945592899,-0.7974577105213948,-0.12772489238609958
6412,2.503420857382189,2.279593588203332,-1.5773866719063825
3022,1.359403204560385,1.129926069998489,-0.6109454855595272
14221,-0.05818388697967712,-0.8988989621277045,-1.5773866719063825
4228,-0.555582866467418,0.21695480554170196,0.355495700787328
14120,-0.18253363185161225,0.23949730589865967,-0.12772489238609958
3012,-1.077851794929546,-0.7298302094505217,1.3219368871341832
14014,-1.077851794929546,-0.47059145534550806,1.3219368871341832
15136,0.04129590891787117,1.4680635753528546,1.3219368871341832
5764,0.9366140719958048,0.014072302329082605,-1.0941660787329548
15337,-0.15766368287722518,-0.9101702123061833,0.8387162939607556
4619,0.8122643271238696,0.9157723166073909,-1.5773866719063825
12557,-0.28201342774916044,0.48746480982519447,-1.0941660787329548
13388,1.1107037148165144,1.0284848183921793,-1.0941660787329548
7169,0.7127845312263216,0.9608573173213063,0.355495700787328
10165,-0.05818388697967712,-0.5833039571302966,-0.12772489238609958
527,-0.6301927133905793,0.2620398062556174,0.355495700787328
366,0.5884347863543863,-0.7636439599859582,-1.5773866719063825
6098,0.3894751945592899,0.31839605714801167,0.355495700787328
14091,1.1853135617396753,1.4567923251743757,-1.5773866719063825
4264,0.8371342760982567,0.679076062859335,-0.12772489238609958
4262,0.9863539699445792,0.7917885646441235,0.355495700787328
10508,-0.9783719990319979,-0.8312714610568314,0.355495700787328
1919,1.6329726432786424,1.129926069998489,-2.06060726507981
701,-0.9783719990319979,-1.1243239656972817,0.8387162939607556
6170,-1.0281118969807719,-1.1130527155188028,0.355495700787328
14315,-1.077851794929546,-0.8763564617707468,1.3219368871341832
9626,0.886874174047031,1.2651810721402352,-0.6109454855595272
5018,0.06616585789225812,-0.08736894927722708,-0.12772489238609958
6991,-0.8540222541600626,-0.8425427112353102,0.355495700787328
4423,-0.9783719990319979,-0.9890689635555353,0.355495700787328
12126,0.16564565378980642,0.02534355250756146,-0.12772489238609958
4868,-1.077851794929546,-0.5382189564163812,1.3219368871341832
1298,-0.25714347877477345,0.5325498105391099,0.8387162939607556
7303,-1.052981845955159,-1.180680216589676,0.8387162939607556
1352,0.6630446332775474,0.41983730875432135,-2.5438278582532377
2926,-0.38149322364670873,-0.9552552130200987,-0.12772489238609958
14220,-0.8540222541600626,-1.090510215161845,-0.12772489238609958
11907,0.7376544802007085,1.0961123194630524,-0.12772489238609958
1287,1.4091431025091588,1.7611160799933048,-0.6109454855595272
9233,-0.9535020500576108,-0.4367777048100715,0.355495700787328
11552,0.11590575584103227,0.5776348112530253,0.355495700787328
12555,-0.9037621521088367,-0.14372520016962134,0.355495700787328
4350,-1.077851794929546,-1.169408966411197,0.8387162939607556
8879,-0.530712917493031,0.08169980339995572,0.8387162939607556
3697,0.43921509250806384,-0.40296395427463494,-0.6109454855595272
2013,2.2795913166127058,2.279593588203332,-2.06060726507981
10260,0.9366140719958048,-0.4142352044531138,-2.5438278582532377
4373,-1.077851794929546,-1.2032227169466336,1.3219368871341832
9240,1.1853135617396753,1.1862823208908833,-0.6109454855595272
5677,1.4837529494323203,1.7611160799933048,-0.6109454855595272
12184,1.2847933576372237,1.5356910764237277,-0.6109454855595272
11200,0.16564565378980642,0.44237980911127905,0.355495700787328
2147,-1.077851794929546,-1.1468664660542394,1.3219368871341832
8618,0.19051560276419338,0.757974814108687,0.355495700787328
2705,0.9117441230214178,1.434249824817418,-0.6109454855595272
5473,-0.48097301954425686,-1.0003402137340143,-0.12772489238609958
8700,0.2402555007129675,-0.4367777048100715,-0.12772489238609958
2570,-0.6301927133905793,-0.9890689635555353,-0.6109454855595272
14980,-1.0281118969807719,-1.0679677148048874,0.8387162939607556
7105,-0.38149322364670873,0.5100073101821522,0.8387162939607556
14968,0.16564565378980642,-0.8650852115922679,-1.5773866719063825
10249,-0.033313938005289936,-0.7749152101644371,-1.0941660787329548
9952,0.5635648373799991,0.521278560360631,-0.12772489238609958
8142,0.7127845312263216,0.8706873158934755,0.355495700787328
12539,1.4588830004579327,1.51314857606677,-1.5773866719063825
810,-1.077851794929546,-0.8087289606998737,1.3219368871341832
7744,1.3842731535347719,0.6114485617884619,-1.5773866719063825
5684,1.533492847381094,1.7273023294578682,-0.12772489238609958
8449,1.0112239189189662,-0.16626770052657905,0.355495700787328
312,0.2899953986617417,-0.5833039571302966,-1.0941660787329548
2073,-1.003241948006385,-0.5833039571302966,0.355495700787328
10907,0.4143451435336769,-0.5833039571302966,-2.06060726507981
11533,-0.3068833767235475,0.4311085589328002,0.355495700787328
11236,-1.077851794929546,-0.932712712663141,1.3219368871341832
885,-0.2322735298003864,0.6227198119669407,0.355495700787328
1477,-0.3068833767235475,-0.8876277119492256,0.8387162939607556
1790,-1.077851794929546,-1.169408966411197,1.3219368871341832
3142,-0.7048025603137403,-0.008470198027875101,0.8387162939607556
8641,-0.555582866467418,-0.04228394856331166,0.355495700787328
2008,0.2402555007129675,1.0059423180352216,-0.6109454855595272
3454,0.04129590891787117,0.8706873158934755,0.8387162939607556
682,-1.003241948006385,-1.0679677148048874,0.8387162939607556
3895,0.6133047353287733,0.7016185632162927,0.355495700787328
8018,0.16564565378980642,-0.8650852115922679,-0.6109454855595272
8998,0.016425959943484204,0.4761935596467156,0.355495700787328
6978,0.09103580686664531,-0.5833039571302966,0.355495700787328
57,0.016425959943484204,-0.38042145391767723,0.355495700787328
6918,-0.38149322364670873,-0.9665264631985776,0.8387162939607556
13856,-1.077851794929546,-1.1919514667681548,1.3219368871341832
11256,0.7873943781494827,-0.25643770195440985,-1.5773866719063825
2399,0.33973529661051577,0.9495860671428275,0.8387162939607556
13053,-0.6053227644161921,-0.44804895498855035,0.8387162939607556
14776,0.09103580686664531,0.904501066428912,0.355495700787328
4126,0.5635648373799991,0.8030598148226024,0.355495700787328
9249,-1.077851794929546,-0.54949020659486,1.3219368871341832
9024,1.6081026943042553,0.8030598148226024,-1.0941660787329548
11225,1.6578425922530293,0.6339910621454196,-1.5773866719063825
1468,0.3894751945592899,-0.7749152101644371,-1.0941660787329548
5761,1.0360938678933531,0.10424230375691343,-0.12772489238609958
1416,-1.077851794929546,-1.1468664660542394,0.355495700787328
470,0.8620042250726437,0.9383148169643486,-0.12772489238609958
2358,0.2899953986617417,1.0622985689276159,0.355495700787328
2722,2.528290806356576,2.4599335910589937,-2.06060726507981
7383,-0.18253363185161225,-0.08736894927722708,0.355495700787328
6886,0.09103580686664531,-0.628388957844212,0.355495700787328
7501,-0.15766368287722518,0.6452623123238984,0.355495700787328
13085,-1.077851794929546,-1.0679677148048874,1.3219368871341832
14184,-0.7048025603137403,-0.8425427112353102,-0.12772489238609958
9019,-0.8042823562112885,-0.42550645463159265,0.8387162939607556
4525,-0.15766368287722518,0.6227198119669407,-0.12772489238609958
4610,1.9314120309712868,1.659674828386995,-0.6109454855595272
6942,-0.505842968518644,-0.9890689635555353,0.355495700787328
14083,-0.13279373390283822,0.6227198119669407,0.355495700787328
6041,-0.2322735298003864,0.5776348112530253,0.8387162939607556
11840,0.8620042250726437,1.4229785746389392,-1.5773866719063825
3869,2.2795913166127058,2.0090835839198395,-1.5773866719063825
9054,1.2599234086628366,0.059157303042998016,-2.06060726507981
14721,0.7873943781494827,0.983399817678264,-0.6109454855595272
13217,1.1853135617396753,0.39729480839736364,-2.5438278582532377
6786,-1.077851794929546,-0.5156764560594235,1.3219368871341832
6962,-1.052981845955159,-1.1243239656972817,0.355495700787328
7139,1.2101835107140624,1.5807760771376431,0.355495700787328
10791,-1.077851794929546,-0.47059145534550806,1.3219368871341832
12058,0.11590575584103227,-0.8425427112353102,-1.0941660787329548
4674,0.6879145822519344,-0.1775389507050579,-1.5773866719063825
1055,-1.077851794929546,-1.1581377162327182,0.8387162939607556
2281,0.5635648373799991,0.5100073101821522,0.8387162939607556
9365,0.4143451435336769,0.7016185632162927,0.8387162939607556
11389,0.6630446332775474,0.13805605429235,-1.0941660787329548
7930,-0.8540222541600626,-0.5382189564163812,0.355495700787328
7472,1.1604436127652884,1.659674828386995,0.355495700787328
1924,-1.052981845955159,-0.6058464574872543,0.8387162939607556
6379,1.7573223881505777,2.0316260842767973,0.355495700787328
4907,1.2599234086628366,1.7047598291009105,-0.12772489238609958
11514,0.9366140719958048,1.4567923251743757,-1.0941660787329548
15066,0.2651254496873547,0.48746480982519447,-0.12772489238609958
1075,-1.077851794929546,-1.2032227169466336,0.8387162939607556
1115,-1.077851794929546,-1.1581377162327182,0.8387162939607556
3936,-0.4561030705698698,-0.5156764560594235,0.8387162939607556
3533,0.8620042250726437,0.6903473130378138,-0.6109454855595272
9340,0.8371342760982567,1.2651810721402352,-0.6109454855595272
9219,-0.7794124072369014,-0.38042145391767723,0.355495700787328
460,1.1604436127652884,0.9383148169643486,-1.0941660787329548
3032,-0.6799326113393532,-0.07609769909874822,0.355495700787328
4207,-0.48097301954425686,0.3860235582188848,-0.12772489238609958
6713,-0.35662327467232163,0.4311085589328002,0.355495700787328
13685,-0.033313938005289936,0.8143310650010812,0.355495700787328
6398,0.8371342760982567,1.4004360742819815,-0.12772489238609958
5841,-0.8788922031344497,-1.101781465340324,0.355495700787328
13995,0.16564565378980642,0.6339910621454196,-0.6109454855595272
1452,-1.052981845955159,-1.180680216589676,-0.12772489238609958
2149,0.04129590891787117,-0.7523727098074794,0.355495700787328
319,-1.077851794929546,-1.1355952158757605,0.8387162939607556
10885,-1.077851794929546,-1.022882714090972,1.3219368871341832
11500,2.528290806356576,2.4599335910589937,-2.5438278582532377
6769,0.3148653476361286,1.0172135682137005,0.8387162939607556
1922,-1.077851794929546,-0.6847452087366063,1.3219368871341832
10635,1.06096381686774,-0.23389520159745217,-2.06060726507981
13642,2.2298514186639316,2.054168584633755,-2.06060726507981
12264,1.4588830004579327,1.6258610778515585,-1.0941660787329548
12376,-0.6550626623649661,-0.9439839628416199,-0.12772489238609958
7803,1.2350534596884497,1.5244198262452489,-0.12772489238609958
8948,-0.7048025603137403,0.17186980482778655,0.8387162939607556
14490,0.9863539699445792,0.7692460642871658,-1.5773866719063825
2129,0.04129590891787117,-0.5607614567733389,-0.12772489238609958
6403,1.583232745329868,1.8400148312426567,-0.6109454855595272
7405,1.4588830004579327,1.1862823208908833,-0.6109454855595272
6478,-0.580452815441805,-0.42550645463159265,0.8387162939607556
6300,0.7625244291750957,0.6452623123238984,-0.6109454855595272
8866,-0.05818388697967712,0.29585355679105396,-0.12772489238609958
15248,-0.08305383595406408,0.12678480411387114,0.8387162939607556
9049,1.2847933576372237,0.1605985546493077,-2.06060726507981
12599,1.6827125412274162,1.9639985832059241,-1.5773866719063825
2509,-1.052981845955159,-1.101781465340324,-0.12772489238609958
1052,-1.077851794929546,-1.1468664660542394,0.8387162939607556
7821,1.0360938678933531,1.5244198262452489,0.355495700787328
6152,0.9863539699445792,-0.3578789535607195,-0.12772489238609958
1681,0.8122643271238696,1.129926069998489,-1.0941660787329548
10522,1.1355736637909013,-0.10991144963418478,-2.5438278582532377
4067,-1.052981845955159,-1.0003402137340143,1.3219368871341832
5024,-1.077851794929546,-0.9214414624846622,0.8387162939607556
1456,-0.38149322364670873,-0.9777977133770565,-0.6109454855595272
8412,-1.077851794929546,-1.180680216589676,0.8387162939607556
361,-0.580452815441805,-1.022882714090972,0.355495700787328
8871,2.130371622766383,1.6258610778515585,-2.5438278582532377
14717,1.6578425922530293,1.4117073244604603,0.8387162939607556
10676,-0.35662327467232163,-0.10991144963418478,0.8387162939607556
15141,1.1107037148165144,2.0992535853476704,-0.12772489238609958
3145,-0.6799326113393532,-0.008470198027875101,0.8387162939607556
13777,-1.077851794929546,-0.8425427112353102,1.3219368871341832
9071,-0.8042823562112885,-0.8988989621277045,0.355495700787328
505,-1.077851794929546,-0.44804895498855035,1.3219368871341832
12158,0.6879145822519344,0.8368735653580389,-1.0941660787329548
7171,0.21538555173858054,0.6227198119669407,0.355495700787328
13678,-0.9037621521088367,-0.06482644892026937,0.8387162939607556
10782,-1.077851794929546,-0.44804895498855035,0.8387162939607556
9883,-0.033313938005289936,-0.786186460342916,-1.0941660787329548
13348,1.5086228984067072,1.7611160799933048,-0.12772489238609958
540,0.43921509250806384,1.1637398205339256,0.355495700787328
4235,0.9366140719958048,1.2426385717832775,-0.6109454855595272
5507,-1.077851794929546,-1.1355952158757605,1.3219368871341832
12998,1.583232745329868,1.659674828386995,-2.06060726507981
12187,-0.8042823562112885,-0.031012698384832806,-0.12772489238609958
11440,-0.505842968518644,0.13805605429235,-1.0941660787329548
13864,-1.077851794929546,-1.2032227169466336,1.3219368871341832
754,-0.7794124072369014,-0.9890689635555353,0.355495700787328
11566,1.9811519289200612,1.276452322318714,-2.5438278582532377
2003,2.6029006532797374,2.4937473415944305,-1.0941660787329548
2542,-1.077851794929546,-1.2032227169466336,0.8387162939607556
6073,1.1853135617396753,1.2313673216047987,-1.0941660787329548
2918,-1.077851794929546,-1.2032227169466336,0.355495700787328
7793,-1.077851794929546,-0.5269477062379023,1.3219368871341832
5218,1.0112239189189662,1.0059423180352216,-1.0941660787329548
237,0.7625244291750957,0.8706873158934755,-0.12772489238609958
4271,0.9117441230214178,0.600177311609983,-0.12772489238609958
5875,-1.077851794929546,-1.1243239656972817,1.3219368871341832
7375,-0.555582866467418,-0.4142352044531138,0.8387162939607556
100,0.19051560276419338,0.4536510592897579,0.355495700787328
8354,0.6381746843031604,-0.5607614567733389,-0.6109454855595272
11056,-0.8788922031344497,-0.38042145391767723,0.8387162939607556
10017,1.533492847381094,1.8625573315996145,-0.6109454855595272
7187,-0.38149322364670873,-0.04228394856331166,0.8387162939607556
5362,-0.05818388697967712,0.1605985546493077,0.355495700787328
4766,-1.077851794929546,-1.1581377162327182,0.8387162939607556
8117,-1.077851794929546,-0.7974577105213948,1.3219368871341832
4880,-1.052981845955159,-0.40296395427463494,0.8387162939607556
9466,-1.052981845955159,-1.169408966411197,-0.12772489238609958
601,0.6879145822519344,0.8368735653580389,-0.12772489238609958
13084,0.9863539699445792,-0.23389520159745217,-2.06060726507981
13698,0.8371342760982567,1.4229785746389392,-1.0941660787329548
6182,-0.530712917493031,-0.9890689635555353,0.8387162939607556
11173,-1.077851794929546,-0.5382189564163812,1.3219368871341832
15334,-0.20740358082599933,-0.8876277119492256,0.355495700787328
2431,0.6879145822519344,0.7917885646441235,-0.12772489238609958
8729,-1.0281118969807719,-1.1243239656972817,0.8387162939607556
1044,-1.077851794929546,-1.1243239656972817,1.3219368871341832
14761,1.7821923371249646,1.9978123337413607,-1.0941660787329548
1557,0.9366140719958048,0.8368735653580389,-0.6109454855595272
5009,-0.40636317262109567,-0.22262395141897331,0.8387162939607556
1487,-0.28201342774916044,-0.8087289606998737,0.8387162939607556
6577,-1.077851794929546,-1.1919514667681548,1.3219368871341832
10739,-1.0281118969807719,-0.2902514524898464,0.8387162939607556
14121,-1.0281118969807719,-0.5607614567733389,1.3219368871341832
9079,-0.580452815441805,-0.8650852115922679,-0.12772489238609958
2115,-1.077851794929546,-1.0003402137340143,0.8387162939607556
5795,-1.077851794929546,-1.1243239656972817,0.8387162939607556
13637,1.0360938678933531,1.2989948226756718,-1.0941660787329548
9603,1.359403204560385,1.2313673216047987,-0.12772489238609958
8292,1.3096633066116106,0.7241610635732504,-0.12772489238609958
5491,0.3148653476361286,-0.7636439599859582,-1.0941660787329548
10772,-0.008443989030902977,0.8256023151795601,-0.6109454855595272
618,-0.8788922031344497,-0.49313395570246576,0.8387162939607556
11492,-0.033313938005289936,0.8143310650010812,-0.12772489238609958
8542,1.3345332555859974,1.659674828386995,-0.12772489238609958
15212,-0.505842968518644,0.6452623123238984,0.355495700787328
15010,-0.7048025603137403,-0.8650852115922679,0.8387162939607556
3396,-1.052981845955159,-0.5382189564163812,0.8387162939607556
1600,-0.40636317262109567,0.3860235582188848,0.355495700787328
11450,-1.077851794929546,-0.5044052058809446,1.3219368871341832
14889,-0.9535020500576108,-0.786186460342916,1.3219368871341832
1615,1.085833765842127,1.5807760771376431,0.8387162939607556
1752,1.0112239189189662,-0.07609769909874822,-0.6109454855595272
10335,1.9811519289200612,1.6033185774946008,-2.5438278582532377
2040,0.09103580686664531,0.7128898133947715,0.8387162939607556
2083,-0.38149322364670873,-0.1549964503481002,0.8387162939607556
9193,-0.40636317262109567,-0.42550645463159265,0.8387162939607556
546,0.9863539699445792,1.5356910764237277,-0.12772489238609958
6199,-0.8291523051856755,-1.090510215161845,1.3219368871341832
10994,-1.077851794929546,-1.101781465340324,1.3219368871341832
9796,0.9863539699445792,-0.22262395141897331,-0.6109454855595272
11529,-1.052981845955159,-0.40296395427463494,1.3219368871341832
5147,-1.077851794929546,-1.1130527155188028,1.3219368871341832
11748,-0.10792378492845114,-0.30152270266832526,-0.12772489238609958
675,-1.077851794929546,-1.101781465340324,1.3219368871341832
2545,-1.077851794929546,-1.2032227169466336,0.8387162939607556
4371,-1.077851794929546,-1.2032227169466336,0.8387162939607556
12769,-1.077851794929546,-1.2032227169466336,0.8387162939607556
3999,-1.077851794929546,-1.2032227169466336,0.355495700787328
14578,0.14077570481541946,-0.7974577105213948,-2.06060726507981
6014,0.8620042250726437,1.4680635753528546,0.355495700787328
5096,-1.077851794929546,-1.2032227169466336,0.8387162939607556
175,1.06096381686774,1.592047327316122,-0.12772489238609958
14907,-1.077851794929546,-1.0454252144479297,0.8387162939607556
2208,-0.555582866467418,-0.9552552130200987,-0.6109454855595272
3609,-1.077851794929546,-1.1468664660542394,0.8387162939607556
12005,-1.077851794929546,-1.1355952158757605,1.3219368871341832
13275,0.2899953986617417,0.8368735653580389,-0.12772489238609958
3787,2.030891826868835,2.0090835839198395,-1.0941660787329548
13904,-1.077851794929546,-1.1468664660542394,1.3219368871341832
10944,-0.9783719990319979,-1.1468664660542394,0.8387162939607556
6458,1.7821923371249646,1.0735698191060947,-1.5773866719063825
2225,-1.077851794929546,-1.1130527155188028,0.8387162939607556
3049,2.428811010459028,2.144338586061586,-2.5438278582532377
296,-0.505842968518644,-0.6847452087366063,0.355495700787328
1126,-0.8291523051856755,-0.9777977133770565,-0.12772489238609958
11925,-0.8540222541600626,-0.30152270266832526,0.8387162939607556
14611,-1.077851794929546,-1.1919514667681548,0.8387162939607556
11192,1.8319322350737386,1.4906060757098123,-1.5773866719063825
2441,0.7376544802007085,0.5776348112530253,-0.6109454855595272
13186,-1.077851794929546,-1.101781465340324,-0.12772489238609958
7369,-0.530712917493031,-0.47059145534550806,0.8387162939607556
1322,0.7127845312263216,0.9946710678567429,0.355495700787328
1603,-0.05818388697967712,0.7016185632162927,0.8387162939607556
4210,1.3096633066116106,1.6934885789224317,-1.5773866719063825
11933,0.3894751945592899,0.4536510592897579,-0.6109454855595272
13219,0.6630446332775474,0.21695480554170196,-1.0941660787329548
9648,-1.052981845955159,-0.3578789535607195,0.8387162939607556
4065,-0.9535020500576108,-0.932712712663141,1.3219368871341832
6904,-1.077851794929546,-1.169408966411197,1.3219368871341832
1294,0.33973529661051577,1.0172135682137005,-0.6109454855595272
5007,1.3842731535347719,0.6903473130378138,-1.5773866719063825
6069,1.085833765842127,1.2313673216047987,-0.12772489238609958
6386,1.2101835107140624,1.6822173287439528,0.355495700787328
14353,2.055761775843222,1.6371323280300374,-2.5438278582532377
11090,-1.077851794929546,-0.4818627055239869,1.3219368871341832
7379,1.2350534596884497,0.5438210607175887,-0.12772489238609958
4071,0.9614840209701918,-0.09864019945570593,-2.06060726507981
1507,0.14077570481541946,-0.47059145534550806,-0.6109454855595272
12004,0.5138249394312252,-0.5720327069518177,-0.6109454855595272
1559,1.2350534596884497,1.0284848183921793,-0.6109454855595272
9113,-0.15766368287722518,-0.932712712663141,-0.6109454855595272
5577,0.5635648373799991,0.6565335625023773,-0.12772489238609958
9894,-1.077851794929546,-1.1130527155188028,1.3219368871341832
7524,-0.4561030705698698,0.23949730589865967,0.8387162939607556
14455,-0.20740358082599933,0.521278560360631,0.8387162939607556
8523,1.533492847381094,1.5807760771376431,-1.0941660787329548
1836,-0.9783719990319979,-1.1243239656972817,0.8387162939607556
5611,1.2847933576372237,1.5469623266022066,-1.0941660787329548
7614,0.6133047353287733,-0.4593202051670292,-0.6109454855595272
8546,-0.2322735298003864,0.5663635610745464,0.355495700787328
5335,0.8371342760982567,1.129926069998489,-0.6109454855595272
1354,1.3096633066116106,0.679076062859335,-2.5438278582532377
14775,-0.15766368287722518,0.7016185632162927,0.8387162939607556
4141,2.3790711125102537,2.065439834812234,-2.5438278582532377
9241,0.36460524558490276,0.7016185632162927,-0.12772489238609958
14771,-0.8788922031344497,-0.031012698384832806,1.3219368871341832
13547,-0.7545424582625144,-0.9214414624846622,-0.6109454855595272
4844,-1.077851794929546,-0.6847452087366063,0.8387162939607556
4723,-0.505842968518644,-0.9890689635555353,-0.6109454855595272
6260,0.2651254496873547,-0.3691502037391984,-1.0941660787329548
13754,-0.505842968518644,-0.008470198027875101,0.355495700787328
6906,-0.3317533256979346,-0.8988989621277045,0.8387162939607556
3280,-0.6053227644161921,-1.0341539642694508,-0.12772489238609958
4032,-1.077851794929546,-1.169408966411197,1.3219368871341832
6720,2.4039410614846406,2.313407338738769,-1.0941660787329548
1235,-1.077851794929546,-0.44804895498855035,1.3219368871341832
8661,-1.077851794929546,-0.8200002108783525,0.355495700787328
10873,0.9366140719958048,0.08169980339995572,-2.5438278582532377
10807,-0.9286321010832237,-0.23389520159745217,0.8387162939607556
13684,0.2651254496873547,1.0397560685706582,0.355495700787328
10337,1.583232745329868,1.4229785746389392,-2.5438278582532377
2251,-0.580452815441805,-0.5607614567733389,0.8387162939607556
1025,0.43921509250806384,-0.30152270266832526,-0.6109454855595272
11934,-0.555582866467418,-0.1549964503481002,0.355495700787328
7642,0.5635648373799991,-0.7523727098074794,-1.0941660787329548
6649,-0.38149322364670873,-0.25643770195440985,0.8387162939607556
14633,-1.077851794929546,-1.1468664660542394,1.3219368871341832
8324,-0.20740358082599933,-0.4593202051670292,0.8387162939607556
9070,0.5386948884056122,-0.4142352044531138,0.355495700787328
3397,1.3345332555859974,1.287723572497193,-0.6109454855595272
313,0.7873943781494827,-0.47059145534550806,-2.06060726507981
636,-1.077851794929546,-0.8876277119492256,-0.12772489238609958
6149,-0.008443989030902977,-0.5945752073087754,-0.6109454855595272
8777,0.4143451435336769,-0.7523727098074794,-0.6109454855595272
10292,0.21538555173858054,-0.07609769909874822,-0.6109454855595272
15171,-0.7048025603137403,0.8706873158934755,1.3219368871341832
12722,-1.077851794929546,-1.0792389649833662,0.8387162939607556
7251,-0.8042823562112885,-0.932712712663141,1.3219368871341832
7765,0.3894751945592899,0.5100073101821522,0.355495700787328
11900,1.6081026943042553,1.6934885789224317,-0.6109454855595272
1152,-1.077851794929546,-1.0003402137340143,1.3219368871341832
2970,0.04129590891787117,-0.4818627055239869,-0.12772489238609958
12944,2.4039410614846406,2.381034839809642,-2.06060726507981
2584,0.21538555173858054,-0.6622027083796486,-0.6109454855595272
8842,0.9614840209701918,0.46492230946823676,0.355495700787328
3885,2.130371622766383,1.670946078565474,-1.5773866719063825
14748,-1.003241948006385,-0.27898020231136755,0.355495700787328
11826,1.7075824902018033,1.8625573315996145,-2.06060726507981
14636,-0.6053227644161921,-0.9101702123061833,0.355495700787328
4771,-1.077851794929546,-1.1468664660542394,-1.0941660787329548
8028,-1.077851794929546,-1.2032227169466336,1.3219368871341832
10967,-1.077851794929546,-1.180680216589676,1.3219368871341832
6697,0.7376544802007085,1.0961123194630524,-0.6109454855595272
15341,-0.7048025603137403,-0.9552552130200987,0.355495700787328
8079,1.1604436127652884,-0.21135270124049446,-1.5773866719063825
11509,0.5386948884056122,1.208824821247841,-1.5773866719063825
8892,1.9562819799456737,1.8738285817780933,-0.12772489238609958
11975,1.3842731535347719,0.11551355393539228,-2.5438278582532377
7131,-1.052981845955159,-0.3578789535607195,1.3219368871341832
6058,2.3790711125102537,2.0879823351691917,-1.5773866719063825
1840,0.488954990456838,-0.7185589592720428,-1.5773866719063825
13958,-0.9286321010832237,-0.6171177076657332,0.355495700787328
1564,-0.4312331215954827,0.059157303042998016,-0.12772489238609958
3673,-0.40636317262109567,-0.8876277119492256,0.355495700787328
8664,-0.10792378492845114,-0.07609769909874822,0.8387162939607556
13806,-0.7048025603137403,-0.7411014596290005,0.8387162939607556
4698,-1.0281118969807719,-1.0792389649833662,-0.12772489238609958
15305,-0.9783719990319979,-1.0792389649833662,-0.6109454855595272
3320,-0.8042823562112885,-0.9439839628416199,-0.12772489238609958
5192,1.2350534596884497,0.6339910621454196,-1.5773866719063825
2272,-0.8788922031344497,-0.54949020659486,0.8387162939607556
15328,-0.9535020500576108,-1.169408966411197,-1.0941660787329548
6157,-1.077851794929546,-1.1243239656972817,1.3219368871341832
4254,0.7127845312263216,0.8594160657149966,-0.12772489238609958
4773,-0.08305383595406408,-0.7636439599859582,-0.12772489238609958
6575,-1.052981845955159,-1.180680216589676,0.355495700787328
13262,0.488954990456838,0.8256023151795601,-1.0941660787329548
4709,-0.505842968518644,-0.9214414624846622,0.355495700787328
847,-0.15766368287722518,0.4085660585758425,0.355495700787328
11057,-1.077851794929546,-0.6734739585581274,1.3219368871341832
5544,-0.8291523051856755,-0.6509314582011697,1.3219368871341832
5526,-1.077851794929546,-1.0454252144479297,1.3219368871341832
838,2.0060218778944483,1.592047327316122,-2.06060726507981
5461,0.09103580686664531,-0.8763564617707468,-0.12772489238609958
8769,0.19051560276419338,-0.8312714610568314,-0.12772489238609958
8748,-1.077851794929546,-1.2032227169466336,1.3219368871341832
7802,-0.05818388697967712,0.6339910621454196,0.8387162939607556
4597,-0.4312331215954827,0.29585355679105396,0.8387162939607556
5916,-0.15766368287722518,-0.1549964503481002,0.8387162939607556
1417,-1.077851794929546,-1.1468664660542394,0.8387162939607556
5785,-0.6799326113393532,-0.8425427112353102,0.8387162939607556
8284,0.9863539699445792,0.7241610635732504,0.355495700787328
3848,2.6029006532797374,2.4035773401665996,-2.06060726507981
604,0.7127845312263216,0.8143310650010812,-1.5773866719063825
10753,1.2847933576372237,1.7273023294578682,-1.5773866719063825
13819,-1.077851794929546,-1.090510215161845,0.355495700787328
2078,-0.10792378492845114,0.07042855322147687,0.355495700787328
10210,-1.077851794929546,-1.2032227169466336,1.3219368871341832
2311,-0.033313938005289936,0.5325498105391099,0.355495700787328
10502,-0.6053227644161921,-0.5044052058809446,-0.12772489238609958
4343,-1.077851794929546,-1.1581377162327182,0.8387162939607556
1471,-0.8788922031344497,-1.0792389649833662,0.8387162939607556
8520,-1.077851794929546,-0.54949020659486,0.8387162939607556
1982,-0.7048025603137403,0.17186980482778655,0.8387162939607556
8725,-1.052981845955159,-1.1243239656972817,0.355495700787328
4466,1.3842731535347719,0.8030598148226024,-0.6109454855595272
199,-0.9037621521088367,-0.12118269981266364,1.3219368871341832
6676,1.8319322350737386,1.3891648241035026,-1.0941660787329548
485,-0.580452815441805,0.09297105357843458,0.8387162939607556
6975,-0.3317533256979346,-0.7523727098074794,-0.12772489238609958
3270,-1.077851794929546,-1.2032227169466336,1.3219368871341832
4724,0.16564565378980642,-0.8425427112353102,-1.5773866719063825
5728,0.5884347863543863,0.4987360600036733,-0.12772489238609958
2823,-1.052981845955159,-0.7974577105213948,0.8387162939607556
4551,-0.530712917493031,0.3634810578619271,0.8387162939607556
10235,-1.077851794929546,-1.180680216589676,1.3219368871341832
5336,-0.8042823562112885,-0.1324539499911425,0.8387162939607556
3245,-0.40636317262109567,-0.8650852115922679,-0.6109454855595272
4453,-1.077851794929546,-0.8763564617707468,0.8387162939607556
14204,-1.052981845955159,-1.1243239656972817,1.3219368871341832
5817,-0.28201342774916044,-0.932712712663141,-0.6109454855595272
8451,0.2402555007129675,-0.3916927040961561,-0.12772489238609958
3749,1.085833765842127,0.9157723166073909,-0.6109454855595272
2202,-0.8540222541600626,-1.0679677148048874,-0.12772489238609958
8492,-0.3068833767235475,0.014072302329082605,0.8387162939607556
12511,-0.48097301954425686,-0.09864019945570593,-0.12772489238609958
2794,-1.003241948006385,-0.49313395570246576,1.3219368871341832
7600,-0.9286321010832237,-0.8876277119492256,0.355495700787328
12534,-0.008443989030902977,0.5100073101821522,-0.12772489238609958
10580,0.11590575584103227,-0.8763564617707468,-1.5773866719063825
524,0.8122643271238696,1.4229785746389392,-0.12772489238609958
10741,0.06616585789225812,0.8256023151795601,0.355495700787328
14206,0.2651254496873547,-0.7185589592720428,0.355495700787328
947,0.5635648373799991,1.0172135682137005,-0.12772489238609958
12687,-0.2322735298003864,-0.21135270124049446,0.8387162939607556
9020,1.085833765842127,0.6565335625023773,0.355495700787328
12140,1.7573223881505777,1.0622985689276159,-2.5438278582532377
1280,-0.7048025603137403,0.17186980482778655,-0.12772489238609958
13264,-1.077851794929546,-0.5720327069518177,0.8387162939607556
122,1.2599234086628366,1.4229785746389392,-1.0941660787329548
4366,-1.0281118969807719,-1.169408966411197,-0.12772489238609958
5885,-1.077851794929546,-1.0792389649833662,0.8387162939607556
7436,0.016425959943484204,0.679076062859335,0.8387162939607556
14022,-0.05818388697967712,0.7016185632162927,-0.6109454855595272
8237,0.33973529661051577,0.9946710678567429,0.8387162939607556
2302,-0.008443989030902977,0.4536510592897579,-0.12772489238609958
13857,-0.6550626623649661,-1.0341539642694508,0.355495700787328
11511,0.14077570481541946,0.9157723166073909,-0.6109454855595272
9634,-0.05818388697967712,0.6678048126808561,0.355495700787328
5820,-0.9286321010832237,-1.1243239656972817,0.8387162939607556
10551,-0.033313938005289936,-0.7749152101644371,0.355495700787328
1005,-0.35662327467232163,-0.3578789535607195,-0.12772489238609958
3460,2.428811010459028,2.4148485903450783,-0.6109454855595272
10220,-1.077851794929546,-1.2032227169466336,1.3219368871341832
11471,-1.052981845955159,-0.3353364532037618,1.3219368871341832
13796,0.2402555007129675,-0.2000814510620156,-0.12772489238609958
3055,0.33973529661051577,0.9383148169643486,0.8387162939607556
13641,0.488954990456838,0.983399817678264,0.355495700787328
3566,0.14077570481541946,-0.18881020088353676,0.355495700787328
7402,0.5884347863543863,0.6565335625023773,-0.12772489238609958
2132,-0.05818388697967712,-0.6171177076657332,-0.12772489238609958
501,2.478550908407802,2.279593588203332,-1.5773866719063825
13593,-0.7296725092881273,-0.4367777048100715,0.8387162939607556
9857,-0.530712917493031,-1.0116114639124931,-1.0941660787329548
3185,-0.2322735298003864,-0.14372520016962134,0.8387162939607556
6153,0.9117441230214178,-0.3916927040961561,0.355495700787328
8065,-1.077851794929546,-1.1243239656972817,1.3219368871341832
229,-1.052981845955159,-0.5269477062379023,0.8387162939607556
9089,-1.077851794929546,-1.1468664660542394,1.3219368871341832
4001,-1.077851794929546,-1.2032227169466336,0.8387162939607556
8203,-0.9535020500576108,-0.14372520016962134,0.8387162939607556
14027,0.43921509250806384,1.0961123194630524,-0.6109454855595272
10742,-1.0281118969807719,-0.27898020231136755,1.3219368871341832
9416,-1.077851794929546,-0.9777977133770565,1.3219368871341832
3007,-0.3317533256979346,-0.08736894927722708,0.8387162939607556
9601,-1.077851794929546,-0.6396602080226909,0.8387162939607556
4587,-0.7545424582625144,0.03661480268604031,0.8387162939607556
4221,1.9811519289200612,1.9978123337413607,-1.0941660787329548
4305,-0.7545424582625144,-0.7185589592720428,0.355495700787328
9396,-0.9535020500576108,-0.6734739585581274,0.8387162939607556
7926,-0.35662327467232163,-0.1324539499911425,0.8387162939607556
2750,-0.18253363185161225,0.6339910621454196,0.355495700787328
11134,-0.2322735298003864,0.6452623123238984,-0.12772489238609958
595,1.1107037148165144,1.1750110707124044,-0.12772489238609958
7210,-1.0281118969807719,-0.7974577105213948,0.8387162939607556
4376,-1.077851794929546,-1.2032227169466336,-0.12772489238609958
2944,-1.077851794929546,-1.1468664660542394,1.3219368871341832
8035,-1.077851794929546,-1.1919514667681548,0.355495700787328
7612,-0.40636317262109567,-0.7523727098074794,0.8387162939607556
2718,0.3894751945592899,1.129926069998489,-0.12772489238609958
3362,-0.6799326113393532,-0.4367777048100715,0.355495700787328
15047,0.5884347863543863,0.2845823066125751,0.355495700787328
9675,0.5386948884056122,1.2313673216047987,-0.12772489238609958
5824,-0.8291523051856755,-1.090510215161845,0.355495700787328
8994,0.6879145822519344,0.9495860671428275,0.355495700787328
14949,-1.052981845955159,-1.169408966411197,0.8387162939607556
5230,0.3148653476361286,0.7467035639302081,0.355495700787328
14685,0.488954990456838,0.22822605572018081,-0.6109454855595272
6746,1.2847933576372237,1.738573579636347,0.355495700787328
4161,2.354201163535867,2.279593588203332,-1.0941660787329548
13080,-1.077851794929546,-1.0454252144479297,0.8387162939607556
12587,-0.28201342774916044,0.600177311609983,-0.12772489238609958
6878,1.085833765842127,-0.25643770195440985,-2.06060726507981
11806,-0.38149322364670873,0.25076855607713855,-0.12772489238609958
14015,0.016425959943484204,0.7128898133947715,0.8387162939607556
5322,0.5635648373799991,1.0961123194630524,0.8387162939607556
5561,1.06096381686774,0.6339910621454196,0.355495700787328
13756,1.9562819799456737,1.4004360742819815,-2.5438278582532377
8600,2.055761775843222,2.0767110849907127,-0.12772489238609958
13483,-0.9535020500576108,-1.1130527155188028,1.3219368871341832
13599,-1.077851794929546,-0.7636439599859582,0.8387162939607556
11306,-1.077851794929546,-1.2032227169466336,0.8387162939607556
7808,0.9614840209701918,1.4004360742819815,-0.12772489238609958
11031,1.1355736637909013,0.48746480982519447,-1.5773866719063825
10585,-1.077851794929546,-1.2032227169466336,0.8387162939607556
4867,0.33973529661051577,0.7917885646441235,-0.6109454855595272
9282,1.583232745329868,1.8738285817780933,-0.12772489238609958
13054,0.46408504148245106,0.09297105357843458,-1.5773866719063825
1017,-0.48097301954425686,-0.5607614567733389,0.355495700787328
10455,0.2402555007129675,0.6678048126808561,-0.6109454855595272
8279,1.4340130514835459,1.0284848183921793,0.355495700787328
9854,0.09103580686664531,-0.8763564617707468,-0.12772489238609958
1928,2.030891826868835,1.51314857606677,-1.5773866719063825
13289,2.2795913166127058,2.211966087132459,-2.06060726507981
350,-1.0281118969807719,-1.169408966411197,-0.12772489238609958
6703,0.8620042250726437,1.2426385717832775,0.355495700787328
13872,-1.077851794929546,-1.2032227169466336,-0.6109454855595272
223,-0.7048025603137403,-0.031012698384832806,0.355495700787328
6030,1.4340130514835459,1.7949298305287413,-0.12772489238609958
14346,-1.077851794929546,-0.6509314582011697,1.3219368871341832
13329,2.57803070430535,2.4824760914159514,-2.5438278582532377
14536,1.0360938678933531,-0.06482644892026937,-2.06060726507981
9387,0.3148653476361286,0.25076855607713855,0.355495700787328
2500,0.06616585789225812,-0.6058464574872543,0.355495700787328
8846,1.359403204560385,0.7354323137517292,-1.5773866719063825
9877,-1.077851794929546,-1.169408966411197,1.3219368871341832
564,-1.077851794929546,-0.47059145534550806,0.8387162939607556
1582,-0.9535020500576108,-0.2902514524898464,0.8387162939607556
5545,-1.052981845955159,-0.8538139614137891,1.3219368871341832
2175,-0.2322735298003864,-0.9439839628416199,0.355495700787328
10156,-1.077851794929546,-1.0341539642694508,-0.12772489238609958
9320,-0.38149322364670873,0.4761935596467156,0.355495700787328
15312,-1.077851794929546,-1.1130527155188028,0.355495700787328
3933,0.46408504148245106,-0.07609769909874822,-0.6109454855595272
12224,0.8371342760982567,1.4455210749958969,-0.6109454855595272
7356,-0.40636317262109567,-0.628388957844212,0.8387162939607556
2707,-1.077851794929546,-0.4142352044531138,1.3219368871341832
15153,1.8070622860993515,2.279593588203332,-0.12772489238609958
9924,1.0360938678933531,0.21695480554170196,-2.06060726507981
5211,-1.077851794929546,-0.6847452087366063,1.3219368871341832
14921,-1.052981845955159,-1.0792389649833662,-0.12772489238609958
9619,0.2402555007129675,0.7692460642871658,0.355495700787328
15264,0.14077570481541946,-0.08736894927722708,-1.0941660787329548
3535,0.5138249394312252,0.4761935596467156,0.355495700787328
9756,1.4837529494323203,0.7354323137517292,-1.5773866719063825
11756,-0.580452815441805,-0.4593202051670292,-0.12772489238609958
2397,1.6827125412274162,1.817472330885699,-0.6109454855595272
6657,-1.077851794929546,-0.786186460342916,0.8387162939607556
3739,-0.3317533256979346,-0.06482644892026937,0.8387162939607556
11977,-0.008443989030902977,-0.3916927040961561,-1.0941660787329548
821,-1.077851794929546,-0.7298302094505217,1.3219368871341832
2063,0.5884347863543863,0.7692460642871658,-0.6109454855595272
13070,-1.077851794929546,-0.9890689635555353,1.3219368871341832
10354,-0.08305383595406408,0.5776348112530253,0.355495700787328
81,1.583232745329868,0.8481448155365178,-2.06060726507981
5419,-1.077851794929546,-1.090510215161845,1.3219368871341832
10119,0.14077570481541946,0.13805605429235,0.355495700787328
14223,-1.077851794929546,-1.2032227169466336,1.3219368871341832
14946,-0.35662327467232163,-0.9439839628416199,-0.12772489238609958
2697,-0.580452815441805,0.22822605572018081,-0.12772489238609958
831,0.06616585789225812,0.37475230804040593,0.355495700787328
4574,1.6081026943042553,1.8738285817780933,-1.0941660787329548
3826,2.6029006532797374,2.505018591772909,-2.06060726507981
5924,1.1853135617396753,0.6565335625023773,-1.0941660787329548
10970,-1.0281118969807719,-1.1355952158757605,-0.12772489238609958
1397,-0.7545424582625144,-0.8425427112353102,1.3219368871341832
10491,-0.3068833767235475,-0.2000814510620156,-0.12772489238609958
2833,1.2101835107140624,0.2845823066125751,-2.06060726507981
10153,-0.7794124072369014,-0.7749152101644371,0.8387162939607556
14274,-0.13279373390283822,-0.7411014596290005,-0.6109454855595272
14631,-0.08305383595406408,-0.7974577105213948,-0.12772489238609958
9216,0.36460524558490276,0.3296673073264905,0.355495700787328
13579,-0.4561030705698698,-0.4142352044531138,-0.12772489238609958
7532,0.2402555007129675,0.679076062859335,-0.12772489238609958
48,-1.077851794929546,-1.0454252144479297,1.3219368871341832
10515,-0.9783719990319979,-0.8763564617707468,1.3219368871341832
7640,0.11590575584103227,-0.8312714610568314,-0.12772489238609958
13953,0.9863539699445792,0.41983730875432135,-1.0941660787329548
6512,-1.077851794929546,-1.0792389649833662,0.8387162939607556
13169,-1.077851794929546,-1.1581377162327182,0.8387162939607556
13594,-0.8788922031344497,-0.54949020659486,0.8387162939607556
15135,-0.4561030705698698,1.2426385717832775,0.8387162939607556
6357,-0.580452815441805,0.2620398062556174,0.355495700787328
4095,-1.077851794929546,-0.8200002108783525,1.3219368871341832
2689,1.085833765842127,1.4229785746389392,-0.6109454855595272
1189,0.4143451435336769,0.48746480982519447,0.8387162939607556
10819,1.533492847381094,1.4455210749958969,-1.5773866719063825
4845,-1.077851794929546,-0.6847452087366063,0.355495700787328
5210,-1.077851794929546,-0.6847452087366063,0.8387162939607556
3990,-0.7048025603137403,-1.0341539642694508,0.8387162939607556
2373,1.583232745329868,1.9076423323135299,-0.6109454855595272
11297,0.016425959943484204,-0.8763564617707468,-0.6109454855595272
5676,1.9562819799456737,2.0428973344552763,-1.5773866719063825
12425,-1.077851794929546,-1.1919514667681548,1.3219368871341832
2758,0.3148653476361286,0.9721285674997852,0.355495700787328
10168,0.9614840209701918,-0.3353364532037618,-2.5438278582532377
6607,-1.003241948006385,-1.0566964646264085,0.355495700787328
9976,-1.0281118969807719,-0.4593202051670292,-0.12772489238609958
10118,-0.9286321010832237,-0.5720327069518177,0.8387162939607556
2488,0.7873943781494827,-0.22262395141897331,-2.06060726507981
2579,-0.20740358082599933,-0.8200002108783525,-0.12772489238609958
9004,-0.530712917493031,-0.008470198027875101,0.355495700787328
13553,-0.3068833767235475,-0.707287709093564,-0.12772489238609958
3880,0.5138249394312252,0.8594160657149966,0.355495700787328
10138,0.9117441230214178,0.17186980482778655,-1.0941660787329548
9060,-1.077851794929546,-1.0341539642694508,1.3219368871341832
9727,-1.077851794929546,-0.6171177076657332,0.8387162939607556
4934,-0.6799326113393532,0.19441230518474426,0.8387162939607556
12450,-0.7296725092881273,-0.932712712663141,0.355495700787328
14093,-1.077851794929546,-0.5269477062379023,1.3219368871341832
8364,-1.077851794929546,-1.169408966411197,0.8387162939607556
2209,-1.077851794929546,-1.169408966411197,1.3219368871341832
5235,-0.8291523051856755,-0.14372520016962134,0.8387162939607556
3945,0.6381746843031604,-0.21135270124049446,-0.12772489238609958
13237,-0.15766368287722518,0.07042855322147687,-0.6109454855595272
9923,0.11590575584103227,-0.18881020088353676,-0.12772489238609958
2164,-0.9535020500576108,-1.1243239656972817,0.355495700787328
2886,0.2899953986617417,-0.7411014596290005,-1.0941660787329548
8206,2.030891826868835,2.189423586775501,-0.6109454855595272
11076,2.0060218778944483,1.7836585803502625,-2.06060726507981
15246,-0.6799326113393532,-0.30152270266832526,-1.0941660787329548
516,-1.077851794929546,-0.4142352044531138,1.3219368871341832
11941,0.5884347863543863,0.44237980911127905,-0.12772489238609958
7518,1.2350534596884497,1.4680635753528546,0.355495700787328
5666,1.7075824902018033,1.9527273330274453,-0.12772489238609958
172,2.652640551228511,2.527561092129867,-2.06060726507981
639,-0.9037621521088367,-0.707287709093564,-0.12772489238609958
7969,0.488954990456838,-0.3691502037391984,-0.6109454855595272
9145,-0.3317533256979346,-0.8988989621277045,-0.12772489238609958
13295,1.3345332555859974,1.6934885789224317,-2.06060726507981
7224,1.085833765842127,0.08169980339995572,-0.6109454855595272
8051,-0.008443989030902977,-0.8200002108783525,-0.6109454855595272
5065,0.7376544802007085,-0.5269477062379023,-1.0941660787329548
1143,-1.077851794929546,-1.0454252144479297,1.3219368871341832
12715,0.7376544802007085,-0.24516645177593102,-0.6109454855595272
7435,1.4340130514835459,1.6145898276730797,-0.6109454855595272
10889,-0.13279373390283822,-0.54949020659486,-0.6109454855595272
12847,0.886874174047031,0.1831410550062654,-1.5773866719063825
11621,-1.077851794929546,-1.0566964646264085,1.3219368871341832
1832,-0.13279373390283822,-0.8876277119492256,-0.6109454855595272
9950,-0.7794124072369014,-0.38042145391767723,1.3219368871341832
9068,0.09103580686664531,-0.5269477062379023,0.8387162939607556
3686,0.016425959943484204,-0.6622027083796486,-0.12772489238609958
6227,-1.077851794929546,-1.1581377162327182,1.3219368871341832
5700,-1.077851794929546,-0.5720327069518177,1.3219368871341832
11612,0.016425959943484204,-0.3916927040961561,-1.0941660787329548
13893,-0.9037621521088367,-1.0792389649833662,-0.6109454855595272
4537,1.8319322350737386,2.0316260842767973,-0.6109454855595272
3515,2.2795913166127058,1.817472330885699,-2.06060726507981
9896,-1.077851794929546,-1.1130527155188028,0.355495700787328
834,1.0112239189189662,0.9946710678567429,-0.6109454855595272
2486,0.7873943781494827,-0.2000814510620156,-2.06060726507981
11449,-0.8788922031344497,-0.16626770052657905,1.3219368871341832
8742,-1.077851794929546,-1.1919514667681548,1.3219368871341832
9383,1.2847933576372237,0.7917885646441235,-0.6109454855595272
10414,1.856802184048126,2.0428973344552763,-2.06060726507981
13540,-1.077851794929546,-1.1355952158757605,1.3219368871341832
9532,-0.9286321010832237,-0.9890689635555353,0.8387162939607556
5467,-1.077851794929546,-1.2032227169466336,0.8387162939607556
4915,-0.25714347877477345,0.6227198119669407,0.8387162939607556
65,0.7625244291750957,0.1605985546493077,-1.5773866719063825
8726,-0.530712917493031,-0.9214414624846622,0.355495700787328
12375,0.6630446332775474,-0.5945752073087754,-1.5773866719063825
10419,-0.6550626623649661,0.2056835553632231,0.355495700787328
2024,0.9863539699445792,1.4455210749958969,-0.6109454855595272
1872,-1.077851794929546,-1.0566964646264085,1.3219368871341832
354,-0.35662327467232163,-0.9777977133770565,-0.12772489238609958
5360,0.8371342760982567,0.679076062859335,-0.12772489238609958
1767,-0.008443989030902977,-0.6058464574872543,0.8387162939607556
12680,-0.8042823562112885,-0.5044052058809446,-1.5773866719063825
9613,1.2350534596884497,1.3215373230326295,-0.12772489238609958
6405,2.1801115207151573,2.1668810864185435,-1.0941660787329548
4762,-1.077851794929546,-1.169408966411197,1.3219368871341832
1164,0.06616585789225812,-0.09864019945570593,0.355495700787328
12423,-1.077851794929546,-1.1919514667681548,0.8387162939607556
13576,0.6381746843031604,0.059157303042998016,0.355495700787328
3395,-0.8291523051856755,-0.24516645177593102,0.8387162939607556
8484,0.5138249394312252,0.37475230804040593,0.355495700787328
7816,-1.077851794929546,-0.42550645463159265,1.3219368871341832
4568,2.1552415717407705,2.223237337310938,-1.5773866719063825
14449,1.5086228984067072,1.7160310792793894,-1.5773866719063825
3127,0.2899953986617417,0.9270435667858697,-0.12772489238609958
7571,-0.08305383595406408,-0.10991144963418478,-0.12772489238609958
6946,-0.033313938005289936,-0.8650852115922679,-0.12772489238609958
309,-1.052981845955159,-1.0679677148048874,1.3219368871341832
8387,-0.15766368287722518,-0.932712712663141,-1.0941660787329548
8796,0.4143451435336769,-0.5833039571302966,-0.12772489238609958
14412,-0.7794124072369014,0.09297105357843458,0.8387162939607556
10876,0.6630446332775474,-0.06482644892026937,-2.06060726507981
8736,-0.7296725092881273,-1.0454252144479297,0.8387162939607556
4354,-1.077851794929546,-1.1919514667681548,0.8387162939607556
9586,-1.077851794929546,-0.7411014596290005,1.3219368871341832
14317,-0.15766368287722518,-0.1549964503481002,-0.6109454855595272
8402,0.16564565378980642,-0.8425427112353102,-0.6109454855595272
3587,-0.28201342774916044,-0.6396602080226909,-0.6109454855595272
7563,-0.48097301954425686,-0.23389520159745217,0.355495700787328
2583,-1.077851794929546,-1.1355952158757605,1.3219368871341832
7764,-1.077851794929546,-0.707287709093564,1.3219368871341832
2770,1.5086228984067072,1.6258610778515585,0.355495700787328
4812,-1.052981845955159,-0.8650852115922679,0.355495700787328
11035,1.2350534596884497,0.6114485617884619,-1.5773866719063825
10439,1.4091431025091588,1.5807760771376431,-1.0941660787329548
5087,0.2899953986617417,-0.8200002108783525,-2.06060726507981
324,-1.077851794929546,-1.1581377162327182,-0.6109454855595272
5171,0.6133047353287733,-0.1549964503481002,-0.12772489238609958
5648,0.2899953986617417,1.0622985689276159,0.8387162939607556
6743,0.7376544802007085,1.3778935739250238,0.8387162939607556
14004,1.06096381686774,1.3215373230326295,-0.12772489238609958
3209,-1.077851794929546,-0.9890689635555353,0.8387162939607556
10663,-0.08305383595406408,-0.1324539499911425,-0.12772489238609958
3905,-1.052981845955159,-0.6960164589150851,1.3219368871341832
13571,-0.8788922031344497,-0.8087289606998737,0.8387162939607556
1292,0.6879145822519344,1.2651810721402352,-0.6109454855595272
5638,-1.052981845955159,-0.3353364532037618,0.8387162939607556
14765,0.06616585789225812,0.8706873158934755,0.355495700787328
14359,0.9863539699445792,1.1411973201769678,-0.6109454855595272
9371,0.6133047353287733,0.7354323137517292,-0.12772489238609958
2379,2.0060218778944483,2.133067335883107,-1.0941660787329548
10673,-0.35662327467232163,-0.1549964503481002,0.355495700787328
9720,-0.28201342774916044,0.3409385575049694,0.355495700787328
3634,-1.077851794929546,-1.2032227169466336,0.355495700787328
4169,-0.48097301954425686,0.3860235582188848,0.8387162939607556
8910,0.488954990456838,1.1186548198200101,-0.12772489238609958
6658,-0.8291523051856755,-0.47059145534550806,0.355495700787328
13049,0.2899953986617417,0.09297105357843458,-2.06060726507981
15052,-0.9286321010832237,-0.3466077033822407,0.8387162939607556
3428,0.46408504148245106,1.0848410692845736,-1.0941660787329548
4421,-1.077851794929546,-1.090510215161845,1.3219368871341832
1101,-0.008443989030902977,-0.8650852115922679,-0.12772489238609958
8997,2.1552415717407705,1.7047598291009105,-1.0941660787329548
13636,-0.6550626623649661,0.04788605286451916,0.8387162939607556
14638,-0.9783719990319979,-1.0566964646264085,0.8387162939607556
3250,-0.8291523051856755,-1.0341539642694508,0.8387162939607556
4409,-1.077851794929546,-1.1355952158757605,1.3219368871341832
4140,2.2795913166127058,1.9978123337413607,-2.06060726507981
3557,-1.077851794929546,-0.8876277119492256,1.3219368871341832
709,-1.077851794929546,-1.2032227169466336,1.3219368871341832
118,-1.052981845955159,-0.4818627055239869,0.355495700787328
2022,0.7376544802007085,1.2989948226756718,-0.12772489238609958
4598,1.4340130514835459,1.5582335767806854,0.8387162939607556
12465,-0.9535020500576108,-0.9439839628416199,1.3219368871341832
14505,-0.05818388697967712,-0.008470198027875101,0.355495700787328
6130,-0.555582866467418,-0.6058464574872543,-0.12772489238609958
12354,-1.052981845955159,-1.0341539642694508,0.8387162939607556
6952,-0.48097301954425686,-0.9552552130200987,0.355495700787328
13301,-0.6799326113393532,0.1831410550062654,0.8387162939607556
2374,1.7573223881505777,2.0090835839198395,-1.0941660787329548
14781,1.359403204560385,1.7836585803502625,-1.0941660787329548
14622,-1.052981845955159,-1.1581377162327182,1.3219368871341832
9571,-0.10792378492845114,-0.09864019945570593,0.8387162939607556
5227,-0.6799326113393532,-0.053555198741790516,1.3219368871341832
14815,1.2847933576372237,1.5807760771376431,-1.5773866719063825
6606,-1.077851794929546,-1.1243239656972817,0.8387162939607556
4681,-1.077851794929546,-1.0566964646264085,0.8387162939607556
11286,0.2651254496873547,-0.7298302094505217,-1.0941660787329548
8576,0.8122643271238696,1.4229785746389392,-0.6109454855595272
5003,-0.40636317262109567,-0.1549964503481002,0.355495700787328
7920,-0.9037621521088367,-0.49313395570246576,0.8387162939607556
7838,2.2049814696895442,2.279593588203332,-1.5773866719063825
2857,-1.077851794929546,-1.0566964646264085,1.3219368871341832
4273,0.9863539699445792,0.5889060614315041,-1.5773866719063825
5739,-0.9783719990319979,-0.6509314582011697,0.8387162939607556
12893,-1.052981845955159,-0.5382189564163812,-0.12772489238609958
13592,-1.077851794929546,-0.8200002108783525,1.3219368871341832
14058,-1.077851794929546,-0.42550645463159265,1.3219368871341832
5470,-1.077851794929546,-1.2032227169466336,0.355495700787328
5816,-0.05818388697967712,-0.8763564617707468,-0.6109454855595272
1158,0.09103580686664531,-0.1775389507050579,-0.6109454855595272
14426,1.5086228984067072,1.8625573315996145,-1.5773866719063825
9100,-1.052981845955159,-1.1581377162327182,0.8387162939607556
87,-0.9037621521088367,-0.5044052058809446,1.3219368871341832
8063,0.36460524558490276,-0.628388957844212,-0.12772489238609958
3382,-0.9535020500576108,-0.49313395570246576,0.8387162939607556
14213,-0.033313938005289936,-0.8312714610568314,-0.6109454855595272
10121,1.1107037148165144,0.5776348112530253,-0.6109454855595272
403,-1.052981845955159,-1.0566964646264085,1.3219368871341832
14936,-1.077851794929546,-1.1581377162327182,0.8387162939607556
3350,0.7127845312263216,0.10424230375691343,-0.6109454855595272
14330,-0.6550626623649661,-0.3127939528468041,0.8387162939607556
7946,-1.077851794929546,-0.9214414624846622,1.3219368871341832
14844,1.9562819799456737,1.5469623266022066,-2.5438278582532377
6378,1.9314120309712868,2.133067335883107,-0.12772489238609958
2241,-0.13279373390283822,-0.5382189564163812,-0.12772489238609958
9188,-0.8291523051856755,-0.7749152101644371,-0.12772489238609958
14926,-0.25714347877477345,-0.7749152101644371,-0.6109454855595272
6552,-1.077851794929546,-1.2032227169466336,1.3219368871341832
9380,1.1355736637909013,0.7692460642871658,-0.12772489238609958
10067,1.8816721330225128,1.9301848326704876,-2.06060726507981
6310,-0.40636317262109567,0.059157303042998016,0.8387162939607556
1027,-1.077851794929546,-1.0454252144479297,1.3219368871341832
14890,-0.4561030705698698,-0.4818627055239869,-0.12772489238609958
3803,0.9117441230214178,1.434249824817418,-0.12772489238609958
5517,0.21538555173858054,-0.54949020659486,-1.0941660787329548
2436,-0.9037621521088367,-0.4367777048100715,0.8387162939607556
4689,-0.48097301954425686,-0.7636439599859582,0.355495700787328
10358,-0.25714347877477345,0.46492230946823676,-0.12772489238609958
5298,1.6827125412274162,1.9527273330274453,-1.0941660787329548
1278,-0.18253363185161225,0.679076062859335,0.8387162939607556
12472,-1.052981845955159,-0.9777977133770565,1.3219368871341832
8563,-0.6301927133905793,0.2620398062556174,1.3219368871341832
6856,-0.8540222541600626,-0.7298302094505217,0.8387162939607556
2042,-0.35662327467232163,0.3409385575049694,0.355495700787328
9906,-0.48097301954425686,-0.7298302094505217,-0.12772489238609958
6654,1.3345332555859974,0.7016185632162927,0.355495700787328
6074,1.4091431025091588,1.3328085732111083,-1.5773866719063825
5157,-0.6550626623649661,-0.8087289606998737,-0.6109454855595272
1425,0.43921509250806384,-0.707287709093564,-1.0941660787329548
5027,-0.9286321010832237,-0.7636439599859582,0.8387162939607556
5281,0.6381746843031604,1.3102660728541506,0.8387162939607556
9430,0.36460524558490276,-0.40296395427463494,-0.6109454855595272
1502,-0.9037621521088367,-0.9439839628416199,0.8387162939607556
14947,0.2651254496873547,-0.8087289606998737,-2.06060726507981
13144,-0.580452815441805,-1.022882714090972,-0.12772489238609958
12565,2.1055016737919963,2.155609836240065,-1.5773866719063825
13310,2.3790711125102537,2.369763589631163,-2.5438278582532377
14988,-0.9286321010832237,-1.0341539642694508,1.3219368871341832
6064,1.7324524391761906,1.659674828386995,-1.5773866719063825
678,-0.9286321010832237,-1.0116114639124931,0.355495700787328
6673,1.4091431025091588,1.1186548198200101,0.355495700787328
5851,-1.077851794929546,-1.1919514667681548,0.355495700787328
7194,0.2402555007129675,0.23949730589865967,-0.12772489238609958
10656,0.6879145822519344,0.11551355393539228,-1.0941660787329548
5265,0.9366140719958048,1.4680635753528546,0.355495700787328
12105,-1.052981845955159,-0.9777977133770565,1.3219368871341832
14085,1.1107037148165144,1.4680635753528546,-0.6109454855595272
9542,0.5386948884056122,-0.3578789535607195,-0.6109454855595272
5053,-1.077851794929546,-1.090510215161845,0.8387162939607556
5215,1.7324524391761906,1.3440798233895872,-0.6109454855595272
1850,0.2651254496873547,-0.6847452087366063,-0.6109454855595272
6522,0.04129590891787117,-0.6622027083796486,-0.6109454855595272
1070,-0.40636317262109567,-0.9665264631985776,0.8387162939607556
13366,0.46408504148245106,0.9383148169643486,-0.12772489238609958
6784,2.428811010459028,2.1781523365970226,-0.12772489238609958
7750,0.7873943781494827,0.46492230946823676,-0.12772489238609958
2480,-1.077851794929546,-1.0003402137340143,1.3219368871341832
12754,-1.077851794929546,-1.1919514667681548,1.3219368871341832
3392,-1.077851794929546,-0.628388957844212,1.3219368871341832
1099,-0.7545424582625144,-1.0566964646264085,0.355495700787328
5484,-1.077851794929546,-1.1919514667681548,1.3219368871341832
12101,-0.9783719990319979,-0.9439839628416199,0.355495700787328
9315,1.6578425922530293,1.9414560828489664,-0.6109454855595272
11877,0.5386948884056122,1.197553571069362,-0.6109454855595272
418,-0.6301927133905793,-0.707287709093564,-0.12772489238609958
9691,2.503420857382189,2.358492339452684,-1.0941660787329548
5819,-0.7048025603137403,-1.0454252144479297,0.355495700787328
9680,-0.35662327467232163,0.521278560360631,0.355495700787328
1947,1.2599234086628366,1.4117073244604603,-1.5773866719063825
8653,1.7821923371249646,1.0059423180352216,-1.5773866719063825
3336,0.36460524558490276,-0.3578789535607195,0.355495700787328
2299,1.2847933576372237,1.208824821247841,-1.0941660787329548
9375,1.8816721330225128,1.208824821247841,-2.06060726507981
9378,1.856802184048126,1.1411973201769678,-1.5773866719063825
15006,-0.9783719990319979,-0.8988989621277045,-1.5773866719063825
208,0.36460524558490276,0.9608573173213063,-0.12772489238609958
8487,1.6578425922530293,0.9946710678567429,-2.06060726507981
3682,-0.8540222541600626,-0.9890689635555353,-0.12772489238609958
9639,1.7821923371249646,1.9414560828489664,-0.6109454855595272
8420,-1.077851794929546,-1.1581377162327182,0.8387162939607556
14908,-1.077851794929546,-1.0566964646264085,1.3219368871341832
528,0.9863539699445792,1.5469623266022066,0.355495700787328
5329,-0.555582866467418,0.17186980482778655,0.8387162939607556
779,-0.6550626623649661,-0.7636439599859582,0.8387162939607556
722,-1.052981845955159,-1.180680216589676,0.8387162939607556
7772,-1.077851794929546,-0.6509314582011697,1.3219368871341832
9735,-0.6053227644161921,-0.06482644892026937,0.8387162939607556
7313,-0.7296725092881273,-1.0341539642694508,0.355495700787328
1860,-1.052981845955159,-1.0792389649833662,1.3219368871341832
13838,-1.077851794929546,-1.1581377162327182,1.3219368871341832
14672,-0.2322735298003864,-0.3353364532037618,0.355495700787328
13000,-0.033313938005289936,0.600177311609983,-1.5773866719063825
13933,-0.25714347877477345,-0.5382189564163812,0.8387162939607556
1992,2.503420857382189,2.448662340880515,-1.0941660787329548
2332,-0.13279373390283822,0.6227198119669407,0.355495700787328
9970,-0.9286321010832237,-0.3578789535607195,0.8387162939607556
6339,0.5635648373799991,1.0622985689276159,-0.6109454855595272
10144,-0.6301927133905793,-0.5945752073087754,0.355495700787328
8715,0.5884347863543863,-0.5269477062379023,-0.6109454855595272
6117,0.8620042250726437,0.2056835553632231,-0.6109454855595272
3459,-0.505842968518644,0.39729480839736364,0.355495700787328
7974,0.5635648373799991,-0.4142352044531138,0.355495700787328
6567,0.4143451435336769,-0.8200002108783525,-2.06060726507981
15238,1.6329726432786424,0.9383148169643486,-2.5438278582532377
14421,2.528290806356576,-0.8876277119492256,-2.5438278582532377
14604,-1.077851794929546,-1.2032227169466336,1.3219368871341832
9552,-0.8540222541600626,-0.8087289606998737,0.355495700787328
5492,0.2899953986617417,-0.7636439599859582,-1.0941660787329548
9617,0.9614840209701918,1.2200960714263198,0.355495700787328
4518,-1.077851794929546,-0.47059145534550806,1.3219368871341832
13764,0.43921509250806384,0.4085660585758425,-0.12772489238609958
8395,0.2651254496873547,-0.8425427112353102,-1.0941660787329548
5138,-0.9783719990319979,-1.0679677148048874,-1.0941660787329548
6755,-0.9535020500576108,-0.14372520016962134,1.3219368871341832
11459,0.8371342760982567,1.2989948226756718,-1.0941660787329548
12783,-1.077851794929546,-1.1919514667681548,-0.12772489238609958
257,1.5583627963554811,0.8030598148226024,-1.0941660787329548
11661,-0.13279373390283822,-0.8988989621277045,-2.06060726507981
11573,-0.6799326113393532,-0.2902514524898464,0.8387162939607556
13223,-1.077851794929546,-0.8425427112353102,0.355495700787328
12975,-1.077851794929546,-0.44804895498855035,-0.12772489238609958
6931,-1.0281118969807719,-1.169408966411197,1.3219368871341832
14148,-0.15766368287722518,-0.1775389507050579,-0.12772489238609958
13557,-1.077851794929546,-1.0679677148048874,0.8387162939607556
3625,-1.077851794929546,-1.1919514667681548,0.355495700787328
702,-0.8788922031344497,-1.090510215161845,0.355495700787328
3189,0.9366140719958048,0.35220980768344823,-1.5773866719063825
503,0.7376544802007085,1.2539098219617564,-0.6109454855595272
12061,-0.9535020500576108,-1.1130527155188028,0.8387162939607556
13543,-0.20740358082599933,-0.7636439599859582,0.355495700787328
5441,-1.077851794929546,-1.1581377162327182,0.8387162939607556
2556,-1.077851794929546,-1.1919514667681548,1.3219368871341832
848,-1.077851794929546,-0.5607614567733389,0.355495700787328
2248,-0.6301927133905793,-0.6734739585581274,-0.12772489238609958
5616,0.11590575584103227,0.8030598148226024,0.8387162939607556
8926,0.46408504148245106,1.1750110707124044,0.355495700787328
372,-1.077851794929546,-1.1919514667681548,0.8387162939607556
13601,0.19051560276419338,0.2620398062556174,0.8387162939607556
5317,-0.18253363185161225,0.5889060614315041,0.8387162939607556
10871,-0.580452815441805,-0.5382189564163812,0.355495700787328
5487,-1.077851794929546,-1.180680216589676,1.3219368871341832
5303,-0.8291523051856755,0.014072302329082605,0.8387162939607556
4052,-1.052981845955159,-1.0792389649833662,0.355495700787328
3937,-0.05818388697967712,-0.3466077033822407,0.8387162939607556
6252,-1.052981845955159,-1.0341539642694508,0.8387162939607556
15180,-0.08305383595406408,1.4229785746389392,0.8387162939607556
8336,-0.25714347877477345,-0.628388957844212,-0.12772489238609958
12516,-0.033313938005289936,0.27331105643409626,-0.12772489238609958
10977,-0.8540222541600626,-1.0341539642694508,-0.12772489238609958
4076,-1.077851794929546,-0.9890689635555353,0.355495700787328
997,-1.0281118969807719,-0.7636439599859582,0.8387162939607556
4332,-1.052981845955159,-1.090510215161845,0.355495700787328
14094,-0.25714347877477345,0.44237980911127905,0.8387162939607556
1176,1.1853135617396753,0.6565335625023773,-0.6109454855595272
14865,1.856802184048126,0.9721285674997852,-1.5773866719063825
551,0.8620042250726437,1.434249824817418,-0.12772489238609958
4840,-0.9037621521088367,-0.4593202051670292,0.8387162939607556
12579,-1.052981845955159,-0.3353364532037618,1.3219368871341832
4372,-1.077851794929546,-1.2032227169466336,1.3219368871341832
3497,2.080631724817609,1.975269833384403,-1.0941660787329548
8288,1.3842731535347719,0.8368735653580389,-0.12772489238609958
8075,0.36460524558490276,-0.49313395570246576,-0.12772489238609958
10083,-0.033313938005289936,0.5550923108960676,-0.6109454855595272
1407,-0.9037621521088367,-0.9777977133770565,0.8387162939607556
12767,-1.077851794929546,-1.2032227169466336,0.355495700787328
12898,-1.077851794929546,-0.5720327069518177,0.355495700787328
5176,-1.052981845955159,-0.8763564617707468,0.8387162939607556
5829,-1.077851794929546,-1.2032227169466336,0.8387162939607556
6062,-0.580452815441805,0.12678480411387114,0.355495700787328
8156,-1.077851794929546,-0.5382189564163812,0.8387162939607556
10868,-0.28201342774916044,-0.3466077033822407,0.355495700787328
6775,2.7023804491772854,2.4148485903450783,-1.5773866719063825
3588,0.7873943781494827,-0.30152270266832526,-0.12772489238609958
11732,0.14077570481541946,-0.5044052058809446,-0.6109454855595272
10506,-1.0281118969807719,-0.8650852115922679,0.355495700787328
693,-1.052981845955159,-1.1355952158757605,0.8387162939607556
2533,-1.052981845955159,-1.169408966411197,0.8387162939607556
5011,-0.7048025603137403,-0.44804895498855035,0.355495700787328
3443,-0.3317533256979346,0.5438210607175887,0.355495700787328
982,1.1853135617396753,0.757974814108687,-0.6109454855595272
8271,1.7573223881505777,1.434249824817418,-0.6109454855595272
5943,-0.008443989030902977,0.31839605714801167,0.355495700787328
14458,2.2298514186639316,2.0203548340983186,-2.5438278582532377
4222,2.3293312145614795,2.1781523365970226,-1.5773866719063825
91,-0.2322735298003864,0.059157303042998016,-0.12772489238609958
5652,2.677510500202898,2.5501035924868245,-1.5773866719063825
2266,-0.10792378492845114,-0.09864019945570593,0.355495700787328
10976,-0.9783719990319979,-1.090510215161845,0.355495700787328
8298,0.16564565378980642,0.08169980339995572,0.8387162939607556
9736,2.030891826868835,1.4906060757098123,-1.0941660787329548
9799,-0.6799326113393532,-0.8087289606998737,0.355495700787328
261,-1.077851794929546,-0.8200002108783525,1.3219368871341832
14248,-1.052981845955159,-1.169408966411197,0.355495700787328
3337,-1.077851794929546,-1.0341539642694508,0.8387162939607556
12660,0.9614840209701918,0.9157723166073909,-1.5773866719063825
5497,0.04129590891787117,-0.786186460342916,-0.6109454855595272
14507,-0.9535020500576108,-0.6509314582011697,1.3219368871341832
4016,-1.077851794929546,-1.2032227169466336,1.3219368871341832
3626,-0.7048025603137403,-1.0454252144479297,-0.12772489238609958
9384,-0.8042823562112885,-0.42550645463159265,0.355495700787328
445,-1.052981845955159,-0.7411014596290005,0.8387162939607556
6752,-1.077851794929546,-0.42550645463159265,1.3219368871341832
5111,0.5635648373799991,-0.7749152101644371,-2.5438278582532377
5965,1.4837529494323203,1.5356910764237277,-0.12772489238609958
12840,0.8371342760982567,-0.08736894927722708,-2.06060726507981
3555,-0.8042823562112885,-0.5720327069518177,0.8387162939607556
2194,-1.077851794929546,-1.1919514667681548,0.8387162939607556
15018,0.43921509250806384,-0.3127939528468041,-0.6109454855595272
7338,-1.077851794929546,-1.1130527155188028,0.8387162939607556
13115,-0.9535020500576108,-1.090510215161845,0.355495700787328
3367,-0.25714347877477345,-0.09864019945570593,0.8387162939607556
10184,0.5635648373799991,-0.6171177076657332,-0.6109454855595272
2867,-1.077851794929546,-1.101781465340324,1.3219368871341832
2526,-0.38149322364670873,-0.9439839628416199,0.8387162939607556
11482,-0.28201342774916044,0.5889060614315041,0.8387162939607556
7917,1.6578425922530293,1.051027318749137,-0.6109454855595272
10117,-0.20740358082599933,-0.031012698384832806,0.355495700787328
10460,-1.077851794929546,-0.6396602080226909,1.3219368871341832
1168,-0.7296725092881273,-0.5044052058809446,0.355495700787328
4144,1.6827125412274162,1.7160310792793894,-1.0941660787329548
5149,-1.077851794929546,-1.101781465340324,0.8387162939607556
84,-0.7296725092881273,-0.38042145391767723,0.8387162939607556
3149,2.080631724817609,1.738573579636347,-2.06060726507981
12922,1.6329726432786424,1.817472330885699,-2.06060726507981
880,-1.077851794929546,-0.4142352044531138,0.8387162939607556
6747,-0.10792378492845114,0.7467035639302081,0.8387162939607556
9716,2.428811010459028,2.0428973344552763,-1.5773866719063825
6535,-1.052981845955159,-1.1355952158757605,0.355495700787328
7572,0.14077570481541946,-0.008470198027875101,0.355495700787328
14664,1.1853135617396753,-0.008470198027875101,-2.5438278582532377
15225,0.016425959943484204,0.679076062859335,0.355495700787328
1467,-0.15766368287722518,-0.8988989621277045,-0.6109454855595272
11193,0.11590575584103227,0.4987360600036733,-1.0941660787329548
5641,1.2599234086628366,1.7160310792793894,-0.12772489238609958
6537,-1.077851794929546,-1.169408966411197,0.8387162939607556
9638,0.7873943781494827,1.3102660728541506,-0.12772489238609958
452,-0.4561030705698698,-0.14372520016962134,0.8387162939607556
4326,0.14077570481541946,-0.5833039571302966,-1.0941660787329548
4044,-1.077851794929546,-1.1355952158757605,0.355495700787328
11845,1.1355736637909013,1.6258610778515585,-1.0941660787329548
4137,2.3044612655870926,1.9639985832059241,-1.5773866719063825
3039,1.9065420819969,1.7160310792793894,-2.06060726507981
9308,-1.077851794929546,-0.42550645463159265,0.8387162939607556
13586,0.7376544802007085,0.2845823066125751,-1.0941660787329548
9774,-1.077851794929546,-0.932712712663141,-0.12772489238609958
5825,-1.003241948006385,-1.1581377162327182,0.8387162939607556
12002,-1.077851794929546,-1.1243239656972817,0.355495700787328
10484,1.7075824902018033,0.8706873158934755,-2.5438278582532377
579,0.4143451435336769,0.9383148169643486,0.355495700787328
5236,-0.9286321010832237,-0.25643770195440985,0.355495700787328
6571,0.6381746843031604,-0.7749152101644371,-1.0941660787329548
10735,-0.7545424582625144,0.07042855322147687,0.355495700787328
7174,-1.077851794929546,-0.6396602080226909,0.8387162939607556
7467,-1.052981845955159,-0.3353364532037618,1.3219368871341832
11262,-1.052981845955159,-1.0454252144479297,-0.12772489238609958
12558,-1.077851794929546,-0.44804895498855035,0.8387162939607556
15335,-0.555582866467418,-0.9101702123061833,0.355495700787328
5587,-0.530712917493031,0.03661480268604031,0.8387162939607556
12054,0.488954990456838,-0.786186460342916,-2.06060726507981
2467,-0.6301927133905793,-0.5269477062379023,0.8387162939607556
4157,0.7127845312263216,1.2426385717832775,-0.12772489238609958
6349,1.359403204560385,1.659674828386995,-0.6109454855595272
12210,0.2651254496873547,1.0284848183921793,-0.12772489238609958
9389,1.4837529494323203,0.757974814108687,-1.5773866719063825
413,-0.2322735298003864,-0.5833039571302966,0.355495700787328
402,-1.003241948006385,-1.022882714090972,1.3219368871341832
4428,-1.077851794929546,-1.0566964646264085,1.3219368871341832
2084,-0.35662327467232163,-0.1549964503481002,0.8387162939607556
3057,0.14077570481541946,0.8030598148226024,0.355495700787328
13352,0.09103580686664531,0.8030598148226024,-0.12772489238609958
11462,-0.38149322364670873,0.4085660585758425,-0.6109454855595272
7060,-1.077851794929546,-0.5382189564163812,1.3219368871341832
164,-0.7794124072369014,0.09297105357843458,0.8387162939607556
13406,-0.8042823562112885,-0.4593202051670292,0.355495700787328
10993,-1.077851794929546,-1.101781465340324,1.3219368871341832
14529,-0.580452815441805,-0.5945752073087754,0.8387162939607556
4302,1.06096381686774,0.07042855322147687,-2.06060726507981
10914,-0.6799326113393532,-0.9552552130200987,-0.12772489238609958
14692,1.5583627963554811,0.8594160657149966,-1.5773866719063825
3317,0.5635648373799991,-0.54949020659486,-0.6109454855595272
12302,1.6827125412274162,1.0284848183921793,-2.5438278582532377
7865,-0.9037621521088367,-0.10991144963418478,0.355495700787328
7582,1.4091431025091588,0.3296673073264905,-2.06060726507981
12286,-0.6550626623649661,-0.06482644892026937,0.355495700787328
3934,-0.7048025603137403,-0.628388957844212,0.355495700787328
6851,0.5635648373799991,0.03661480268604031,-1.0941660787329548
1847,-0.9535020500576108,-1.0679677148048874,0.355495700787328
12088,-1.077851794929546,-1.101781465340324,1.3219368871341832
1334,1.2847933576372237,1.1411973201769678,-0.6109454855595272
11766,-0.35662327467232163,-0.18881020088353676,0.355495700787328
13539,-1.077851794929546,-1.1468664660542394,0.355495700787328
10536,0.7873943781494827,-0.4142352044531138,-1.5773866719063825
10289,-1.077851794929546,-0.932712712663141,0.355495700787328
753,-1.003241948006385,-1.090510215161845,1.3219368871341832
3064,-1.077851794929546,-0.4367777048100715,1.3219368871341832
13304,0.2402555007129675,1.0059423180352216,-1.0941660787329548
6997,-1.052981845955159,-0.9552552130200987,0.8387162939607556
7536,1.7821923371249646,1.51314857606677,-1.5773866719063825
9464,0.3148653476361286,-0.7523727098074794,-0.12772489238609958
706,0.6133047353287733,-0.7636439599859582,-2.06060726507981
3491,-0.9535020500576108,-0.21135270124049446,0.8387162939607556
9801,0.6879145822519344,-0.38042145391767723,-0.6109454855595272
13881,0.16564565378980642,-0.8425427112353102,-2.06060726507981
4573,1.9811519289200612,2.0992535853476704,-0.12772489238609958
11885,-0.7545424582625144,0.07042855322147687,1.3219368871341832
7631,-1.052981845955159,-1.1355952158757605,0.355495700787328
14600,-0.7048025603137403,-1.0566964646264085,-0.6109454855595272
7706,-1.052981845955159,-1.0679677148048874,1.3219368871341832
7054,0.16564565378980642,0.6227198119669407,-0.12772489238609958
5580,-1.0281118969807719,-0.54949020659486,0.8387162939607556
11282,-0.9535020500576108,-1.0679677148048874,0.8387162939607556
6840,1.5086228984067072,0.6227198119669407,-2.06060726507981
3151,-0.3068833767235475,0.27331105643409626,0.355495700787328
14706,-1.077851794929546,-0.6847452087366063,0.8387162939607556
6523,-1.077851794929546,-1.1243239656972817,0.8387162939607556
14365,0.886874174047031,1.1637398205339256,-0.6109454855595272
3799,2.503420857382189,2.381034839809642,-1.5773866719063825
4022,-1.077851794929546,-1.1919514667681548,0.8387162939607556
15039,-1.077851794929546,-0.7298302094505217,1.3219368871341832
10869,-0.8540222541600626,-0.6960164589150851,0.8387162939607556
1074,-1.077851794929546,-1.2032227169466336,0.355495700787328
10254,-0.4312331215954827,-0.8538139614137891,0.8387162939607556
10625,-0.7048025603137403,-0.8988989621277045,-0.12772489238609958
3438,-0.48097301954425686,0.37475230804040593,0.8387162939607556
9344,1.4588830004579327,1.6033185774946008,-0.12772489238609958
13730,-0.580452815441805,0.14932730447082884,0.355495700787328
10194,0.06616585789225812,-0.8087289606998737,-2.06060726507981
2429,0.6381746843031604,0.7917885646441235,-0.12772489238609958
246,0.9117441230214178,0.7128898133947715,-0.6109454855595272
3815,1.4340130514835459,1.828743581064178,-0.6109454855595272
10947,-1.052981845955159,-1.180680216589676,1.3219368871341832
3632,-1.003241948006385,-1.1581377162327182,1.3219368871341832
10224,-1.077851794929546,-1.2032227169466336,0.8387162939607556
2262,1.359403204560385,0.5100073101821522,-2.06060726507981
2246,0.5884347863543863,-0.21135270124049446,0.355495700787328
835,2.055761775843222,1.5695048269591643,-1.5773866719063825
5064,0.7127845312263216,-0.5269477062379023,-1.5773866719063825
6202,-0.18253363185161225,-0.932712712663141,-1.0941660787329548
432,-0.8042823562112885,-0.6171177076657332,-0.12772489238609958
8260,-0.05818388697967712,0.5100073101821522,0.355495700787328
1173,-1.052981845955159,-0.7636439599859582,0.8387162939607556
10255,-1.052981845955159,-1.101781465340324,1.3219368871341832
6437,1.6578425922530293,1.5018773258882911,-1.0941660787329548
8665,0.06616585789225812,0.0028010521506037526,-0.12772489238609958
4656,0.9863539699445792,0.25076855607713855,-0.12772489238609958
8857,0.7625244291750957,0.6452623123238984,-1.0941660787329548
7925,0.5884347863543863,0.4085660585758425,-0.12772489238609958
5289,1.9314120309712868,1.738573579636347,-0.12772489238609958
3757,1.7075824902018033,1.3891648241035026,-1.0941660787329548
10295,0.6133047353287733,0.1605985546493077,-1.0941660787329548
10111,1.5583627963554811,0.9721285674997852,-1.5773866719063825
250,0.3894751945592899,0.3860235582188848,-0.6109454855595272
13072,0.09103580686664531,-0.3466077033822407,-0.12772489238609958
7952,-0.9535020500576108,-0.8087289606998737,0.355495700787328
7897,0.9614840209701918,1.129926069998489,-0.12772489238609958
15016,-0.3317533256979346,-0.5720327069518177,-1.5773866719063825
7334,-1.077851794929546,-1.1243239656972817,1.3219368871341832
11052,-0.05818388697967712,0.21695480554170196,-0.12772489238609958
2793,-1.077851794929546,-0.6509314582011697,1.3219368871341832
8254,-0.7545424582625144,-0.04228394856331166,0.8387162939607556
10504,1.2847933576372237,0.2845823066125751,-2.5438278582532377
7795,1.4091431025091588,1.5469623266022066,0.355495700787328
13082,-1.077851794929546,-1.0566964646264085,0.8387162939607556
3407,0.09103580686664531,0.6339910621454196,0.8387162939607556
2729,-1.077851794929546,-0.42550645463159265,1.3219368871341832
15193,0.6133047353287733,1.7047598291009105,0.8387162939607556
9158,-0.13279373390283822,-0.7636439599859582,-0.12772489238609958
433,0.11590575584103227,-0.07609769909874822,-0.6109454855595272
13439,-0.4561030705698698,-0.5945752073087754,0.8387162939607556
7422,2.3044612655870926,1.9301848326704876,-2.06060726507981
7592,0.2402555007129675,-0.2677089521328887,0.355495700787328
11592,-1.077851794929546,-0.8763564617707468,1.3219368871341832
13962,-0.008443989030902977,0.07042855322147687,-0.12772489238609958
10786,0.9117441230214178,1.4229785746389392,-0.6109454855595272
14909,0.2402555007129675,-0.4367777048100715,-1.5773866719063825
8760,-1.052981845955159,-1.180680216589676,0.8387162939607556
12639,0.09103580686664531,0.6565335625023773,-0.12772489238609958
11433,1.8816721330225128,1.5807760771376431,-2.06060726507981
5629,2.6277706022541243,2.4824760914159514,-1.5773866719063825
4002,-1.052981845955159,-1.180680216589676,0.8387162939607556
8917,-0.7048025603137403,0.1605985546493077,0.8387162939607556
4753,0.2899953986617417,-0.8087289606998737,-0.12772489238609958
1332,-0.2322735298003864,0.25076855607713855,0.355495700787328
10085,-0.7545424582625144,-0.07609769909874822,0.355495700787328
8049,0.8122643271238696,-0.6509314582011697,-1.5773866719063825
8337,-0.7296725092881273,-0.8312714610568314,0.355495700787328
4196,-0.033313938005289936,0.8030598148226024,-0.12772489238609958
1443,-1.077851794929546,-1.2032227169466336,-0.12772489238609958
3681,-0.3317533256979346,-0.8087289606998737,-1.0941660787329548
14728,-0.40636317262109567,0.22822605572018081,0.8387162939607556
4310,0.09103580686664531,-0.40296395427463494,-0.6109454855595272
7448,-1.003241948006385,-0.25643770195440985,0.8387162939607556
4899,1.533492847381094,1.8400148312426567,-0.12772489238609958
8471,-0.7048025603137403,-0.5156764560594235,0.8387162939607556
3985,0.7127845312263216,-0.6734739585581274,-2.06060726507981
10928,-0.6053227644161921,-1.0116114639124931,-0.6109454855595272
13650,1.7821923371249646,1.8850998319565722,-1.5773866719063825
12093,-0.48097301954425686,-0.7636439599859582,-0.12772489238609958
9112,-1.077851794929546,-1.2032227169466336,0.8387162939607556
2569,-1.077851794929546,-1.180680216589676,0.8387162939607556
15178,2.1552415717407705,2.7191723451640075,-0.6109454855595272
4277,-0.6799326113393532,-0.38042145391767723,-0.12772489238609958
3666,0.7376544802007085,-0.6734739585581274,-0.12772489238609958
8826,0.8122643271238696,0.09297105357843458,-0.6109454855595272
15197,1.6329726432786424,1.9301848326704876,-1.0941660787329548
2446,1.3096633066116106,0.757974814108687,-2.06060726507981
6821,1.4837529494323203,0.9946710678567429,-0.6109454855595272
9825,-0.40636317262109567,-0.8988989621277045,-0.6109454855595272
6520,0.2402555007129675,-0.5833039571302966,-0.12772489238609958
5802,-1.077851794929546,-1.1468664660542394,0.8387162939607556
3657,-1.077851794929546,-1.1919514667681548,-0.12772489238609958
11753,1.4588830004579327,0.44237980911127905,-2.5438278582532377
12371,0.21538555173858054,-0.6622027083796486,-1.0941660787329548
3172,1.1604436127652884,0.7692460642871658,-0.6109454855595272
1223,1.3842731535347719,1.5582335767806854,-1.0941660787329548
7272,0.6879145822519344,-0.6734739585581274,-1.5773866719063825
3639,-1.0281118969807719,-1.169408966411197,0.355495700787328
4166,-0.8042823562112885,0.02534355250756146,0.8387162939607556
544,-0.555582866467418,0.3409385575049694,0.8387162939607556
1204,1.359403204560385,1.2651810721402352,-0.6109454855595272
14900,0.06616585789225812,-0.38042145391767723,-0.12772489238609958
9386,0.06616585789225812,0.12678480411387114,-0.12772489238609958
13985,-0.10792378492845114,0.31839605714801167,0.355495700787328
7242,0.21538555173858054,-0.49313395570246576,-0.12772489238609958
2637,-1.077851794929546,-0.7974577105213948,1.3219368871341832
14859,-0.38149322364670873,-0.06482644892026937,0.355495700787328
8408,-1.077851794929546,-1.1919514667681548,1.3219368871341832
12762,-0.8540222541600626,-1.101781465340324,-1.0941660787329548
14839,-0.15766368287722518,0.3860235582188848,0.355495700787328
6758,-0.6799326113393532,0.19441230518474426,0.8387162939607556
13386,-0.2322735298003864,0.23949730589865967,0.355495700787328
8200,1.3096633066116106,1.749844829814826,0.355495700787328
877,-0.38149322364670873,0.44237980911127905,0.8387162939607556
12436,-1.077851794929546,-1.169408966411197,1.3219368871341832
196,-0.3068833767235475,0.521278560360631,0.8387162939607556
14955,-1.077851794929546,-1.2032227169466336,0.355495700787328
3383,0.8371342760982567,0.7805173144656447,-0.6109454855595272
4379,-1.0281118969807719,-1.169408966411197,0.8387162939607556
10566,-1.077851794929546,-1.1919514667681548,0.8387162939607556
10974,-0.033313938005289936,-0.8200002108783525,0.355495700787328
2997,-0.8291523051856755,-0.54949020659486,0.8387162939607556
3908,-0.9535020500576108,-0.5833039571302966,0.8387162939607556
2571,-1.003241948006385,-1.1243239656972817,0.355495700787328
7688,-0.9286321010832237,-1.0679677148048874,0.355495700787328
1755,1.1355736637909013,-0.08736894927722708,-2.06060726507981
6496,-0.18253363185161225,-0.4367777048100715,0.355495700787328
13244,1.7573223881505777,1.2313673216047987,-2.06060726507981
14391,1.0112239189189662,1.4793348255313334,-0.6109454855595272
14698,0.9614840209701918,0.7016185632162927,-1.0941660787329548
5721,-1.077851794929546,-0.6960164589150851,1.3219368871341832
6443,1.7573223881505777,1.4455210749958969,-0.12772489238609958
14471,-0.6799326113393532,-0.031012698384832806,0.355495700787328
4969,-0.40636317262109567,0.2620398062556174,0.8387162939607556
6964,-1.077851794929546,-1.1468664660542394,0.355495700787328
6814,0.43921509250806384,0.6452623123238984,-0.12772489238609958
6479,0.3148653476361286,0.02534355250756146,-1.0941660787329548
4711,-1.077851794929546,-1.169408966411197,1.3219368871341832
4163,2.57803070430535,2.4148485903450783,-1.5773866719063825
8093,-0.6053227644161921,-0.6509314582011697,0.355495700787328
13831,0.488954990456838,-0.5833039571302966,-1.5773866719063825
11502,0.14077570481541946,0.9383148169643486,-0.6109454855595272
12682,-1.077851794929546,-0.8425427112353102,-0.6109454855595272
2682,0.4143451435336769,0.9157723166073909,0.355495700787328
8885,0.36460524558490276,0.8143310650010812,0.355495700787328
2508,0.8620042250726437,-0.49313395570246576,-2.5438278582532377
15011,-0.20740358082599933,-0.5720327069518177,-0.6109454855595272
1510,-0.008443989030902977,-0.49313395570246576,-1.0941660787329548
4314,-0.7794124072369014,-0.8087289606998737,0.355495700787328
9761,0.6630446332775474,0.2845823066125751,-0.12772489238609958
8686,-1.077851794929546,-0.9777977133770565,1.3219368871341832
5356,0.488954990456838,0.6339910621454196,-1.0941660787329548
6639,1.3345332555859974,0.37475230804040593,-0.6109454855595272
5972,0.886874174047031,1.2539098219617564,-0.12772489238609958
1244,2.3293312145614795,2.290864838381811,-1.5773866719063825
3734,-0.15766368287722518,-0.031012698384832806,-0.12772489238609958
9069,-0.13279373390283822,-0.6171177076657332,0.8387162939607556
13538,-0.48097301954425686,-0.8876277119492256,-1.0941660787329548
4121,0.21538555173858054,0.521278560360631,-0.12772489238609958
7787,-0.25714347877477345,0.3409385575049694,0.355495700787328
13093,-0.35662327467232163,-0.7523727098074794,-0.6109454855595272
4995,1.583232745329868,1.0172135682137005,-0.6109454855595272
11742,0.04129590891787117,-0.40296395427463494,-0.6109454855595272
12768,-1.077851794929546,-1.2032227169466336,0.8387162939607556
1876,-0.35662327467232163,-0.6171177076657332,0.8387162939607556
7907,1.6329726432786424,1.3328085732111083,-1.0941660787329548
10696,0.9117441230214178,0.9495860671428275,-1.0941660787329548
5262,0.16564565378980642,0.904501066428912,-0.12772489238609958
254,-0.48097301954425686,-0.18881020088353676,-0.6109454855595272
11513,1.5583627963554811,1.8512860814211356,-1.5773866719063825
4511,2.1801115207151573,2.0203548340983186,-1.5773866719063825
9792,-0.35662327467232163,-0.6058464574872543,0.355495700787328
5159,-1.077851794929546,-1.0566964646264085,1.3219368871341832
12656,0.7127845312263216,0.8368735653580389,-1.0941660787329548
8128,0.6381746843031604,0.600177311609983,-0.12772489238609958
759,-0.9037621521088367,-1.022882714090972,0.355495700787328
5481,-0.8788922031344497,-1.101781465340324,0.355495700787328
654,-0.9286321010832237,-0.8538139614137891,1.3219368871341832
5297,1.5583627963554811,1.8850998319565722,0.355495700787328
9605,0.5138249394312252,0.7692460642871658,-0.12772489238609958
5812,-1.077851794929546,-1.180680216589676,1.3219368871341832
5288,1.2847933576372237,1.738573579636347,-0.12772489238609958
2892,-1.077851794929546,-1.1919514667681548,1.3219368871341832
9488,-0.4561030705698698,-1.0003402137340143,0.355495700787328
3401,2.1801115207151573,1.817472330885699,-2.06060726507981
7626,0.5386948884056122,-0.6171177076657332,-0.6109454855595272
5636,-0.05818388697967712,0.7805173144656447,0.8387162939607556
1420,-1.077851794929546,-1.1581377162327182,1.3219368871341832
3044,0.46408504148245106,0.9157723166073909,-0.12772489238609958
2830,-1.077851794929546,-0.8988989621277045,0.8387162939607556
10370,0.6133047353287733,1.197553571069362,-1.0941660787329548
328,-1.077851794929546,-1.169408966411197,0.355495700787328
10415,1.2350534596884497,1.659674828386995,-1.0941660787329548
253,1.2847933576372237,0.7692460642871658,-1.5773866719063825
13847,0.43921509250806384,-0.7298302094505217,-2.5438278582532377
7318,0.4143451435336769,-0.7411014596290005,-0.12772489238609958
6159,-1.077851794929546,-1.1243239656972817,0.8387162939607556
5323,-1.0281118969807719,-0.3691502037391984,1.3219368871341832
8868,0.9863539699445792,0.9608573173213063,0.355495700787328
10012,1.2847933576372237,1.6822173287439528,-1.5773866719063825
4377,-1.077851794929546,-1.2032227169466336,0.355495700787328
6022,2.055761775843222,2.189423586775501,-1.5773866719063825
5092,-1.077851794929546,-1.2032227169466336,-0.12772489238609958
13344,-0.8042823562112885,0.02534355250756146,0.8387162939607556
5377,0.7873943781494827,0.35220980768344823,0.355495700787328
3019,-1.077851794929546,-0.6847452087366063,0.8387162939607556
3029,0.09103580686664531,0.48746480982519447,-0.6109454855595272
9969,0.6381746843031604,0.8368735653580389,0.355495700787328
2636,0.4143451435336769,0.2620398062556174,-0.12772489238609958
13486,0.04129590891787117,-0.8538139614137891,-0.12772489238609958
9757,-0.9535020500576108,-0.628388957844212,0.8387162939607556
1131,-1.003241948006385,-1.0341539642694508,0.8387162939607556
3018,-0.9535020500576108,-0.4818627055239869,0.8387162939607556
2945,-1.077851794929546,-1.1468664660542394,1.3219368871341832
3659,-1.077851794929546,-1.1919514667681548,0.8387162939607556
10835,-0.8788922031344497,-0.38042145391767723,-0.12772489238609958
14934,-1.077851794929546,-1.1581377162327182,1.3219368871341832
12073,-0.6053227644161921,-0.9439839628416199,0.355495700787328
13040,0.19051560276419338,0.1831410550062654,-1.5773866719063825
2663,-0.4561030705698698,0.07042855322147687,0.355495700787328
14055,-0.555582866467418,0.3409385575049694,0.8387162939607556
5378,-0.9037621521088367,-0.6171177076657332,0.8387162939607556
10468,-1.052981845955159,-0.6058464574872543,-0.12772489238609958
1362,-0.08305383595406408,-0.10991144963418478,-0.12772489238609958
7180,1.3842731535347719,1.1524685703554467,-0.12772489238609958
10999,0.14077570481541946,-0.5382189564163812,-0.6109454855595272
5533,-1.077851794929546,-1.0116114639124931,1.3219368871341832
3481,-0.40636317262109567,0.44237980911127905,0.8387162939607556
14783,-0.8291523051856755,0.03661480268604031,0.355495700787328
6255,0.19051560276419338,-0.4593202051670292,-0.12772489238609958
11224,1.359403204560385,0.5438210607175887,-2.06060726507981
8952,0.8371342760982567,1.4117073244604603,-0.12772489238609958
13006,1.085833765842127,1.276452322318714,-2.06060726507981
5112,-0.6799326113393532,-1.0454252144479297,-0.6109454855595272
5940,0.9863539699445792,0.8594160657149966,-0.12772489238609958
8270,-1.003241948006385,-0.47059145534550806,0.8387162939607556
9551,-1.077851794929546,-1.0116114639124931,0.8387162939607556
10379,2.4039410614846406,2.347221089274205,-2.06060726507981
2880,0.5386948884056122,-0.6396602080226909,-0.6109454855595272
5839,-1.077851794929546,-1.2032227169466336,1.3219368871341832
3381,0.16564565378980642,0.35220980768344823,-0.12772489238609958
12844,-0.6301927133905793,-0.5720327069518177,0.355495700787328
1302,-0.530712917493031,0.2620398062556174,0.355495700787328
14539,1.1853135617396753,-0.07609769909874822,-2.06060726507981
7442,-1.077851794929546,-0.4593202051670292,1.3219368871341832
4957,1.7573223881505777,1.817472330885699,-1.0941660787329548
4836,-1.077851794929546,-0.7411014596290005,0.8387162939607556
10897,-1.077851794929546,-1.090510215161845,0.355495700787328
8908,-0.2322735298003864,0.5550923108960676,0.355495700787328
9781,-1.052981845955159,-0.9214414624846622,0.8387162939607556
10398,0.3894751945592899,1.129926069998489,-0.6109454855595272
5720,-0.15766368287722518,0.23949730589865967,0.8387162939607556
3879,1.7324524391761906,1.5695048269591643,-0.12772489238609958
9845,-0.2322735298003864,-0.9439839628416199,-0.12772489238609958
942,-0.6799326113393532,0.08169980339995572,0.355495700787328
12505,-0.20740358082599933,0.014072302329082605,0.355495700787328
3235,-1.077851794929546,-1.1243239656972817,0.355495700787328
15168,1.6578425922530293,2.2683223380248534,0.8387162939607556
3257,-1.077851794929546,-1.1919514667681548,0.8387162939607556
11588,-1.052981845955159,-0.7974577105213948,0.355495700787328
11335,-1.077851794929546,-1.180680216589676,1.3219368871341832
176,0.7873943781494827,1.4117073244604603,0.355495700787328
435,-0.7296725092881273,-0.5269477062379023,0.355495700787328
12673,-0.8788922031344497,-0.5044052058809446,0.355495700787328
7049,0.8122643271238696,0.9721285674997852,0.355495700787328
308,0.14077570481541946,-0.5833039571302966,-0.6109454855595272
11620,1.2101835107140624,-0.12118269981266364,-2.5438278582532377
1565,1.856802184048126,1.4680635753528546,-1.5773866719063825
6727,1.2847933576372237,1.6934885789224317,0.355495700787328
2135,-0.8291523051856755,-0.932712712663141,0.8387162939607556
9044,-0.20740358082599933,-0.3353364532037618,0.8387162939607556
13480,-0.7296725092881273,-1.0116114639124931,-0.6109454855595272
8847,1.5583627963554811,0.8368735653580389,-2.5438278582532377
14621,-1.077851794929546,-1.180680216589676,1.3219368871341832
12545,2.055761775843222,1.9301848326704876,-2.5438278582532377
7393,-1.077851794929546,-0.7411014596290005,1.3219368871341832
2276,-1.077851794929546,-0.7749152101644371,1.3219368871341832
7072,1.2101835107140624,1.5018773258882911,0.8387162939607556
9459,-1.077851794929546,-1.169408966411197,1.3219368871341832
2623,1.1853135617396753,0.3634810578619271,-0.6109454855595272
9855,-0.2322735298003864,-0.9439839628416199,-0.6109454855595272
14050,1.6827125412274162,1.9865410835628818,-2.06060726507981
231,0.5138249394312252,0.8030598148226024,0.355495700787328
8223,-1.077851794929546,-0.4367777048100715,1.3219368871341832
737,-0.4561030705698698,-0.9665264631985776,0.8387162939607556
14754,0.04129590891787117,0.7917885646441235,0.8387162939607556
8678,-0.48097301954425686,-0.4593202051670292,-0.12772489238609958
9413,-0.18253363185161225,-0.38042145391767723,0.355495700787328
8972,-0.7296725092881273,0.059157303042998016,0.355495700787328
5705,1.6578425922530293,1.5356910764237277,-0.6109454855595272
13631,1.085833765842127,1.2426385717832775,-0.6109454855595272
5935,1.4588830004579327,1.0059423180352216,-1.0941660787329548
6495,1.0360938678933531,0.02534355250756146,-1.0941660787329548
755,-0.18253363185161225,-0.7974577105213948,0.355495700787328
9922,0.8371342760982567,0.10424230375691343,-1.5773866719063825
14400,0.2651254496873547,1.0172135682137005,0.355495700787328
8119,-1.003241948006385,-0.6509314582011697,1.3219368871341832
11587,0.7376544802007085,0.31839605714801167,-2.06060726507981
6200,-1.077851794929546,-1.2032227169466336,1.3219368871341832
9775,-1.077851794929546,-0.932712712663141,1.3219368871341832
69,-1.0281118969807719,-0.7974577105213948,0.8387162939607556
5367,-0.20740358082599933,0.0028010521506037526,0.355495700787328
8084,-0.18253363185161225,-0.5720327069518177,0.8387162939607556
5682,1.9314120309712868,1.975269833384403,-1.0941660787329548
1680,1.3345332555859974,1.4567923251743757,-0.6109454855595272
14157,0.7873943781494827,0.10424230375691343,-0.6109454855595272
5961,0.4143451435336769,0.8256023151795601,0.355495700787328
2603,-1.077851794929546,-1.0566964646264085,1.3219368871341832
7868,1.8319322350737386,1.9639985832059241,-0.12772489238609958
9033,1.583232745329868,0.6114485617884619,-1.0941660787329548
11892,1.7821923371249646,1.8738285817780933,-2.06060726507981
12095,-1.077851794929546,-1.0679677148048874,0.8387162939607556
2283,0.46408504148245106,0.48746480982519447,0.355495700787328
3732,-1.052981845955159,-0.7523727098074794,0.355495700787328
9904,-1.077851794929546,-1.0679677148048874,1.3219368871341832
14444,0.7376544802007085,1.276452322318714,-0.6109454855595272
12911,-1.003241948006385,-0.3353364532037618,0.8387162939607556
6620,1.1107037148165144,-0.18881020088353676,-0.6109454855595272
8651,0.5884347863543863,0.48746480982519447,-0.12772489238609958
5127,0.46408504148245106,-0.7298302094505217,-0.6109454855595272
1545,0.3148653476361286,0.2845823066125751,-0.12772489238609958
739,-1.077851794929546,-1.180680216589676,0.355495700787328
11743,-0.9037621521088367,-0.8425427112353102,0.8387162939607556
14229,-0.530712917493031,-1.0116114639124931,-1.0941660787329548
6984,1.0360938678933531,-0.23389520159745217,-2.06060726507981
6795,2.2547213676383184,1.9414560828489664,-2.06060726507981
3518,0.6630446332775474,0.8932298162504332,0.355495700787328
12952,0.6630446332775474,1.3328085732111083,-0.6109454855595272
773,-1.077851794929546,-1.0679677148048874,0.355495700787328
865,1.3096633066116106,1.5807760771376431,-0.6109454855595272
5200,-0.2322735298003864,-0.008470198027875101,0.8387162939607556
12114,-0.2322735298003864,-0.3466077033822407,-0.12772489238609958
641,0.6630446332775474,0.07042855322147687,-1.0941660787329548
10313,0.9117441230214178,0.6339910621454196,-2.06060726507981
8761,-1.077851794929546,-1.2032227169466336,0.8387162939607556
3203,-1.0281118969807719,-0.8763564617707468,1.3219368871341832
7288,-1.077851794929546,-1.2032227169466336,0.8387162939607556
5204,-1.077851794929546,-0.7298302094505217,0.8387162939607556
14683,-0.7794124072369014,-0.5382189564163812,1.3219368871341832
6923,-1.0281118969807719,-1.169408966411197,0.8387162939607556
15170,0.6630446332775474,1.9301848326704876,0.8387162939607556
10605,-0.505842968518644,-0.9552552130200987,0.355495700787328
11359,-0.555582866467418,-0.8200002108783525,0.8387162939607556
14695,-0.48097301954425686,-0.18881020088353676,0.355495700787328
11241,-0.7794124072369014,-0.6960164589150851,0.355495700787328
13447,0.2899953986617417,-0.4142352044531138,-0.12772489238609958
3309,-1.077851794929546,-1.1468664660542394,0.355495700787328
363,-0.530712917493031,-1.0116114639124931,-1.5773866719063825
3723,-1.077851794929546,-0.8763564617707468,0.355495700787328
7670,-0.9783719990319979,-1.1355952158757605,0.8387162939607556
4726,0.3894751945592899,-0.8087289606998737,-2.5438278582532377
2940,-1.077851794929546,-1.1581377162327182,1.3219368871341832
471,-1.077851794929546,-0.6171177076657332,0.8387162939607556
1641,-0.530712917493031,0.3634810578619271,0.8387162939607556
13491,0.2899953986617417,-0.8312714610568314,-1.5773866719063825
14418,1.5086228984067072,1.8738285817780933,-1.0941660787329548
1172,0.488954990456838,0.23949730589865967,-0.6109454855595272
9621,0.11590575584103227,0.7016185632162927,-0.12772489238609958
6085,1.085833765842127,0.983399817678264,-0.6109454855595272
15247,0.36460524558490276,0.41983730875432135,-0.12772489238609958
9376,1.4091431025091588,0.9721285674997852,0.355495700787328
3364,-0.20740358082599933,-0.10991144963418478,1.3219368871341832
8510,0.8371342760982567,0.983399817678264,0.355495700787328
1410,-0.8042823562112885,-0.9552552130200987,0.8387162939607556
14254,-0.4561030705698698,-0.9552552130200987,0.355495700787328
6666,0.7873943781494827,0.6678048126808561,-1.0941660787329548
815,0.8122643271238696,0.5550923108960676,-0.12772489238609958
6500,-0.580452815441805,-0.6622027083796486,-0.12772489238609958
7322,-0.35662327467232163,-0.8876277119492256,-0.12772489238609958
2131,0.7376544802007085,-0.38042145391767723,-0.6109454855595272
1797,0.2402555007129675,-0.8087289606998737,-1.5773866719063825
7727,-1.077851794929546,-0.9890689635555353,1.3219368871341832
4575,-0.8291523051856755,0.0028010521506037526,0.355495700787328
5190,-0.08305383595406408,-0.053555198741790516,0.355495700787328
8167,2.528290806356576,2.2457798376678957,-2.06060726507981
3122,-0.4312331215954827,0.3860235582188848,0.8387162939607556
5365,0.4143451435336769,0.37475230804040593,0.355495700787328
4275,0.6879145822519344,0.41983730875432135,-0.12772489238609958
14217,-1.077851794929546,-1.1919514667681548,0.8387162939607556
3089,-0.38149322364670873,0.5100073101821522,0.8387162939607556
9368,0.6381746843031604,0.7917885646441235,0.355495700787328
15317,-1.0281118969807719,-1.1355952158757605,0.8387162939607556
13774,-1.077851794929546,-0.8200002108783525,1.3219368871341832
5253,-1.0281118969807719,-0.32406520302528297,1.3219368871341832
1532,-0.8042823562112885,-0.5720327069518177,1.3219368871341832
8603,0.488954990456838,1.0961123194630524,0.355495700787328
2831,0.09103580686664531,-0.14372520016962134,0.8387162939607556
8269,1.9065420819969,1.5469623266022066,-0.12772489238609958
14086,-0.9286321010832237,-0.18881020088353676,0.355495700787328
10949,-1.077851794929546,-1.2032227169466336,1.3219368871341832
13415,0.2402555007129675,0.059157303042998016,0.355495700787328
8672,1.1853135617396753,0.37475230804040593,0.355495700787328
1299,-1.003241948006385,-0.2902514524898464,1.3219368871341832
6273,-1.052981845955159,-0.8650852115922679,1.3219368871341832
5499,-0.7545424582625144,-1.0003402137340143,0.8387162939607556
14966,-0.05818388697967712,-0.9101702123061833,-0.6109454855595272
14071,-1.077851794929546,-0.44804895498855035,1.3219368871341832
12283,2.030891826868835,1.659674828386995,-2.06060726507981
1480,-0.7794124072369014,-1.0116114639124931,-0.6109454855595272
1601,-0.7296725092881273,0.08169980339995572,0.355495700787328
5091,-1.077851794929546,-1.2032227169466336,0.355495700787328
7067,0.7625244291750957,1.1637398205339256,0.355495700787328
9699,-0.05818388697967712,0.6903473130378138,-0.12772489238609958
3661,-1.077851794929546,-1.180680216589676,1.3219368871341832
11518,-0.008443989030902977,0.7692460642871658,0.355495700787328
4825,-0.8042823562112885,-0.5156764560594235,1.3219368871341832
5680,1.7324524391761906,1.8738285817780933,-0.12772489238609958
397,-0.8540222541600626,-0.9777977133770565,0.8387162939607556
11902,1.2350534596884497,1.4567923251743757,-1.0941660787329548
2506,0.21538555173858054,-0.628388957844212,-0.12772489238609958
11770,1.1604436127652884,0.679076062859335,-2.06060726507981
9407,-1.0281118969807719,-0.8425427112353102,0.8387162939607556
3010,-0.35662327467232163,-0.06482644892026937,0.8387162939607556
10463,2.1055016737919963,1.5807760771376431,-2.5438278582532377
723,-1.077851794929546,-1.2032227169466336,0.8387162939607556
300,-0.008443989030902977,-0.5382189564163812,-1.0941660787329548
12884,-0.35662327467232163,0.08169980339995572,-0.12772489238609958
9419,-1.0281118969807719,-0.9214414624846622,0.8387162939607556
7328,-0.8042823562112885,-1.0003402137340143,0.355495700787328
4185,0.7127845312263216,1.366622323746545,0.8387162939607556
13804,0.09103580686664531,-0.3691502037391984,-0.6109454855595272
13795,-0.9535020500576108,-0.8087289606998737,1.3219368871341832
14305,-1.077851794929546,-0.9439839628416199,1.3219368871341832
4582,-0.4561030705698698,0.3634810578619271,0.8387162939607556
15089,2.3044612655870926,2.1668810864185435,-2.06060726507981
7367,-0.9037621521088367,-0.7411014596290005,0.355495700787328
14549,-1.077851794929546,-1.0792389649833662,0.8387162939607556
15028,-0.6799326113393532,-0.54949020659486,0.8387162939607556
7433,0.43921509250806384,0.9608573173213063,0.8387162939607556
12569,0.2402555007129675,0.9721285674997852,0.355495700787328
6965,0.33973529661051577,-0.6509314582011697,-0.12772489238609958
1212,0.8371342760982567,1.0848410692845736,-0.12772489238609958
7055,1.359403204560385,1.3778935739250238,-0.6109454855595272
13474,-0.13279373390283822,-0.8087289606998737,-0.6109454855595272
12909,0.6381746843031604,1.0622985689276159,-0.12772489238609958
11159,-1.052981845955159,-0.3916927040961561,1.3219368871341832
8840,1.5086228984067072,0.6678048126808561,-1.5773866719063825
11007,-1.077851794929546,-1.0341539642694508,1.3219368871341832
5427,-1.003241948006385,-1.0454252144479297,1.3219368871341832
9664,0.6381746843031604,1.3102660728541506,-0.12772489238609958
15073,1.4340130514835459,1.276452322318714,-0.6109454855595272
7216,-0.38149322364670873,-0.3916927040961561,0.8387162939607556
5994,0.8122643271238696,1.3778935739250238,0.355495700787328
3767,-0.35662327467232163,0.23949730589865967,0.8387162939607556
4272,1.583232745329868,0.8819585660719543,-0.6109454855595272
14841,1.3842731535347719,1.3102660728541506,-1.5773866719063825
15031,-0.6550626623649661,-0.3916927040961561,-0.12772489238609958
786,-1.077851794929546,-1.0003402137340143,0.8387162939607556
9657,-0.08305383595406408,0.757974814108687,0.355495700787328
13482,-1.077851794929546,-1.180680216589676,1.3219368871341832
15279,-1.077851794929546,-1.0003402137340143,0.8387162939607556
7853,-0.3317533256979346,0.5438210607175887,0.355495700787328
14194,-0.9535020500576108,-1.022882714090972,1.3219368871341832
2905,-1.077851794929546,-1.2032227169466336,0.8387162939607556
4626,1.4340130514835459,1.0284848183921793,-1.0941660787329548
996,1.1107037148165144,0.4536510592897579,-0.6109454855595272
11741,-1.077851794929546,-1.0116114639124931,1.3219368871341832
14847,1.9065420819969,1.4680635753528546,-2.5438278582532377
7246,-0.8042823562112885,-0.8988989621277045,0.8387162939607556
6250,-0.9286321010832237,-0.9552552130200987,0.8387162939607556
9330,-0.3317533256979346,0.4761935596467156,0.355495700787328
8055,-0.8540222541600626,-1.0341539642694508,0.355495700787328
14627,-0.8788922031344497,-1.0566964646264085,0.8387162939607556
5523,-0.7545424582625144,-0.8425427112353102,0.8387162939607556
10540,-0.7048025603137403,-0.9101702123061833,0.8387162939607556
7505,0.8122643271238696,1.3215373230326295,0.355495700787328
156,0.7376544802007085,1.355351073568066,-0.12772489238609958
10099,-0.7794124072369014,-0.22262395141897331,0.8387162939607556
3085,0.4143451435336769,1.1524685703554467,-0.12772489238609958
10667,-1.077851794929546,-0.8425427112353102,1.3219368871341832
1552,0.21538555173858054,0.3409385575049694,-0.12772489238609958
8979,2.528290806356576,2.1781523365970226,-1.0941660787329548
9948,0.19051560276419338,0.25076855607713855,-0.6109454855595272
495,2.1552415717407705,2.0316260842767973,-2.06060726507981
2321,-0.8540222541600626,-0.12118269981266364,0.355495700787328
912,-0.3317533256979346,0.5438210607175887,0.355495700787328
12118,-0.8042823562112885,-0.6396602080226909,-0.6109454855595272
151,0.6133047353287733,1.2539098219617564,0.355495700787328
10192,-0.7048025603137403,-1.0003402137340143,-0.12772489238609958
10703,-1.0281118969807719,-0.47059145534550806,0.355495700787328
10483,-0.38149322364670873,-0.14372520016962134,-0.6109454855595272
1738,0.4143451435336769,-0.04228394856331166,-0.6109454855595272
3001,-0.2322735298003864,-0.09864019945570593,-0.12772489238609958
13291,0.06616585789225812,0.7917885646441235,0.355495700787328
6961,-1.077851794929546,-1.1581377162327182,0.355495700787328
13839,-1.052981845955159,-1.1243239656972817,0.8387162939607556
2883,-1.077851794929546,-1.1581377162327182,0.355495700787328
3720,-1.077851794929546,-0.8988989621277045,1.3219368871341832
7127,0.21538555173858054,0.9721285674997852,0.355495700787328
888,-0.6301927133905793,0.25076855607713855,0.8387162939607556
5471,-1.052981845955159,-1.180680216589676,0.8387162939607556
3201,-1.077851794929546,-0.9439839628416199,0.8387162939607556
15053,-1.003241948006385,-0.6058464574872543,1.3219368871341832
4823,-1.077851794929546,-0.8425427112353102,1.3219368871341832
4704,-0.40636317262109567,-0.8538139614137891,0.355495700787328
343,-0.13279373390283822,-0.9101702123061833,-0.6109454855595272
4136,2.2298514186639316,1.9076423323135299,-2.06060726507981
11044,-0.38149322364670873,-0.09864019945570593,-0.12772489238609958
3188,0.7873943781494827,0.3071248069695328,-1.0941660787329548
4522,0.6381746843031604,1.1862823208908833,-0.6109454855595272
2223,-0.505842968518644,-0.8425427112353102,0.8387162939607556
2121,-1.077851794929546,-1.0341539642694508,1.3219368871341832
6858,-1.077851794929546,-0.9665264631985776,0.8387162939607556
15281,-0.9037621521088367,-0.9214414624846622,-0.6109454855595272
12899,0.5635648373799991,0.8932298162504332,-0.6109454855595272
9123,-1.077851794929546,-1.2032227169466336,1.3219368871341832
9698,2.030891826868835,2.0428973344552763,-1.5773866719063825
7366,-0.008443989030902977,-0.24516645177593102,0.355495700787328
12495,-1.077851794929546,-0.8312714610568314,0.355495700787328
4734,-0.3068833767235475,-0.9665264631985776,-0.12772489238609958
12923,-0.48097301954425686,0.31839605714801167,-0.12772489238609958
1465,-1.077851794929546,-1.1919514667681548,1.3219368871341832
4593,-1.077851794929546,-0.5156764560594235,1.3219368871341832
3565,-0.25714347877477345,-0.3578789535607195,-0.12772489238609958
5840,-1.077851794929546,-1.2032227169466336,1.3219368871341832
283,0.6879145822519344,-0.04228394856331166,-0.12772489238609958
14235,-1.077851794929546,-1.2032227169466336,1.3219368871341832
6175,-0.6301927133905793,-0.9777977133770565,0.355495700787328
10530,-0.9783719990319979,-0.9777977133770565,-0.6109454855595272
4151,0.8620042250726437,1.287723572497193,-0.12772489238609958
14835,-1.052981845955159,-0.5044052058809446,1.3219368871341832
9209,-1.077851794929546,-0.8200002108783525,0.8387162939607556
7376,0.43921509250806384,0.12678480411387114,0.355495700787328
9301,1.3842731535347719,1.7949298305287413,-0.12772489238609958
14258,-1.077851794929546,-1.180680216589676,1.3219368871341832
8969,-0.2322735298003864,0.5438210607175887,0.8387162939607556
3161,0.9614840209701918,0.9495860671428275,-0.6109454855595272
2630,0.33973529661051577,0.11551355393539228,-0.6109454855595272
12128,-1.077851794929546,-0.8425427112353102,1.3219368871341832
13063,0.9366140719958048,0.11551355393539228,-1.5773866719063825
13595,1.3096633066116106,0.7241610635732504,-1.5773866719063825
1203,0.7873943781494827,0.9270435667858697,-0.12772489238609958
13996,0.14077570481541946,0.6227198119669407,-0.12772489238609958
10401,-1.052981845955159,-0.3353364532037618,1.3219368871341832
616,0.21538555173858054,0.27331105643409626,-0.12772489238609958
3114,1.3096633066116106,1.6934885789224317,-0.6109454855595272
12409,-1.077851794929546,-1.2032227169466336,1.3219368871341832
7481,1.6578425922530293,1.9639985832059241,-0.12772489238609958
9546,0.9117441230214178,-0.18881020088353676,-0.6109454855595272
2728,1.2350534596884497,1.7047598291009105,0.355495700787328
12657,1.0360938678933531,1.0059423180352216,-1.5773866719063825
12633,1.359403204560385,1.5244198262452489,-2.06060726507981
10126,-0.555582866467418,-0.3578789535607195,-0.12772489238609958
1357,-1.077851794929546,-0.8200002108783525,0.355495700787328
12494,-1.052981845955159,-0.786186460342916,0.8387162939607556
7798,-0.10792378492845114,0.5663635610745464,0.355495700787328
11830,0.16564565378980642,0.8706873158934755,-0.6109454855595272
13726,0.06616585789225812,0.7128898133947715,0.355495700787328
1590,0.886874174047031,1.2651810721402352,-0.12772489238609958
14901,0.5884347863543863,-0.21135270124049446,-1.0941660787329548
3140,0.8371342760982567,1.1750110707124044,-0.12772489238609958
5338,1.9562819799456737,1.7160310792793894,-1.0941660787329548
547,-1.052981845955159,-0.3353364532037618,1.3219368871341832
7118,2.0060218778944483,2.1668810864185435,-0.6109454855595272
11862,0.5635648373799991,1.2539098219617564,-0.6109454855595272
14208,0.43921509250806384,-0.6960164589150851,-1.0941660787329548
26,-0.555582866467418,-0.8988989621277045,-0.6109454855595272
1067,-1.077851794929546,-1.1919514667681548,0.355495700787328
3918,-0.3068833767235475,-0.21135270124049446,0.8387162939607556
6604,-1.077851794929546,-1.1243239656972817,1.3219368871341832
5529,-0.20740358082599933,-0.54949020659486,-0.12772489238609958
6678,-0.8788922031344497,-0.3353364532037618,0.355495700787328
5398,-0.4561030705698698,-0.5269477062379023,1.3219368871341832
8845,-0.6053227644161921,-0.3466077033822407,-0.12772489238609958
8081,0.36460524558490276,-0.4142352044531138,-0.6109454855595272
9835,-1.077851794929546,-1.1919514667681548,1.3219368871341832
14542,0.3894751945592899,-0.3691502037391984,-0.12772489238609958
437,0.9117441230214178,0.3634810578619271,-0.12772489238609958
9199,0.21538555173858054,-0.031012698384832806,0.355495700787328
13977,1.9065420819969,1.355351073568066,-2.5438278582532377
5269,1.0112239189189662,1.5356910764237277,-0.6109454855595272
1861,0.19051560276419338,-0.5945752073087754,-0.12772489238609958
10684,-1.077851794929546,-0.7185589592720428,0.8387162939607556
8316,-0.35662327467232163,-0.4367777048100715,-0.6109454855595272
12937,-0.580452815441805,0.29585355679105396,0.8387162939607556
2706,-0.08305383595406408,0.7128898133947715,-0.12772489238609958
12967,2.503420857382189,2.4261198405235573,-2.06060726507981
5325,0.5635648373799991,1.0735698191060947,-0.12772489238609958
6957,-1.052981845955159,-1.1355952158757605,1.3219368871341832
11797,0.7873943781494827,0.9495860671428275,-1.5773866719063825
14081,0.5386948884056122,1.129926069998489,-0.6109454855595272
9059,0.5138249394312252,-0.2677089521328887,-0.6109454855595272
9338,0.09103580686664531,0.7692460642871658,0.355495700787328
4011,-1.077851794929546,-1.2032227169466336,0.355495700787328
13739,0.5138249394312252,0.8819585660719543,-0.12772489238609958
534,0.9366140719958048,1.51314857606677,-0.12772489238609958
11532,-0.8042823562112885,-0.04228394856331166,0.355495700787328
585,-1.077851794929546,-0.5607614567733389,0.8387162939607556
13069,-1.077851794929546,-0.9777977133770565,1.3219368871341832
13091,0.21538555173858054,-0.54949020659486,-0.6109454855595272
10374,-1.077851794929546,-0.42550645463159265,1.3219368871341832
11697,-1.003241948006385,-1.1355952158757605,0.355495700787328
8762,-0.8042823562112885,-1.0792389649833662,0.355495700787328
6464,0.43921509250806384,0.3296673073264905,0.355495700787328
12017,-0.9037621521088367,-1.0679677148048874,-0.6109454855595272
14303,0.2402555007129675,-0.27898020231136755,0.355495700787328
1916,-1.077851794929546,-0.7298302094505217,1.3219368871341832
13554,-0.8540222541600626,-0.9214414624846622,-0.12772489238609958
8107,-0.40636317262109567,-0.3127939528468041,-0.12772489238609958
14581,-0.7048025603137403,-1.0341539642694508,0.355495700787328
1910,-1.052981845955159,-0.7185589592720428,0.8387162939607556
9758,-0.7545424582625144,-0.4593202051670292,0.8387162939607556
11778,-0.530712917493031,-0.16626770052657905,0.355495700787328
1133,-1.077851794929546,-1.101781465340324,1.3219368871341832
9988,-0.7048025603137403,0.02534355250756146,0.8387162939607556
11006,-1.077851794929546,-1.0454252144479297,1.3219368871341832
1317,1.6827125412274162,1.6258610778515585,-0.12772489238609958
4368,-1.077851794929546,-1.2032227169466336,0.355495700787328
8313,0.6133047353287733,0.03661480268604031,0.355495700787328
11724,-1.077851794929546,-1.101781465340324,1.3219368871341832
8856,-0.6301927133905793,-0.23389520159745217,0.355495700787328
7325,-1.052981845955159,-1.1355952158757605,0.8387162939607556
6080,0.5386948884056122,0.757974814108687,-0.12772489238609958
13516,-1.077851794929546,-1.1919514667681548,0.355495700787328
2601,-0.8540222541600626,-0.8988989621277045,-0.12772489238609958
6568,-0.6799326113393532,-1.0566964646264085,-0.12772489238609958
2173,-1.077851794929546,-1.2032227169466336,1.3219368871341832
3605,-0.008443989030902977,-0.7185589592720428,-1.5773866719063825
6429,0.8620042250726437,1.1637398205339256,0.8387162939607556
7995,-0.9783719990319979,-1.0792389649833662,0.8387162939607556
3768,1.856802184048126,1.659674828386995,-1.0941660787329548
5077,-0.505842968518644,-0.932712712663141,0.355495700787328
8274,2.130371622766383,1.5582335767806854,-0.12772489238609958
4631,1.4091431025091588,0.9157723166073909,-1.0941660787329548
8961,2.6029006532797374,2.4035773401665996,-1.0941660787329548
240,1.9065420819969,1.4117073244604603,-0.6109454855595272
13273,0.09103580686664531,0.679076062859335,0.355495700787328
14584,-1.077851794929546,-1.1919514667681548,1.3219368871341832
7602,0.2899953986617417,-0.40296395427463494,-0.12772489238609958
8772,-0.28201342774916044,-0.9214414624846622,-0.6109454855595272
1867,-1.077851794929546,-1.0792389649833662,1.3219368871341832
12426,-0.9037621521088367,-1.101781465340324,0.8387162939607556
15211,0.16564565378980642,1.0059423180352216,0.355495700787328
2521,-1.077851794929546,-1.169408966411197,0.355495700787328
10107,0.33973529661051577,0.4311085589328002,-0.12772489238609958
1820,-0.6053227644161921,-1.0341539642694508,-0.6109454855595272
2410,-1.077851794929546,-0.54949020659486,0.8387162939607556
8243,2.080631724817609,2.0090835839198395,-0.12772489238609958
6637,-1.077851794929546,-0.932712712663141,1.3219368871341832
5187,1.0112239189189662,0.4311085589328002,-0.6109454855595272
11020,0.11590575584103227,-0.16626770052657905,-0.12772489238609958
4565,-0.3317533256979346,0.5438210607175887,0.8387162939607556
7942,0.6879145822519344,0.14932730447082884,0.8387162939607556
12623,1.06096381686774,1.4455210749958969,-2.06060726507981
6391,0.21538555173858054,0.9946710678567429,0.355495700787328
2118,-1.052981845955159,-0.9777977133770565,0.355495700787328
3779,2.354201163535867,2.0879823351691917,-2.06060726507981
4961,1.06096381686774,1.366622323746545,-0.12772489238609958
2809,0.5138249394312252,0.41983730875432135,-0.12772489238609958
498,2.3790711125102537,2.189423586775501,-2.06060726507981
14169,-0.6799326113393532,-0.6960164589150851,-0.6109454855595272
10256,-1.077851794929546,-1.1243239656972817,1.3219368871341832
4284,1.06096381686774,0.41983730875432135,-1.0941660787329548
10427,-0.033313938005289936,0.7241610635732504,0.355495700787328
13332,1.8319322350737386,2.0428973344552763,-0.6109454855595272
228,-0.9037621521088367,-0.2902514524898464,0.8387162939607556
13705,0.2402555007129675,0.983399817678264,0.355495700787328
10024,1.3096633066116106,1.749844829814826,-0.6109454855595272
2741,-0.15766368287722518,0.6903473130378138,0.355495700787328
10134,0.06616585789225812,-0.12118269981266364,0.355495700787328
6001,0.2651254496873547,1.0284848183921793,0.355495700787328
5718,1.7573223881505777,1.355351073568066,-1.5773866719063825
13892,-0.7048025603137403,-1.0116114639124931,-0.6109454855595272
5583,-1.003241948006385,-0.4818627055239869,0.8387162939607556
12931,-1.077851794929546,-0.42550645463159265,1.3219368871341832
13019,0.5138249394312252,0.757974814108687,-1.0941660787329548
12619,-0.35662327467232163,0.4536510592897579,-0.12772489238609958
1128,0.5386948884056122,-0.5269477062379023,0.8387162939607556
14829,0.2651254496873547,0.7917885646441235,-0.12772489238609958
1706,-0.7296725092881273,-0.27898020231136755,0.8387162939607556
7450,0.6381746843031604,1.2313673216047987,0.355495700787328
3153,2.080631724817609,1.670946078565474,-1.0941660787329548
9704,-1.077851794929546,-0.5044052058809446,1.3219368871341832
13883,-1.077851794929546,-1.1919514667681548,-0.12772489238609958
14746,-0.9535020500576108,-0.21135270124049446,0.8387162939607556
6240,0.8371342760982567,-0.47059145534550806,-1.5773866719063825
7104,-0.35662327467232163,0.5325498105391099,0.8387162939607556
12543,-0.48097301954425686,0.22822605572018081,0.355495700787328
2721,2.2298514186639316,2.290864838381811,-0.6109454855595272
7445,0.21538555173858054,0.8932298162504332,0.355495700787328
7893,0.7625244291750957,1.0622985689276159,-0.12772489238609958
14796,0.09103580686664531,0.8819585660719543,-0.12772489238609958
11689,-1.052981845955159,-1.169408966411197,1.3219368871341832
8042,0.7625244291750957,-0.707287709093564,-1.5773866719063825
9006,-0.8291523051856755,-0.30152270266832526,0.355495700787328
9357,-0.10792378492845114,0.4536510592897579,0.355495700787328
9622,1.4588830004579327,1.5695048269591643,0.355495700787328
11853,-0.7794124072369014,0.09297105357843458,0.8387162939607556
11701,-1.077851794929546,-1.180680216589676,0.355495700787328
11346,-1.077851794929546,-1.1468664660542394,0.8387162939607556
11108,2.2049814696895442,2.2345085874894166,-2.06060726507981
10219,-1.077851794929546,-1.2032227169466336,1.3219368871341832
6054,0.7376544802007085,1.197553571069362,-1.0941660787329548
10341,-0.505842968518644,0.11551355393539228,-0.6109454855595272
12456,0.016425959943484204,-0.6171177076657332,-1.0941660787329548
2550,-1.052981845955159,-1.180680216589676,0.355495700787328
7440,0.886874174047031,1.3215373230326295,-0.12772489238609958
6768,0.8122643271238696,1.366622323746545,0.355495700787328
9937,-1.003241948006385,-0.7185589592720428,1.3219368871341832
13611,-0.7048025603137403,-0.22262395141897331,0.355495700787328
6449,0.3148653476361286,0.5550923108960676,-0.12772489238609958
12791,-0.8540222541600626,-1.0792389649833662,-0.6109454855595272
14920,0.4143451435336769,-0.5269477062379023,-0.6109454855595272
2644,-0.13279373390283822,0.07042855322147687,0.355495700787328
13420,1.1355736637909013,0.35220980768344823,-2.06060726507981
4487,0.8371342760982567,0.904501066428912,-0.6109454855595272
2061,-0.40636317262109567,0.12678480411387114,-0.12772489238609958
4645,1.4588830004579327,0.6678048126808561,-2.06060726507981
14409,0.3894751945592899,1.129926069998489,0.355495700787328
13263,-0.505842968518644,0.11551355393539228,0.8387162939607556
14836,0.6630446332775474,0.9608573173213063,-0.6109454855595272
13815,-0.25714347877477345,-0.6396602080226909,0.355495700787328
7265,-0.7794124072369014,-1.0003402137340143,0.355495700787328
4174,-0.7794124072369014,0.08169980339995572,0.355495700787328
12778,-0.8291523051856755,-1.090510215161845,0.355495700787328
14905,-1.0281118969807719,-0.9665264631985776,0.355495700787328
8543,1.4837529494323203,1.7611160799933048,-0.12772489238609958
12223,0.6879145822519344,1.3440798233895872,-0.6109454855595272
983,0.9117441230214178,0.6114485617884619,-0.6109454855595272
10407,-1.077851794929546,-0.42550645463159265,1.3219368871341832
5480,0.016425959943484204,-0.8763564617707468,-0.6109454855595272
12021,-0.15766368287722518,-0.8650852115922679,-0.6109454855595272
4797,-1.077851794929546,-1.0341539642694508,0.355495700787328
9859,-1.052981845955159,-1.180680216589676,1.3219368871341832
3662,0.33973529661051577,-0.7749152101644371,-0.6109454855595272
14128,0.16564565378980642,0.2845823066125751,-0.12772489238609958
6947,-1.0281118969807719,-1.1468664660542394,0.355495700787328
4657,0.9117441230214178,0.2056835553632231,-1.0941660787329548
6414,-0.033313938005289936,0.6903473130378138,0.355495700787328
3150,-0.9783719990319979,-0.3916927040961561,0.8387162939607556
9620,-0.9783719990319979,-0.3127939528468041,0.8387162939607556
9121,-0.38149322364670873,-0.9777977133770565,-0.6109454855595272
4813,0.7376544802007085,0.1605985546493077,-0.6109454855595272
5969,2.1055016737919963,1.9414560828489664,-1.5773866719063825
2939,-1.077851794929546,-1.169408966411197,1.3219368871341832
1340,1.9562819799456737,1.2426385717832775,-1.5773866719063825
1391,0.8122643271238696,-0.2000814510620156,-0.6109454855595272
9901,0.9366140719958048,-0.3353364532037618,-1.5773866719063825
13213,0.8620042250726437,0.1831410550062654,-1.0941660787329548
9469,-0.9037621521088367,-1.101781465340324,0.8387162939607556
11143,0.7625244291750957,1.366622323746545,-0.6109454855595272
11266,-0.8291523051856755,-0.932712712663141,0.355495700787328
9236,-1.003241948006385,-0.4818627055239869,0.355495700787328
6146,0.488954990456838,-0.40296395427463494,0.355495700787328
1412,0.04129590891787117,-0.6960164589150851,-0.12772489238609958
2256,1.1355736637909013,0.29585355679105396,-1.5773866719063825
14629,0.33973529661051577,-0.707287709093564,-1.5773866719063825
10984,0.43921509250806384,-0.6171177076657332,-1.0941660787329548
6120,-0.9535020500576108,-0.7636439599859582,0.8387162939607556
2212,-1.077851794929546,-1.1581377162327182,1.3219368871341832
5603,-1.0281118969807719,-0.3916927040961561,0.8387162939607556
6004,-0.580452815441805,0.3071248069695328,0.8387162939607556
5417,-1.077851794929546,-1.0792389649833662,1.3219368871341832
4938,-1.077851794929546,-0.44804895498855035,1.3219368871341832
3624,-1.003241948006385,-1.1468664660542394,0.8387162939607556
3158,-1.077851794929546,-0.6509314582011697,0.8387162939607556
4267,0.8371342760982567,0.6339910621454196,0.355495700787328
463,1.2847933576372237,1.051027318749137,-0.6109454855595272
1754,0.43921509250806384,-0.2902514524898464,-0.6109454855595272
13233,-0.3317533256979346,-0.09864019945570593,-0.12772489238609958
9234,-0.28201342774916044,0.17186980482778655,-0.12772489238609958
6380,-1.077851794929546,-0.42550645463159265,1.3219368871341832
3829,1.359403204560385,1.7836585803502625,-0.12772489238609958
378,-0.35662327467232163,-0.9101702123061833,0.8387162939607556
10240,0.2651254496873547,-0.7636439599859582,-2.5438278582532377
1335,1.7324524391761906,1.3440798233895872,-1.0941660787329548
14872,1.6081026943042553,0.7241610635732504,-2.5438278582532377
2716,-1.003241948006385,-0.23389520159745217,0.8387162939607556
9838,-1.003241948006385,-1.1468664660542394,-0.12772489238609958
10774,2.2049814696895442,2.2683223380248534,-2.06060726507981
13863,-1.077851794929546,-1.2032227169466336,0.8387162939607556
9933,-0.6550626623649661,-0.47059145534550806,0.8387162939607556
6322,-0.9783719990319979,-0.38042145391767723,0.8387162939607556
13238,0.9863539699445792,0.7354323137517292,-1.0941660787329548
10031,-0.9535020500576108,-0.1324539499911425,1.3219368871341832
1894,-0.9286321010832237,-0.707287709093564,0.8387162939607556
4661,1.4091431025091588,0.3071248069695328,-2.06060726507981
9919,-1.077851794929546,-0.9890689635555353,1.3219368871341832
7769,1.3096633066116106,1.0848410692845736,-0.12772489238609958
7090,1.0360938678933531,1.5244198262452489,0.355495700787328
6221,-0.580452815441805,-0.9777977133770565,0.8387162939607556
9360,1.1355736637909013,1.197553571069362,-0.12772489238609958
14697,1.7573223881505777,1.0622985689276159,-2.5438278582532377
7037,0.09103580686664531,0.35220980768344823,-0.12772489238609958
8816,-0.13279373390283822,-0.5269477062379023,-0.12772489238609958
8887,-0.7048025603137403,-0.008470198027875101,0.8387162939607556
12297,-0.580452815441805,-0.1549964503481002,0.355495700787328
11418,0.9614840209701918,0.8256023151795601,-1.0941660787329548
10563,-0.08305383595406408,-0.8876277119492256,-1.5773866719063825
11415,-0.6053227644161921,-0.2000814510620156,0.8387162939607556
3992,-1.077851794929546,-1.1919514667681548,0.8387162939607556
6691,-0.008443989030902977,0.521278560360631,0.8387162939607556
1030,0.6133047353287733,-0.32406520302528297,-0.6109454855595272
2220,-1.077851794929546,-1.1355952158757605,1.3219368871341832
11909,0.8620042250726437,1.1524685703554467,-0.6109454855595272
14125,-1.052981845955159,-0.6509314582011697,0.355495700787328
3793,2.0060218778944483,2.054168584633755,-2.06060726507981
11584,-1.077851794929546,-0.8200002108783525,0.8387162939607556
10725,2.2049814696895442,2.0992535853476704,-2.5438278582532377
4327,0.2899953986617417,-0.54949020659486,-1.0941660787329548
13112,-1.077851794929546,-1.169408966411197,0.355495700787328
8302,-0.008443989030902977,-0.06482644892026937,0.355495700787328
14560,-0.008443989030902977,-0.6960164589150851,-0.6109454855595272
13494,-1.077851794929546,-1.2032227169466336,1.3219368871341832
5731,1.0360938678933531,0.6678048126808561,-1.0941660787329548
2917,-1.052981845955159,-1.180680216589676,-0.12772489238609958
5586,-0.505842968518644,0.04788605286451916,0.355495700787328
12291,0.5884347863543863,0.757974814108687,-0.6109454855595272
6326,2.2795913166127058,1.9189135824920087,-1.5773866719063825
1515,-1.077851794929546,-1.0116114639124931,1.3219368871341832
14510,-0.13279373390283822,-0.12118269981266364,-0.12772489238609958
13916,-0.6301927133905793,-0.8538139614137891,-0.12772489238609958
12895,-0.9037621521088367,-0.30152270266832526,0.8387162939607556
2263,-1.077851794929546,-0.8650852115922679,0.355495700787328
4479,-0.05818388697967712,0.23949730589865967,-0.12772489238609958
4239,0.5884347863543863,0.983399817678264,0.355495700787328
13036,1.3842731535347719,0.8368735653580389,-2.06060726507981
13240,-0.8540222541600626,-0.42550645463159265,0.8387162939607556
893,-0.9783719990319979,-0.1775389507050579,0.8387162939607556
1490,-0.4312331215954827,-0.8312714610568314,-0.12772489238609958
12288,0.46408504148245106,0.7241610635732504,0.355495700787328
11630,-0.20740358082599933,-0.6847452087366063,0.355495700787328
8516,0.06616585789225812,0.5663635610745464,0.355495700787328
2933,0.6879145822519344,-0.6960164589150851,-0.6109454855595272
14107,0.09103580686664531,0.5776348112530253,-0.12772489238609958
1129,-1.077851794929546,-1.1130527155188028,-0.12772489238609958
731,0.2402555007129675,-0.8312714610568314,-0.6109454855595272
3084,1.085833765842127,1.6033185774946008,-0.6109454855595272
7297,-0.05818388697967712,-0.9101702123061833,-0.6109454855595272
4588,0.7625244291750957,1.2539098219617564,0.355495700787328
2795,0.8122643271238696,0.8819585660719543,-0.12772489238609958
7601,-1.0281118969807719,-0.9777977133770565,0.8387162939607556
798,-1.077851794929546,-0.8988989621277045,1.3219368871341832
6232,-1.077851794929546,-1.1468664660542394,1.3219368871341832
734,0.14077570481541946,-0.8425427112353102,-1.0941660787329548
10734,0.5386948884056122,1.1411973201769678,-1.0941660787329548
2244,-1.077851794929546,-1.022882714090972,1.3219368871341832
178,1.2350534596884497,1.6934885789224317,-0.6109454855595272
1174,-1.077851794929546,-0.8200002108783525,0.355495700787328
790,-0.8540222541600626,-0.7298302094505217,0.355495700787328
15311,0.16564565378980642,-0.7636439599859582,0.8387162939607556
198,-0.9286321010832237,-0.1549964503481002,0.355495700787328
10479,0.5635648373799991,0.44237980911127905,-0.6109454855595272
7675,-0.9286321010832237,-1.1130527155188028,0.355495700787328
548,0.8620042250726437,1.4455210749958969,-0.12772489238609958
3339,-1.003241948006385,-0.932712712663141,0.355495700787328
9511,-0.9037621521088367,-1.0792389649833662,0.8387162939607556
7465,-0.033313938005289936,0.8030598148226024,0.355495700787328
8903,-0.6799326113393532,0.11551355393539228,0.8387162939607556
11304,-0.7048025603137403,-1.0566964646264085,0.8387162939607556
12642,-0.008443989030902977,0.5550923108960676,-1.5773866719063825
7533,-1.0281118969807719,-0.47059145534550806,0.8387162939607556
66,0.19051560276419338,-0.06482644892026937,-0.6109454855595272
4712,-1.003241948006385,-1.1130527155188028,0.8387162939607556
5214,-0.505842968518644,-0.031012698384832806,0.8387162939607556
12276,1.4091431025091588,1.4455210749958969,-2.06060726507981
5033,-1.077851794929546,-0.9777977133770565,-0.12772489238609958
14716,1.3096633066116106,1.208824821247841,-1.5773866719063825
2572,-0.10792378492845114,-0.8425427112353102,-0.6109454855595272
10481,0.3894751945592899,0.31839605714801167,-1.5773866719063825
11010,-1.003241948006385,-0.932712712663141,0.8387162939607556
622,-0.3068833767235475,-0.10991144963418478,0.355495700787328
6222,-0.05818388697967712,-0.8425427112353102,0.8387162939607556
787,-1.077851794929546,-1.0003402137340143,0.355495700787328
3332,0.886874174047031,-0.25643770195440985,-0.6109454855595272
14773,-1.077851794929546,-0.42550645463159265,1.3219368871341832
6008,-0.6799326113393532,0.2056835553632231,0.8387162939607556
10804,-1.077851794929546,-0.5269477062379023,0.355495700787328
8334,-1.003241948006385,-0.9665264631985776,0.8387162939607556
13430,0.488954990456838,-0.08736894927722708,-1.5773866719063825
10768,1.1107037148165144,1.6258610778515585,-0.6109454855595272
8900,1.9065420819969,1.9414560828489664,-0.6109454855595272
515,1.3842731535347719,1.749844829814826,-0.6109454855595272
478,-0.8788922031344497,-0.25643770195440985,0.8387162939607556
4476,-0.4561030705698698,-0.07609769909874822,-0.12772489238609958
12567,-0.8042823562112885,0.02534355250756146,0.8387162939607556
9023,1.359403204560385,0.7241610635732504,-0.12772489238609958
6899,-0.4561030705698698,-0.8876277119492256,-0.6109454855595272
1033,-0.25714347877477345,-0.6509314582011697,0.355495700787328
9541,-0.38149322364670873,-0.6847452087366063,-0.12772489238609958
2598,-1.077851794929546,-1.0792389649833662,0.8387162939607556
1514,0.7376544802007085,-0.1775389507050579,-0.6109454855595272
6191,-0.8042823562112885,-1.090510215161845,0.8387162939607556
11121,0.2899953986617417,1.0622985689276159,0.8387162939607556
7237,0.5138249394312252,-0.32406520302528297,-1.0941660787329548
5753,-1.077851794929546,-0.9101702123061833,0.8387162939607556
10385,-0.40636317262109567,0.4761935596467156,0.355495700787328
13198,-0.8788922031344497,-0.8763564617707468,0.355495700787328
8236,1.2599234086628366,1.6033185774946008,0.355495700787328
8536,2.2795913166127058,2.155609836240065,-0.6109454855595272
5521,1.1355736637909013,-0.23389520159745217,-2.06060726507981
1462,0.2651254496873547,-0.8312714610568314,-0.12772489238609958
7915,-0.033313938005289936,0.2056835553632231,0.355495700787328
1871,-1.052981845955159,-1.022882714090972,1.3219368871341832
12497,-1.003241948006385,-0.6960164589150851,0.8387162939607556
7209,-0.7794124072369014,-0.5607614567733389,1.3219368871341832
10306,0.7625244291750957,0.4311085589328002,-1.5773866719063825
7349,-0.9037621521088367,-0.9214414624846622,-0.12772489238609958
4623,2.030891826868835,1.4680635753528546,-2.06060726507981
9682,-0.2322735298003864,0.6227198119669407,0.355495700787328
4818,-0.9783719990319979,-0.7298302094505217,0.355495700787328
220,-0.25714347877477345,0.39729480839736364,0.355495700787328
12766,-0.580452815441805,-1.022882714090972,-1.0941660787329548
9213,-0.3068833767235475,-0.10991144963418478,0.355495700787328
2476,0.2651254496873547,-0.22262395141897331,-0.12772489238609958
4248,-1.0281118969807719,-0.4818627055239869,1.3219368871341832
11708,-0.008443989030902977,-0.786186460342916,-0.12772489238609958
14884,0.886874174047031,0.19441230518474426,-2.06060726507981
12858,1.6827125412274162,0.7354323137517292,-2.5438278582532377
6487,0.9863539699445792,0.1605985546493077,-1.0941660787329548
9640,0.19051560276419338,0.8932298162504332,0.355495700787328
9946,-1.052981845955159,-0.7185589592720428,0.8387162939607556
5650,-1.077851794929546,-0.42550645463159265,1.3219368871341832
13966,0.4143451435336769,0.37475230804040593,0.355495700787328
11061,0.016425959943484204,0.3860235582188848,0.355495700787328
8052,0.11590575584103227,-0.786186460342916,-2.06060726507981
14106,0.8620042250726437,1.0848410692845736,-0.12772489238609958
2881,-0.38149322364670873,-0.8650852115922679,0.8387162939607556
1677,1.9065420819969,1.8062010807072202,-1.0941660787329548
6060,2.2049814696895442,1.975269833384403,-1.0941660787329548
901,-0.6301927133905793,0.2620398062556174,0.8387162939607556
11691,-1.077851794929546,-1.1919514667681548,0.8387162939607556
14623,-0.6301927133905793,-0.9890689635555353,0.355495700787328
2296,-0.20740358082599933,0.23949730589865967,-0.6109454855595272
15320,-1.077851794929546,-1.1581377162327182,0.355495700787328
8488,1.6081026943042553,0.9946710678567429,-2.5438278582532377
11063,-1.052981845955159,-0.5607614567733389,1.3219368871341832
8956,1.7821923371249646,1.9865410835628818,-1.0941660787329548
12917,2.080631724817609,2.0203548340983186,-2.06060726507981
11330,-0.555582866467418,-0.9890689635555353,-0.6109454855595272
6772,-0.8042823562112885,0.014072302329082605,0.8387162939607556
12122,-0.4312331215954827,-0.3466077033822407,0.8387162939607556
7257,-0.4561030705698698,-0.8425427112353102,0.8387162939607556
2580,0.8371342760982567,-0.5607614567733389,-1.0941660787329548
7966,-0.08305383595406408,-0.5156764560594235,-0.12772489238609958
14557,-0.8042823562112885,-0.9439839628416199,0.355495700787328
11377,-0.9783719990319979,-0.8988989621277045,0.8387162939607556
15127,2.8267301940492207,3.1587511021246826,-2.06060726507981
10009,-0.033313938005289936,0.7467035639302081,-0.6109454855595272
9568,-0.38149322364670873,-0.30152270266832526,-0.12772489238609958
5254,0.9614840209701918,1.4117073244604603,0.355495700787328
681,0.9117441230214178,-0.4818627055239869,-2.06060726507981
14299,1.1355736637909013,-0.031012698384832806,-2.06060726507981
3159,-0.48097301954425686,0.04788605286451916,0.8387162939607556
11126,-0.15766368287722518,0.7128898133947715,-0.6109454855595272
2987,-1.077851794929546,-0.9101702123061833,1.3219368871341832
4908,1.06096381686774,1.5807760771376431,-0.12772489238609958
1882,-1.077851794929546,-1.0003402137340143,1.3219368871341832
8883,-1.052981845955159,-0.4818627055239869,1.3219368871341832
1940,2.1801115207151573,1.817472330885699,-2.5438278582532377
3296,-1.0281118969807719,-1.1468664660542394,0.8387162939607556
3534,1.3842731535347719,0.9270435667858697,-0.12772489238609958
5974,-1.077851794929546,-0.49313395570246576,1.3219368871341832
3729,-1.077851794929546,-0.8312714610568314,0.355495700787328
490,0.14077570481541946,0.7241610635732504,-0.12772489238609958
5708,0.8122643271238696,1.0172135682137005,-0.12772489238609958
1181,1.1355736637909013,0.7241610635732504,-2.06060726507981
1375,-1.077851794929546,-0.9439839628416199,1.3219368871341832
5014,-0.6053227644161921,-0.4142352044531138,0.8387162939607556
626,-0.4312331215954827,-0.24516645177593102,0.8387162939607556
4758,0.14077570481541946,-0.8087289606998737,-1.0941660787329548
11147,0.2402555007129675,0.983399817678264,-0.12772489238609958
11717,0.06616585789225812,-0.6847452087366063,-0.12772489238609958
11219,-0.48097301954425686,-0.2677089521328887,0.355495700787328
4180,-1.077851794929546,-0.42550645463159265,0.8387162939607556
13311,-0.7794124072369014,0.09297105357843458,-1.0941660787329548
8983,2.080631724817609,1.8850998319565722,-1.5773866719063825
2887,0.09103580686664531,-0.786186460342916,-1.0941660787329548
8876,0.9863539699445792,1.0848410692845736,-0.12772489238609958
4539,-0.7296725092881273,0.13805605429235,0.8387162939607556
10942,-1.077851794929546,-1.2032227169466336,1.3219368871341832
6671,1.8070622860993515,1.276452322318714,-1.0941660787329548
6453,1.5086228984067072,1.0397560685706582,0.8387162939607556
1366,0.14077570481541946,-0.053555198741790516,-0.12772489238609958
2639,0.36460524558490276,0.2845823066125751,0.355495700787328
14531,-1.077851794929546,-0.9890689635555353,0.8387162939607556
5602,0.09103580686664531,0.6678048126808561,0.355495700787328
13875,-0.033313938005289936,-0.8988989621277045,-2.06060726507981
5730,0.5386948884056122,0.44237980911127905,-0.12772489238609958
7204,-0.8788922031344497,-0.5945752073087754,0.8387162939607556
5296,1.1107037148165144,1.6145898276730797,-0.12772489238609958
11786,1.9065420819969,1.366622323746545,-2.5438278582532377
2938,-1.077851794929546,-1.169408966411197,1.3219368871341832
10477,-0.7048025603137403,-0.3127939528468041,-0.12772489238609958
13292,0.19051560276419338,0.8932298162504332,0.355495700787328
8890,1.3345332555859974,1.4906060757098123,0.355495700787328
5979,-1.077851794929546,-0.47059145534550806,1.3219368871341832
4534,-0.4312331215954827,0.4311085589328002,0.8387162939607556
13759,-1.077851794929546,-0.7185589592720428,0.8387162939607556
7669,-1.077851794929546,-1.1919514667681548,1.3219368871341832
7607,-0.7296725092881273,-0.8425427112353102,0.355495700787328
12293,1.3345332555859974,1.129926069998489,-0.6109454855595272
10084,-0.4312331215954827,0.22822605572018081,-0.12772489238609958
11480,-0.35662327467232163,0.521278560360631,0.355495700787328
14919,-0.25714347877477345,-0.7185589592720428,-0.12772489238609958
6681,0.5884347863543863,0.7917885646441235,-0.12772489238609958
5428,0.33973529661051577,-0.5945752073087754,-1.5773866719063825
5266,0.11590575584103227,0.8932298162504332,0.355495700787328
10788,0.3894751945592899,1.0622985689276159,-0.12772489238609958
15049,-0.7545424582625144,-0.16626770052657905,0.8387162939607556
1784,-1.077851794929546,-1.1468664660542394,0.355495700787328
7116,-1.003241948006385,-0.22262395141897331,0.8387162939607556
494,1.533492847381094,1.670946078565474,-1.5773866719063825
12084,0.8122643271238696,-0.47059145534550806,-1.0941660787329548
8981,1.9065420819969,1.828743581064178,-1.0941660787329548
2038,0.6381746843031604,1.1073835696415313,-0.12772489238609958
4041,0.6133047353287733,-0.6058464574872543,-0.6109454855595272
2897,-1.077851794929546,-1.1919514667681548,-0.12772489238609958
8558,-1.077851794929546,-0.4367777048100715,1.3219368871341832
12467,0.8122643271238696,-0.23389520159745217,-2.5438278582532377
10075,0.2651254496873547,0.8481448155365178,-0.12772489238609958
11864,1.7324524391761906,2.0090835839198395,-1.0941660787329548
2653,-1.077851794929546,-0.6847452087366063,1.3219368871341832
10556,-1.052981845955159,-1.1355952158757605,0.8387162939607556
8514,0.886874174047031,1.0735698191060947,-0.6109454855595272
2031,0.43921509250806384,1.0397560685706582,-0.12772489238609958
5089,-0.20740358082599933,-0.9214414624846622,0.355495700787328
813,-1.077851794929546,-0.786186460342916,0.8387162939607556
7235,-0.6053227644161921,-0.7185589592720428,0.8387162939607556
6280,-1.077851794929546,-0.8650852115922679,1.3219368871341832
14131,0.6381746843031604,0.4987360600036733,-0.6109454855595272
1079,-1.077851794929546,-1.2032227169466336,0.8387162939607556
2226,-0.7794124072369014,-0.932712712663141,0.355495700787328
11956,-0.6799326113393532,-0.4818627055239869,0.355495700787328
14031,1.6827125412274162,1.9301848326704876,-2.06060726507981
12809,-1.052981845955159,-1.1130527155188028,0.355495700787328
3261,-1.077851794929546,-1.1919514667681548,1.3219368871341832
5649,-1.077851794929546,-0.42550645463159265,0.8387162939607556
3862,1.06096381686774,1.4004360742819815,0.355495700787328
2936,-1.077851794929546,-1.169408966411197,1.3219368871341832
11499,1.2599234086628366,1.7160310792793894,-1.5773866719063825
7080,0.36460524558490276,1.0059423180352216,0.355495700787328
3917,-0.6550626623649661,-0.42550645463159265,0.355495700787328
12485,-1.077851794929546,-0.8988989621277045,1.3219368871341832
305,0.8122643271238696,-0.3578789535607195,-0.6109454855595272
4056,1.085833765842127,-0.3127939528468041,-1.0941660787329548
14603,-1.077851794929546,-1.2032227169466336,0.8387162939607556
2999,0.7127845312263216,0.37475230804040593,0.355495700787328
9767,-0.28201342774916044,-0.2677089521328887,-0.12772489238609958
1231,1.5086228984067072,1.7160310792793894,-1.0941660787329548
2313,1.1107037148165144,1.3215373230326295,-0.12772489238609958
12050,-1.077851794929546,-1.2032227169466336,0.8387162939607556
10509,-0.8291523051856755,-0.7185589592720428,0.355495700787328
13088,0.06616585789225812,-0.5607614567733389,-1.0941660787329548
4321,0.2651254496873547,-0.4818627055239869,-0.6109454855595272
15215,-0.7794124072369014,-0.1549964503481002,0.8387162939607556
6470,-0.7048025603137403,-0.42550645463159265,-0.12772489238609958
15233,1.856802184048126,1.208824821247841,-1.0941660787329548
7500,0.8122643271238696,1.355351073568066,-0.6109454855595272
12938,-0.4312331215954827,0.44237980911127905,0.355495700787328
3899,0.2899953986617417,0.3860235582188848,0.8387162939607556
3567,0.5386948884056122,-0.04228394856331166,-1.0941660787329548
5452,-0.580452815441805,-1.0116114639124931,-1.0941660787329548
8022,-1.077851794929546,-1.2032227169466336,1.3219368871341832
13274,0.2651254496873547,0.8143310650010812,0.355495700787328
12134,0.9863539699445792,0.5776348112530253,-2.06060726507981
4270,0.4143451435336769,0.3634810578619271,-0.12772489238609958
8531,-0.8788922031344497,-0.14372520016962134,0.8387162939607556
4086,-0.033313938005289936,-0.14372520016962134,0.8387162939607556
6663,1.583232745329868,1.0059423180352216,-1.5773866719063825
12463,-0.033313938005289936,-0.5607614567733389,0.355495700787328
588,-1.052981845955159,-0.49313395570246576,0.8387162939607556
3365,-1.077851794929546,-0.8200002108783525,1.3219368871341832
2670,1.3345332555859974,1.3328085732111083,0.355495700787328
5515,-0.2322735298003864,-0.707287709093564,-0.12772489238609958
15263,-0.40636317262109567,-0.24516645177593102,-0.6109454855595272
13201,-0.6799326113393532,-0.7411014596290005,-1.0941660787329548
2395,2.553160755330963,2.313407338738769,-1.5773866719063825
5506,0.9117441230214178,-0.5044052058809446,-1.0941660787329548
2170,-0.3068833767235475,-0.9552552130200987,-1.0941660787329548
14399,-1.003241948006385,-0.24516645177593102,0.355495700787328
8134,0.36460524558490276,0.5325498105391099,0.355495700787328
10472,0.46408504148245106,0.4987360600036733,-1.0941660787329548
14431,2.2049814696895442,-0.9439839628416199,-2.06060726507981
9257,0.04129590891787117,0.6565335625023773,0.355495700787328
12793,-0.10792378492845114,-0.8763564617707468,-1.0941660787329548
5673,1.1604436127652884,1.5807760771376431,-0.12772489238609958
2774,1.359403204560385,1.4906060757098123,-1.0941660787329548
7620,-0.18253363185161225,-0.7411014596290005,-0.12772489238609958
6559,-1.077851794929546,-1.2032227169466336,1.3219368871341832
14060,0.6630446332775474,1.3215373230326295,0.8387162939607556
8456,-1.077851794929546,-1.0003402137340143,1.3219368871341832
12679,-0.05818388697967712,-0.008470198027875101,-0.6109454855595272
14375,0.36460524558490276,0.9270435667858697,-0.6109454855595272
5798,-0.10792378492845114,-0.7636439599859582,0.355495700787328
5982,0.7376544802007085,1.2539098219617564,0.355495700787328
5882,-1.077851794929546,-1.090510215161845,0.8387162939607556
9663,-0.7545424582625144,0.12678480411387114,0.8387162939607556
12137,1.3096633066116106,0.7917885646441235,-2.5438278582532377
2181,0.2899953986617417,-0.8425427112353102,-0.6109454855595272
11436,1.583232745329868,1.4793348255313334,-2.06060726507981
1473,-0.08305383595406408,-0.8538139614137891,-0.12772489238609958
6103,-0.530712917493031,-0.27898020231136755,0.355495700787328
11600,-1.077851794929546,-0.932712712663141,0.8387162939607556
9363,0.9117441230214178,1.0284848183921793,0.355495700787328
9999,-0.18253363185161225,0.5663635610745464,0.355495700787328
421,-0.7048025603137403,-0.7185589592720428,-1.0941660787329548
2306,-1.003241948006385,-0.4142352044531138,0.355495700787328
13101,-0.40636317262109567,-0.8312714610568314,-1.0941660787329548
171,-0.9286321010832237,-0.09864019945570593,0.355495700787328
3956,0.43921509250806384,-0.4367777048100715,-0.12772489238609958
5606,1.2350534596884497,1.4680635753528546,-0.12772489238609958
14189,0.6381746843031604,-0.4593202051670292,-2.06060726507981
8462,-0.7296725092881273,-0.628388957844212,0.8387162939607556
1725,0.5884347863543863,0.25076855607713855,-0.6109454855595272
8938,-0.7296725092881273,0.1605985546493077,0.8387162939607556
15195,1.3842731535347719,1.7949298305287413,0.8387162939607556
14357,0.06616585789225812,0.5325498105391099,-0.6109454855595272
13432,0.2651254496873547,-0.2000814510620156,1.3219368871341832
904,-0.18253363185161225,0.6903473130378138,0.8387162939607556
3494,1.0112239189189662,1.3891648241035026,-0.6109454855595272
8346,-1.077851794929546,-1.101781465340324,1.3219368871341832
9957,1.856802184048126,1.287723572497193,-1.5773866719063825
7797,0.8122643271238696,1.197553571069362,0.355495700787328
7396,0.4143451435336769,0.4536510592897579,0.355495700787328
12806,-0.35662327467232163,-0.8650852115922679,-0.6109454855595272
2080,-0.7048025603137403,-0.3578789535607195,0.355495700787328
7928,-0.7545424582625144,-0.4367777048100715,0.8387162939607556
11461,0.488954990456838,1.0848410692845736,-0.6109454855595272
7933,-0.20740358082599933,-0.1324539499911425,-0.6109454855595272
10087,-1.0281118969807719,-0.44804895498855035,-0.12772489238609958
10899,-1.077851794929546,-1.090510215161845,0.8387162939607556
7211,-1.077851794929546,-0.8876277119492256,0.8387162939607556
4677,-0.9535020500576108,-0.8988989621277045,-0.12772489238609958
6533,-0.7048025603137403,-0.9665264631985776,0.355495700787328
5209,-0.35662327467232163,0.02534355250756146,0.355495700787328
2646,0.43921509250806384,0.44237980911127905,0.355495700787328
13241,-1.077851794929546,-0.7185589592720428,1.3219368871341832
11202,-0.9783719990319979,-0.5269477062379023,0.8387162939607556
10110,0.8620042250726437,0.6565335625023773,-0.6109454855595272
11594,-1.077851794929546,-0.8876277119492256,0.8387162939607556
10795,0.5386948884056122,1.1186548198200101,-1.0941660787329548
6365,2.528290806356576,2.437391090702036,-0.6109454855595272
11851,0.4143451435336769,1.1524685703554467,-0.12772489238609958
2155,-0.40636317262109567,-0.8988989621277045,-1.0941660787329548
11179,-0.35662327467232163,0.3071248069695328,0.8387162939607556
7370,-1.077851794929546,-0.9101702123061833,1.3219368871341832
13652,-1.077851794929546,-0.4593202051670292,1.3219368871341832
7837,-0.8291523051856755,0.03661480268604031,0.355495700787328
3715,-0.8788922031344497,-0.7185589592720428,0.355495700787328
8111,-1.077851794929546,-0.8425427112353102,1.3219368871341832
13889,-0.7296725092881273,-1.0341539642694508,-0.12772489238609958
12719,-0.10792378492845114,-0.5720327069518177,0.355495700787328
3622,-1.077851794929546,-1.1919514667681548,-0.12772489238609958
4516,1.2847933576372237,1.5582335767806854,0.355495700787328
7354,-1.077851794929546,-1.0341539642694508,1.3219368871341832
8750,-1.077851794929546,-1.2032227169466336,1.3219368871341832
1436,-1.077851794929546,-1.1919514667681548,0.8387162939607556
507,-0.35662327467232163,0.4536510592897579,0.355495700787328
5275,-1.003241948006385,-0.22262395141897331,0.8387162939607556
5663,0.6630446332775474,1.3102660728541506,0.355495700787328
5402,1.3345332555859974,0.08169980339995572,-2.06060726507981
5930,-1.077851794929546,-0.7636439599859582,1.3219368871341832
8947,-0.7794124072369014,0.09297105357843458,0.8387162939607556
2339,2.2298514186639316,2.2345085874894166,-0.6109454855595272
13253,1.9811519289200612,1.5244198262452489,-2.5438278582532377
4386,-0.6301927133905793,-1.022882714090972,-1.0941660787329548
11923,0.016425959943484204,0.4311085589328002,0.355495700787328
7680,-1.052981845955159,-1.1581377162327182,0.8387162939607556
11796,1.8816721330225128,1.5469623266022066,-2.06060726507981
11574,0.7127845312263216,0.5325498105391099,-0.6109454855595272
8693,-1.077851794929546,-1.022882714090972,1.3219368871341832
643,-0.08305383595406408,-0.27898020231136755,0.355495700787328
1539,-1.077851794929546,-0.8200002108783525,0.355495700787328
1211,-0.48097301954425686,0.13805605429235,0.8387162939607556
11285,-1.077851794929546,-1.1581377162327182,0.8387162939607556
14007,-1.077851794929546,-0.5044052058809446,0.8387162939607556
8864,0.16564565378980642,0.41983730875432135,-0.12772489238609958
6106,0.43921509250806384,0.21695480554170196,-0.6109454855595272
5615,-1.077851794929546,-0.4593202051670292,1.3219368871341832
13498,-0.8540222541600626,-1.101781465340324,1.3219368871341832
1464,0.11590575584103227,-0.8538139614137891,0.355495700787328
1192,-0.10792378492845114,0.2056835553632231,0.8387162939607556
3590,1.085833765842127,-0.25643770195440985,-1.5773866719063825
9926,0.09103580686664531,-0.14372520016962134,-0.12772489238609958
6360,2.055761775843222,2.155609836240065,0.355495700787328
8697,0.2899953986617417,-0.38042145391767723,-0.6109454855595272
12476,-0.25714347877477345,-0.49313395570246576,0.355495700787328
6719,2.4039410614846406,2.313407338738769,-1.0941660787329548
506,0.8620042250726437,1.355351073568066,0.355495700787328
11345,-1.077851794929546,-1.1468664660542394,0.8387162939607556
9463,-0.9535020500576108,-1.090510215161845,0.8387162939607556
9522,0.19051560276419338,-0.6960164589150851,-0.12772489238609958
9841,-0.6053227644161921,-1.022882714090972,-1.5773866719063825
1773,-0.6550626623649661,-0.8763564617707468,-0.12772489238609958
272,-0.7048025603137403,-0.5382189564163812,0.355495700787328
12519,-0.7296725092881273,-0.22262395141897331,0.8387162939607556
14385,0.5884347863543863,1.1637398205339256,-0.6109454855595272
3618,0.33973529661051577,-0.7411014596290005,-0.6109454855595272
2381,1.6329726432786424,1.9076423323135299,-0.12772489238609958
7008,-1.077851794929546,-0.8876277119492256,0.8387162939607556
13423,1.533492847381094,0.44237980911127905,-2.5438278582532377
4633,1.5583627963554811,0.9495860671428275,-1.0941660787329548
8504,-0.48097301954425686,0.02534355250756146,0.355495700787328
746,-1.077851794929546,-1.169408966411197,-0.12772489238609958
7707,-1.077851794929546,-1.101781465340324,0.355495700787328
3569,-0.8042823562112885,-0.707287709093564,0.8387162939607556
8982,1.4091431025091588,1.5356910764237277,-0.12772489238609958
15300,-1.077851794929546,-1.0341539642694508,0.8387162939607556
8557,-1.077851794929546,-0.4367777048100715,1.3219368871341832
6448,1.1853135617396753,1.0622985689276159,-0.6109454855595272
5599,2.080631724817609,1.8625573315996145,-1.0941660787329548
11235,-1.077851794929546,-0.932712712663141,1.3219368871341832
11019,-1.052981845955159,-0.8876277119492256,1.3219368871341832
8572,0.5884347863543863,1.276452322318714,0.8387162939607556
10811,-0.28201342774916044,0.3860235582188848,0.355495700787328
1912,-0.9783719990319979,-0.5945752073087754,0.355495700787328
9422,0.6630446332775474,-0.18881020088353676,-0.6109454855595272
599,0.6381746843031604,0.8368735653580389,-0.6109454855595272
3892,2.030891826868835,1.4906060757098123,-1.5773866719063825
5540,-0.08305383595406408,-0.27898020231136755,-0.12772489238609958
1652,2.055761775843222,2.133067335883107,-2.5438278582532377
8106,0.3148653476361286,0.059157303042998016,-0.6109454855595272
1893,-1.077851794929546,-0.8988989621277045,0.355495700787328
11387,0.2651254496873547,-0.06482644892026937,-1.0941660787329548
6502,-1.077851794929546,-1.022882714090972,1.3219368871341832
4362,-0.9286321010832237,-1.1243239656972817,0.8387162939607556
14995,-0.13279373390283822,-0.7411014596290005,-2.06060726507981
375,-0.9037621521088367,-1.090510215161845,0.355495700787328
1966,-1.077851794929546,-0.44804895498855035,1.3219368871341832
3957,-0.7296725092881273,-0.8538139614137891,0.355495700787328
14658,-1.077851794929546,-1.0454252144479297,0.355495700787328
5696,-0.580452815441805,0.13805605429235,0.8387162939607556
1243,2.080631724817609,2.144338586061586,-1.0941660787329548
12664,-0.033313938005289936,0.2056835553632231,-1.5773866719063825
12358,-0.10792378492845114,-0.628388957844212,-0.6109454855595272
9355,1.06096381686774,1.2313673216047987,0.355495700787328
941,1.9811519289200612,1.9301848326704876,-1.5773866719063825
13377,0.5386948884056122,0.8594160657149966,0.355495700787328
3346,0.2402555007129675,-0.25643770195440985,-0.6109454855595272
2657,0.7127845312263216,0.7692460642871658,0.355495700787328
15005,-1.077851794929546,-1.0792389649833662,0.8387162939607556
10008,-1.052981845955159,-0.3466077033822407,1.3219368871341832
5326,0.8371342760982567,1.2313673216047987,-0.6109454855595272
10035,0.9366140719958048,1.51314857606677,-0.12772489238609958
6578,-1.077851794929546,-1.1919514667681548,1.3219368871341832
2799,1.6081026943042553,1.2313673216047987,-0.6109454855595272
4306,1.1604436127652884,0.02534355250756146,-0.12772489238609958
11099,0.886874174047031,1.366622323746545,-0.12772489238609958
12422,-1.077851794929546,-1.1919514667681548,1.3219368871341832
7244,0.7376544802007085,-0.3578789535607195,-0.6109454855595272
298,-1.077851794929546,-1.0566964646264085,1.3219368871341832
12518,-0.3068833767235475,0.10424230375691343,-0.12772489238609958
3823,2.553160755330963,2.4824760914159514,-2.06060726507981
10166,0.9863539699445792,-0.30152270266832526,-2.5438278582532377
7977,0.46408504148245106,-0.4818627055239869,-1.0941660787329548
2035,2.3790711125102537,2.155609836240065,-1.5773866719063825
4039,-0.3068833767235475,-0.8538139614137891,0.8387162939607556
13957,-0.9535020500576108,-0.6509314582011697,1.3219368871341832
11971,-0.555582866467418,-0.5720327069518177,0.355495700787328
1499,0.06616585789225812,-0.5945752073087754,-0.6109454855595272
3512,-0.9535020500576108,-0.3353364532037618,0.355495700787328
15220,1.583232745329868,1.355351073568066,-0.12772489238609958
8844,1.0112239189189662,0.5325498105391099,-0.12772489238609958
8362,-0.8291523051856755,-1.022882714090972,0.355495700787328
6828,-0.555582866467418,-0.23389520159745217,0.8387162939607556
7130,-0.530712917493031,0.3296673073264905,0.8387162939607556
12271,0.09103580686664531,0.679076062859335,0.8387162939607556
9406,-0.08305383595406408,-0.23389520159745217,-0.12772489238609958
4085,0.2651254496873547,-0.019741448206353953,0.8387162939607556
242,-0.8788922031344497,-0.3691502037391984,0.355495700787328
13044,0.11590575584103227,0.08169980339995572,-1.5773866719063825
1644,2.528290806356576,2.437391090702036,-1.5773866719063825
7371,-0.28201342774916044,-0.30152270266832526,0.8387162939607556
9677,-1.052981845955159,-0.3353364532037618,0.8387162939607556
5594,1.583232745329868,1.5018773258882911,0.8387162939607556
11501,2.3790711125102537,2.369763589631163,-2.06060726507981
12982,1.6578425922530293,1.8625573315996145,-1.0941660787329548
5231,0.9117441230214178,1.1411973201769678,-0.6109454855595272
2076,-0.7545424582625144,-0.3578789535607195,0.355495700787328
4103,0.16564565378980642,0.21695480554170196,-0.12772489238609958
7493,1.856802184048126,2.0428973344552763,-0.12772489238609958
9043,1.359403204560385,0.3071248069695328,-1.0941660787329548
5968,2.3790711125102537,2.0767110849907127,-2.06060726507981
12818,-0.10792378492845114,-0.6960164589150851,-0.12772489238609958
12110,-1.077851794929546,-0.9890689635555353,1.3219368871341832
3966,-1.077851794929546,-1.1243239656972817,0.8387162939607556
10623,0.4143451435336769,-0.5720327069518177,-2.06060726507981
15020,-0.3317533256979346,-0.47059145534550806,1.3219368871341832
14678,0.4143451435336769,0.07042855322147687,0.355495700787328
6754,-1.0281118969807719,-0.27898020231136755,0.8387162939607556
10718,2.1055016737919963,1.9527273330274453,-2.5438278582532377
12445,0.11590575584103227,-0.707287709093564,-0.6109454855595272
12759,-1.077851794929546,-1.1919514667681548,0.8387162939607556
4078,1.1355736637909013,0.21695480554170196,-1.5773866719063825
7754,0.5884347863543863,0.4311085589328002,-0.6109454855595272
8832,-1.077851794929546,-0.8988989621277045,0.8387162939607556
2778,-0.28201342774916044,0.3634810578619271,0.8387162939607556
4603,1.1853135617396753,1.355351073568066,0.355495700787328
4932,-1.077851794929546,-0.4367777048100715,1.3219368871341832
1985,1.6578425922530293,1.9527273330274453,-1.0941660787329548
3861,1.2599234086628366,1.5356910764237277,0.355495700787328
7774,-0.8291523051856755,-0.27898020231136755,0.8387162939607556
325,-1.077851794929546,-1.1581377162327182,1.3219368871341832
14402,-0.9783719990319979,-0.18881020088353676,1.3219368871341832
6394,0.7625244291750957,1.366622323746545,-0.12772489238609958
11495,2.478550908407802,2.437391090702036,-2.5438278582532377
4054,-0.7545424582625144,-0.8988989621277045,-0.12772489238609958
2237,-0.033313938005289936,-0.54949020659486,-0.12772489238609958
5229,-0.530712917493031,0.09297105357843458,0.355495700787328
4571,-1.003241948006385,-0.24516645177593102,0.8387162939607556
8976,0.886874174047031,1.287723572497193,0.355495700787328
7454,-1.077851794929546,-0.4142352044531138,1.3219368871341832
1268,-0.4312331215954827,0.46492230946823676,0.355495700787328
864,0.2651254496873547,0.8819585660719543,-0.12772489238609958
4942,-1.077851794929546,-0.4593202051670292,1.3219368871341832
2253,-1.077851794929546,-0.932712712663141,0.8387162939607556
6010,0.16564565378980642,0.9721285674997852,0.355495700787328
6911,-1.077851794929546,-1.1919514667681548,0.355495700787328
10046,1.3842731535347719,1.7723873301717836,-1.0941660787329548
6998,0.8371342760982567,-0.053555198741790516,-0.12772489238609958
371,-0.9037621521088367,-1.101781465340324,0.355495700787328
12824,-0.4312331215954827,-0.7411014596290005,-0.12772489238609958
7940,-0.25714347877477345,-0.25643770195440985,-0.12772489238609958
609,1.5583627963554811,1.0622985689276159,-1.0941660787329548
4651,-0.2322735298003864,-0.21135270124049446,0.355495700787328
12835,0.7376544802007085,-0.21135270124049446,-1.5773866719063825
8872,2.1055016737919963,1.6258610778515585,-2.5438278582532377
15336,-0.8540222541600626,-0.9777977133770565,-2.06060726507981
14808,-0.4561030705698698,0.37475230804040593,0.355495700787328
11527,0.8620042250726437,1.3215373230326295,0.355495700787328
2364,-1.003241948006385,-0.22262395141897331,1.3219368871341832
7766,1.9065420819969,1.3328085732111083,-2.06060726507981
7148,-0.6301927133905793,0.14932730447082884,0.8387162939607556
9103,-1.077851794929546,-1.1919514667681548,1.3219368871341832
3789,1.3842731535347719,1.6484035782085162,-0.12772489238609958
11194,0.2899953986617417,0.600177311609983,-1.5773866719063825
5581,0.5635648373799991,0.7128898133947715,0.355495700787328
9453,-1.077851794929546,-1.1468664660542394,1.3219368871341832
5060,-1.077851794929546,-1.1130527155188028,0.8387162939607556
15046,0.2651254496873547,0.31839605714801167,-1.5773866719063825
13510,-0.25714347877477345,-0.9439839628416199,-1.5773866719063825
8671,0.2402555007129675,-0.008470198027875101,-0.6109454855595272
662,0.6381746843031604,-0.2902514524898464,-1.0941660787329548
10959,-0.7296725092881273,-1.0566964646264085,0.355495700787328
12232,1.2599234086628366,1.7160310792793894,-1.0941660787329548
2776,1.06096381686774,1.2989948226756718,-0.12772489238609958
4535,-0.15766368287722518,0.679076062859335,0.8387162939607556
7189,1.3096633066116106,0.8594160657149966,0.355495700787328
14699,-0.13279373390283822,0.10424230375691343,-0.6109454855595272
5573,0.5386948884056122,0.5776348112530253,0.355495700787328
6135,-0.25714347877477345,-0.5269477062379023,0.355495700787328
4427,0.5138249394312252,-0.38042145391767723,-0.12772489238609958
5247,-0.7545424582625144,0.014072302329082605,0.8387162939607556
12336,-0.38149322364670873,-0.4818627055239869,0.8387162939607556
3981,0.886874174047031,-0.6058464574872543,-1.5773866719063825
7825,0.7625244291750957,1.3778935739250238,-0.12772489238609958
2669,-0.8042823562112885,-0.18881020088353676,0.8387162939607556
3977,-1.077851794929546,-1.1581377162327182,1.3219368871341832
279,0.33973529661051577,-0.10991144963418478,-0.12772489238609958
11373,0.5386948884056122,-0.2902514524898464,-2.06060726507981
8718,0.14077570481541946,-0.6734739585581274,0.355495700787328
7452,1.0112239189189662,1.4906060757098123,-0.12772489238609958
5197,1.3345332555859974,0.7805173144656447,-2.06060726507981
13690,0.6630446332775474,1.3215373230326295,-0.12772489238609958
14301,-0.3068833767235475,-0.5269477062379023,0.355495700787328
4155,0.016425959943484204,0.7241610635732504,0.355495700787328
14321,-1.077851794929546,-0.8312714610568314,1.3219368871341832
4883,0.016425959943484204,0.7128898133947715,-0.12772489238609958
5807,-1.052981845955159,-1.1355952158757605,1.3219368871341832
3809,-1.003241948006385,-0.23389520159745217,0.8387162939607556
8713,-0.530712917493031,-0.8312714610568314,0.8387162939607556
12079,0.6879145822519344,-0.5607614567733389,-2.06060726507981
4683,-1.077851794929546,-1.0566964646264085,1.3219368871341832
11721,-0.18253363185161225,-0.7185589592720428,-1.0941660787329548
14192,-0.8291523051856755,-0.9552552130200987,0.8387162939607556
10972,-1.077851794929546,-1.169408966411197,0.8387162939607556
5593,0.8122643271238696,1.0397560685706582,-0.12772489238609958
14097,1.06096381686774,1.3215373230326295,-1.5773866719063825
6897,-1.003241948006385,-1.090510215161845,0.355495700787328
4563,-0.8042823562112885,0.059157303042998016,0.8387162939607556
8376,-0.38149322364670873,-0.9665264631985776,0.355495700787328
9498,0.6630446332775474,-0.7523727098074794,-1.5773866719063825
12620,0.7873943781494827,1.2989948226756718,-0.6109454855595272
1269,-0.7048025603137403,0.1831410550062654,0.355495700787328
2350,1.1355736637909013,1.6258610778515585,-0.12772489238609958
8745,-1.077851794929546,-1.2032227169466336,0.8387162939607556
1384,-1.077851794929546,-1.0003402137340143,1.3219368871341832
12097,-0.9535020500576108,-0.9552552130200987,0.355495700787328
9036,0.016425959943484204,-0.10991144963418478,-0.12772489238609958
5856,-0.9286321010832237,-1.090510215161845,0.8387162939607556
297,-1.077851794929546,-1.0454252144479297,1.3219368871341832
8635,0.2402555007129675,0.600177311609983,0.8387162939607556
13507,-1.077851794929546,-1.2032227169466336,0.8387162939607556
12165,0.9366140719958048,1.0848410692845736,-0.6109454855595272
10066,1.2847933576372237,1.592047327316122,-2.06060726507981
2077,-0.6301927133905793,-0.2677089521328887,0.8387162939607556
9594,-0.38149322364670873,0.03661480268604031,0.355495700787328
12240,-0.7545424582625144,0.10424230375691343,0.8387162939607556
2229,-1.077851794929546,-1.101781465340324,1.3219368871341832
2842,-0.530712917493031,-0.5833039571302966,-1.0941660787329548
2537,-0.6053227644161921,-1.022882714090972,0.355495700787328
194,1.7075824902018033,1.9189135824920087,-0.12772489238609958
12721,0.46408504148245106,-0.4142352044531138,-1.0941660787329548
7362,-0.033313938005289936,-0.3916927040961561,0.355495700787328
6636,-1.077851794929546,-0.932712712663141,1.3219368871341832
7498,1.0360938678933531,1.51314857606677,-0.6109454855595272
13902,-0.9783719990319979,-1.0792389649833662,0.8387162939607556
4042,-0.9535020500576108,-1.0566964646264085,0.8387162939607556
6553,-1.077851794929546,-1.2032227169466336,1.3219368871341832
13452,0.16564565378980642,-0.5156764560594235,-0.6109454855595272
5505,-0.8788922031344497,-1.022882714090972,0.355495700787328
6854,0.16564565378980642,-0.1775389507050579,0.355495700787328
6761,0.9614840209701918,1.5018773258882911,-0.12772489238609958
5300,2.3790711125102537,1.5018773258882911,-0.6109454855595272
11839,1.5086228984067072,1.828743581064178,-2.5438278582532377
320,-1.077851794929546,-1.1468664660542394,0.8387162939607556
7135,-0.2322735298003864,0.5889060614315041,0.8387162939607556
1371,-0.4561030705698698,-0.42550645463159265,-0.12772489238609958
15062,1.9065420819969,1.2651810721402352,-1.0941660787329548
2654,-1.077851794929546,-0.6847452087366063,1.3219368871341832
9099,-0.033313938005289936,-0.8312714610568314,0.355495700787328
10715,0.19051560276419338,0.7467035639302081,-0.12772489238609958
3398,-0.9535020500576108,-0.3691502037391984,0.355495700787328
8532,-0.25714347877477345,0.46492230946823676,0.355495700787328
9819,0.5635648373799991,-0.6171177076657332,-2.5438278582532377
12738,0.2651254496873547,-0.6622027083796486,-1.0941660787329548
13988,1.856802184048126,1.5356910764237277,-0.6109454855595272
12883,0.9614840209701918,0.8932298162504332,-0.6109454855595272
926,-0.13279373390283822,0.6678048126808561,0.355495700787328
244,0.488954990456838,0.5325498105391099,0.355495700787328
7469,0.8371342760982567,1.4455210749958969,-0.12772489238609958
8207,2.677510500202898,2.5501035924868245,-1.0941660787329548
143,1.4091431025091588,1.7160310792793894,-0.6109454855595272
5983,-0.9286321010832237,-0.16626770052657905,0.355495700787328
8151,0.4143451435336769,0.8030598148226024,0.355495700787328
2363,-0.9286321010832237,-0.09864019945570593,1.3219368871341832
11228,-0.9037621521088367,-0.6734739585581274,-0.6109454855595272
129,-0.9535020500576108,-0.24516645177593102,1.3219368871341832
1161,1.3842731535347719,0.41983730875432135,-1.0941660787329548
14644,-1.077851794929546,-1.1130527155188028,0.8387162939607556
15030,-1.052981845955159,-1.0003402137340143,0.355495700787328
5953,1.7324524391761906,1.4906060757098123,-1.5773866719063825
287,-0.40636317262109567,-0.5382189564163812,-0.12772489238609958
9598,-0.555582866467418,-0.06482644892026937,-0.12772489238609958
5308,-0.40636317262109567,0.44237980911127905,0.8387162939607556
8681,-0.7048025603137403,-0.6171177076657332,0.8387162939607556
1170,-0.28201342774916044,-0.2000814510620156,-0.6109454855595272
13341,-1.0281118969807719,-0.30152270266832526,0.8387162939607556
13602,0.33973529661051577,0.3634810578619271,-0.6109454855595272
6792,-0.2322735298003864,0.44237980911127905,0.8387162939607556
11233,-1.0281118969807719,-0.8312714610568314,1.3219368871341832
1859,-0.3317533256979346,-0.7749152101644371,0.355495700787328
10941,-1.052981845955159,-1.180680216589676,1.3219368871341832
10141,1.1604436127652884,0.2056835553632231,-2.5438278582532377
6781,-0.6301927133905793,0.1605985546493077,-0.12772489238609958
12501,-1.077851794929546,-0.786186460342916,1.3219368871341832
10421,0.04129590891787117,0.8143310650010812,0.355495700787328
3121,-0.9286321010832237,-0.1549964503481002,1.3219368871341832
8579,1.3842731535347719,1.7949298305287413,-0.6109454855595272
1311,-0.6053227644161921,0.12678480411387114,0.355495700787328
1032,-0.20740358082599933,-0.6171177076657332,0.8387162939607556
8339,0.9863539699445792,-0.27898020231136755,-1.0941660787329548
13031,-0.7545424582625144,-0.32406520302528297,-0.12772489238609958
6382,0.14077570481541946,0.9495860671428275,-0.12772489238609958
7910,0.8371342760982567,0.8594160657149966,0.355495700787328
931,1.0112239189189662,1.4567923251743757,0.355495700787328
691,-1.077851794929546,-1.1581377162327182,1.3219368871341832
12724,-0.15766368287722518,-0.6396602080226909,-0.12772489238609958
6364,2.3293312145614795,2.3246785889172474,-1.0941660787329548
1909,-0.7296725092881273,-0.3916927040961561,0.8387162939607556
9021,1.7573223881505777,0.9383148169643486,-0.12772489238609958
15111,1.8319322350737386,2.1668810864185435,-0.12772489238609958
14503,0.5138249394312252,0.31839605714801167,-0.12772489238609958
44,-0.48097301954425686,-0.7298302094505217,0.355495700787328
3939,0.2651254496873547,-0.24516645177593102,0.355495700787328
10373,-1.077851794929546,-0.42550645463159265,1.3219368871341832
7108,-1.077851794929546,-0.42550645463159265,1.3219368871341832
9455,-1.077851794929546,-1.1581377162327182,0.8387162939607556
4319,-0.4561030705698698,-0.707287709093564,-0.6109454855595272
2965,-1.052981845955159,-1.0341539642694508,0.355495700787328
3969,-1.077851794929546,-1.1243239656972817,-2.5438278582532377
9379,1.7821923371249646,1.0848410692845736,-1.0941660787329548
13755,0.488954990456838,0.6452623123238984,-0.6109454855595272
10148,-0.48097301954425686,-0.5607614567733389,-0.6109454855595272
13210,0.33973529661051577,-0.08736894927722708,-1.5773866719063825
7478,0.3894751945592899,1.129926069998489,0.355495700787328
6308,-0.8540222541600626,-0.3466077033822407,0.355495700787328
4159,2.130371622766383,2.133067335883107,-1.5773866719063825
3092,1.085833765842127,1.6145898276730797,-0.12772489238609958
11982,1.2101835107140624,-0.06482644892026937,-1.5773866719063825
7954,0.19051560276419338,-0.24516645177593102,0.355495700787328
5555,-1.077851794929546,-0.8312714610568314,1.3219368871341832
3982,0.7625244291750957,-0.6396602080226909,-2.06060726507981
14016,-1.077851794929546,-0.4593202051670292,1.3219368871341832
6940,-0.20740358082599933,-0.932712712663141,0.355495700787328
1404,-1.077851794929546,-1.101781465340324,1.3219368871341832
3195,1.3345332555859974,0.3860235582188848,-1.5773866719063825
9666,2.652640551228511,2.538832342308346,-1.0941660787329548
10505,-0.8540222541600626,-0.707287709093564,0.8387162939607556
9975,-1.0281118969807719,-0.4593202051670292,0.355495700787328
969,1.9811519289200612,1.4906060757098123,-2.06060726507981
12446,-0.8788922031344497,-1.0116114639124931,-0.6109454855595272
6543,-0.3317533256979346,-0.9101702123061833,-0.12772489238609958
9117,0.6381746843031604,-0.7749152101644371,-2.06060726507981
2843,-1.077851794929546,-0.9890689635555353,0.8387162939607556
2851,-0.4561030705698698,-0.6396602080226909,0.355495700787328
12635,-0.580452815441805,0.14932730447082884,-1.5773866719063825
13060,-0.40636317262109567,-0.4142352044531138,-0.6109454855595272
5956,0.16564565378980642,0.600177311609983,0.8387162939607556
10856,0.9863539699445792,0.4311085589328002,-2.06060726507981
13068,-1.052981845955159,-0.9214414624846622,-0.6109454855595272
4471,1.3345332555859974,0.8819585660719543,-0.6109454855595272
9992,2.2547213676383184,2.0879823351691917,-2.5438278582532377
12314,1.0360938678933531,0.5100073101821522,-1.5773866719063825
1789,-1.077851794929546,-1.169408966411197,1.3219368871341832
13582,-0.9037621521088367,-0.6847452087366063,1.3219368871341832
2059,1.6578425922530293,1.4229785746389392,-1.5773866719063825
7143,1.06096381686774,1.4567923251743757,-0.12772489238609958
13590,1.4588830004579327,0.6903473130378138,-2.5438278582532377
1902,-1.052981845955159,-0.7749152101644371,0.8387162939607556
4686,-1.077851794929546,-1.0792389649833662,1.3219368871341832
11325,-0.10792378492845114,-0.8988989621277045,-1.5773866719063825
8090,0.9366140719958048,-0.08736894927722708,-0.12772489238609958
4922,-0.555582866467418,0.3409385575049694,0.8387162939607556
6785,1.2350534596884497,1.5018773258882911,0.355495700787328
13653,-0.7545424582625144,0.04788605286451916,1.3219368871341832
75,-0.008443989030902977,-0.031012698384832806,-0.12772489238609958
2345,2.453680959433415,2.381034839809642,-1.5773866719063825
6447,0.9366140719958048,0.9495860671428275,-0.12772489238609958
8430,-1.077851794929546,-1.1243239656972817,0.8387162939607556
8622,0.04129590891787117,0.6114485617884619,0.355495700787328
4586,-0.20740358082599933,0.5663635610745464,0.8387162939607556
14772,-0.6550626623649661,0.23949730589865967,1.3219368871341832
12684,-0.7794124072369014,-0.5269477062379023,-0.6109454855595272
9558,1.0360938678933531,0.19441230518474426,-1.0941660787329548
12841,0.14077570481541946,-0.32406520302528297,-0.6109454855595272
1553,1.2101835107140624,0.904501066428912,-0.6109454855595272
5874,-1.077851794929546,-1.1243239656972817,1.3219368871341832
8432,-1.077851794929546,-1.1243239656972817,0.8387162939607556
8975,-1.0281118969807719,-0.3691502037391984,1.3219368871341832
14182,0.8371342760982567,-0.30152270266832526,-1.5773866719063825
14970,-1.077851794929546,-1.2032227169466336,1.3219368871341832
9169,0.36460524558490276,-0.5044052058809446,-1.0941660787329548
11468,-0.28201342774916044,0.5325498105391099,0.8387162939607556
5695,0.9117441230214178,1.2426385717832775,-0.12772489238609958
2941,-1.077851794929546,-1.1581377162327182,1.3219368871341832
13196,1.1604436127652884,-0.14372520016962134,-2.06060726507981
11368,-1.077851794929546,-1.0566964646264085,0.8387162939607556
7381,-0.008443989030902977,-0.019741448206353953,-0.12772489238609958
12360,0.19051560276419338,-0.5607614567733389,-1.0941660787329548
1620,-0.3317533256979346,0.5438210607175887,0.355495700787328
15329,-0.25714347877477345,-0.9214414624846622,-2.06060726507981
7905,2.1801115207151573,1.6371323280300374,-2.06060726507981
10798,0.8371342760982567,1.287723572497193,-1.5773866719063825
12438,-1.077851794929546,-1.1581377162327182,0.8387162939607556
6782,1.6329726432786424,1.7611160799933048,0.355495700787328
12535,0.36460524558490276,0.7805173144656447,-0.6109454855595272
13478,-0.9535020500576108,-1.090510215161845,0.8387162939607556
14153,-1.077851794929546,-0.8988989621277045,1.3219368871341832
1609,-0.8291523051856755,0.0028010521506037526,0.8387162939607556
3096,0.9117441230214178,1.4906060757098123,-0.12772489238609958
2415,1.4837529494323203,1.4793348255313334,-0.6109454855595272
13370,-0.8540222541600626,-0.1775389507050579,0.8387162939607556
2017,1.9562819799456737,2.0767110849907127,0.355495700787328
2971,-0.4312331215954827,-0.6509314582011697,0.355495700787328
15040,-0.7794124072369014,-0.8763564617707468,-2.06060726507981
3246,-0.580452815441805,-0.932712712663141,-0.12772489238609958
124,1.1853135617396753,1.4004360742819815,-0.6109454855595272
1106,0.6630446332775474,-0.707287709093564,-0.6109454855595272
1814,-0.9783719990319979,-1.1468664660542394,0.355495700787328
11963,1.06096381686774,0.23949730589865967,-1.0941660787329548
14713,0.9117441230214178,0.9383148169643486,-1.0941660787329548
8790,-0.3068833767235475,-0.8312714610568314,0.355495700787328
2123,-1.077851794929546,-1.0454252144479297,0.8387162939607556
14415,-0.033313938005289936,0.8143310650010812,-0.12772489238609958
10727,-1.077851794929546,-0.47059145534550806,1.3219368871341832
10968,-0.35662327467232163,-0.932712712663141,-0.6109454855595272
8970,0.21538555173858054,0.8819585660719543,0.8387162939607556
14834,1.359403204560385,1.4004360742819815,-0.6109454855595272
2197,-0.7296725092881273,-1.0454252144479297,-1.0941660787329548
4051,-0.6799326113393532,-0.8988989621277045,-0.12772489238609958
1216,0.6381746843031604,1.0172135682137005,-0.6109454855595272
7701,-1.077851794929546,-1.1243239656972817,1.3219368871341832
725,0.14077570481541946,-0.8650852115922679,-0.6109454855595272
9170,0.3894751945592899,-0.4818627055239869,-0.12772489238609958
808,-1.052981845955159,-0.7636439599859582,0.355495700787328
11489,1.6827125412274162,1.975269833384403,-1.5773866719063825
10680,-0.4561030705698698,-0.1324539499911425,-0.12772489238609958
4906,-1.077851794929546,-0.4367777048100715,1.3219368871341832
13419,1.4091431025091588,0.4761935596467156,-2.06060726507981
13874,0.04129590891787117,-0.8876277119492256,-1.0941660787329548
3962,0.8371342760982567,-0.40296395427463494,-1.5773866719063825
11879,1.6329726432786424,1.896371082135051,-1.5773866719063825
2671,1.1107037148165144,1.2200960714263198,-0.12772489238609958
9755,0.488954990456838,0.3071248069695328,-0.6109454855595272
9427,-1.052981845955159,-1.0003402137340143,1.3219368871341832
9417,-0.4561030705698698,-0.54949020659486,0.8387162939607556
1764,-1.077851794929546,-1.0792389649833662,0.355495700787328
12278,-0.8788922031344497,-0.23389520159745217,0.8387162939607556
607,0.4143451435336769,0.5889060614315041,0.355495700787328
12613,1.7324524391761906,1.9301848326704876,-2.06060726507981
9938,-0.13279373390283822,-0.08736894927722708,0.355495700787328
3217,-0.7296725092881273,-0.7749152101644371,-0.12772489238609958
5737,0.2899953986617417,0.2056835553632231,0.355495700787328
8479,-1.052981845955159,-0.7636439599859582,0.8387162939607556
2053,0.5386948884056122,0.8706873158934755,-0.12772489238609958
3164,0.6133047353287733,0.7016185632162927,-1.0941660787329548
10751,1.583232745329868,1.9076423323135299,-1.0941660787329548
11744,-1.077851794929546,-1.0003402137340143,0.355495700787328
13651,0.04129590891787117,0.7467035639302081,-0.12772489238609958
1657,1.8319322350737386,1.975269833384403,-0.6109454855595272
8069,-0.28201342774916044,-0.7523727098074794,0.8387162939607556
8644,1.6329726432786424,1.1186548198200101,-1.5773866719063825
2710,-0.8042823562112885,0.04788605286451916,0.355495700787328
14068,0.8122643271238696,1.3891648241035026,0.355495700787328
7549,1.9065420819969,1.2200960714263198,-0.12772489238609958
4266,1.2350534596884497,0.8368735653580389,-0.12772489238609958
6715,-1.077851794929546,-0.44804895498855035,1.3219368871341832
422,-1.077851794929546,-0.9890689635555353,1.3219368871341832
5316,1.1355736637909013,1.51314857606677,0.355495700787328
8849,0.7376544802007085,0.4987360600036733,-0.6109454855595272
2845,0.7127845312263216,-0.12118269981266364,-1.5773866719063825
4066,0.46408504148245106,-0.3353364532037618,-0.12772489238609958
13520,-0.6550626623649661,-1.022882714090972,-0.12772489238609958
5244,1.6578425922530293,1.749844829814826,-0.12772489238609958
1001,0.9614840209701918,0.29585355679105396,-1.5773866719063825
4198,0.8122643271238696,1.4229785746389392,0.355495700787328
2418,0.7376544802007085,1.0059423180352216,-0.6109454855595272
14945,0.2899953986617417,-0.7974577105213948,-2.06060726507981
3575,-1.077851794929546,-1.0003402137340143,1.3219368871341832
6726,2.7023804491772854,2.505018591772909,-1.5773866719063825
3847,1.4588830004579327,1.7723873301717836,-0.6109454855595272
961,0.016425959943484204,0.4987360600036733,0.8387162939607556
9848,0.2402555007129675,-0.8538139614137891,-1.0941660787329548
12842,-0.8291523051856755,-0.7749152101644371,0.8387162939607556
15224,0.9366140719958048,0.9270435667858697,0.355495700787328
757,-0.7296725092881273,-0.9552552130200987,-0.12772489238609958
5313,0.5386948884056122,1.1524685703554467,0.355495700787328
2284,-0.033313938005289936,0.2056835553632231,0.355495700787328
12885,-0.20740358082599933,0.2056835553632231,-1.0941660787329548
12889,2.130371622766383,1.6258610778515585,-2.5438278582532377
4827,-1.052981845955159,-0.7523727098074794,0.8387162939607556
13673,-0.033313938005289936,0.8030598148226024,0.355495700787328
807,-0.7296725092881273,-0.47059145534550806,0.8387162939607556
3907,-0.9286321010832237,-0.54949020659486,0.8387162939607556
7023,-1.077851794929546,-0.786186460342916,1.3219368871341832
1956,-0.4312331215954827,0.3071248069695328,0.8387162939607556
9343,1.1853135617396753,1.4455210749958969,-0.12772489238609958
10499,-0.15766368287722518,-0.23389520159745217,0.355495700787328
12506,-0.08305383595406408,0.10424230375691343,0.355495700787328
2402,-1.003241948006385,-0.32406520302528297,0.8387162939607556
11025,0.7127845312263216,0.1831410550062654,-1.0941660787329548
1073,-0.8540222541600626,-1.090510215161845,0.355495700787328
6524,-0.530712917493031,-0.8538139614137891,-0.12772489238609958
13052,-0.6053227644161921,-0.4367777048100715,0.8387162939607556
15333,-0.7545424582625144,-0.9777977133770565,-1.5773866719063825
8095,-0.9037621521088367,-0.7636439599859582,0.8387162939607556
14522,-0.3068833767235475,-0.3691502037391984,0.8387162939607556
12867,-1.052981845955159,-0.7185589592720428,0.355495700787328
11466,2.428811010459028,2.313407338738769,-2.5438278582532377
12246,0.7127845312263216,1.2989948226756718,-0.6109454855595272
1003,-0.9286321010832237,-0.707287709093564,1.3219368871341832
7658,-0.05818388697967712,-0.9101702123061833,-0.12772489238609958
15000,-1.077851794929546,-1.101781465340324,0.8387162939607556
7566,-1.077851794929546,-0.8200002108783525,0.8387162939607556
14175,-1.077851794929546,-1.0341539642694508,1.3219368871341832
5368,-1.003241948006385,-0.6396602080226909,0.8387162939607556
13587,1.06096381686774,0.4536510592897579,-0.6109454855595272
6289,-1.077851794929546,-0.7974577105213948,1.3219368871341832
11084,-0.9783719990319979,-0.30152270266832526,0.355495700787328
13519,-1.077851794929546,-1.1919514667681548,0.8387162939607556
9773,-0.2322735298003864,-0.32406520302528297,-0.12772489238609958
985,-0.4561030705698698,-0.1775389507050579,0.355495700787328
12562,-1.0281118969807719,-0.30152270266832526,0.8387162939607556
6169,-0.9535020500576108,-1.0679677148048874,0.8387162939607556
11737,-1.077851794929546,-1.0341539642694508,1.3219368871341832
7384,-0.4312331215954827,-0.22262395141897331,0.8387162939607556
10675,-0.8042823562112885,-0.4593202051670292,0.8387162939607556
14020,2.080631724817609,2.0992535853476704,-1.0941660787329548
9955,0.6381746843031604,0.6114485617884619,-1.5773866719063825
14380,-0.555582866467418,0.22822605572018081,0.355495700787328
9460,-0.8291523051856755,-1.0341539642694508,0.355495700787328
2462,0.5635648373799991,0.13805605429235,-2.5438278582532377
268,-0.7296725092881273,-0.5156764560594235,0.8387162939607556
7962,1.2101835107140624,-0.031012698384832806,-1.5773866719063825
3580,-0.10792378492845114,-0.4818627055239869,0.355495700787328
71,-1.077851794929546,-0.8650852115922679,1.3219368871341832
13427,-0.505842968518644,-0.4818627055239869,0.8387162939607556
12461,-1.077851794929546,-1.0679677148048874,1.3219368871341832
11810,2.1801115207151573,1.9414560828489664,-2.5438278582532377
2821,0.8371342760982567,0.3634810578619271,-0.6109454855595272
15172,-0.8291523051856755,0.1605985546493077,0.355495700787328
589,0.11590575584103227,0.6339910621454196,-0.12772489238609958
10709,-0.7794124072369014,-0.12118269981266364,0.355495700787328
11802,2.080631724817609,1.7611160799933048,-2.5438278582532377
13801,-0.8788922031344497,-0.7974577105213948,1.3219368871341832
11908,1.2599234086628366,1.4004360742819815,-1.5773866719063825
11075,-0.25714347877477345,0.3409385575049694,-0.6109454855595272
3758,-1.052981845955159,-0.5607614567733389,1.3219368871341832
6845,-0.38149322364670873,-0.32406520302528297,0.355495700787328
2028,1.2101835107140624,1.5582335767806854,-0.6109454855595272
8869,-1.077851794929546,-0.6396602080226909,0.8387162939607556
11167,-0.9286321010832237,-0.2000814510620156,1.3219368871341832
12546,-0.8042823562112885,-0.07609769909874822,0.355495700787328
5454,-0.2322735298003864,-0.932712712663141,-0.12772489238609958
10137,0.5138249394312252,0.02534355250756146,-0.6109454855595272
11944,1.3842731535347719,0.757974814108687,-2.06060726507981
10061,1.9562819799456737,2.0203548340983186,-2.06060726507981
10274,-0.25714347877477345,-0.6058464574872543,-0.6109454855595272
2432,0.9117441230214178,0.904501066428912,-0.12772489238609958
4647,1.1604436127652884,0.4987360600036733,-0.6109454855595272
8469,-1.052981845955159,-0.8312714610568314,0.355495700787328
9893,-1.077851794929546,-1.1243239656972817,1.3219368871341832
896,0.5884347863543863,1.276452322318714,-0.12772489238609958
12624,0.5386948884056122,1.1073835696415313,-0.6109454855595272
1587,-0.4561030705698698,0.2620398062556174,0.355495700787328
6686,1.0360938678933531,1.129926069998489,0.355495700787328
1719,-0.05818388697967712,0.014072302329082605,0.8387162939607556
6100,-0.033313938005289936,0.059157303042998016,0.355495700787328
3806,-0.4561030705698698,0.41983730875432135,0.355495700787328
8806,-1.077851794929546,-1.0792389649833662,0.8387162939607556
13676,-0.7794124072369014,0.09297105357843458,0.8387162939607556
3961,-0.40636317262109567,-0.7523727098074794,-0.12772489238609958
10245,-0.580452815441805,-0.9552552130200987,0.355495700787328
7036,0.14077570481541946,0.37475230804040593,0.355495700787328
12985,0.6630446332775474,1.2200960714263198,-2.06060726507981
890,0.4143451435336769,1.1411973201769678,-0.12772489238609958
13834,-0.033313938005289936,-0.7411014596290005,0.355495700787328
4006,-0.9037621521088367,-1.1243239656972817,0.8387162939607556
4939,-0.28201342774916044,0.5550923108960676,0.8387162939607556
12147,0.09103580686664531,0.3071248069695328,-0.12772489238609958
9942,0.5635648373799991,0.35220980768344823,0.355495700787328
5898,-1.052981845955159,-0.9665264631985776,1.3219368871341832
11537,-0.10792378492845114,0.5663635610745464,-0.12772489238609958
12242,-0.08305383595406408,0.7354323137517292,0.8387162939607556
11570,-0.4312331215954827,-0.07609769909874822,-0.12772489238609958
584,-0.13279373390283822,0.4987360600036733,0.355495700787328
3932,-1.077851794929546,-0.9439839628416199,0.8387162939607556
1260,-0.18253363185161225,0.679076062859335,0.355495700787328
13195,-1.077851794929546,-1.0566964646264085,0.355495700787328
310,-1.077851794929546,-1.101781465340324,0.355495700787328
1716,-1.077851794929546,-0.786186460342916,1.3219368871341832
6009,-0.7545424582625144,0.12678480411387114,0.8387162939607556
2052,0.36460524558490276,0.7805173144656447,0.355495700787328
10652,0.2899953986617417,-0.12118269981266364,-0.12772489238609958
4668,-0.2322735298003864,-0.4367777048100715,-0.12772489238609958
4298,1.2350534596884497,0.2056835553632231,-1.5773866719063825
6646,-0.033313938005289936,-0.09864019945570593,0.8387162939607556
3783,-0.008443989030902977,0.6565335625023773,0.8387162939607556
1008,-0.25714347877477345,-0.3466077033822407,0.355495700787328
7347,-1.003241948006385,-1.0003402137340143,0.8387162939607556
12796,-0.20740358082599933,-0.8763564617707468,-1.5773866719063825
14384,2.354201163535867,-0.8988989621277045,-2.5438278582532377
8383,0.6381746843031604,-0.7749152101644371,-1.5773866719063825
11170,-1.077851794929546,-0.5269477062379023,1.3219368871341832
4059,-1.052981845955159,-1.0454252144479297,0.355495700787328
8721,-1.077851794929546,-1.1468664660542394,0.8387162939607556
90,-0.40636317262109567,-0.07609769909874822,0.355495700787328
1987,1.7573223881505777,2.0203548340983186,-1.0941660787329548
11087,1.4340130514835459,1.6033185774946008,-1.5773866719063825
12731,-1.0281118969807719,-1.0566964646264085,-0.6109454855595272
13644,-1.077851794929546,-0.49313395570246576,1.3219368871341832
7279,0.6381746843031604,-0.7523727098074794,-1.5773866719063825
13438,-1.077851794929546,-1.0003402137340143,1.3219368871341832
11107,2.57803070430535,2.448662340880515,-2.5438278582532377
13321,-0.18253363185161225,0.6903473130378138,0.355495700787328
14566,0.5138249394312252,-0.6171177076657332,-2.5438278582532377
9517,-0.7794124072369014,-1.0116114639124931,0.355495700787328
14422,1.583232745329868,1.9189135824920087,-1.5773866719063825
13205,-1.077851794929546,-1.0003402137340143,0.355495700787328
2925,-1.077851794929546,-1.1919514667681548,1.3219368871341832
10214,-0.9286321010832237,-1.1243239656972817,0.8387162939607556
8185,2.553160755330963,2.4261198405235573,-1.5773866719063825
5884,-0.7794124072369014,-0.8876277119492256,1.3219368871341832
2341,2.8267301940492207,2.5839173430222613,-2.06060726507981
11618,-0.20740358082599933,-0.54949020659486,0.355495700787328
10898,-0.9783719990319979,-1.0003402137340143,0.8387162939607556
627,0.2402555007129675,0.11551355393539228,0.8387162939607556
10299,0.8371342760982567,0.3296673073264905,-1.5773866719063825
7545,0.9117441230214178,0.904501066428912,-0.12772489238609958
9967,-0.8291523051856755,-0.2677089521328887,0.8387162939607556
4765,-0.3068833767235475,-0.8763564617707468,-0.6109454855595272
14740,0.06616585789225812,0.7128898133947715,0.355495700787328
12953,0.14077570481541946,0.9495860671428275,-1.0941660787329548
128,1.0112239189189662,1.3328085732111083,-0.6109454855595272
12248,-0.7794124072369014,0.04788605286451916,1.3219368871341832
11981,0.09103580686664531,-0.4142352044531138,0.355495700787328
4182,-1.077851794929546,-0.42550645463159265,1.3219368871341832
7299,-1.077851794929546,-1.2032227169466336,0.355495700787328
6995,0.9117441230214178,-0.08736894927722708,-1.0941660787329548
2398,-0.35662327467232163,0.41983730875432135,0.355495700787328
14694,0.9366140719958048,0.6114485617884619,-1.5773866719063825
1186,0.2651254496873547,0.35220980768344823,0.8387162939607556
14104,2.0060218778944483,1.749844829814826,-1.5773866719063825
14911,-1.052981845955159,-1.0341539642694508,1.3219368871341832
5314,-0.7296725092881273,0.09297105357843458,0.8387162939607556
9220,1.6081026943042553,1.0397560685706582,-2.5438278582532377
4247,-1.077851794929546,-0.6171177076657332,0.8387162939607556
14660,-0.13279373390283822,-0.5269477062379023,0.355495700787328
9107,-0.35662327467232163,-0.9552552130200987,-0.6109454855595272
9497,-1.052981845955159,-1.180680216589676,0.355495700787328
1096,-1.077851794929546,-1.1919514667681548,1.3219368871341832
6653,1.2101835107140624,0.6227198119669407,-1.0941660787329548
1273,-0.38149322364670873,0.5100073101821522,0.8387162939607556
5698,0.6381746843031604,1.0397560685706582,0.355495700787328
12001,-0.9037621521088367,-0.9890689635555353,-0.12772489238609958
8728,-0.8788922031344497,-1.0454252144479297,-0.12772489238609958
6797,-0.15766368287722518,0.4536510592897579,0.8387162939607556
9590,-1.0281118969807719,-0.6058464574872543,0.8387162939607556
6615,-0.8788922031344497,-0.932712712663141,-0.12772489238609958
3358,-0.9286321010832237,-0.6734739585581274,1.3219368871341832
7755,0.5386948884056122,0.4311085589328002,-0.6109454855595272
183,0.6879145822519344,1.3215373230326295,-0.12772489238609958
12124,0.11590575584103227,-0.031012698384832806,-0.6109454855595272
13778,0.11590575584103227,0.02534355250756146,0.355495700787328
6513,-1.077851794929546,-1.0792389649833662,1.3219368871341832
4567,2.0060218778944483,2.144338586061586,-1.5773866719063825
6603,-1.077851794929546,-1.1355952158757605,1.3219368871341832
12726,0.7625244291750957,-0.40296395427463494,-1.0941660787329548
1961,-1.077851794929546,-0.47059145534550806,1.3219368871341832
4992,0.5138249394312252,0.5438210607175887,-0.12772489238609958
4891,1.1604436127652884,1.5582335767806854,-1.0941660787329548
8039,-1.052981845955159,-1.169408966411197,0.8387162939607556
5869,-1.077851794929546,-1.1468664660542394,0.355495700787328
9570,-1.003241948006385,-0.7298302094505217,0.8387162939607556
14554,-1.003241948006385,-1.0341539642694508,0.8387162939607556
6226,-1.077851794929546,-1.169408966411197,1.3219368871341832
11832,2.080631724817609,2.121796085704628,-2.5438278582532377
10857,-0.6053227644161921,-0.40296395427463494,0.8387162939607556
1251,2.130371622766383,2.211966087132459,-1.5773866719063825
3176,-0.8291523051856755,-0.4593202051670292,0.8387162939607556
3359,-1.052981845955159,-0.8087289606998737,0.8387162939607556
10545,0.8371342760982567,-0.5156764560594235,-2.06060726507981
9851,-0.9783719990319979,-1.1468664660542394,1.3219368871341832
12427,-0.25714347877477345,-0.9101702123061833,-0.6109454855595272
13809,-0.6301927133905793,-0.7298302094505217,-0.12772489238609958
7411,1.2350534596884497,1.1637398205339256,-0.6109454855595272
7538,0.33973529661051577,0.6678048126808561,0.355495700787328
1051,-0.4561030705698698,-0.8650852115922679,0.355495700787328
9221,0.7873943781494827,0.6452623123238984,-1.0941660787329548
8464,-0.20740358082599933,-0.3127939528468041,0.8387162939607556
4763,-1.077851794929546,-1.169408966411197,0.355495700787328
15164,-0.13279373390283822,0.9157723166073909,1.3219368871341832
1874,0.9366140719958048,-0.18881020088353676,-2.5438278582532377
9278,0.36460524558490276,1.0397560685706582,0.355495700787328
11606,1.2847933576372237,0.1605985546493077,-1.0941660787329548
7282,-0.6799326113393532,-1.0454252144479297,0.8387162939607556
9008,1.3842731535347719,1.1186548198200101,-0.12772489238609958
11679,-1.077851794929546,-1.2032227169466336,0.8387162939607556
4322,1.1107037148165144,-0.2677089521328887,-1.5773866719063825
9448,1.0112239189189662,-0.47059145534550806,-2.06060726507981
5831,-0.3317533256979346,-0.9665264631985776,-1.5773866719063825
12444,-0.05818388697967712,-0.7523727098074794,-0.12772489238609958
11569,0.04129590891787117,0.23949730589865967,-1.0941660787329548
12736,0.04129590891787117,-0.6960164589150851,-1.5773866719063825
13453,-0.4561030705698698,-0.7411014596290005,1.3219368871341832
11932,1.06096381686774,0.8256023151795601,-2.06060726507981
4485,1.4837529494323203,1.2313673216047987,-1.0941660787329548
8615,-0.555582866467418,0.1831410550062654,0.8387162939607556
3924,0.36460524558490276,0.03661480268604031,-0.6109454855595272
14546,0.7127845312263216,-0.32406520302528297,-1.5773866719063825
15129,2.1801115207151573,2.5839173430222613,1.3219368871341832
11323,0.5138249394312252,-0.786186460342916,-1.5773866719063825
7850,-1.052981845955159,-0.3353364532037618,0.8387162939607556
12392,-0.10792378492845114,-0.8988989621277045,-1.0941660787329548
3113,0.6630446332775474,1.276452322318714,0.355495700787328
3303,-0.3068833767235475,-0.8876277119492256,0.8387162939607556
9536,-1.052981845955159,-1.0566964646264085,0.8387162939607556
1690,1.9314120309712868,1.6258610778515585,-2.06060726507981
9862,-0.9286321010832237,-1.1243239656972817,0.8387162939607556
5048,-1.052981845955159,-1.022882714090972,0.355495700787328
12369,-1.077851794929546,-1.1243239656972817,1.3219368871341832
3308,-0.505842968518644,-0.9101702123061833,-0.12772489238609958
1504,-0.008443989030902977,-0.5607614567733389,0.355495700787328
1806,-1.052981845955159,-1.180680216589676,-0.12772489238609958
3871,0.7127845312263216,1.0961123194630524,0.355495700787328
10199,-0.35662327467232163,-0.9439839628416199,0.355495700787328
3791,2.1552415717407705,2.121796085704628,-0.6109454855595272
14615,-1.0281118969807719,-1.1581377162327182,1.3219368871341832
11863,0.2402555007129675,1.0172135682137005,-0.12772489238609958
14913,0.14077570481541946,-0.5269477062379023,-0.12772489238609958
1717,-0.8540222541600626,-0.49313395570246576,1.3219368871341832
2696,-1.077851794929546,-0.44804895498855035,0.8387162939607556
1848,-0.8291523051856755,-1.0116114639124931,0.355495700787328
4512,0.9366140719958048,1.2989948226756718,-0.6109454855595272
15289,-1.077851794929546,-0.9101702123061833,-0.6109454855595272
6622,-1.077851794929546,-1.0454252144479297,0.8387162939607556
3435,1.9562819799456737,2.0767110849907127,-0.6109454855595272
11288,-0.580452815441805,-0.9552552130200987,-0.6109454855595272
142,0.4143451435336769,1.051027318749137,-0.12772489238609958
10744,-0.7296725092881273,0.12678480411387114,0.355495700787328
6992,0.8620042250726437,-0.1549964503481002,-0.6109454855595272
10346,2.2547213676383184,1.9301848326704876,-2.5438278582532377
10109,-0.8540222541600626,-0.4142352044531138,0.355495700787328
1117,0.016425959943484204,-0.7749152101644371,-0.6109454855595272
1756,0.9366140719958048,-0.16626770052657905,-2.5438278582532377
497,2.2795913166127058,2.121796085704628,-1.5773866719063825
6751,-1.052981845955159,-0.3353364532037618,1.3219368871341832
870,-0.4312331215954827,0.3634810578619271,0.355495700787328
3357,-0.8788922031344497,-0.6396602080226909,0.355495700787328
9104,-1.077851794929546,-1.1919514667681548,0.355495700787328
7678,0.6879145822519344,-0.7185589592720428,-2.5438278582532377
721,-0.7048025603137403,-1.0566964646264085,0.8387162939607556
886,-0.7048025603137403,0.17186980482778655,0.8387162939607556
14736,0.6381746843031604,1.0735698191060947,0.8387162939607556
11898,2.130371622766383,2.0090835839198395,-1.5773866719063825
12744,-0.008443989030902977,-0.7749152101644371,-1.5773866719063825
8347,-0.8042823562112885,-0.932712712663141,0.355495700787328
9712,1.2599234086628366,1.4567923251743757,0.355495700787328
8102,-1.077851794929546,-0.8988989621277045,0.355495700787328
13347,1.5583627963554811,1.8062010807072202,-0.6109454855595272
10466,0.2651254496873547,0.5438210607175887,0.8387162939607556
314,-1.0281118969807719,-1.0679677148048874,0.8387162939607556
13732,2.2547213676383184,1.9639985832059241,-2.06060726507981
11455,0.5386948884056122,1.0622985689276159,-0.6109454855595272
4204,0.14077570481541946,0.9270435667858697,0.355495700787328
5850,-1.077851794929546,-1.1919514667681548,0.355495700787328
6129,0.5386948884056122,-0.1324539499911425,-1.0941660787329548
5447,-0.8540222541600626,-1.0566964646264085,0.8387162939607556
3129,1.1355736637909013,1.4680635753528546,0.355495700787328
1996,0.8371342760982567,1.4455210749958969,-1.0941660787329548
11378,-1.077851794929546,-1.0003402137340143,0.8387162939607556
3968,0.8122643271238696,-0.49313395570246576,-0.6109454855595272
12119,-0.8291523051856755,-0.6396602080226909,-0.12772489238609958
336,-0.3068833767235475,-0.932712712663141,-0.6109454855595272
12919,1.1604436127652884,1.5018773258882911,-2.06060726507981
12848,0.5138249394312252,0.03661480268604031,-1.0941660787329548
10626,0.2899953986617417,-0.5720327069518177,-1.0941660787329548
2985,-0.6799326113393532,-0.5720327069518177,0.8387162939607556
4620,1.8816721330225128,1.4567923251743757,-1.5773866719063825
6531,0.6381746843031604,-0.6058464574872543,-0.6109454855595272
11602,0.4143451435336769,-0.07609769909874822,-1.0941660787329548
3558,-0.28201342774916044,-0.27898020231136755,-0.12772489238609958
13993,-0.580452815441805,0.03661480268604031,0.355495700787328
3416,-1.077851794929546,-0.49313395570246576,1.3219368871341832
307,-1.077851794929546,-1.090510215161845,0.8387162939607556
15232,2.1055016737919963,1.2651810721402352,-2.5438278582532377
15327,0.016425959943484204,-0.9101702123061833,1.3219368871341832
348,-0.8788922031344497,-1.1130527155188028,0.355495700787328
5918,0.21538555173858054,0.07042855322147687,-0.6109454855595272
13740,0.016425959943484204,0.5438210607175887,-0.12772489238609958
7243,-1.077851794929546,-1.0792389649833662,1.3219368871341832
14587,-0.25714347877477345,-0.9439839628416199,-0.12772489238609958
4482,0.46408504148245106,0.6114485617884619,0.8387162939607556
12193,-1.077851794929546,-0.44804895498855035,1.3219368871341832
9421,-0.555582866467418,-0.6396602080226909,0.8387162939607556
8263,1.2847933576372237,1.3102660728541506,-0.12772489238609958
10325,0.6381746843031604,0.7016185632162927,-0.6109454855595272
6855,-1.077851794929546,-0.9439839628416199,1.3219368871341832
12480,-0.48097301954425686,-0.4818627055239869,-0.6109454855595272
12974,-0.40636317262109567,0.4536510592897579,-0.12772489238609958
12500,-1.077851794929546,-0.7974577105213948,1.3219368871341832
10304,-0.08305383595406408,-0.04228394856331166,0.355495700787328
1666,-0.4561030705698698,0.3409385575049694,0.8387162939607556
7579,0.9863539699445792,0.23949730589865967,-0.6109454855595272
5570,0.5884347863543863,0.5550923108960676,-0.6109454855595272
52,-0.4312331215954827,-0.628388957844212,-0.12772489238609958
11009,1.1107037148165144,-0.08736894927722708,-1.0941660787329548
6263,-1.052981845955159,-0.9665264631985776,1.3219368871341832
1445,-1.003241948006385,-1.1581377162327182,-0.12772489238609958
10074,-0.25714347877477345,0.46492230946823676,0.355495700787328
10420,-0.580452815441805,0.27331105643409626,0.8387162939607556
1695,-0.08305383595406408,0.37475230804040593,-0.6109454855595272
1574,1.2599234086628366,1.287723572497193,-0.6109454855595272
11365,-1.077851794929546,-1.0679677148048874,1.3219368871341832
4405,-1.077851794929546,-1.1468664660542394,0.8387162939607556
1630,2.57803070430535,2.4937473415944305,-1.5773866719063825
12901,-0.4312331215954827,0.2056835553632231,0.355495700787328
1881,-1.052981845955159,-0.9665264631985776,1.3219368871341832
5074,-1.077851794929546,-1.1581377162327182,1.3219368871341832
5509,-0.9783719990319979,-1.0454252144479297,0.355495700787328
13551,-0.008443989030902977,-0.628388957844212,-0.12772489238609958
10387,1.9562819799456737,2.133067335883107,-1.5773866719063825
9040,-1.052981845955159,-0.8538139614137891,0.8387162939607556
10895,0.11590575584103227,-0.5269477062379023,-0.6109454855595272
10638,1.085833765842127,-0.1775389507050579,-2.5438278582532377
186,1.0360938678933531,1.5469623266022066,-0.6109454855595272
5558,0.7376544802007085,0.41983730875432135,0.355495700787328
7185,0.488954990456838,0.5100073101821522,0.355495700787328
14198,-1.077851794929546,-1.1355952158757605,1.3219368871341832
13459,-1.052981845955159,-1.0679677148048874,0.355495700787328
6587,0.11590575584103227,-0.8087289606998737,0.355495700787328
1234,0.33973529661051577,0.9721285674997852,0.355495700787328
10721,-0.20740358082599933,0.48746480982519447,-0.12772489238609958
3915,1.6081026943042553,0.7241610635732504,-1.0941660787329548
446,1.3345332555859974,0.7354323137517292,-1.5773866719063825
844,-1.077851794929546,-0.5833039571302966,0.8387162939607556
5201,0.06616585789225812,0.19441230518474426,0.8387162939607556
13501,-0.8291523051856755,-1.090510215161845,0.8387162939607556
14719,2.130371622766383,1.6934885789224317,-2.5438278582532377
2440,1.7573223881505777,1.0735698191060947,-1.5773866719063825
3103,1.5583627963554811,1.8850998319565722,-0.12772489238609958
7692,0.2651254496873547,-0.6960164589150851,-0.12772489238609958
4774,-0.18253363185161225,-0.786186460342916,-0.12772489238609958
9718,1.583232745329868,1.5695048269591643,-1.0941660787329548
6974,0.7873943781494827,-0.4367777048100715,-1.0941660787329548
6094,-0.6799326113393532,-0.2902514524898464,0.8387162939607556
9486,-1.077851794929546,-1.2032227169466336,0.355495700787328
2153,-0.9783719990319979,-1.090510215161845,0.355495700787328
5518,0.2651254496873547,-0.5269477062379023,-1.0941660787329548
12678,-0.9535020500576108,-0.6171177076657332,-0.6109454855595272
5067,-1.077851794929546,-1.1355952158757605,1.3219368871341832
12950,-0.6301927133905793,0.2620398062556174,0.8387162939607556
11816,1.9562819799456737,1.896371082135051,-2.06060726507981
12779,-0.8291523051856755,-1.090510215161845,-0.6109454855595272
776,0.3894751945592899,-0.40296395427463494,-2.06060726507981
8417,-1.077851794929546,-1.169408966411197,0.355495700787328
14270,-0.6053227644161921,-0.9214414624846622,0.355495700787328
6324,1.4091431025091588,1.4117073244604603,-0.12772489238609958
4920,2.1801115207151573,2.2683223380248534,-0.6109454855595272
13357,0.21538555173858054,0.8594160657149966,0.355495700787328
9182,-0.580452815441805,-0.707287709093564,0.355495700787328
14575,-1.077851794929546,-1.169408966411197,0.8387162939607556
15338,-1.077851794929546,-1.101781465340324,0.8387162939607556
3136,0.5138249394312252,1.0059423180352216,0.355495700787328
14747,-0.9037621521088367,-0.14372520016962134,0.8387162939607556
5462,-0.05818388697967712,-0.9101702123061833,-0.12772489238609958
3183,-1.077851794929546,-0.8200002108783525,0.8387162939607556
12739,-1.077851794929546,-1.1468664660542394,1.3219368871341832
7522,0.2402555007129675,0.7917885646441235,0.355495700787328
12179,-1.077851794929546,-0.5044052058809446,0.8387162939607556
3199,-0.4561030705698698,-0.44804895498855035,0.8387162939607556
14212,-1.052981845955159,-1.1468664660542394,-0.12772489238609958
1289,0.8371342760982567,1.3891648241035026,-0.6109454855595272
14606,-0.7296725092881273,-1.0679677148048874,1.3219368871341832
14650,-0.8540222541600626,-0.9214414624846622,0.355495700787328
11410,-1.077851794929546,-0.7523727098074794,1.3219368871341832
7542,0.6381746843031604,0.7917885646441235,0.355495700787328
1879,-1.052981845955159,-0.9777977133770565,0.8387162939607556
13032,-0.580452815441805,-0.18881020088353676,-2.06060726507981
10237,-0.9783719990319979,-1.1243239656972817,0.355495700787328
5457,-0.4561030705698698,-0.9890689635555353,-0.12772489238609958
2148,-0.28201342774916044,-0.8312714610568314,0.8387162939607556
4131,1.7821923371249646,1.5807760771376431,-1.5773866719063825
1036,-1.077851794929546,-1.090510215161845,0.8387162939607556
8828,-0.9535020500576108,-0.7749152101644371,1.3219368871341832
14626,0.43921509250806384,-0.707287709093564,-0.6109454855595272
4134,2.130371622766383,1.817472330885699,-1.0941660787329548
649,0.11590575584103227,-0.27898020231136755,0.355495700787328
9275,1.8070622860993515,1.9639985832059241,-1.0941660787329548
6711,0.5138249394312252,1.0848410692845736,0.355495700787328
861,0.33973529661051577,0.9157723166073909,-0.6109454855595272
9095,-0.3068833767235475,-0.8763564617707468,-0.12772489238609958
191,-0.9286321010832237,-0.1324539499911425,0.8387162939607556
8301,-1.003241948006385,-0.7298302094505217,0.355495700787328
6026,-0.9037621521088367,-0.07609769909874822,0.8387162939607556
1942,2.130371622766383,1.817472330885699,-2.06060726507981
4331,-0.9535020500576108,-1.022882714090972,0.8387162939607556
13596,-1.077851794929546,-0.786186460342916,1.3219368871341832
8775,-0.8042823562112885,-1.0566964646264085,0.355495700787328
7972,0.2651254496873547,-0.47059145534550806,-0.12772489238609958
14532,-1.077851794929546,-0.9890689635555353,1.3219368871341832
14141,0.5386948884056122,0.27331105643409626,-1.0941660787329548
14958,-0.08305383595406408,-0.9101702123061833,-0.6109454855595272
2775,-0.7048025603137403,0.014072302329082605,0.355495700787328
4145,1.533492847381094,1.6371323280300374,-1.0941660787329548
13207,-1.077851794929546,-0.9890689635555353,1.3219368871341832
2617,1.0112239189189662,0.17186980482778655,-1.0941660787329548
2411,0.9614840209701918,1.2313673216047987,0.355495700787328
1094,-1.077851794929546,-1.2032227169466336,0.8387162939607556
6065,2.2795913166127058,1.9301848326704876,-2.06060726507981
1546,-1.077851794929546,-0.7636439599859582,1.3219368871341832
4589,1.1604436127652884,1.4906060757098123,-0.12772489238609958
6034,0.5884347863543863,1.2313673216047987,0.355495700787328
10389,0.46408504148245106,1.1862823208908833,-0.6109454855595272
6953,-0.033313938005289936,-0.8312714610568314,-0.12772489238609958
3135,-0.555582866467418,0.19441230518474426,0.8387162939607556
3856,1.7821923371249646,1.8850998319565722,-1.0941660787329548
14155,0.5386948884056122,0.03661480268604031,-1.0941660787329548
6419,0.7127845312263216,1.1750110707124044,0.355495700787328
3805,1.0112239189189662,1.5244198262452489,-0.12772489238609958
13380,-0.9783719990319979,-0.4142352044531138,1.3219368871341832
10151,-1.052981845955159,-0.9552552130200987,-0.6109454855595272
7431,-0.9286321010832237,-0.23389520159745217,0.355495700787328
6774,1.8319322350737386,1.9527273330274453,-1.0941660787329548
13485,-1.077851794929546,-1.1919514667681548,1.3219368871341832
464,0.6133047353287733,0.7016185632162927,0.355495700787328
1257,0.5138249394312252,1.2200960714263198,0.8387162939607556
2259,-0.6550626623649661,-0.5156764560594235,0.8387162939607556
5630,2.0060218778944483,2.121796085704628,-0.6109454855595272
14866,1.6329726432786424,0.8594160657149966,-2.5438278582532377
6231,-1.077851794929546,-1.1468664660542394,1.3219368871341832
7382,-0.6301927133905793,-0.38042145391767723,0.355495700787328
10827,0.6381746843031604,0.8256023151795601,-0.6109454855595272
14378,1.6827125412274162,1.7949298305287413,-2.06060726507981
1262,1.8319322350737386,2.065439834812234,-0.6109454855595272
15019,-0.8042823562112885,-0.707287709093564,0.8387162939607556
7212,0.6133047353287733,0.12678480411387114,0.355495700787328
975,-0.35662327467232163,0.014072302329082605,-0.6109454855595272
14430,1.2599234086628366,1.6934885789224317,-1.0941660787329548
5866,0.3148653476361286,-0.6847452087366063,-0.6109454855595272
9133,-1.077851794929546,-1.1919514667681548,0.8387162939607556
6582,-1.077851794929546,-1.1919514667681548,1.3219368871341832
2387,0.7873943781494827,1.3440798233895872,-0.12772489238609958
14928,-1.077851794929546,-1.1355952158757605,1.3219368871341832
5021,-0.13279373390283822,-0.23389520159745217,0.355495700787328
7129,-0.9783719990319979,-0.2000814510620156,0.8387162939607556
12821,0.14077570481541946,-0.5833039571302966,0.355495700787328
3882,2.1552415717407705,1.738573579636347,-1.0941660787329548
6055,1.4091431025091588,1.592047327316122,-2.06060726507981
13951,1.1355736637909013,0.44237980911127905,-1.5773866719063825
14682,-0.08305383595406408,-0.10991144963418478,0.355495700787328
15131,-0.7794124072369014,0.8481448155365178,-0.6109454855595272
3875,0.46408504148245106,0.8932298162504332,0.8387162939607556
2789,-1.0281118969807719,-0.49313395570246576,0.8387162939607556
9136,-0.3068833767235475,-0.932712712663141,0.8387162939607556
13643,0.09103580686664531,0.7241610635732504,-0.12772489238609958
1857,-1.077851794929546,-1.1243239656972817,0.355495700787328
13309,0.7127845312263216,1.355351073568066,-0.6109454855595272
4108,1.2101835107140624,0.8594160657149966,-1.0941660787329548
5213,0.8122643271238696,0.8143310650010812,-0.12772489238609958
8281,0.36460524558490276,0.44237980911127905,0.8387162939607556
3255,-1.077851794929546,-1.180680216589676,0.8387162939607556
7323,-1.077851794929546,-1.1581377162327182,1.3219368871341832
2690,1.2350534596884497,1.5244198262452489,-0.12772489238609958
7389,-0.555582866467418,-0.24516645177593102,0.8387162939607556
4627,1.3096633066116106,0.9495860671428275,-1.0941660787329548
11429,2.080631724817609,1.6145898276730797,-2.5438278582532377
1319,0.488954990456838,0.8932298162504332,-0.6109454855595272
11575,-0.530712917493031,-0.2000814510620156,1.3219368871341832
15161,-0.7048025603137403,0.3860235582188848,-1.0941660787329548
5162,-1.077851794929546,-1.0454252144479297,0.355495700787328
11129,0.9863539699445792,1.5469623266022066,-0.6109454855595272
10936,-0.7296725092881273,-1.0566964646264085,-0.6109454855595272
1135,-0.35662327467232163,-0.7298302094505217,0.355495700787328
4529,1.1107037148165144,1.5469623266022066,-0.12772489238609958
3505,2.3293312145614795,2.0090835839198395,-2.5438278582532377
4749,-1.077851794929546,-1.1919514667681548,0.8387162939607556
7086,-0.9783719990319979,-0.21135270124049446,1.3219368871341832
9941,-1.077851794929546,-0.8087289606998737,1.3219368871341832
10722,-0.20740358082599933,0.4987360600036733,-1.0941660787329548
15142,1.06096381686774,2.0316260842767973,-0.6109454855595272
6336,1.9811519289200612,1.896371082135051,-0.6109454855595272
11523,-0.48097301954425686,0.3409385575049694,-2.06060726507981
6982,-0.6053227644161921,-0.7974577105213948,0.8387162939607556
13064,-0.40636317262109567,-0.4593202051670292,-0.6109454855595272
2505,0.46408504148245106,-0.54949020659486,-0.6109454855595272
2904,-0.033313938005289936,-0.8988989621277045,-0.6109454855595272
570,2.478550908407802,2.054168584633755,-2.06060726507981
1448,-1.077851794929546,-1.2032227169466336,0.355495700787328
3414,0.5138249394312252,1.0059423180352216,-1.0941660787329548
12363,-0.033313938005289936,-0.6509314582011697,-0.6109454855595272
12956,0.6133047353287733,1.2989948226756718,-1.0941660787329548
9290,1.7573223881505777,2.0090835839198395,0.355495700787328
12195,1.7075824902018033,1.896371082135051,-1.0941660787329548
6837,-0.18253363185161225,-0.10991144963418478,0.8387162939607556
3226,-1.077851794929546,-1.0792389649833662,1.3219368871341832
14952,-0.05818388697967712,-0.8988989621277045,-1.0941660787329548
4383,-0.7545424582625144,-1.0679677148048874,-0.12772489238609958
9229,-0.05818388697967712,0.27331105643409626,-0.12772489238609958
7845,-1.052981845955159,-0.3353364532037618,0.355495700787328
3539,1.359403204560385,0.8256023151795601,-0.6109454855595272
10832,-0.8788922031344497,-0.3578789535607195,1.3219368871341832
13760,-0.08305383595406408,0.17186980482778655,-0.12772489238609958
2827,-0.4312331215954827,-0.3466077033822407,0.355495700787328
5780,-0.9535020500576108,-0.9552552130200987,1.3219368871341832
4996,0.5138249394312252,0.4761935596467156,-0.6109454855595272
1338,0.04129590891787117,0.3634810578619271,-0.12772489238609958
3262,-1.077851794929546,-1.1919514667681548,0.355495700787328
7876,-0.9037621521088367,-0.1549964503481002,0.8387162939607556
11064,-1.077851794929546,-0.6171177076657332,1.3219368871341832
6838,1.5086228984067072,0.6565335625023773,-0.6109454855595272
5741,-0.505842968518644,-0.30152270266832526,0.8387162939607556
650,1.2350534596884497,0.10424230375691343,-1.5773866719063825
6039,0.488954990456838,1.1411973201769678,0.355495700787328
2258,0.4143451435336769,0.03661480268604031,-1.5773866719063825
5395,-0.05818388697967712,-0.3127939528468041,-0.12772489238609958
13408,0.7376544802007085,0.4085660585758425,-0.12772489238609958
7082,-0.9037621521088367,-0.12118269981266364,0.8387162939607556
14984,-0.13279373390283822,-0.8538139614137891,-1.0941660787329548
3521,0.8371342760982567,0.9608573173213063,-0.12772489238609958
11524,2.0060218778944483,2.0316260842767973,-1.0941660787329548
4478,-0.28201342774916044,0.08169980339995572,-0.6109454855595272
5660,1.583232745329868,1.9076423323135299,-1.0941660787329548
13359,0.9366140719958048,1.3215373230326295,-0.6109454855595272
67,-0.6799326113393532,-0.5269477062379023,0.355495700787328
14390,0.9614840209701918,1.4455210749958969,0.355495700787328
14319,0.19051560276419338,0.059157303042998016,0.355495700787328
7609,-1.077851794929546,-1.0792389649833662,0.8387162939607556
1258,0.06616585789225812,0.8819585660719543,0.355495700787328
12243,-1.077851794929546,-0.44804895498855035,1.3219368871341832
13074,-1.003241948006385,-0.9101702123061833,0.355495700787328
991,-0.3317533256979346,-0.16626770052657905,-0.12772489238609958
3504,1.06096381686774,1.3215373230326295,-0.12772489238609958
8305,-0.40636317262109567,-0.32406520302528297,0.8387162939607556
919,0.5884347863543863,1.2426385717832775,-0.6109454855595272
165,-0.28201342774916044,0.600177311609983,0.355495700787328
10108,-0.008443989030902977,0.21695480554170196,0.355495700787328
13111,-0.3068833767235475,-0.8650852115922679,-2.5438278582532377
9141,-0.38149322364670873,-0.932712712663141,0.355495700787328
4594,1.7075824902018033,1.7611160799933048,0.355495700787328
12435,-0.9535020500576108,-1.090510215161845,0.8387162939607556
2850,-1.077851794929546,-1.022882714090972,0.8387162939607556
11152,0.3894751945592899,1.0735698191060947,-0.6109454855595272
15310,-0.8291523051856755,-1.090510215161845,-1.5773866719063825
13506,-0.7545424582625144,-1.0679677148048874,-0.12772489238609958
4460,-0.8042823562112885,-0.5156764560594235,0.8387162939607556
11438,-0.3068833767235475,0.2845823066125751,-0.6109454855595272
6623,0.11590575584103227,-0.4593202051670292,-0.6109454855595272
9306,2.4039410614846406,2.3923060899881206,-0.6109454855595272
12868,-0.48097301954425686,-0.2000814510620156,-0.6109454855595272
8490,-1.052981845955159,-0.6734739585581274,0.8387162939607556
9867,-1.0281118969807719,-1.1581377162327182,1.3219368871341832
2735,1.9314120309712868,2.121796085704628,-1.5773866719063825
5669,2.57803070430535,2.4261198405235573,-0.6109454855595272
4988,0.19051560276419338,0.48746480982519447,0.8387162939607556
13818,0.16564565378980642,-0.5269477062379023,-0.6109454855595272
2378,2.7769902961004465,2.5613748426653036,-1.0941660787329548
12085,0.9366140719958048,-0.42550645463159265,-2.5438278582532377
4172,2.1801115207151573,2.2345085874894166,-0.6109454855595272
8092,-0.4561030705698698,-0.5945752073087754,0.8387162939607556
12466,-0.008443989030902977,-0.5156764560594235,-1.5773866719063825
2103,0.5635648373799991,0.014072302329082605,0.355495700787328
3759,-1.077851794929546,-0.6171177076657332,1.3219368871341832
11955,0.6879145822519344,0.23949730589865967,-1.0941660787329548
1837,0.19051560276419338,-0.7974577105213948,-0.6109454855595272
12313,-0.033313938005289936,0.0028010521506037526,0.355495700787328
12745,0.2651254496873547,-0.7185589592720428,-0.6109454855595272
12517,-1.077851794929546,-0.6734739585581274,0.8387162939607556
5710,0.4143451435336769,0.7467035639302081,0.8387162939607556
8799,0.488954990456838,-0.5269477062379023,-0.6109454855595272
4500,2.080631724817609,1.8062010807072202,-0.6109454855595272
1093,-1.077851794929546,-1.2032227169466336,1.3219368871341832
10251,0.2402555007129675,-0.6847452087366063,-1.5773866719063825
6718,2.6029006532797374,2.4148485903450783,-1.5773866719063825
11013,-1.077851794929546,-1.0003402137340143,0.8387162939607556
8960,2.7272503981516727,2.4824760914159514,-2.5438278582532377
160,-0.4561030705698698,0.4311085589328002,0.8387162939607556
203,-0.9783719990319979,-0.24516645177593102,0.8387162939607556
6483,0.9614840209701918,0.22822605572018081,-0.12772489238609958
3940,0.04129590891787117,-0.3466077033822407,0.8387162939607556
15122,2.1552415717407705,2.527561092129867,0.355495700787328
4933,-0.38149322364670873,0.48746480982519447,0.8387162939607556
11857,-0.20740358082599933,0.6678048126808561,-0.12772489238609958
7647,0.5884347863543863,-0.7749152101644371,-1.5773866719063825
1230,0.8371342760982567,1.287723572497193,-0.6109454855595272
9166,-1.077851794929546,-1.101781465340324,0.8387162939607556
3046,-0.3068833767235475,0.37475230804040593,0.8387162939607556
7957,-1.077851794929546,-0.9890689635555353,0.8387162939607556
2915,-1.077851794929546,-1.2032227169466336,0.8387162939607556
13942,-0.05818388697967712,-0.24516645177593102,0.355495700787328
4251,1.1853135617396753,1.1637398205339256,-1.0941660787329548
6111,0.19051560276419338,0.014072302329082605,-0.6109454855595272
6204,-1.077851794929546,-1.2032227169466336,0.8387162939607556
2725,2.478550908407802,2.437391090702036,-1.5773866719063825
4290,-0.9286321010832237,-0.707287709093564,0.8387162939607556
4334,-1.003241948006385,-1.0679677148048874,0.8387162939607556
383,-1.077851794929546,-1.1581377162327182,1.3219368871341832
7485,0.9117441230214178,1.4906060757098123,0.355495700787328
4886,1.5583627963554811,1.7723873301717836,-1.5773866719063825
857,-0.008443989030902977,0.6227198119669407,0.355495700787328
370,-0.28201342774916044,-0.932712712663141,0.355495700787328
6539,0.14077570481541946,-0.7749152101644371,-0.12772489238609958
2561,-1.077851794929546,-1.1919514667681548,0.8387162939607556
3801,2.3790711125102537,2.3246785889172474,-1.0941660787329548
5455,-1.077851794929546,-1.1919514667681548,0.8387162939607556
10397,1.4340130514835459,1.828743581064178,-1.0941660787329548
12606,2.354201163535867,2.3246785889172474,-2.5438278582532377
6859,0.886874174047031,0.014072302329082605,0.355495700787328
12113,0.21538555173858054,-0.1549964503481002,-0.12772489238609958
13322,-0.13279373390283822,0.7241610635732504,-0.12772489238609958
14738,-0.6053227644161921,0.13805605429235,0.355495700787328
5944,1.6827125412274162,1.2989948226756718,-1.5773866719063825
615,1.7324524391761906,1.0284848183921793,-2.06060726507981
2575,-1.077851794929546,-1.1581377162327182,0.355495700787328
53,0.7625244291750957,-0.16626770052657905,-0.6109454855595272
10933,0.488954990456838,-0.786186460342916,-2.5438278582532377
3340,0.2651254496873547,-0.3353364532037618,-0.12772489238609958
11616,0.46408504148245106,-0.27898020231136755,-1.5773866719063825
9897,-0.4312331215954827,-0.786186460342916,0.355495700787328
13915,-1.077851794929546,-1.101781465340324,0.8387162939607556
10333,0.5138249394312252,0.7467035639302081,-0.6109454855595272
10286,0.2651254496873547,-0.1549964503481002,-0.6109454855595272
14130,-0.505842968518644,-0.16626770052657905,0.355495700787328
5876,0.46408504148245106,-0.54949020659486,-0.6109454855595272
10432,-0.7794124072369014,0.0028010521506037526,0.8387162939607556
8995,0.33973529661051577,0.7241610635732504,0.355495700787328
1812,-1.077851794929546,-1.2032227169466336,0.8387162939607556
990,-1.052981845955159,-0.7523727098074794,0.8387162939607556
10631,1.085833765842127,-0.2902514524898464,-2.5438278582532377
12871,1.5086228984067072,0.9495860671428275,-1.0941660787329548
8411,-0.9037621521088367,-1.090510215161845,0.355495700787328
2942,-1.077851794929546,-1.1581377162327182,1.3219368871341832
9480,-0.9286321010832237,-1.1243239656972817,0.8387162939607556
3163,0.14077570481541946,0.44237980911127905,-1.5773866719063825
4678,-1.077851794929546,-1.0341539642694508,0.8387162939607556
2618,0.9117441230214178,0.14932730447082884,-1.0941660787329548
3612,0.14077570481541946,-0.7411014596290005,-0.6109454855595272
8235,-1.0281118969807719,-0.32406520302528297,1.3219368871341832
7871,1.8319322350737386,1.9301848326704876,-1.0941660787329548
12262,0.7127845312263216,1.1862823208908833,-0.6109454855595272
3792,1.7573223881505777,1.896371082135051,-0.6109454855595272
9695,0.9863539699445792,1.4455210749958969,-0.6109454855595272
10365,0.9117441230214178,1.366622323746545,-1.5773866719063825
10045,2.4039410614846406,2.369763589631163,-2.06060726507981
3439,0.46408504148245106,1.1524685703554467,0.355495700787328
1892,-1.052981845955159,-0.8538139614137891,0.8387162939607556
14797,-0.3317533256979346,0.5325498105391099,0.8387162939607556
14324,1.3345332555859974,0.7016185632162927,-1.5773866719063825
5255,-0.3317533256979346,0.46492230946823676,0.355495700787328
13909,-1.077851794929546,-1.1243239656972817,1.3219368871341832
5167,0.6630446332775474,-0.2000814510620156,-0.12772489238609958
6460,-0.40636317262109567,-0.09864019945570593,0.355495700787328
1505,0.06616585789225812,-0.5269477062379023,-0.12772489238609958
10596,-0.7048025603137403,-1.0454252144479297,-0.6109454855595272
670,-0.6301927133905793,-0.8200002108783525,0.355495700787328
9471,-0.7794124072369014,-1.0679677148048874,-0.12772489238609958
14472,-0.505842968518644,0.12678480411387114,-0.12772489238609958
897,0.7127845312263216,1.366622323746545,-0.6109454855595272
3306,-0.6053227644161921,-0.9552552130200987,-0.12772489238609958
8026,-1.077851794929546,-1.2032227169466336,-0.12772489238609958
6239,0.6133047353287733,-0.5382189564163812,-1.0941660787329548
2890,-1.077851794929546,-1.180680216589676,1.3219368871341832
6003,-0.48097301954425686,0.4085660585758425,0.8387162939607556
7739,-0.40636317262109567,-0.3353364532037618,0.8387162939607556
11684,-1.077851794929546,-1.2032227169466336,1.3219368871341832
14899,-0.40636317262109567,-0.5607614567733389,-0.12772489238609958
8397,-0.08305383595406408,-0.9101702123061833,0.8387162939607556
2,-1.077851794929546,-1.1919514667681548,-0.12772489238609958
9961,1.0360938678933531,0.9383148169643486,-0.6109454855595272
13048,1.4837529494323203,0.6339910621454196,-2.5438278582532377
6079,0.488954990456838,0.7354323137517292,-0.12772489238609958
531,0.36460524558490276,1.1186548198200101,0.355495700787328
14994,0.46408504148245106,-0.5945752073087754,-1.0941660787329548
8181,1.2847933576372237,1.6484035782085162,0.8387162939607556
13282,-1.077851794929546,-0.47059145534550806,0.8387162939607556
6476,0.5884347863543863,0.19441230518474426,-0.12772489238609958
13697,1.4340130514835459,1.8062010807072202,-1.0941660787329548
13007,0.7376544802007085,1.051027318749137,-1.5773866719063825
8923,0.7127845312263216,1.3440798233895872,0.8387162939607556
3406,-1.077851794929546,-0.54949020659486,1.3219368871341832
5991,0.6630446332775474,1.2539098219617564,-0.12772489238609958
6328,-0.2322735298003864,0.37475230804040593,0.355495700787328
10615,-0.3317533256979346,-0.8538139614137891,-0.6109454855595272
2565,-1.077851794929546,-1.180680216589676,1.3219368871341832
2581,0.9117441230214178,-0.5382189564163812,-2.5438278582532377
12525,-0.38149322364670873,0.13805605429235,-0.12772489238609958
8385,-1.077851794929546,-1.2032227169466336,0.8387162939607556
2607,-0.008443989030902977,-0.4818627055239869,-0.6109454855595272
10726,0.9117441230214178,1.3328085732111083,-1.0941660787329548
14543,-0.28201342774916044,-0.6171177076657332,-0.12772489238609958
9447,-0.35662327467232163,-0.8087289606998737,0.355495700787328
2104,-1.077851794929546,-0.932712712663141,1.3219368871341832
14279,-0.8042823562112885,-0.9439839628416199,0.355495700787328
10931,-0.580452815441805,-1.0116114639124931,-0.12772489238609958
14049,1.4091431025091588,1.817472330885699,-2.06060726507981
4994,0.43921509250806384,0.46492230946823676,0.355495700787328
11467,1.5583627963554811,1.817472330885699,-1.5773866719063825
5057,0.3148653476361286,-0.54949020659486,0.355495700787328
658,-1.077851794929546,-1.022882714090972,0.8387162939607556
4434,-1.077851794929546,-1.022882714090972,0.8387162939607556
14576,-1.077851794929546,-1.169408966411197,1.3219368871341832
3816,1.9314120309712868,2.121796085704628,-0.12772489238609958
6773,0.36460524558490276,1.0284848183921793,-0.6109454855595272
12973,0.2402555007129675,0.983399817678264,-1.0941660787329548
9813,-0.530712917493031,-0.8650852115922679,-0.6109454855595272
14475,0.2899953986617417,0.679076062859335,0.355495700787328
7260,0.5386948884056122,-0.6058464574872543,0.355495700787328
3904,-1.077851794929546,-0.7523727098074794,1.3219368871341832
10945,-0.6053227644161921,-1.0341539642694508,-0.6109454855595272
13670,1.1853135617396753,1.6484035782085162,-1.0941660787329548
9288,-0.10792378492845114,0.7354323137517292,0.355495700787328
6811,-0.6550626623649661,-0.09864019945570593,0.8387162939607556
11043,-0.580452815441805,-0.25643770195440985,-1.0941660787329548
9359,-0.20740358082599933,0.35220980768344823,0.355495700787328
3700,-1.052981845955159,-1.0116114639124931,1.3219368871341832
11702,-1.077851794929546,-1.169408966411197,1.3219368871341832
1788,-1.077851794929546,-1.1581377162327182,0.355495700787328
13033,0.19051560276419338,0.2845823066125751,-1.5773866719063825
6314,-0.28201342774916044,0.19441230518474426,0.355495700787328
3645,-1.077851794929546,-1.2032227169466336,0.355495700787328
1776,-1.003241948006385,-1.0566964646264085,0.8387162939607556
192,2.1552415717407705,2.0879823351691917,-0.6109454855595272
9012,1.856802184048126,1.1637398205339256,-2.5438278582532377
10501,-1.077851794929546,-0.9101702123061833,1.3219368871341832
13202,-0.05818388697967712,-0.4593202051670292,-1.0941660787329548
14684,-1.077851794929546,-0.8425427112353102,1.3219368871341832
5388,-0.7296725092881273,-0.5720327069518177,0.8387162939607556
10547,-1.077851794929546,-1.1468664660542394,0.8387162939607556
4951,2.2298514186639316,2.133067335883107,-1.5773866719063825
2687,-0.6550626623649661,0.10424230375691343,0.8387162939607556
4390,-1.077851794929546,-1.1919514667681548,0.355495700787328
4927,1.856802184048126,2.0767110849907127,-0.12772489238609958
5552,-0.28201342774916044,-0.21135270124049446,0.355495700787328
11966,0.6381746843031604,0.02534355250756146,-1.0941660787329548
238,0.9863539699445792,0.9721285674997852,-0.6109454855595272
14234,-1.077851794929546,-1.2032227169466336,1.3219368871341832
10497,-1.052981845955159,-0.8312714610568314,0.8387162939607556
6901,-0.05818388697967712,-0.7974577105213948,-0.12772489238609958
11208,1.1355736637909013,0.757974814108687,-0.6109454855595272
15204,-0.6301927133905793,0.37475230804040593,0.355495700787328
9137,-0.8540222541600626,-1.0792389649833662,0.8387162939607556
11085,0.36460524558490276,0.904501066428912,-0.12772489238609958
8640,1.7075824902018033,1.3328085732111083,-0.12772489238609958
5097,-1.077851794929546,-1.2032227169466336,1.3219368871341832
11082,-0.48097301954425686,0.22822605572018081,-0.12772489238609958
11437,-0.6550626623649661,-0.019741448206353953,0.8387162939607556
10575,-1.052981845955159,-1.180680216589676,0.355495700787328
3552,-0.505842968518644,-0.3353364532037618,0.8387162939607556
15296,-0.9783719990319979,-0.9439839628416199,0.8387162939607556
3360,-1.077851794929546,-0.8538139614137891,1.3219368871341832
8328,-1.0281118969807719,-0.9552552130200987,0.8387162939607556
5628,2.2298514186639316,2.2457798376678957,-1.0941660787329548
7751,0.016425959943484204,0.07042855322147687,0.355495700787328
5783,1.0112239189189662,-0.2902514524898464,-1.5773866719063825
4507,-0.8540222541600626,-0.1549964503481002,0.8387162939607556
14463,0.9366140719958048,1.2313673216047987,-1.0941660787329548
146,-0.25714347877477345,0.5550923108960676,-0.6109454855595272
11300,-1.077851794929546,-1.1919514667681548,0.8387162939607556
2294,0.7376544802007085,0.8256023151795601,-0.12772489238609958
7178,1.6329726432786424,1.3102660728541506,-1.5773866719063825
9928,-1.052981845955159,-0.8538139614137891,1.3219368871341832
14637,0.6630446332775474,-0.5607614567733389,-2.5438278582532377
11017,-1.003241948006385,-0.8425427112353102,0.8387162939607556
14550,0.886874174047031,-0.3353364532037618,-2.06060726507981
12735,0.5635648373799991,-0.5607614567733389,-1.5773866719063825
8690,0.6381746843031604,-0.16626770052657905,-0.6109454855595272
7081,0.7376544802007085,1.276452322318714,0.355495700787328
4733,-1.077851794929546,-1.2032227169466336,1.3219368871341832
8912,-1.052981845955159,-0.3466077033822407,1.3219368871341832
4384,-0.9535020500576108,-1.1243239656972817,0.8387162939607556
10513,-0.3068833767235475,-0.4818627055239869,0.355495700787328
14080,-0.3317533256979346,0.4761935596467156,0.355495700787328
11843,-0.8042823562112885,0.04788605286451916,0.355495700787328
4545,0.5884347863543863,1.276452322318714,0.8387162939607556
596,0.886874174047031,1.0284848183921793,-0.6109454855595272
13960,-0.3068833767235475,-0.1324539499911425,0.355495700787328
10783,0.5635648373799991,1.208824821247841,-1.0941660787329548
5164,-0.3317533256979346,-0.6058464574872543,-0.12772489238609958
14040,1.4340130514835459,1.817472330885699,-0.6109454855595272
1647,-0.580452815441805,0.29585355679105396,0.355495700787328
6815,0.7127845312263216,0.7917885646441235,0.355495700787328
2700,1.2847933576372237,1.6371323280300374,-0.12772489238609958
1700,0.016425959943484204,0.3860235582188848,-0.12772489238609958
2773,1.4588830004579327,1.5582335767806854,-0.12772489238609958
6968,-0.8540222541600626,-1.0003402137340143,0.8387162939607556
8143,0.7625244291750957,0.9157723166073909,0.355495700787328
6219,-1.077851794929546,-1.180680216589676,1.3219368871341832
86,-0.3068833767235475,-0.053555198741790516,0.8387162939607556
12573,2.428811010459028,2.369763589631163,-2.5438278582532377
12541,2.1552415717407705,1.9301848326704876,-2.5438278582532377
15209,0.2651254496873547,1.0172135682137005,-1.0941660787329548
2594,-1.077851794929546,-1.101781465340324,1.3219368871341832
10654,0.43921509250806384,-0.019741448206353953,-1.0941660787329548
1029,0.7873943781494827,-0.25643770195440985,-0.6109454855595272
136,1.4091431025091588,1.659674828386995,-0.12772489238609958
6972,0.46408504148245106,-0.54949020659486,-0.6109454855595272
11460,0.4143451435336769,1.0172135682137005,-1.0941660787329548
7024,-1.077851794929546,-0.7749152101644371,1.3219368871341832
2854,-0.9037621521088367,-0.8876277119492256,-0.12772489238609958
1200,1.6081026943042553,1.3328085732111083,-2.06060726507981
6121,1.2847933576372237,0.2845823066125751,-1.0941660787329548
9763,0.6879145822519344,0.2620398062556174,-0.12772489238609958
8758,-0.6301927133905793,-1.0341539642694508,0.8387162939607556
11807,2.1055016737919963,1.8512860814211356,-2.5438278582532377
6296,0.14077570481541946,0.23949730589865967,0.355495700787328
3927,-0.18253363185161225,-0.2677089521328887,-0.12772489238609958
10105,-0.08305383595406408,0.2056835553632231,0.355495700787328
13560,0.9863539699445792,-0.21135270124049446,-2.06060726507981
8468,1.2847933576372237,0.41983730875432135,-1.0941660787329548
3606,-1.052981845955159,-1.1130527155188028,-0.6109454855595272
13691,-1.077851794929546,-0.42550645463159265,0.8387162939607556
2330,-1.077851794929546,-0.4593202051670292,1.3219368871341832
2187,0.016425959943484204,-0.8876277119492256,-0.6109454855595272
195,0.04129590891787117,0.8030598148226024,0.8387162939607556
5059,-1.077851794929546,-1.1130527155188028,1.3219368871341832
802,-0.505842968518644,-0.3691502037391984,0.8387162939607556
2668,0.6630446332775474,0.904501066428912,-0.12772489238609958
241,1.5583627963554811,1.2200960714263198,-1.0941660787329548
2068,0.6381746843031604,0.7241610635732504,0.355495700787328
14116,1.8070622860993515,1.434249824817418,-1.5773866719063825
13436,-0.6550626623649661,-0.6622027083796486,0.8387162939607556
644,-0.6550626623649661,-0.5833039571302966,1.3219368871341832
9116,0.6879145822519344,-0.7749152101644371,-2.06060726507981
5103,0.16564565378980642,-0.8650852115922679,-1.5773866719063825
1637,1.0360938678933531,1.5695048269591643,-0.6109454855595272
7552,1.1604436127652884,0.8256023151795601,-1.5773866719063825
8312,0.21538555173858054,-0.10991144963418478,0.355495700787328
3074,-1.077851794929546,-0.44804895498855035,1.3219368871341832
9014,0.6133047353287733,0.5325498105391099,-0.6109454855595272
7296,-1.077851794929546,-1.2032227169466336,1.3219368871341832
3278,-0.8042823562112885,-1.090510215161845,0.355495700787328
8003,-1.0281118969807719,-1.1355952158757605,0.355495700787328
10327,-0.40636317262109567,0.04788605286451916,-0.12772489238609958
4970,0.3894751945592899,0.8368735653580389,0.8387162939607556
10904,-0.7794124072369014,-0.932712712663141,0.355495700787328
8326,-0.008443989030902977,-0.4142352044531138,-0.12772489238609958
6915,-1.0281118969807719,-1.1581377162327182,0.8387162939607556
10710,0.19051560276419338,0.679076062859335,-0.12772489238609958
7829,1.6578425922530293,1.9527273330274453,-0.12772489238609958
62,1.085833765842127,0.23949730589865967,-0.6109454855595272
12131,1.6578425922530293,0.8143310650010812,-2.5438278582532377
12186,1.2847933576372237,1.5582335767806854,-1.5773866719063825
14281,-0.20740358082599933,-0.707287709093564,0.355495700787328
11209,-0.4561030705698698,-0.1324539499911425,0.355495700787328
11100,1.2101835107140624,1.5807760771376431,-2.06060726507981
679,0.7376544802007085,-0.49313395570246576,-1.0941660787329548
2041,1.085833765842127,1.355351073568066,0.355495700787328
8933,-0.10792378492845114,0.7467035639302081,0.355495700787328
5307,-1.003241948006385,-0.25643770195440985,0.8387162939607556
11384,-0.9286321010832237,-0.7636439599859582,0.8387162939607556
3641,-1.0281118969807719,-1.169408966411197,0.355495700787328
12663,2.055761775843222,1.287723572497193,-2.5438278582532377
12491,0.4143451435336769,0.13805605429235,-1.0941660787329548
3258,-1.077851794929546,-1.1919514667681548,0.8387162939607556
1873,-1.052981845955159,-1.0116114639124931,0.8387162939607556
4744,-1.077851794929546,-1.2032227169466336,-0.6109454855595272
9909,-0.13279373390283822,-0.5607614567733389,-0.12772489238609958
2912,-0.8788922031344497,-1.1130527155188028,-0.6109454855595272
4027,-1.003241948006385,-1.1355952158757605,0.8387162939607556
5488,-1.077851794929546,-1.180680216589676,0.8387162939607556
13256,2.030891826868835,1.6145898276730797,-2.06060726507981
8024,-1.077851794929546,-1.2032227169466336,1.3219368871341832
7786,0.11590575584103227,0.6114485617884619,0.8387162939607556
14209,0.2402555007129675,-0.7523727098074794,-1.5773866719063825
6864,0.3894751945592899,-0.24516645177593102,0.8387162939607556
489,1.856802184048126,1.7949298305287413,-1.0941660787329548
8685,0.3148653476361286,-0.2000814510620156,-0.12772489238609958
690,-1.077851794929546,-1.1581377162327182,0.8387162939607556
602,1.5583627963554811,1.2989948226756718,-1.0941660787329548
10103,1.085833765842127,0.983399817678264,-1.0941660787329548
1014,1.085833765842127,0.09297105357843458,-0.12772489238609958
869,-0.555582866467418,0.25076855607713855,0.8387162939607556
1993,0.36460524558490276,1.1186548198200101,-0.6109454855595272
7610,0.6630446332775474,-0.40296395427463494,-0.6109454855595272
5283,-0.18253363185161225,0.6903473130378138,0.8387162939607556
4370,-0.6550626623649661,-1.0454252144479297,-0.12772489238609958
11597,-0.48097301954425686,-0.42550645463159265,-0.6109454855595272
1361,-0.3317533256979346,-0.23389520159745217,-0.6109454855595272
10731,-0.05818388697967712,0.679076062859335,-0.6109454855595272
1526,-0.20740358082599933,-0.27898020231136755,-0.12772489238609958
12792,-0.25714347877477345,-0.9101702123061833,-0.6109454855595272
1629,2.354201163535867,2.369763589631163,-1.5773866719063825
1551,-1.0281118969807719,-0.628388957844212,0.8387162939607556
10962,-0.6053227644161921,-1.0116114639124931,0.355495700787328
14867,1.4091431025091588,0.7467035639302081,-2.5438278582532377
1337,-0.05818388697967712,0.3071248069695328,0.355495700787328
3901,1.7324524391761906,1.0622985689276159,-2.06060726507981
5041,-0.9286321010832237,-0.8763564617707468,0.8387162939607556
8252,2.080631724817609,1.9076423323135299,-0.6109454855595272
10442,2.3790711125102537,2.0767110849907127,-2.06060726507981
11198,0.9366140719958048,0.9157723166073909,-1.5773866719063825
5039,-0.48097301954425686,-0.6171177076657332,0.355495700787328
2346,-0.18253363185161225,0.6678048126808561,0.8387162939607556
14263,0.2651254496873547,-0.7298302094505217,-2.06060726507981
5485,-0.08305383595406408,-0.8763564617707468,-0.6109454855595272
13620,-0.7296725092881273,-0.16626770052657905,0.355495700787328
5694,-0.9783719990319979,-0.3127939528468041,0.8387162939607556
5119,-1.077851794929546,-1.1919514667681548,1.3219368871341832
5166,-0.48097301954425686,-0.6509314582011697,0.355495700787328
1134,-0.505842968518644,-0.786186460342916,0.355495700787328
8342,0.5138249394312252,-0.44804895498855035,-0.12772489238609958
10643,-0.9783719990319979,-0.9214414624846622,0.8387162939607556
10278,0.3894751945592899,-0.32406520302528297,-0.12772489238609958
10451,0.2899953986617417,0.7467035639302081,-0.6109454855595272
4017,-1.077851794929546,-1.1919514667681548,1.3219368871341832
10409,-0.555582866467418,0.3296673073264905,0.8387162939607556
14917,-0.7794124072369014,-0.8988989621277045,-0.6109454855595272
2424,1.8319322350737386,1.5244198262452489,-1.0941660787329548
4138,2.354201163535867,1.9978123337413607,-2.06060726507981
859,-0.9286321010832237,-0.22262395141897331,0.8387162939607556
2962,0.5386948884056122,-0.42550645463159265,0.355495700787328
8089,0.3148653476361286,-0.32406520302528297,-0.12772489238609958
12460,-1.077851794929546,-1.0792389649833662,1.3219368871341832
13530,-1.077851794929546,-1.169408966411197,1.3219368871341832
13139,-1.077851794929546,-1.2032227169466336,0.8387162939607556
13021,-1.077851794929546,-0.6622027083796486,-0.12772489238609958
1364,0.7873943781494827,0.2620398062556174,-0.12772489238609958
13572,-0.6301927133905793,-0.6622027083796486,0.355495700787328
1779,-0.7545424582625144,-0.9552552130200987,-0.6109454855595272
10639,1.0360938678933531,-0.1775389507050579,-2.5438278582532377
2101,-0.18253363185161225,-0.27898020231136755,-0.6109454855595272
1818,-1.077851794929546,-1.2032227169466336,1.3219368871341832
369,-0.8291523051856755,-1.0792389649833662,-0.6109454855595272
4937,-1.077851794929546,-0.44804895498855035,1.3219368871341832
5285,1.7324524391761906,2.0090835839198395,-1.0941660787329548
8367,-0.580452815441805,-0.9665264631985776,0.355495700787328
12429,-0.505842968518644,-0.9665264631985776,0.355495700787328
7071,0.886874174047031,1.287723572497193,0.8387162939607556
2093,-0.6053227644161921,-0.42550645463159265,0.355495700787328
7817,1.4588830004579327,1.7723873301717836,0.355495700787328
1920,0.8122643271238696,0.7354323137517292,-0.12772489238609958
82,0.6630446332775474,0.44237980911127905,-0.12772489238609958
7331,-0.10792378492845114,-0.7636439599859582,-0.12772489238609958
7304,-1.077851794929546,-1.1919514667681548,0.8387162939607556
816,0.14077570481541946,0.2056835553632231,0.355495700787328
11881,-0.7794124072369014,0.059157303042998016,1.3219368871341832
4396,0.7376544802007085,-0.6734739585581274,-1.0941660787329548
8475,-0.505842968518644,-0.3353364532037618,0.8387162939607556
6124,1.2599234086628366,0.21695480554170196,-1.0941660787329548
4120,-0.3317533256979346,0.12678480411387114,0.355495700787328
12591,-0.8042823562112885,0.07042855322147687,0.8387162939607556
13621,1.2599234086628366,1.197553571069362,-1.5773866719063825
1813,-1.052981845955159,-1.180680216589676,0.8387162939607556
1271,-0.505842968518644,0.3860235582188848,0.355495700787328
8751,-1.077851794929546,-1.2032227169466336,0.355495700787328
2994,0.6630446332775474,0.25076855607713855,-1.0941660787329548
11676,-0.9783719990319979,-1.1468664660542394,0.8387162939607556
6409,1.9314120309712868,1.9978123337413607,0.355495700787328
11882,1.2350534596884497,1.6371323280300374,-1.0941660787329548
2642,0.11590575584103227,0.19441230518474426,0.8387162939607556
9280,-1.052981845955159,-0.3353364532037618,0.8387162939607556
10645,-1.077851794929546,-1.0116114639124931,0.355495700787328
2305,2.1801115207151573,1.7949298305287413,-1.5773866719063825
11169,0.5884347863543863,1.0848410692845736,0.8387162939607556
12854,0.8371342760982567,0.29585355679105396,-2.06060726507981
4195,0.6879145822519344,1.3440798233895872,0.355495700787328
12814,-1.077851794929546,-1.1243239656972817,1.3219368871341832
3849,0.6879145822519344,1.2651810721402352,-0.12772489238609958
15110,2.1801115207151573,2.538832342308346,-1.0941660787329548
12872,-0.18253363185161225,0.059157303042998016,-1.5773866719063825
14693,1.6827125412274162,0.9383148169643486,-1.5773866719063825
3554,-1.077851794929546,-0.8650852115922679,1.3219368871341832
2195,-0.8291523051856755,-1.0792389649833662,0.355495700787328
2600,1.06096381686774,-0.23389520159745217,-2.5438278582532377
6163,-0.9783719990319979,-1.0566964646264085,0.355495700787328
1518,-0.40636317262109567,-0.5607614567733389,0.355495700787328
10790,-1.052981845955159,-0.38042145391767723,1.3219368871341832
11647,-1.077851794929546,-1.1581377162327182,1.3219368871341832
6309,-1.052981845955159,-0.5945752073087754,0.8387162939607556
5755,1.5583627963554811,0.4085660585758425,-2.06060726507981
5633,-1.077851794929546,-0.4367777048100715,0.8387162939607556
8399,0.11590575584103227,-0.8650852115922679,-1.0941660787329548
14293,-0.7545424582625144,-0.8087289606998737,0.355495700787328
7162,2.3044612655870926,1.9301848326704876,-0.6109454855595272
11562,0.7873943781494827,0.8481448155365178,-0.6109454855595272
11269,-1.077851794929546,-1.1130527155188028,0.355495700787328
1988,-0.4312331215954827,0.46492230946823676,0.355495700787328
9533,-0.9037621521088367,-0.9777977133770565,0.355495700787328
7737,-1.077851794929546,-0.8988989621277045,0.8387162939607556
517,0.04129590891787117,0.8368735653580389,0.355495700787328
6160,-0.20740358082599933,-0.7636439599859582,0.8387162939607556
14551,0.2899953986617417,-0.5156764560594235,-1.0941660787329548
13947,0.8620042250726437,0.25076855607713855,0.355495700787328
12372,-0.7545424582625144,-0.9665264631985776,0.355495700787328
11086,-0.505842968518644,0.22822605572018081,-0.6109454855595272
9607,1.4340130514835459,1.3440798233895872,-1.0941660787329548
4456,-1.0281118969807719,-0.7636439599859582,0.8387162939607556
2761,1.8816721330225128,1.9301848326704876,-1.0941660787329548
6481,-1.077851794929546,-0.8988989621277045,1.3219368871341832
5911,0.3894751945592899,0.03661480268604031,-0.6109454855595272
13867,-1.077851794929546,-1.2032227169466336,1.3219368871341832
6547,0.6630446332775474,-0.7411014596290005,-2.06060726507981
4855,-1.0281118969807719,-0.5044052058809446,0.8387162939607556
7644,-1.077851794929546,-1.1919514667681548,1.3219368871341832
13607,0.16564565378980642,0.3409385575049694,0.355495700787328
14864,-0.25714347877477345,-0.04228394856331166,0.355495700787328
6358,-0.9783719990319979,-0.2000814510620156,0.8387162939607556
9741,0.9863539699445792,0.7917885646441235,-1.0941660787329548
2438,-1.0281118969807719,-0.6171177076657332,0.8387162939607556
3765,-0.9783719990319979,-0.3916927040961561,1.3219368871341832
6432,0.36460524558490276,0.8143310650010812,0.8387162939607556
8643,1.4588830004579327,1.1524685703554467,-0.12772489238609958
7846,-0.28201342774916044,0.600177311609983,0.8387162939607556
10918,-0.4312331215954827,-0.8988989621277045,-0.12772489238609958
9665,2.503420857382189,2.448662340880515,-2.06060726507981
13781,0.14077570481541946,-0.008470198027875101,-1.0941660787329548
6340,-0.6301927133905793,0.13805605429235,0.8387162939607556
4821,-1.0281118969807719,-0.7636439599859582,0.8387162939607556
18,-1.077851794929546,-1.1581377162327182,1.3219368871341832
3560,1.4091431025091588,0.4085660585758425,-2.06060726507981
3951,-1.077851794929546,-1.0566964646264085,0.8387162939607556
49,-1.077851794929546,-1.0341539642694508,1.3219368871341832
15188,1.5583627963554811,2.0992535853476704,-0.6109454855595272
887,-0.25714347877477345,0.600177311609983,-0.12772489238609958
6261,-0.9783719990319979,-0.9214414624846622,0.8387162939607556
7236,-1.077851794929546,-1.0454252144479297,0.355495700787328
6989,-1.077851794929546,-1.0341539642694508,1.3219368871341832
6043,-0.9037621521088367,-0.12118269981266364,0.8387162939607556
8708,0.5884347863543863,-0.44804895498855035,-0.6109454855595272
3168,1.0112239189189662,0.7692460642871658,-1.0941660787329548
2949,-0.13279373390283822,-0.7636439599859582,-0.12772489238609958
1424,-0.6053227644161921,-0.9552552130200987,-0.6109454855595272
139,-1.077851794929546,-0.44804895498855035,0.8387162939607556
10116,-1.077851794929546,-0.7749152101644371,0.8387162939607556
10570,-0.8042823562112885,-1.0792389649833662,-0.12772489238609958
3197,0.2402555007129675,-0.08736894927722708,0.8387162939607556
5131,0.3894751945592899,-0.7185589592720428,-0.6109454855595272
112,-0.9783719990319979,-0.3916927040961561,0.8387162939607556
8160,1.3842731535347719,1.51314857606677,-1.0941660787329548
13320,-0.18253363185161225,0.6903473130378138,-0.12772489238609958
4559,0.5386948884056122,1.2426385717832775,0.355495700787328
4595,1.1107037148165144,1.4004360742819815,-0.6109454855595272
4690,0.04129590891787117,-0.6058464574872543,0.355495700787328
7951,0.43921509250806384,-0.09864019945570593,0.355495700787328
13979,0.33973529661051577,0.5325498105391099,-0.12772489238609958
3277,0.16564565378980642,-0.8650852115922679,-0.6109454855595272
4068,-1.077851794929546,-1.0341539642694508,1.3219368871341832
4408,-1.077851794929546,-1.1468664660542394,1.3219368871341832
10865,-1.077851794929546,-0.8988989621277045,1.3219368871341832
13175,-0.18253363185161225,-0.786186460342916,-0.12772489238609958
9729,1.3345332555859974,1.2651810721402352,-0.6109454855595272
451,-1.052981845955159,-0.6960164589150851,1.3219368871341832
7262,-1.077851794929546,-1.1468664660542394,0.8387162939607556
3731,0.6381746843031604,0.35220980768344823,0.355495700787328
7256,-1.077851794929546,-1.1243239656972817,0.8387162939607556
13748,-0.20740358082599933,0.2845823066125751,0.355495700787328
4986,-0.8788922031344497,-0.3353364532037618,0.355495700787328
3663,0.3148653476361286,-0.7749152101644371,-0.12772489238609958
2763,-0.40636317262109567,0.37475230804040593,0.355495700787328
8850,1.0112239189189662,0.6452623123238984,-0.12772489238609958
11278,0.14077570481541946,-0.707287709093564,-1.0941660787329548
1855,-0.8291523051856755,-0.9777977133770565,-0.12772489238609958
999,-0.28201342774916044,-0.24516645177593102,0.355495700787328
389,0.5635648373799991,-0.6171177076657332,-1.5773866719063825
6426,2.080631724817609,1.8850998319565722,-0.6109454855595272
1476,-1.003241948006385,-1.1130527155188028,0.8387162939607556
2240,0.7376544802007085,-0.25643770195440985,-0.6109454855595272
14520,0.21538555173858054,-0.09864019945570593,-0.6109454855595272
14035,-0.4312331215954827,0.44237980911127905,0.8387162939607556
8112,-0.9037621521088367,-0.6058464574872543,0.8387162939607556
992,-0.20740358082599933,-0.10991144963418478,0.355495700787328
7032,0.6630446332775474,0.6114485617884619,0.355495700787328
4997,-1.077851794929546,-0.7411014596290005,0.355495700787328
3922,-0.8291523051856755,-0.5945752073087754,0.8387162939607556
2972,0.7625244291750957,-0.21135270124049446,-1.5773866719063825
6871,0.46408504148245106,-0.32406520302528297,-0.12772489238609958
11560,-1.077851794929546,-0.6622027083796486,1.3219368871341832
4769,0.6630446332775474,-0.6171177076657332,-2.5438278582532377
1293,2.2049814696895442,2.1781523365970226,-1.5773866719063825
14379,2.3293312145614795,2.1781523365970226,-2.5438278582532377
4173,-0.9535020500576108,-0.1549964503481002,-0.12772489238609958
2535,-1.077851794929546,-1.2032227169466336,0.8387162939607556
14023,1.6827125412274162,1.8850998319565722,-2.06060726507981
1907,-1.003241948006385,-0.6734739585581274,0.355495700787328
12714,0.2651254496873547,-0.38042145391767723,-0.6109454855595272
14574,-1.077851794929546,-1.169408966411197,0.8387162939607556
8560,-0.555582866467418,0.3296673073264905,0.8387162939607556
6033,1.359403204560385,1.738573579636347,-0.6109454855595272
7619,-1.052981845955159,-1.090510215161845,0.355495700787328
1151,-1.077851794929546,-1.0003402137340143,0.8387162939607556
1567,-1.077851794929546,-0.6171177076657332,1.3219368871341832
3171,0.2899953986617417,0.3409385575049694,-0.12772489238609958
9689,2.2049814696895442,2.211966087132459,-1.0941660787329548
7106,-0.008443989030902977,0.8256023151795601,0.355495700787328
4160,1.0112239189189662,1.4567923251743757,-0.6109454855595272
4287,0.8371342760982567,0.27331105643409626,-0.12772489238609958
2230,-1.077851794929546,-1.090510215161845,1.3219368871341832
11358,-0.20740358082599933,-0.707287709093564,-0.6109454855595272
174,0.2899953986617417,1.0622985689276159,-0.12772489238609958
1903,-1.077851794929546,-0.8200002108783525,0.8387162939607556
9291,0.2651254496873547,1.0284848183921793,0.8387162939607556
8752,0.6381746843031604,-0.7749152101644371,-1.0941660787329548
15128,2.8018602450748333,3.1023948512322885,-0.6109454855595272
3408,0.3148653476361286,0.8030598148226024,0.8387162939607556
1538,-0.4561030705698698,-0.2677089521328887,0.8387162939607556
2292,-1.003241948006385,-0.5156764560594235,0.355495700787328
9523,-1.077851794929546,-1.1355952158757605,0.8387162939607556
1363,0.2651254496873547,0.04788605286451916,-0.12772489238609958
4357,-1.077851794929546,-1.1919514667681548,0.355495700787328
5260,-1.077851794929546,-0.42550645463159265,1.3219368871341832
11444,-1.077851794929546,-0.5382189564163812,1.3219368871341832
11633,-0.6550626623649661,-0.8650852115922679,0.8387162939607556
680,-1.0281118969807719,-1.0792389649833662,0.8387162939607556
12462,-1.077851794929546,-1.0679677148048874,1.3219368871341832
3664,-0.8540222541600626,-1.0679677148048874,-0.12772489238609958
1661,-0.9286321010832237,-0.16626770052657905,0.8387162939607556
508,-0.3068833767235475,0.4987360600036733,0.355495700787328
166,0.36460524558490276,1.1186548198200101,0.355495700787328
12705,-1.0281118969807719,-0.9101702123061833,0.8387162939607556
9198,-0.25714347877477345,-0.27898020231136755,0.355495700787328
12794,0.5884347863543863,-0.7185589592720428,-1.0941660787329548
7365,-0.9535020500576108,-0.7974577105213948,1.3219368871341832
1914,0.2899953986617417,0.3409385575049694,-0.12772489238609958
7263,-0.8540222541600626,-1.022882714090972,-0.12772489238609958
14791,0.7625244291750957,1.3778935739250238,-1.0941660787329548
14961,-0.7794124072369014,-1.0792389649833662,-0.12772489238609958
7361,-1.077851794929546,-1.0003402137340143,1.3219368871341832
1104,-1.077851794929546,-1.180680216589676,1.3219368871341832
12013,-1.077851794929546,-1.1581377162327182,0.8387162939607556
9944,-0.9535020500576108,-0.6058464574872543,1.3219368871341832
5310,-0.7545424582625144,0.08169980339995572,0.8387162939607556
11567,1.8319322350737386,1.1862823208908833,-2.5438278582532377
5754,-0.6550626623649661,-0.5382189564163812,0.355495700787328
152,0.3894751945592899,1.0961123194630524,0.8387162939607556
12167,-0.4561030705698698,0.14932730447082884,0.355495700787328
5679,1.9314120309712868,1.9978123337413607,-1.0941660787329548
14028,-1.077851794929546,-0.42550645463159265,1.3219368871341832
3551,-1.077851794929546,-0.8425427112353102,0.8387162939607556
3722,-0.6053227644161921,-0.4593202051670292,0.8387162939607556
11293,-0.4312331215954827,-0.9552552130200987,0.8387162939607556
14483,-0.6053227644161921,-0.06482644892026937,0.355495700787328
4538,0.19051560276419338,0.9608573173213063,0.355495700787328
11413,0.2899953986617417,0.37475230804040593,-0.6109454855595272
10014,0.8371342760982567,1.4117073244604603,-1.0941660787329548
8463,-1.077851794929546,-0.932712712663141,1.3219368871341832
1991,0.886874174047031,1.4793348255313334,0.8387162939607556
13525,-0.7545424582625144,-1.0341539642694508,-0.6109454855595272
8501,0.36460524558490276,0.5663635610745464,-0.6109454855595272
5141,-1.077851794929546,-1.1355952158757605,0.8387162939607556
3811,-1.052981845955159,-0.3353364532037618,0.8387162939607556
14790,1.1355736637909013,1.6258610778515585,-1.0941660787329548
3450,1.0360938678933531,1.5695048269591643,-0.12772489238609958
4591,1.4340130514835459,1.6371323280300374,-1.0941660787329548
7352,-0.4561030705698698,-0.6847452087366063,0.8387162939607556
205,0.36460524558490276,0.983399817678264,-0.12772489238609958
9327,-0.48097301954425686,0.3634810578619271,0.8387162939607556
6680,1.7573223881505777,1.434249824817418,-1.0941660787329548
2749,-1.0281118969807719,-0.30152270266832526,1.3219368871341832
8497,1.856802184048126,1.3102660728541506,-2.06060726507981
1849,-1.077851794929546,-1.1468664660542394,0.8387162939607556
13925,-1.052981845955159,-1.022882714090972,0.8387162939607556
10180,-0.7545424582625144,-0.9552552130200987,0.355495700787328
3240,-1.077851794929546,-1.1355952158757605,0.8387162939607556
12163,0.5884347863543863,0.8481448155365178,-0.12772489238609958
3109,1.0112239189189662,1.5244198262452489,0.355495700787328
10179,-1.077851794929546,-1.1355952158757605,0.8387162939607556
5934,0.5138249394312252,0.4987360600036733,-0.12772489238609958
12552,-0.7048025603137403,0.07042855322147687,1.3219368871341832
5810,-1.052981845955159,-1.1468664660542394,0.8387162939607556
8575,2.6029006532797374,2.505018591772909,-1.5773866719063825
5634,1.6827125412274162,1.9527273330274453,-0.6109454855595272
4307,-1.003241948006385,-0.9101702123061833,0.355495700787328
3156,1.2599234086628366,1.1862823208908833,-1.0941660787329548
6534,0.9117441230214178,-0.5720327069518177,-2.06060726507981
15183,-0.25714347877477345,0.8706873158934755,0.8387162939607556
15125,2.8267301940492207,3.136208601767725,-2.5438278582532377
12711,-0.25714347877477345,-0.5382189564163812,0.355495700787328
8891,2.130371622766383,1.9527273330274453,-1.5773866719063825
3832,0.2651254496873547,1.0397560685706582,0.355495700787328
13374,-0.9783719990319979,-0.3691502037391984,1.3219368871341832
4776,0.4143451435336769,-0.6058464574872543,-0.6109454855595272
7997,-1.077851794929546,-1.1581377162327182,0.355495700787328
4276,-0.9286321010832237,-0.5833039571302966,0.8387162939607556
14959,-1.077851794929546,-1.2032227169466336,0.8387162939607556
10883,-0.4312331215954827,-0.5945752073087754,-0.6109454855595272
14731,0.09103580686664531,0.6452623123238984,0.355495700787328
278,0.2651254496873547,-0.12118269981266364,0.355495700787328
6771,-0.6053227644161921,0.23949730589865967,0.8387162939607556
7415,-0.10792378492845114,0.3860235582188848,0.355495700787328
3252,0.6381746843031604,-0.6734739585581274,-2.06060726507981
10951,-0.9535020500576108,-1.1355952158757605,1.3219368871341832
10672,0.3148653476361286,0.22822605572018081,-0.12772489238609958
14885,-1.0281118969807719,-0.8312714610568314,-0.12772489238609958
289,-0.6550626623649661,-0.6847452087366063,0.8387162939607556
3075,-0.40636317262109567,0.46492230946823676,0.8387162939607556
11078,1.4588830004579327,1.51314857606677,-1.0941660787329548
9582,-1.077851794929546,-0.7636439599859582,0.8387162939607556
10842,-1.052981845955159,-0.6847452087366063,1.3219368871341832
270,0.7625244291750957,0.21695480554170196,-0.6109454855595272
4570,1.7821923371249646,1.9978123337413607,-0.6109454855595272
13477,-1.0281118969807719,-1.1243239656972817,0.355495700787328
9583,0.6630446332775474,0.5100073101821522,-0.12772489238609958
6696,2.354201163535867,2.0203548340983186,-2.06060726507981
4316,-0.48097301954425686,-0.6960164589150851,0.355495700787328
3180,-1.077851794929546,-0.8087289606998737,1.3219368871341832
1422,-1.077851794929546,-1.1581377162327182,0.8387162939607556
8275,1.8319322350737386,1.4004360742819815,-0.6109454855595272
9065,1.1107037148165144,-0.1775389507050579,-1.5773866719063825
12594,0.886874174047031,1.4793348255313334,-0.12772489238609958
4557,-1.077851794929546,-0.42550645463159265,1.3219368871341832
7812,1.9314120309712868,2.0203548340983186,-0.12772489238609958
6297,1.2350534596884497,0.8368735653580389,-0.12772489238609958
14024,2.1055016737919963,2.144338586061586,-2.06060726507981
11222,-0.6550626623649661,-0.42550645463159265,0.355495700787328
14875,-0.25714347877477345,-0.18881020088353676,0.355495700787328
1132,-0.3317533256979346,-0.7411014596290005,0.8387162939607556
10642,-1.077851794929546,-1.0341539642694508,0.8387162939607556
10521,-0.9535020500576108,-0.8988989621277045,0.355495700787328
6242,0.04129590891787117,-0.6509314582011697,-0.6109454855595272
11624,-1.077851794929546,-1.0679677148048874,0.355495700787328
14386,2.3044612655870926,-0.8988989621277045,-1.5773866719063825
7423,1.359403204560385,1.4229785746389392,-0.12772489238609958
11158,0.09103580686664531,0.8143310650010812,-0.6109454855595272
10152,-0.530712917493031,-0.628388957844212,0.8387162939607556
11037,1.2847933576372237,0.679076062859335,-2.5438278582532377
12544,1.9562819799456737,1.8625573315996145,-1.0941660787329548
5520,-1.077851794929546,-1.0792389649833662,0.8387162939607556
9408,0.46408504148245106,-0.031012698384832806,-0.12772489238609958
13360,1.4340130514835459,1.6033185774946008,-1.5773866719063825
11487,-0.15766368287722518,0.7016185632162927,0.355495700787328
9256,0.6133047353287733,1.051027318749137,-0.12772489238609958
3786,-0.6550626623649661,0.11551355393539228,0.8387162939607556
11401,-1.077851794929546,-0.8200002108783525,1.3219368871341832
8345,-0.033313938005289936,-0.6509314582011697,0.355495700787328
2161,-0.9037621521088367,-1.101781465340324,0.355495700787328
3008,-0.6799326113393532,-0.32406520302528297,-0.12772489238609958
1105,-0.38149322364670873,-0.9439839628416199,-0.12772489238609958
11305,-1.052981845955159,-1.180680216589676,0.8387162939607556
692,-1.077851794929546,-1.1581377162327182,1.3219368871341832
12006,0.3894751945592899,-0.6171177076657332,-0.6109454855595272
4956,2.4039410614846406,2.1781523365970226,-1.0941660787329548
8307,-0.4312331215954827,-0.3578789535607195,0.355495700787328
4369,-1.077851794929546,-1.2032227169466336,1.3219368871341832
2765,-1.052981845955159,-0.4142352044531138,1.3219368871341832
3929,1.2350534596884497,0.2845823066125751,-0.12772489238609958
13845,-1.0281118969807719,-1.1243239656972817,0.8387162939607556
15074,0.016425959943484204,0.7467035639302081,-1.0941660787329548
7778,-0.9286321010832237,-0.3578789535607195,0.8387162939607556
11073,1.9811519289200612,1.7273023294578682,-2.5438278582532377
628,-1.0281118969807719,-0.7411014596290005,1.3219368871341832
2451,-0.10792378492845114,-0.019741448206353953,0.355495700787328
10943,0.46408504148245106,-0.8087289606998737,-1.0941660787329548
3824,1.6081026943042553,1.9414560828489664,-0.6109454855595272
13788,-0.530712917493031,-0.4593202051670292,0.355495700787328
15280,-0.9037621521088367,-1.0116114639124931,1.3219368871341832
3743,0.7625244291750957,0.6339910621454196,-0.12772489238609958
2176,-1.0281118969807719,-1.169408966411197,0.8387162939607556
6689,-1.077851794929546,-0.5720327069518177,1.3219368871341832
8858,1.06096381686774,0.8256023151795601,-0.12772489238609958
3318,-0.7794124072369014,-0.9439839628416199,0.8387162939607556
13492,-1.052981845955159,-1.180680216589676,1.3219368871341832
9653,-0.8291523051856755,0.02534355250756146,0.355495700787328
7432,-0.35662327467232163,0.35220980768344823,0.355495700787328
2787,-0.48097301954425686,0.11551355393539228,0.8387162939607556
1196,-0.13279373390283822,0.23949730589865967,-0.12772489238609958
1676,-0.48097301954425686,0.25076855607713855,-0.12772489238609958
3947,-0.8788922031344497,-0.8538139614137891,0.8387162939607556
7618,-0.8042823562112885,-0.9439839628416199,0.355495700787328
4444,0.7127845312263216,0.07042855322147687,-0.12772489238609958
5722,-1.052981845955159,-0.628388957844212,0.8387162939607556
11946,0.2899953986617417,0.2056835553632231,-0.12772489238609958
10695,0.04129590891787117,0.39729480839736364,-0.12772489238609958
13010,-0.38149322364670873,0.23949730589865967,0.355495700787328
2369,0.46408504148245106,1.1862823208908833,0.355495700787328
4967,-0.10792378492845114,0.521278560360631,0.355495700787328
2217,-1.077851794929546,-1.1468664660542394,0.355495700787328
8148,0.2402555007129675,0.6452623123238984,-0.12772489238609958
10410,-0.08305383595406408,0.757974814108687,0.355495700787328
3326,0.14077570481541946,-0.5607614567733389,-0.12772489238609958
11376,-1.052981845955159,-0.9777977133770565,1.3219368871341832
3583,-0.9535020500576108,-0.9214414624846622,0.8387162939607556
15004,0.36460524558490276,-0.54949020659486,1.3219368871341832
15075,2.0060218778944483,1.6371323280300374,-0.6109454855595272
3619,-1.077851794929546,-1.169408966411197,1.3219368871341832
6217,-1.003241948006385,-1.1355952158757605,0.8387162939607556
2468,0.6630446332775474,0.07042855322147687,-0.6109454855595272
8277,-1.052981845955159,-0.6058464574872543,0.8387162939607556
12986,2.1801115207151573,2.121796085704628,-2.5438278582532377
5973,1.0360938678933531,1.366622323746545,0.355495700787328
3667,-1.077851794929546,-1.169408966411197,0.8387162939607556
5158,-1.077851794929546,-1.0679677148048874,1.3219368871341832
7594,1.2599234086628366,0.03661480268604031,-0.6109454855595272
6976,-1.077851794929546,-1.101781465340324,0.8387162939607556
10211,0.14077570481541946,-0.8650852115922679,-1.0941660787329548
3423,2.130371622766383,2.0879823351691917,-2.06060726507981
10717,0.46408504148245106,0.9495860671428275,0.8387162939607556
8199,0.8122643271238696,1.4229785746389392,-0.12772489238609958
2409,0.8371342760982567,1.1862823208908833,-0.12772489238609958
3212,0.2651254496873547,-0.3127939528468041,0.8387162939607556
13137,-0.15766368287722518,-0.932712712663141,-1.5773866719063825
5366,-0.7794124072369014,-0.3916927040961561,0.355495700787328
11402,-0.38149322364670873,-0.18881020088353676,-0.12772489238609958
6593,-1.077851794929546,-1.1581377162327182,1.3219368871341832
2895,-1.077851794929546,-1.1919514667681548,1.3219368871341832
13433,0.2651254496873547,-0.22262395141897331,-0.12772489238609958
14149,-0.8042823562112885,-0.5833039571302966,0.8387162939607556
3642,-1.077851794929546,-1.2032227169466336,1.3219368871341832
13362,1.8816721330225128,1.8400148312426567,-1.0941660787329548
11289,0.09103580686664531,-0.7974577105213948,-0.12772489238609958
12870,-0.8540222541600626,-0.47059145534550806,-1.0941660787329548
9475,-1.077851794929546,-1.2032227169466336,0.355495700787328
10193,-0.6301927133905793,-0.9777977133770565,-0.6109454855595272
13220,-0.8042823562112885,-0.5720327069518177,-1.5773866719063825
9061,0.9614840209701918,-0.1549964503481002,-0.6109454855595272
14868,-1.077851794929546,-0.8087289606998737,1.3219368871341832
13768,1.8816721330225128,1.0059423180352216,-2.5438278582532377
8548,-0.20740358082599933,0.600177311609983,0.355495700787328
15205,0.488954990456838,1.1750110707124044,-0.6109454855595272
5451,-0.580452815441805,-1.0003402137340143,-0.12772489238609958
7160,0.9366140719958048,1.208824821247841,-1.5773866719063825
10685,-1.052981845955159,-0.6509314582011697,0.8387162939607556
7866,0.7625244291750957,1.3215373230326295,-0.6109454855595272
2743,0.6133047353287733,1.2651810721402352,0.8387162939607556
15234,1.2350534596884497,0.8594160657149966,-0.12772489238609958
10082,0.6381746843031604,1.0284848183921793,-0.12772489238609958
9797,-0.9037621521088367,-0.9101702123061833,0.8387162939607556
4958,1.8319322350737386,1.8400148312426567,-0.12772489238609958
14053,0.6879145822519344,1.3440798233895872,-0.12772489238609958
10572,0.4143451435336769,-0.8087289606998737,-2.5438278582532377
6474,-1.077851794929546,-0.8538139614137891,0.8387162939607556
7888,-0.05818388697967712,0.5663635610745464,-0.12772489238609958
8811,-0.08305383595406408,-0.5607614567733389,-0.6109454855595272
492,-1.077851794929546,-0.5044052058809446,0.355495700787328
12252,-0.9783719990319979,-0.23389520159745217,1.3219368871341832
1116,0.14077570481541946,-0.7523727098074794,-0.6109454855595272
5637,0.488954990456838,1.197553571069362,-0.12772489238609958
13484,-0.8042823562112885,-1.0679677148048874,0.8387162939607556
15147,0.6630446332775474,1.817472330885699,-0.6109454855595272
11351,-0.6301927133905793,-0.9101702123061833,-0.12772489238609958
13895,-1.077851794929546,-1.169408966411197,1.3219368871341832
13215,-0.3068833767235475,-0.32406520302528297,-0.6109454855595272
6589,-1.077851794929546,-1.169408966411197,-2.5438278582532377
13932,-1.077851794929546,-1.022882714090972,1.3219368871341832
7557,1.2847933576372237,0.7917885646441235,-1.5773866719063825
10692,0.3148653476361286,0.5325498105391099,-1.5773866719063825
12268,1.359403204560385,1.51314857606677,-1.5773866719063825
5241,0.36460524558490276,0.904501066428912,-0.6109454855595272
14197,-1.077851794929546,-1.1355952158757605,1.3219368871341832
2783,1.6329726432786424,1.5244198262452489,-1.5773866719063825
11275,-0.8042823562112885,-0.9665264631985776,0.355495700787328
10661,-0.6799326113393532,-0.5044052058809446,0.8387162939607556
1696,-0.9783719990319979,-0.4367777048100715,-0.12772489238609958
5685,-1.003241948006385,-0.30152270266832526,0.8387162939607556
2295,0.43921509250806384,0.6565335625023773,-0.12772489238609958
5939,0.3148653476361286,0.46492230946823676,0.8387162939607556
7763,-1.077851794929546,-0.707287709093564,1.3219368871341832
10244,-1.052981845955159,-1.1355952158757605,0.8387162939607556
9968,0.5138249394312252,0.7467035639302081,-1.0941660787329548
3313,-1.003241948006385,-1.0792389649833662,0.8387162939607556
4781,-0.7545424582625144,-0.9214414624846622,0.8387162939607556
8350,-1.003241948006385,-1.0566964646264085,0.8387162939607556
11416,-0.05818388697967712,0.2056835553632231,-0.12772489238609958
9784,0.488954990456838,-0.1775389507050579,-0.6109454855595272
9915,-1.077851794929546,-1.0116114639124931,1.3219368871341832
7605,0.6630446332775474,-0.32406520302528297,0.355495700787328
215,0.7127845312263216,1.129926069998489,0.355495700787328
6707,1.4091431025091588,1.6258610778515585,-0.12772489238609958
12634,0.43921509250806384,0.9495860671428275,-1.5773866719063825
8682,0.8620042250726437,0.059157303042998016,-0.12772489238609958
14026,0.7873943781494827,1.3328085732111083,-1.0941660787329548
3483,0.5635648373799991,1.1862823208908833,-0.12772489238609958
7006,0.016425959943484204,-0.1549964503481002,0.355495700787328
5102,-1.077851794929546,-1.2032227169466336,0.8387162939607556
6599,0.8620042250726437,-0.54949020659486,-1.5773866719063825
3764,-0.6799326113393532,-0.07609769909874822,0.8387162939607556
14649,-0.15766368287722518,-0.6509314582011697,-0.6109454855595272
6410,2.354201163535867,2.223237337310938,-1.5773866719063825
11609,-1.077851794929546,-0.9890689635555353,1.3219368871341832
25,-0.4312331215954827,-0.8650852115922679,-0.12772489238609958
10601,-1.077851794929546,-1.180680216589676,1.3219368871341832
7659,-1.077851794929546,-1.2032227169466336,1.3219368871341832
13383,-0.15766368287722518,0.3296673073264905,-1.0941660787329548
9744,-0.6550626623649661,-0.24516645177593102,0.8387162939607556
14136,0.3148653476361286,0.25076855607713855,-0.6109454855595272
13230,-0.10792378492845114,0.0028010521506037526,0.355495700787328
6683,-0.555582866467418,0.014072302329082605,0.8387162939607556
9171,-0.48097301954425686,-0.7636439599859582,0.8387162939607556
10847,-0.555582866467418,-0.25643770195440985,0.355495700787328
10039,-0.530712917493031,0.3634810578619271,0.8387162939607556
12615,1.2101835107140624,1.6033185774946008,-2.06060726507981
8584,-0.580452815441805,0.3071248069695328,0.8387162939607556
14003,-1.003241948006385,-0.3578789535607195,1.3219368871341832
13188,0.04129590891787117,-0.5945752073087754,-0.6109454855595272
11759,-0.8540222541600626,-0.6171177076657332,0.355495700787328
14812,0.6879145822519344,1.2313673216047987,-0.12772489238609958
12700,-0.7545424582625144,-0.6622027083796486,0.355495700787328
1102,-1.052981845955159,-1.169408966411197,0.8387162939607556
3276,-1.077851794929546,-1.2032227169466336,1.3219368871341832
5345,0.488954990456838,0.7917885646441235,-0.6109454855595272
14034,0.5635648373799991,1.2313673216047987,-0.6109454855595272
13940,0.6381746843031604,0.02534355250756146,-1.0941660787329548
13511,-0.25714347877477345,-0.9439839628416199,-0.12772489238609958
8386,-1.077851794929546,-1.2032227169466336,-0.12772489238609958
8835,-1.052981845955159,-0.8312714610568314,0.355495700787328
13878,-1.077851794929546,-1.1919514667681548,1.805157480307611
15330,-0.10792378492845114,-0.9214414624846622,1.3219368871341832
2207,-1.077851794929546,-1.169408966411197,1.3219368871341832
4552,-0.10792378492845114,0.7467035639302081,0.355495700787328
4402,-1.077851794929546,-1.1581377162327182,0.8387162939607556
7395,1.5086228984067072,1.0059423180352216,0.355495700787328
3718,-1.052981845955159,-0.8538139614137891,0.355495700787328
972,1.583232745329868,1.2313673216047987,-0.6109454855595272
4579,-0.18253363185161225,0.6227198119669407,0.8387162939607556
6516,-0.9037621521088367,-0.9552552130200987,0.8387162939607556
719,-1.003241948006385,-1.1581377162327182,0.355495700787328
6155,-1.003241948006385,-1.0341539642694508,0.8387162939607556
14488,1.9562819799456737,1.2651810721402352,-2.5438278582532377
2803,1.5583627963554811,1.0284848183921793,-1.0941660787329548
2566,-0.9037621521088367,-1.090510215161845,0.8387162939607556
4025,0.43921509250806384,-0.7636439599859582,0.355495700787328
6198,-1.077851794929546,-1.2032227169466336,1.3219368871341832
8224,-0.8540222541600626,-0.019741448206353953,0.8387162939607556
13566,-0.8788922031344497,-0.8538139614137891,1.3219368871341832
4063,0.6879145822519344,-0.3127939528468041,-0.12772489238609958
9889,0.2899953986617417,-0.6509314582011697,-1.5773866719063825
2792,0.886874174047031,0.9721285674997852,0.355495700787328
2222,-0.7545424582625144,-0.9439839628416199,0.8387162939607556
5818,0.16564565378980642,-0.8425427112353102,-0.6109454855595272
3866,1.2101835107140624,1.4567923251743757,-0.6109454855595272
11089,0.3148653476361286,0.904501066428912,-0.6109454855595272
13298,1.0112239189189662,1.5018773258882911,-1.0941660787329548
13959,0.8371342760982567,0.46492230946823676,-1.0941660787329548
11654,0.3148653476361286,-0.7411014596290005,-0.6109454855595272
3227,-1.077851794929546,-1.090510215161845,-1.5773866719063825
4214,-0.18253363185161225,0.6227198119669407,-0.12772489238609958
3923,-0.6799326113393532,-0.5044052058809446,0.355495700787328
10469,-0.48097301954425686,-0.008470198027875101,0.355495700787328
11441,-1.052981845955159,-0.4818627055239869,0.8387162939607556
1401,-1.077851794929546,-1.090510215161845,0.8387162939607556
8931,2.652640551228511,2.527561092129867,-0.6109454855595272
7703,-0.9535020500576108,-1.022882714090972,0.8387162939607556
4979,-0.7048025603137403,-0.09864019945570593,0.8387162939607556
3253,-0.6799326113393532,-0.9890689635555353,-1.0941660787329548
13250,1.2101835107140624,1.0735698191060947,-1.5773866719063825
2661,0.2651254496873547,0.5663635610745464,0.8387162939607556
2158,-0.05818388697967712,-0.8312714610568314,-0.12772489238609958
8578,1.4340130514835459,1.828743581064178,-0.6109454855595272
8088,-0.28201342774916044,-0.5607614567733389,0.355495700787328
674,-1.077851794929546,-1.101781465340324,0.8387162939607556
11659,-1.077851794929546,-1.1919514667681548,-0.12772489238609958
7011,-1.077851794929546,-0.8650852115922679,1.3219368871341832
11255,0.6381746843031604,-0.2902514524898464,-1.5773866719063825
10197,-0.7296725092881273,-1.0454252144479297,-0.12772489238609958
3841,-0.6301927133905793,0.23949730589865967,0.8387162939607556
1815,-0.6053227644161921,-1.0341539642694508,-0.12772489238609958
12770,-0.8042823562112885,-1.090510215161845,0.355495700787328
15097,0.886874174047031,1.5807760771376431,-1.5773866719063825
2100,0.6381746843031604,0.09297105357843458,-0.12772489238609958
13533,0.5884347863543863,-0.6509314582011697,-2.5438278582532377
6708,2.3044612655870926,2.155609836240065,-1.5773866719063825
1673,-0.3068833767235475,0.41983730875432135,0.8387162939607556
10293,0.886874174047031,0.23949730589865967,-0.6109454855595272
4213,1.6081026943042553,1.8512860814211356,-0.6109454855595272
11558,1.4837529494323203,1.287723572497193,-1.5773866719063825
11149,-1.0281118969807719,-0.30152270266832526,1.3219368871341832
1548,-0.35662327467232163,-0.07609769909874822,0.8387162939607556
15284,0.6381746843031604,-0.3691502037391984,-0.6109454855595272
8547,1.2847933576372237,1.659674828386995,-0.6109454855595272
5184,-0.033313938005289936,-0.12118269981266364,-0.6109454855595272
1461,-1.077851794929546,-1.1919514667681548,0.8387162939607556
14414,-0.555582866467418,0.3409385575049694,0.8387162939607556
3220,-1.077851794929546,-1.0566964646264085,0.8387162939607556
12940,1.9811519289200612,2.133067335883107,-2.06060726507981
14066,1.4837529494323203,1.828743581064178,-0.12772489238609958
7170,1.6329726432786424,1.4567923251743757,-0.12772489238609958
7430,0.21538555173858054,0.7805173144656447,-0.12772489238609958
14642,0.33973529661051577,-0.5833039571302966,0.355495700787328
1751,-0.6799326113393532,-0.707287709093564,0.8387162939607556
3976,-1.077851794929546,-1.1468664660542394,0.8387162939607556
8353,0.6630446332775474,-0.54949020659486,-2.06060726507981
1772,-0.7048025603137403,-0.8876277119492256,0.355495700787328
9388,0.7127845312263216,0.4311085589328002,-0.6109454855595272
10070,1.0360938678933531,1.4004360742819815,-1.0941660787329548
10860,-0.18253363185161225,-0.18881020088353676,0.355495700787328
2016,-0.6550626623649661,0.2056835553632231,0.355495700787328
2005,-0.530712917493031,0.3634810578619271,0.355495700787328
3893,-1.077851794929546,-0.6847452087366063,0.8387162939607556
3237,-0.033313938005289936,-0.707287709093564,-0.12772489238609958
4424,0.5884347863543863,-0.40296395427463494,-1.5773866719063825
10270,-0.555582866467418,-0.7636439599859582,-0.12772489238609958
8588,-0.35662327467232163,0.5100073101821522,1.3219368871341832
10980,-0.8788922031344497,-1.0341539642694508,-0.12772489238609958
2257,-1.0281118969807719,-0.8312714610568314,0.8387162939607556
4072,-1.077851794929546,-1.0116114639124931,0.8387162939607556
5574,1.5086228984067072,1.1073835696415313,-0.12772489238609958
9083,0.19051560276419338,-0.6622027083796486,0.355495700787328
14597,-0.6301927133905793,-1.0454252144479297,-0.12772489238609958
5355,0.5635648373799991,0.6903473130378138,-0.12772489238609958
8418,-0.38149322364670873,-0.8988989621277045,-0.12772489238609958
6093,-0.8042823562112885,-0.3916927040961561,0.8387162939607556
7935,1.0360938678933531,0.4311085589328002,0.8387162939607556
12421,-1.077851794929546,-1.1919514667681548,1.3219368871341832
1519,-0.9037621521088367,-0.8200002108783525,-0.12772489238609958
14284,-0.8042823562112885,-0.9101702123061833,0.355495700787328
1378,-0.7296725092881273,-0.6622027083796486,-0.12772489238609958
5672,-0.8540222541600626,-0.031012698384832806,0.8387162939607556
9215,-0.15766368287722518,0.014072302329082605,-0.12772489238609958
2587,-1.077851794929546,-1.1243239656972817,1.3219368871341832
14986,-0.9535020500576108,-1.0341539642694508,-1.0941660787329548
5621,-0.8540222541600626,-0.053555198741790516,0.8387162939607556
12100,-1.052981845955159,-1.0116114639124931,0.8387162939607556
11049,0.46408504148245106,0.48746480982519447,-0.6109454855595272
12632,0.16564565378980642,0.7805173144656447,-1.0941660787329548
5842,-0.9783719990319979,-1.1468664660542394,-0.12772489238609958
7122,-1.052981845955159,-0.3353364532037618,0.8387162939607556
5832,0.5138249394312252,-0.7974577105213948,-1.0941660787329548
9821,0.33973529661051577,-0.6847452087366063,-2.5438278582532377
4888,2.3044612655870926,2.223237337310938,-2.06060726507981
5904,0.5138249394312252,-0.031012698384832806,0.355495700787328
522,2.1055016737919963,1.5807760771376431,-1.0941660787329548
8043,-0.25714347877477345,-0.9214414624846622,0.355495700787328
3607,0.36460524558490276,-0.6509314582011697,-0.6109454855595272
9120,0.21538555173858054,-0.8538139614137891,-0.6109454855595272
234,0.2651254496873547,0.6114485617884619,-0.6109454855595272
3796,-0.15766368287722518,0.6227198119669407,-0.12772489238609958
6318,-1.0281118969807719,-0.49313395570246576,0.8387162939607556
7094,-0.9535020500576108,-0.1549964503481002,0.8387162939607556
10202,-0.530712917493031,-1.0003402137340143,0.355495700787328
1948,0.016425959943484204,0.600177311609983,-0.12772489238609958
6361,1.4588830004579327,1.8062010807072202,-0.12772489238609958
14435,1.3842731535347719,1.749844829814826,-0.6109454855595272
12036,-0.25714347877477345,-0.9552552130200987,-0.6109454855595272
6091,0.5138249394312252,0.4987360600036733,0.355495700787328
10863,1.359403204560385,0.4311085589328002,-2.06060726507981
13955,-0.3317533256979346,-0.21135270124049446,0.355495700787328
2224,-0.6301927133905793,-0.8876277119492256,0.8387162939607556
9298,2.354201163535867,2.369763589631163,-1.0941660787329548
13891,-1.077851794929546,-1.180680216589676,1.3219368871341832
9010,-0.505842968518644,-0.09864019945570593,0.8387162939607556
5571,-0.25714347877477345,0.059157303042998016,0.355495700787328
4523,1.2599234086628366,1.6033185774946008,-0.6109454855595272
5793,-1.077851794929546,-1.1243239656972817,1.3219368871341832
13493,-1.077851794929546,-1.2032227169466336,0.8387162939607556
5738,-0.8291523051856755,-0.5044052058809446,0.355495700787328
2624,-0.9286321010832237,-0.7185589592720428,1.3219368871341832
4728,-1.077851794929546,-1.2032227169466336,-2.06060726507981
7818,0.5138249394312252,1.1524685703554467,0.8387162939607556
8859,1.085833765842127,0.8594160657149966,-1.0941660787329548
15216,-0.18253363185161225,0.6452623123238984,0.8387162939607556
14002,-1.052981845955159,-0.44804895498855035,1.3219368871341832
9080,-1.077851794929546,-1.1243239656972817,1.3219368871341832
11403,-0.505842968518644,-0.25643770195440985,-0.12772489238609958
2437,0.5635648373799991,0.5550923108960676,0.355495700787328
6056,1.9811519289200612,1.9076423323135299,-1.5773866719063825
9009,0.6133047353287733,0.6114485617884619,0.355495700787328
6352,-0.20740358082599933,0.5776348112530253,0.8387162939607556
10533,0.33973529661051577,-0.5044052058809446,-0.6109454855595272
3167,-0.6053227644161921,-0.1775389507050579,-0.12772489238609958
1809,-1.0281118969807719,-1.169408966411197,0.355495700787328
12416,-1.077851794929546,-1.2032227169466336,0.8387162939607556
7161,1.8816721330225128,1.7273023294578682,-0.12772489238609958
9456,-1.077851794929546,-1.1581377162327182,1.3219368871341832
5086,-1.0281118969807719,-1.1581377162327182,-0.6109454855595272
12357,-0.7048025603137403,-0.8425427112353102,0.355495700787328
7016,0.6381746843031604,0.31839605714801167,-0.12772489238609958
11950,-0.9037621521088367,-0.5945752073087754,1.3219368871341832
4945,0.7625244291750957,1.3102660728541506,0.355495700787328
6046,2.677510500202898,2.381034839809642,-1.5773866719063825
12850,0.5386948884056122,0.09297105357843458,-1.5773866719063825
14225,0.016425959943484204,-0.8876277119492256,-1.0941660787329548
6919,-0.530712917493031,-1.0116114639124931,0.8387162939607556
5590,1.533492847381094,1.4117073244604603,0.355495700787328
7226,-0.6053227644161921,-0.628388957844212,0.8387162939607556
1228,2.3293312145614795,2.155609836240065,-1.5773866719063825
11813,1.533492847381094,1.6145898276730797,-2.06060726507981
6846,-0.15766368287722518,-0.21135270124049446,0.8387162939607556
8244,1.533492847381094,1.6934885789224317,-0.6109454855595272
11860,-0.20740358082599933,0.6678048126808561,0.355495700787328
6555,-1.077851794929546,-1.2032227169466336,1.3219368871341832
159,-1.003241948006385,-0.23389520159745217,0.8387162939607556
8851,1.0360938678933531,0.679076062859335,-0.12772489238609958
9779,0.9863539699445792,0.08169980339995572,-0.6109454855595272
1589,-0.38149322364670873,0.3409385575049694,-0.6109454855595272
15101,-0.48097301954425686,2.674087344450092,-2.5438278582532377
14563,-1.052981845955159,-1.101781465340324,1.3219368871341832
14540,-0.25714347877477345,-0.5720327069518177,-1.5773866719063825
14333,-1.0281118969807719,-0.6396602080226909,1.3219368871341832
6687,-0.08305383595406408,0.41983730875432135,0.8387162939607556
14348,1.06096381686774,1.0172135682137005,-0.6109454855595272
13120,-0.7048025603137403,-1.0341539642694508,-0.6109454855595272
10576,0.3894751945592899,-0.8200002108783525,-1.0941660787329548
12146,0.04129590891787117,0.2620398062556174,-0.6109454855595272
7480,2.7769902961004465,2.59518859320074,-2.06060726507981
14228,-0.05818388697967712,-0.9101702123061833,-0.6109454855595272
1556,0.8122643271238696,0.7467035639302081,-0.6109454855595272
2828,-1.077851794929546,-0.8876277119492256,1.3219368871341832
436,-1.077851794929546,-0.8650852115922679,0.8387162939607556
5789,-0.18253363185161225,-0.6960164589150851,-0.12772489238609958
13375,0.2402555007129675,0.6903473130378138,0.8387162939607556
1588,-0.4561030705698698,0.27331105643409626,0.8387162939607556
7398,-0.6799326113393532,-0.24516645177593102,0.8387162939607556
2780,-1.0281118969807719,-0.4367777048100715,0.8387162939607556
13794,-1.077851794929546,-0.9439839628416199,1.3219368871341832
9242,-0.8540222541600626,-0.24516645177593102,0.8387162939607556
5686,0.6879145822519344,1.1862823208908833,0.8387162939607556
3965,-0.505842968518644,-0.8200002108783525,-0.12772489238609958
4727,0.43921509250806384,-0.8087289606998737,-2.06060726507981
9165,-0.7048025603137403,-0.8988989621277045,0.8387162939607556
1238,-0.20740358082599933,0.5776348112530253,0.355495700787328
2951,1.0112239189189662,-0.44804895498855035,-2.5438278582532377
10534,0.11590575584103227,-0.5833039571302966,-1.5773866719063825
12239,-0.033313938005289936,0.7805173144656447,0.8387162939607556
11847,0.3894751945592899,1.1186548198200101,-0.12772489238609958
14133,0.16564565378980642,0.21695480554170196,-0.12772489238609958
1497,-1.052981845955159,-1.0679677148048874,0.8387162939607556
6465,1.4091431025091588,0.7692460642871658,-1.5773866719063825
7355,0.5635648373799991,-0.27898020231136755,0.8387162939607556
7823,-0.9783719990319979,-0.2000814510620156,0.8387162939607556
7547,0.43921509250806384,0.600177311609983,0.355495700787328
7913,0.488954990456838,0.6227198119669407,0.355495700787328
10614,-1.077851794929546,-1.1468664660542394,0.8387162939607556
14372,1.7573223881505777,1.7723873301717836,-1.5773866719063825
5185,1.1355736637909013,0.44237980911127905,-1.0941660787329548
5647,1.1853135617396753,1.670946078565474,0.355495700787328
14427,2.453680959433415,-0.8876277119492256,-2.06060726507981
5242,-0.6053227644161921,0.13805605429235,0.8387162939607556
2130,-0.13279373390283822,-0.628388957844212,-0.12772489238609958
2092,-0.8042823562112885,-0.54949020659486,-0.12772489238609958
5409,-0.8291523051856755,-0.8312714610568314,0.8387162939607556
10207,-0.6799326113393532,-1.0454252144479297,-0.6109454855595272
187,0.2899953986617417,1.0284848183921793,0.355495700787328
11481,-0.40636317262109567,0.4761935596467156,0.355495700787328
7938,0.09103580686664531,-0.053555198741790516,-0.12772489238609958
3655,-1.077851794929546,-1.1919514667681548,1.3219368871341832
3426,1.0360938678933531,1.4567923251743757,-0.12772489238609958
11751,-0.9535020500576108,-0.7749152101644371,1.3219368871341832
1381,-0.05818388697967712,-0.3578789535607195,0.355495700787328
15174,1.856802184048126,2.6177310935576976,-0.12772489238609958
8605,0.19051560276419338,0.8706873158934755,0.8387162939607556
7427,1.4091431025091588,1.51314857606677,-1.0941660787329548
5037,1.1107037148165144,-0.008470198027875101,-2.06060726507981
4897,-0.4561030705698698,0.3860235582188848,1.3219368871341832
3175,-0.033313938005289936,0.10424230375691343,0.355495700787328
13062,-1.077851794929546,-0.932712712663141,0.8387162939607556
12226,-0.9037621521088367,-0.06482644892026937,0.8387162939607556
8448,-0.48097301954425686,-0.6960164589150851,0.8387162939607556
15191,1.4091431025091588,1.9189135824920087,-1.0941660787329548
13664,-1.077851794929546,-0.4142352044531138,1.3219368871341832
2235,-1.052981845955159,-1.0341539642694508,-0.12772489238609958
8068,-1.077851794929546,-1.1130527155188028,1.3219368871341832
9959,1.3096633066116106,1.051027318749137,-0.6109454855595272
4236,0.6133047353287733,1.0284848183921793,-0.12772489238609958
13646,1.8070622860993515,1.8625573315996145,-1.0941660787329548
14025,2.478550908407802,2.144338586061586,-2.5438278582532377
11726,1.0360938678933531,-0.32406520302528297,-2.06060726507981
9764,0.5138249394312252,0.1605985546493077,-0.6109454855595272
24,-1.077851794929546,-1.1468664660542394,1.3219368871341832
3363,-0.033313938005289936,-0.031012698384832806,1.3219368871341832
1088,-1.0281118969807719,-1.169408966411197,0.8387162939607556
10886,0.7127845312263216,-0.22262395141897331,-1.5773866719063825
8733,-0.9535020500576108,-1.090510215161845,0.8387162939607556
14059,-0.9535020500576108,-0.14372520016962134,1.3219368871341832
2841,-0.7794124072369014,-0.707287709093564,-0.6109454855595272
10503,0.6879145822519344,0.08169980339995572,-1.5773866719063825
7537,2.2795913166127058,1.749844829814826,-2.06060726507981
7470,2.3293312145614795,2.347221089274205,-0.6109454855595272
14312,-1.077851794929546,-0.8988989621277045,0.8387162939607556
4152,1.9811519289200612,1.975269833384403,0.355495700787328
9501,-1.077851794929546,-1.1919514667681548,-0.6109454855595272
695,0.6381746843031604,-0.6734739585581274,-0.6109454855595272
14762,0.6879145822519344,1.3102660728541506,0.355495700787328
6337,2.428811010459028,2.155609836240065,-2.06060726507981
1227,-0.8291523051856755,-0.07609769909874822,-0.12772489238609958
1999,-0.4561030705698698,0.44237980911127905,0.355495700787328
276,-0.6301927133905793,-0.5382189564163812,0.8387162939607556
11651,-0.8540222541600626,-1.0454252144479297,0.355495700787328
5929,0.7376544802007085,0.5325498105391099,0.355495700787328
2953,0.2402555007129675,-0.6171177076657332,-0.12772489238609958
3637,-1.077851794929546,-1.2032227169466336,0.8387162939607556
3906,-1.077851794929546,-0.7749152101644371,1.3219368871341832
4778,-1.077851794929546,-1.1243239656972817,1.3219368871341832
5845,0.6879145822519344,-0.7523727098074794,-2.5438278582532377
14881,-1.003241948006385,-0.7749152101644371,0.8387162939607556
4117,-0.008443989030902977,0.31839605714801167,0.355495700787328
11611,0.19051560276419338,-0.30152270266832526,-1.5773866719063825
1137,-1.077851794929546,-1.0792389649833662,0.355495700787328
2767,-0.35662327467232163,0.3860235582188848,0.355495700787328
8182,-0.7545424582625144,0.08169980339995572,0.8387162939607556
13499,-1.077851794929546,-1.2032227169466336,-0.12772489238609958
13119,-1.077851794929546,-1.1919514667681548,1.3219368871341832
7661,0.2651254496873547,-0.8425427112353102,-0.12772489238609958
9134,-1.077851794929546,-1.1919514667681548,0.8387162939607556
11395,0.3148653476361286,0.09297105357843458,-1.0941660787329548
2490,-0.6301927133905793,-0.7523727098074794,0.355495700787328
14858,-0.9037621521088367,-0.47059145534550806,-0.6109454855595272
7742,-0.8291523051856755,-0.5833039571302966,0.355495700787328
3935,-0.3068833767235475,-0.4367777048100715,0.355495700787328
2384,-0.20740358082599933,0.6227198119669407,0.355495700787328
8016,-1.077851794929546,-1.2032227169466336,1.3219368871341832
7084,-0.4312331215954827,0.39729480839736364,0.8387162939607556
115,0.2899953986617417,0.7128898133947715,0.355495700787328
1863,-0.48097301954425686,-0.786186460342916,-0.12772489238609958
10750,1.1853135617396753,1.659674828386995,-0.6109454855595272
3119,-1.077851794929546,-0.47059145534550806,1.3219368871341832
4258,1.1853135617396753,1.051027318749137,0.355495700787328
14177,0.3148653476361286,-0.3916927040961561,0.355495700787328
12983,0.14077570481541946,0.8594160657149966,-1.0941660787329548
2819,1.5086228984067072,0.679076062859335,-2.06060726507981
11685,-1.077851794929546,-1.2032227169466336,1.3219368871341832
11507,1.06096381686774,1.5695048269591643,-1.0941660787329548
14067,1.9065420819969,2.0767110849907127,-0.6109454855595272
4699,0.36460524558490276,-0.6058464574872543,-1.0941660787329548
3802,1.0360938678933531,1.51314857606677,-0.12772489238609958
6068,1.1107037148165144,1.2539098219617564,0.355495700787328
3536,0.8371342760982567,0.6339910621454196,-1.0941660787329548
3825,0.21538555173858054,1.0059423180352216,-0.12772489238609958
6642,0.2899953986617417,-0.008470198027875101,0.355495700787328
13272,0.6381746843031604,1.051027318749137,-0.12772489238609958
1946,2.080631724817609,1.8512860814211356,-0.12772489238609958
14810,0.6381746843031604,1.208824821247841,-0.12772489238609958
11696,0.5884347863543863,-0.7298302094505217,-2.5438278582532377
12789,-0.7794124072369014,-1.0566964646264085,-0.12772489238609958
9802,-1.077851794929546,-1.090510215161845,0.8387162939607556
7269,-1.077851794929546,-1.169408966411197,0.355495700787328
11962,1.5583627963554811,0.44237980911127905,-2.5438278582532377
7929,-0.8540222541600626,-0.5269477062379023,0.8387162939607556
7166,1.4340130514835459,1.4117073244604603,-0.12772489238609958
6963,0.19051560276419338,-0.707287709093564,0.355495700787328
5867,-1.077851794929546,-1.1468664660542394,0.8387162939607556
10859,-1.077851794929546,-0.8650852115922679,1.3219368871341832
4761,-1.077851794929546,-1.180680216589676,1.3219368871341832
10386,-0.8291523051856755,0.02534355250756146,-0.12772489238609958
882,0.7376544802007085,1.3440798233895872,0.355495700787328
557,0.3894751945592899,1.0848410692845736,0.355495700787328
12440,-1.077851794929546,-1.1581377162327182,-0.12772489238609958
1207,0.7376544802007085,0.9495860671428275,-1.0941660787329548
11614,0.09103580686664531,-0.38042145391767723,-0.6109454855595272
7684,-0.8540222541600626,-1.0566964646264085,0.355495700787328
11846,-0.15766368287722518,0.6903473130378138,-0.6109454855595272
9702,-1.0281118969807719,-0.3466077033822407,1.3219368871341832
6538,-0.28201342774916044,-0.8763564617707468,0.355495700787328
10485,0.7127845312263216,0.4085660585758425,-0.6109454855595272
3211,0.3148653476361286,-0.27898020231136755,-0.12772489238609958
3630,-1.077851794929546,-1.2032227169466336,0.8387162939607556
1708,1.4837529494323203,0.9721285674997852,-1.0941660787329548
12655,0.14077570481541946,0.5100073101821522,-0.12772489238609958
8458,0.6133047353287733,-0.1549964503481002,-0.6109454855595272
1140,-0.6550626623649661,-0.7974577105213948,-0.6109454855595272
3162,-0.7296725092881273,-0.2000814510620156,0.355495700787328
6207,-1.077851794929546,-1.2032227169466336,1.3219368871341832
14854,0.6879145822519344,0.6339910621454196,-0.6109454855595272
3730,-0.8042823562112885,-0.5156764560594235,0.8387162939607556
10101,0.6630446332775474,0.7805173144656447,-0.12772489238609958
15090,2.478550908407802,2.1781523365970226,-2.5438278582532377
2660,-0.7048025603137403,-0.16626770052657905,0.8387162939607556
8848,0.8620042250726437,0.5325498105391099,-1.0941660787329548
1307,0.2402555007129675,0.8481448155365178,0.8387162939607556
2567,-0.28201342774916044,-0.9101702123061833,-1.0941660787329548
9190,-0.18253363185161225,-0.4367777048100715,-0.6109454855595272
2834,-1.077851794929546,-0.932712712663141,-0.12772489238609958
14690,-1.077851794929546,-0.7974577105213948,1.3219368871341832
9429,0.7376544802007085,-0.27898020231136755,-1.0941660787329548
2151,-0.008443989030902977,-0.7749152101644371,0.355495700787328
11959,1.6081026943042553,0.5325498105391099,-2.5438278582532377
3835,1.1853135617396753,1.659674828386995,-0.6109454855595272
14876,-0.6301927133905793,-0.42550645463159265,0.8387162939607556
11746,-1.077851794929546,-0.9890689635555353,0.8387162939607556
12602,-1.0281118969807719,-0.27898020231136755,0.8387162939607556
10378,0.9863539699445792,1.5018773258882911,-1.0941660787329548
9326,-0.505842968518644,0.3409385575049694,0.8387162939607556
5004,-1.077851794929546,-0.786186460342916,0.8387162939607556
6626,-0.28201342774916044,-0.5720327069518177,0.355495700787328
9495,-0.8291523051856755,-1.090510215161845,0.355495700787328
1627,-0.8291523051856755,0.03661480268604031,0.8387162939607556
12277,0.8620042250726437,1.1073835696415313,-1.0941660787329548
9714,-0.48097301954425686,0.22822605572018081,0.355495700787328
15050,-0.7545424582625144,-0.5156764560594235,-0.6109454855595272
358,0.2651254496873547,-0.8425427112353102,-2.06060726507981
138,2.478550908407802,2.0767110849907127,-2.06060726507981
8491,-0.6550626623649661,-0.25643770195440985,0.8387162939607556
9748,0.5635648373799991,0.4536510592897579,-0.12772489238609958
382,-1.077851794929546,-1.169408966411197,0.8387162939607556
11181,-0.9535020500576108,-0.32406520302528297,0.355495700787328
11550,0.8371342760982567,1.0622985689276159,-0.6109454855595272
4857,-0.18253363185161225,0.31839605714801167,0.8387162939607556
14276,-0.20740358082599933,-0.7523727098074794,0.355495700787328
1439,-1.052981845955159,-1.180680216589676,0.355495700787328
9569,-0.7296725092881273,-0.5044052058809446,0.355495700787328
946,0.7873943781494827,1.1750110707124044,-1.0941660787329548
12712,-1.077851794929546,-1.022882714090972,0.8387162939607556
5498,-0.6053227644161921,-0.9552552130200987,0.355495700787328
4916,1.359403204560385,1.7836585803502625,-1.0941660787329548
8556,-1.077851794929546,-0.4367777048100715,0.8387162939607556
10913,-1.077851794929546,-1.1468664660542394,0.355495700787328
1932,1.3345332555859974,1.2200960714263198,-1.5773866719063825
2352,0.7873943781494827,1.4004360742819815,-0.12772489238609958
3236,-1.077851794929546,-1.1243239656972817,1.3219368871341832
14569,-0.28201342774916044,-0.8425427112353102,-0.12772489238609958
9493,0.6630446332775474,-0.7636439599859582,-1.5773866719063825
12689,-0.9037621521088367,-0.6734739585581274,0.355495700787328
3807,2.055761775843222,2.1668810864185435,-0.6109454855595272
14135,0.9366140719958048,0.5663635610745464,-0.6109454855595272
1936,0.7127845312263216,0.9270435667858697,0.355495700787328
13677,-0.8042823562112885,0.059157303042998016,0.8387162939607556
4154,2.055761775843222,2.0428973344552763,-0.6109454855595272
8988,1.5086228984067072,1.51314857606677,-0.12772489238609958
2416,-0.40636317262109567,0.23949730589865967,0.355495700787328
11728,-1.077851794929546,-1.0792389649833662,1.3219368871341832
6139,-0.8788922031344497,-0.8650852115922679,-0.12772489238609958
785,-0.9286321010832237,-0.8650852115922679,-0.12772489238609958
6789,-0.8540222541600626,-0.1324539499911425,1.3219368871341832
11350,-1.003241948006385,-1.0792389649833662,0.8387162939607556
8036,-0.580452815441805,-1.0116114639124931,0.8387162939607556
8315,-0.8540222541600626,-0.707287709093564,0.355495700787328
14530,0.016425959943484204,-0.3353364532037618,-0.12772489238609958
5668,1.4340130514835459,1.7836585803502625,0.355495700787328
2172,-0.7545424582625144,-1.0679677148048874,0.8387162939607556
2169,0.488954990456838,-0.7974577105213948,-0.6109454855595272
6628,-0.4561030705698698,-0.628388957844212,0.8387162939607556
4009,-0.4561030705698698,-1.0003402137340143,0.355495700787328
4340,-1.003241948006385,-1.090510215161845,0.355495700787328
910,0.8620042250726437,1.4567923251743757,-0.12772489238609958
6268,1.3096633066116106,0.11551355393539228,-1.5773866719063825
2309,1.0360938678933531,1.2200960714263198,-0.6109454855595272
10033,0.5635648373799991,1.2651810721402352,-0.12772489238609958
9449,0.9366140719958048,-0.49313395570246576,-1.5773866719063825
6591,-1.077851794929546,-1.169408966411197,0.355495700787328
4458,-0.8291523051856755,-0.54949020659486,0.8387162939607556
7597,-1.077851794929546,-1.022882714090972,0.8387162939607556
9370,-0.7296725092881273,-0.18881020088353676,0.8387162939607556
11782,-1.077851794929546,-0.707287709093564,1.3219368871341832
14334,-0.8042823562112885,-0.3916927040961561,1.3219368871341832
4652,-1.052981845955159,-0.8200002108783525,0.8387162939607556
6218,-0.8788922031344497,-1.0792389649833662,0.8387162939607556
442,-1.077851794929546,-0.8200002108783525,1.3219368871341832
3415,-0.7048025603137403,0.03661480268604031,0.355495700787328
9591,-0.008443989030902977,0.25076855607713855,0.8387162939607556
13424,-0.35662327467232163,-0.3691502037391984,-0.6109454855595272
13681,-1.0281118969807719,-0.2677089521328887,1.3219368871341832
9649,-0.9783719990319979,-0.2000814510620156,0.8387162939607556
12014,-0.580452815441805,-0.9439839628416199,0.8387162939607556
5744,-0.9037621521088367,-0.628388957844212,0.355495700787328
1054,-1.077851794929546,-1.1468664660542394,0.8387162939607556
13391,-1.077851794929546,-0.6960164589150851,1.3219368871341832
3699,-0.28201342774916044,-0.628388957844212,-1.0941660787329548
929,0.886874174047031,1.3891648241035026,-0.12772489238609958
6468,1.6578425922530293,0.8030598148226024,-2.06060726507981
8767,-1.052981845955159,-1.169408966411197,0.8387162939607556
1829,0.2899953986617417,-0.8200002108783525,-1.0941660787329548
14078,0.7376544802007085,1.287723572497193,0.355495700787328
13965,0.9117441230214178,0.6227198119669407,-1.0941660787329548
11854,-0.6799326113393532,0.21695480554170196,0.8387162939607556
13763,-1.0281118969807719,-0.6396602080226909,1.3219368871341832
2011,1.8319322350737386,2.0428973344552763,-1.0941660787329548
913,0.11590575584103227,0.9157723166073909,0.355495700787328
7611,-0.40636317262109567,-0.7411014596290005,-0.12772489238609958
13099,-0.28201342774916044,-0.7749152101644371,-0.12772489238609958
11808,1.3842731535347719,1.4680635753528546,-2.06060726507981
15017,0.5386948884056122,-0.22262395141897331,-0.6109454855595272
2606,-0.7048025603137403,-0.7749152101644371,0.8387162939607556
4928,1.3096633066116106,1.738573579636347,0.355495700787328
9783,-1.077851794929546,-0.9890689635555353,0.8387162939607556
6564,-1.077851794929546,-1.2032227169466336,1.3219368871341832
12484,-1.077851794929546,-0.9101702123061833,0.8387162939607556
6,-1.077851794929546,-1.1919514667681548,1.3219368871341832
11172,0.7376544802007085,1.1524685703554467,-0.12772489238609958
7835,-0.7545424582625144,0.12678480411387114,1.3219368871341832
6583,-1.077851794929546,-1.180680216589676,1.3219368871341832
3361,-0.6799326113393532,-0.44804895498855035,0.355495700787328
10135,0.04129590891787117,-0.14372520016962134,-0.12772489238609958
13976,1.9314120309712868,1.3440798233895872,-2.5438278582532377
1635,-1.077851794929546,-0.42550645463159265,1.3219368871341832
1141,-0.6053227644161921,-0.7636439599859582,-0.12772489238609958
13398,1.359403204560385,0.8819585660719543,-2.06060726507981
359,-0.9535020500576108,-1.1355952158757605,-0.12772489238609958
2070,0.09103580686664531,0.29585355679105396,-0.6109454855595272
3134,0.7625244291750957,1.1862823208908833,0.8387162939607556
5160,-0.4312331215954827,-0.6847452087366063,0.355495700787328
6990,-0.8042823562112885,-0.8200002108783525,0.8387162939607556
3243,-0.9286321010832237,-1.0454252144479297,0.355495700787328
2242,-1.077851794929546,-1.0341539642694508,1.3219368871341832
1474,-0.8788922031344497,-1.0679677148048874,0.355495700787328
13178,-1.077851794929546,-1.1243239656972817,-0.6109454855595272
10081,1.6578425922530293,1.6371323280300374,-0.6109454855595272
3259,-1.052981845955159,-1.169408966411197,0.8387162939607556
10213,-1.077851794929546,-1.2032227169466336,0.355495700787328
4020,-1.077851794929546,-1.1919514667681548,0.8387162939607556
13565,-1.0281118969807719,-0.9665264631985776,1.3219368871341832
8566,0.886874174047031,1.4793348255313334,0.355495700787328
3500,-0.4561030705698698,0.2845823066125751,0.8387162939607556
2658,-0.9535020500576108,-0.44804895498855035,0.8387162939607556
12966,1.6827125412274162,1.9639985832059241,-2.06060726507981
1130,0.2402555007129675,-0.5833039571302966,-0.12772489238609958
14109,0.7127845312263216,0.9608573173213063,-0.12772489238609958
1819,-1.0281118969807719,-1.169408966411197,0.355495700787328
7461,0.8620042250726437,1.4455210749958969,0.355495700787328
12025,-1.077851794929546,-1.1919514667681548,0.355495700787328
11984,-0.08305383595406408,-0.5156764560594235,-0.6109454855595272
12520,-0.7545424582625144,-0.23389520159745217,0.355495700787328
7064,-0.7794124072369014,-0.06482644892026937,0.8387162939607556
4318,-0.8042823562112885,-0.8538139614137891,0.355495700787328
9342,1.6578425922530293,1.738573579636347,0.355495700787328
4669,-0.530712917493031,-0.5945752073087754,0.355495700787328
9428,-0.555582866467418,-0.7185589592720428,0.355495700787328
5476,-0.9037621521088367,-1.1130527155188028,0.8387162939607556
15093,-0.3317533256979346,0.6903473130378138,1.3219368871341832
13470,-0.38149322364670873,-0.8538139614137891,-0.12772489238609958
1856,0.11590575584103227,-0.6622027083796486,-0.6109454855595272
2282,-0.6550626623649661,-0.25643770195440985,1.3219368871341832
13356,-0.7794124072369014,-0.008470198027875101,1.3219368871341832
4008,-0.18253363185161225,-0.932712712663141,-0.6109454855595272
6401,0.14077570481541946,0.8932298162504332,-0.12772489238609958
15231,1.3096633066116106,1.0622985689276159,-1.5773866719063825
14245,-1.0281118969807719,-1.1581377162327182,0.355495700787328
386,0.11590575584103227,-0.7411014596290005,-0.6109454855595272
1628,-1.0281118969807719,-0.2677089521328887,1.3219368871341832
10906,-1.077851794929546,-1.1243239656972817,0.8387162939607556
11729,-1.052981845955159,-1.0454252144479297,0.8387162939607556
12924,0.3894751945592899,1.0284848183921793,-1.5773866719063825
14320,-1.077851794929546,-0.8425427112353102,1.3219368871341832
7718,-0.20740358082599933,-0.5720327069518177,0.355495700787328
11773,0.5138249394312252,0.4085660585758425,-0.12772489238609958
11381,-1.0281118969807719,-0.9214414624846622,1.3219368871341832
15295,-0.6053227644161921,-0.8312714610568314,0.8387162939607556
9101,-0.8788922031344497,-1.090510215161845,0.8387162939607556
13293,-0.40636317262109567,0.41983730875432135,0.355495700787328
10058,2.428811010459028,2.3021360885602897,-2.5438278582532377
1842,0.2899953986617417,-0.7411014596290005,-1.5773866719063825
2497,0.9863539699445792,-0.3127939528468041,-1.0941660787329548
201,-0.20740358082599933,0.5776348112530253,0.355495700787328
14181,-0.38149322364670873,-0.6847452087366063,-0.12772489238609958
3868,2.2795913166127058,2.0203548340983186,-2.06060726507981
5054,-0.7794124072369014,-0.8876277119492256,0.355495700787328
5889,-0.15766368287722518,-0.5945752073087754,-0.12772489238609958
2702,0.4143451435336769,1.0735698191060947,-0.12772489238609958
7922,-0.530712917493031,-0.2000814510620156,0.8387162939607556
331,-0.48097301954425686,-0.932712712663141,-0.6109454855595272
3808,0.8620042250726437,1.434249824817418,-0.12772489238609958
935,-0.9286321010832237,-0.1775389507050579,1.3219368871341832
10651,-1.0281118969807719,-0.9101702123061833,0.355495700787328
1774,0.33973529661051577,-0.5833039571302966,-0.6109454855595272
12066,0.488954990456838,-0.7185589592720428,-2.06060726507981
8611,-0.555582866467418,0.21695480554170196,0.355495700787328
10878,-0.9286321010832237,-0.8200002108783525,-1.0941660787329548
14046,1.3842731535347719,1.7949298305287413,-1.5773866719063825
989,-1.077851794929546,-0.8087289606998737,0.8387162939607556
5443,-1.077851794929546,-1.169408966411197,0.8387162939607556
12787,-1.077851794929546,-1.1919514667681548,0.355495700787328
6993,-1.077851794929546,-1.0116114639124931,0.355495700787328
13118,-1.077851794929546,-1.180680216589676,1.3219368871341832
5806,-1.077851794929546,-1.1581377162327182,0.8387162939607556
14768,0.8122643271238696,1.4117073244604603,-0.12772489238609958
13680,0.6133047353287733,1.2989948226756718,0.355495700787328
6574,0.33973529661051577,-0.8200002108783525,-0.12772489238609958
3052,-1.052981845955159,-0.4142352044531138,0.8387162939607556
13265,0.7873943781494827,1.051027318749137,-2.06060726507981
8365,0.7127845312263216,-0.6509314582011697,-2.06060726507981
4615,1.06096381686774,1.1186548198200101,-0.12772489238609958
3321,-0.38149322364670873,-0.7749152101644371,-0.12772489238609958
13871,-1.077851794929546,-1.2032227169466336,0.355495700787328
6246,-1.077851794929546,-1.101781465340324,0.8387162939607556
6048,2.528290806356576,2.290864838381811,-2.06060726507981
3311,-0.9286321010832237,-1.0454252144479297,0.8387162939607556
11926,0.5635648373799991,0.7354323137517292,-0.12772489238609958
12059,-0.530712917493031,-0.9890689635555353,0.355495700787328
14403,0.488954990456838,1.197553571069362,0.355495700787328
11196,0.2402555007129675,0.5438210607175887,0.8387162939607556
8210,2.1801115207151573,2.2683223380248534,-1.0941660787329548
11431,0.09103580686664531,0.4987360600036733,-0.12772489238609958
3628,-0.35662327467232163,-0.9552552130200987,-1.0941660787329548
13610,0.09103580686664531,0.3409385575049694,-0.6109454855595272
10366,0.8371342760982567,1.3215373230326295,-1.0941660787329548
1356,1.3345332555859974,0.6565335625023773,-1.0941660787329548
5002,0.9366140719958048,0.5889060614315041,-1.0941660787329548
11906,0.16564565378980642,0.7241610635732504,-0.6109454855595272
5823,-1.003241948006385,-1.1581377162327182,0.8387162939607556
14588,-1.077851794929546,-1.2032227169466336,0.8387162939607556
5670,2.652640551228511,2.4599335910589937,-2.06060726507981
3112,-0.10792378492845114,0.7128898133947715,-0.12772489238609958
182,0.09103580686664531,0.8932298162504332,-0.12772489238609958
13604,0.5635648373799991,0.521278560360631,-0.6109454855595272
10004,0.7625244291750957,1.2989948226756718,-0.12772489238609958
855,0.6133047353287733,1.0397560685706582,0.355495700787328
12932,-0.6550626623649661,0.19441230518474426,0.8387162939607556
4912,2.2298514186639316,2.290864838381811,-1.5773866719063825
13961,-0.6301927133905793,-0.3353364532037618,0.355495700787328
1800,0.19051560276419338,-0.8312714610568314,-1.0941660787329548
14218,-1.077851794929546,-1.1919514667681548,1.3219368871341832
10621,0.5386948884056122,-0.5607614567733389,-0.12772489238609958
5482,-1.077851794929546,-1.1919514667681548,0.355495700787328
12785,0.21538555173858054,-0.8312714610568314,-0.6109454855595272
1968,-1.077851794929546,-0.4367777048100715,1.3219368871341832
12776,-1.003241948006385,-1.1581377162327182,0.355495700787328
12492,-1.003241948006385,-0.7298302094505217,1.3219368871341832
4697,-1.052981845955159,-1.090510215161845,0.355495700787328
4987,-1.052981845955159,-0.5945752073087754,1.3219368871341832
4650,-0.18253363185161225,-0.1775389507050579,0.8387162939607556
1159,1.1107037148165144,0.2620398062556174,-2.06060726507981
9405,-1.052981845955159,-0.8538139614137891,-0.12772489238609958
11868,0.8122643271238696,1.4229785746389392,-0.6109454855595272
1325,-0.8540222541600626,-0.23389520159745217,0.355495700787328
10288,0.488954990456838,-0.019741448206353953,-0.6109454855595272
12056,-0.9783719990319979,-1.1355952158757605,-0.6109454855595272
4796,-1.003241948006385,-0.9665264631985776,0.8387162939607556
6796,1.8319322350737386,1.7047598291009105,-1.0941660787329548
5808,-1.077851794929546,-1.169408966411197,1.3219368871341832
15143,1.1355736637909013,1.738573579636347,0.8387162939607556
1455,-1.077851794929546,-1.2032227169466336,0.8387162939607556
5410,-1.003241948006385,-0.9552552130200987,0.8387162939607556
8333,-0.6799326113393532,-0.7749152101644371,0.355495700787328
2800,-1.077851794929546,-0.707287709093564,0.8387162939607556
9836,-1.052981845955159,-1.169408966411197,-0.6109454855595272
10332,1.085833765842127,1.0622985689276159,-2.06060726507981
7616,-1.077851794929546,-1.1130527155188028,0.8387162939607556
13745,-0.8291523051856755,-0.22262395141897331,0.355495700787328
7815,1.9562819799456737,2.065439834812234,-0.6109454855595272
4378,0.488954990456838,-0.7974577105213948,-1.0941660787329548
8921,2.3293312145614795,2.3246785889172474,-0.6109454855595272
12189,0.9117441230214178,1.3440798233895872,-0.6109454855595272
6716,-0.7794124072369014,0.02534355250756146,0.8387162939607556
10128,0.5884347863543863,0.21695480554170196,-0.6109454855595272
3736,0.16564565378980642,0.19441230518474426,-0.12772489238609958
2261,0.9117441230214178,0.3071248069695328,-0.12772489238609958
7429,-0.15766368287722518,0.48746480982519447,0.8387162939607556
4005,-0.6053227644161921,-1.0341539642694508,0.8387162939607556
9302,0.46408504148245106,1.1862823208908833,0.355495700787328
13787,0.6133047353287733,0.10424230375691343,-0.12772489238609958
11190,0.5635648373799991,0.8256023151795601,-1.0941660787329548
2394,-0.8540222541600626,-0.06482644892026937,1.3219368871341832
1185,0.7625244291750957,0.6114485617884619,-0.12772489238609958
2007,1.5086228984067072,1.8625573315996145,-1.0941660787329548
193,1.4837529494323203,1.7949298305287413,-1.0941660787329548
13675,-0.3068833767235475,0.5663635610745464,0.8387162939607556
8770,-0.10792378492845114,-0.8988989621277045,-1.5773866719063825
5525,-1.0281118969807719,-0.9890689635555353,0.8387162939607556
771,0.2402555007129675,-0.5156764560594235,-1.0941660787329548
10587,-1.077851794929546,-1.2032227169466336,0.8387162939607556
1478,-0.530712917493031,-0.9439839628416199,-0.6109454855595272
1846,0.6381746843031604,-0.628388957844212,-0.12772489238609958
3740,-0.9535020500576108,-0.5607614567733389,0.8387162939607556
12250,-1.077851794929546,-0.47059145534550806,1.3219368871341832
7986,0.16564565378980642,-0.6622027083796486,-0.6109454855595272
405,1.0112239189189662,-0.30152270266832526,-1.0941660787329548
14641,-1.077851794929546,-1.1243239656972817,1.3219368871341832
10265,-1.077851794929546,-1.090510215161845,1.3219368871341832
10088,-0.48097301954425686,0.14932730447082884,-0.6109454855595272
13123,0.488954990456838,-0.7749152101644371,-2.5438278582532377
6317,-1.003241948006385,-0.4593202051670292,0.355495700787328
6581,-1.077851794929546,-1.1919514667681548,1.3219368871341832
10571,0.3148653476361286,-0.8312714610568314,-1.5773866719063825
1447,-0.13279373390283822,-0.9214414624846622,-1.5773866719063825
342,-0.9783719990319979,-1.1355952158757605,0.8387162939607556
7468,1.6081026943042553,1.9301848326704876,0.355495700787328
14377,0.33973529661051577,0.9270435667858697,-0.12772489238609958
10719,2.1055016737919963,1.9639985832059241,-2.5438278582532377
727,-1.0281118969807719,-1.169408966411197,0.355495700787328
4577,1.2350534596884497,1.6371323280300374,-0.12772489238609958
9168,0.43921509250806384,-0.49313395570246576,-1.0941660787329548
9250,-1.077851794929546,-0.54949020659486,1.3219368871341832
3516,1.7573223881505777,1.5356910764237277,-1.0941660787329548
13654,-0.35662327467232163,0.44237980911127905,0.8387162939607556
12370,-0.8291523051856755,-0.9777977133770565,0.355495700787328
7156,2.453680959433415,2.0992535853476704,-2.06060726507981
7851,-0.8042823562112885,0.059157303042998016,0.8387162939607556
10178,-0.6053227644161921,-0.8876277119492256,0.355495700787328
9491,0.33973529661051577,-0.8312714610568314,-2.06060726507981
1348,1.2101835107140624,0.757974814108687,-0.6109454855595272
660,-1.052981845955159,-1.0003402137340143,1.3219368871341832
1492,0.09103580686664531,-0.6622027083796486,0.355495700787328
12559,-0.8042823562112885,-0.008470198027875101,0.8387162939607556
13750,1.2101835107140624,1.129926069998489,-1.0941660787329548
5154,-1.077851794929546,-1.0792389649833662,1.3219368871341832
10507,-1.077851794929546,-0.9439839628416199,0.8387162939607556
9885,0.21538555173858054,-0.707287709093564,-2.5438278582532377
14705,-0.9535020500576108,-0.49313395570246576,0.355495700787328
9277,-0.15766368287722518,0.6339910621454196,0.8387162939607556
2524,-1.052981845955159,-1.1468664660542394,0.8387162939607556
11805,0.43921509250806384,0.8368735653580389,-0.6109454855595272
13002,1.4091431025091588,1.51314857606677,-2.06060726507981
5374,1.085833765842127,0.5438210607175887,-0.12772489238609958
3198,-0.033313938005289936,-0.22262395141897331,0.355495700787328
5717,1.3345332555859974,1.1637398205339256,-0.12772489238609958
11672,-1.077851794929546,-1.2032227169466336,0.8387162939607556
13975,1.9065420819969,1.3102660728541506,-2.06060726507981
12610,2.030891826868835,2.121796085704628,-1.0941660787329548
8259,-1.052981845955159,-0.49313395570246576,0.8387162939607556
12954,0.7873943781494827,1.4117073244604603,-0.6109454855595272
40,-1.077851794929546,-1.0792389649833662,1.3219368871341832
10461,-1.077851794929546,-0.6396602080226909,1.3219368871341832
12865,0.8371342760982567,0.5100073101821522,-1.0941660787329548
13227,0.14077570481541946,0.09297105357843458,0.355495700787328
13723,0.11590575584103227,0.7692460642871658,0.355495700787328
11639,-1.077851794929546,-1.1243239656972817,0.8387162939607556
6816,-0.20740358082599933,0.2056835553632231,0.8387162939607556
10559,-0.18253363185161225,-0.8650852115922679,-0.6109454855595272
11777,-0.4561030705698698,-0.12118269981266364,0.355495700787328
12512,-1.077851794929546,-0.707287709093564,0.8387162939607556
10704,0.6879145822519344,0.9383148169643486,-1.5773866719063825
2723,1.9562819799456737,2.144338586061586,-2.06060726507981
14111,0.488954990456838,0.7917885646441235,-0.6109454855595272
13157,-0.40636317262109567,-0.9439839628416199,0.355495700787328
9335,2.453680959433415,2.2457798376678957,-1.0941660787329548
14938,-1.077851794929546,-1.169408966411197,1.3219368871341832
7155,2.478550908407802,2.121796085704628,-1.0941660787329548
11771,1.533492847381094,0.8706873158934755,-2.5438278582532377
14165,-1.077851794929546,-0.9777977133770565,0.8387162939607556
12041,-0.3068833767235475,-0.9665264631985776,-0.12772489238609958
7230,1.1853135617396753,0.0028010521506037526,-1.5773866719063825
10412,-0.6799326113393532,0.19441230518474426,0.8387162939607556
5075,-0.8540222541600626,-1.0341539642694508,0.8387162939607556
10523,-1.0281118969807719,-0.9777977133770565,0.8387162939607556
7880,1.1604436127652884,1.4567923251743757,-0.12772489238609958
5394,-0.6053227644161921,-0.5607614567733389,0.355495700787328
9641,-0.3068833767235475,0.4987360600036733,0.8387162939607556
14792,1.3096633066116106,1.738573579636347,-1.0941660787329548
7789,2.2298514186639316,1.9189135824920087,-1.0941660787329548
14343,-1.077851794929546,-0.6734739585581274,1.3219368871341832
4088,0.9863539699445792,0.3634810578619271,-0.12772489238609958
1967,-0.9535020500576108,-0.18881020088353676,1.3219368871341832
13805,-0.15766368287722518,-0.4818627055239869,-1.0941660787329548
13523,-0.35662327467232163,-0.932712712663141,-0.6109454855595272
14726,-0.7794124072369014,-0.1324539499911425,0.8387162939607556
6999,0.09103580686664531,-0.22262395141897331,0.355495700787328
423,0.5138249394312252,-0.1775389507050579,0.355495700787328
14239,-0.505842968518644,-1.0116114639124931,-0.12772489238609958
10096,-1.052981845955159,-0.5607614567733389,1.3219368871341832
14592,-0.580452815441805,-1.022882714090972,0.355495700787328
13161,-0.08305383595406408,-0.8538139614137891,-0.12772489238609958
6142,-1.077851794929546,-1.0566964646264085,1.3219368871341832
5661,0.09103580686664531,0.8932298162504332,0.8387162939607556
9031,1.3842731535347719,0.5663635610745464,-1.5773866719063825
4596,1.7573223881505777,1.7723873301717836,-0.6109454855595272
2659,-0.08305383595406408,0.3071248069695328,-0.12772489238609958
141,1.085833765842127,1.5018773258882911,0.355495700787328
2597,0.7625244291750957,-0.3691502037391984,-2.5438278582532377
6701,1.6329726432786424,1.6934885789224317,-0.6109454855595272
1377,-0.580452815441805,-0.5607614567733389,0.8387162939607556
3674,0.7873943781494827,-0.5945752073087754,-0.6109454855595272
9658,0.5635648373799991,1.2539098219617564,0.355495700787328
15185,0.8620042250726437,1.5469623266022066,0.355495700787328
6362,0.7625244291750957,1.366622323746545,0.355495700787328
14383,2.354201163535867,-0.8988989621277045,-2.06060726507981
4741,-0.6301927133905793,-1.0341539642694508,0.355495700787328
1138,-1.0281118969807719,-1.022882714090972,0.355495700787328
10449,2.030891826868835,1.7949298305287413,-2.5438278582532377
7374,-1.0281118969807719,-0.7974577105213948,0.355495700787328
1787,-0.7545424582625144,-1.0003402137340143,-2.06060726507981
13556,-0.8042823562112885,-0.8876277119492256,0.355495700787328
4646,0.8620042250726437,0.3860235582188848,-0.12772489238609958
7568,0.8122643271238696,0.3634810578619271,0.355495700787328
459,1.7573223881505777,1.2200960714263198,-1.5773866719063825
6115,1.2101835107140624,0.37475230804040593,-1.0941660787329548
8179,2.2547213676383184,2.223237337310938,-1.5773866719063825
11565,1.856802184048126,1.3440798233895872,-2.5438278582532377
948,-1.077851794929546,-0.54949020659486,0.355495700787328
9528,-1.0281118969807719,-1.0679677148048874,1.3219368871341832
6370,0.5884347863543863,1.2651810721402352,-0.12772489238609958
4628,1.3096633066116106,0.9270435667858697,-2.06060726507981
7358,0.7127845312263216,-0.1775389507050579,-0.12772489238609958
5925,1.6578425922530293,0.8819585660719543,-2.5438278582532377
6040,-0.38149322364670873,0.4536510592897579,0.355495700787328
441,-1.052981845955159,-0.7749152101644371,0.8387162939607556
6659,-1.077851794929546,-0.7749152101644371,0.8387162939607556
9794,0.04129590891787117,-0.4818627055239869,-0.12772489238609958
10430,-1.077851794929546,-0.49313395570246576,1.3219368871341832
8831,-0.7296725092881273,-0.5833039571302966,0.355495700787328
9046,-0.4561030705698698,-0.4818627055239869,0.355495700787328
3830,0.3148653476361286,1.0735698191060947,0.8387162939607556
14428,2.2795913166127058,-0.8988989621277045,-2.06060726507981
6144,0.6381746843031604,-0.3353364532037618,-0.12772489238609958
13905,-1.077851794929546,-1.1468664660542394,0.355495700787328
6344,1.0112239189189662,1.4004360742819815,-0.6109454855595272
14322,0.2651254496873547,0.14932730447082884,-0.12772489238609958
1958,2.030891826868835,1.9865410835628818,-0.6109454855595272
9262,-0.033313938005289936,0.6452623123238984,0.8387162939607556
155,0.46408504148245106,1.1637398205339256,0.355495700787328
10487,1.583232745329868,0.757974814108687,-1.5773866719063825
12211,-1.003241948006385,-0.23389520159745217,0.8387162939607556
4578,0.16564565378980642,0.904501066428912,0.355495700787328
1089,-0.05818388697967712,-0.9101702123061833,-2.06060726507981
6049,2.3790711125102537,2.2006948369539803,-2.5438278582532377
11132,2.0060218778944483,2.1668810864185435,-2.5438278582532377
14062,2.055761775843222,-0.8763564617707468,-1.0941660787329548
9122,-1.077851794929546,-1.2032227169466336,1.3219368871341832
7950,-1.077851794929546,-0.9439839628416199,1.3219368871341832
11101,2.428811010459028,2.313407338738769,-2.06060726507981
1674,0.488954990456838,1.0059423180352216,-0.12772489238609958
6763,0.7625244291750957,1.355351073568066,-0.12772489238609958
12853,-1.077851794929546,-0.8763564617707468,0.355495700787328
6416,0.9614840209701918,1.366622323746545,-0.12772489238609958
14676,-0.2322735298003864,-0.27898020231136755,-0.6109454855595272
11439,1.2101835107140624,1.3102660728541506,-2.06060726507981
2326,-0.6053227644161921,0.17186980482778655,0.8387162939607556
7096,0.33973529661051577,1.0735698191060947,0.8387162939607556
13180,-1.077851794929546,-1.1243239656972817,-0.12772489238609958
12728,-1.077851794929546,-1.101781465340324,1.3219368871341832
6450,-1.077851794929546,-0.6847452087366063,1.3219368871341832
14759,0.06616585789225812,0.8256023151795601,0.8387162939607556
1715,0.09103580686664531,0.1605985546493077,-0.12772489238609958
9890,0.886874174047031,-0.49313395570246576,-1.5773866719063825
9172,-1.077851794929546,-1.0792389649833662,0.8387162939607556
8381,-1.077851794929546,-1.2032227169466336,-0.12772489238609958
9433,-1.003241948006385,-0.9890689635555353,0.8387162939607556
3831,0.33973529661051577,1.0961123194630524,0.355495700787328
6299,-1.077851794929546,-0.7298302094505217,0.8387162939607556
3348,0.8620042250726437,0.12678480411387114,-0.6109454855595272
14613,0.09103580686664531,-0.8538139614137891,-0.12772489238609958
9177,-1.077851794929546,-1.0566964646264085,0.8387162939607556
10013,-1.003241948006385,-0.24516645177593102,0.355495700787328
587,1.6329726432786424,1.5807760771376431,-0.6109454855595272
9346,-0.505842968518644,0.22822605572018081,0.355495700787328
10964,-1.077851794929546,-1.1919514667681548,0.8387162939607556
14618,-0.3068833767235475,-0.9214414624846622,-1.0941660787329548
10091,-0.3068833767235475,0.27331105643409626,0.355495700787328
2990,1.2101835107140624,0.4085660585758425,-2.5438278582532377
14260,-0.08305383595406408,-0.8312714610568314,-0.12772489238609958
12109,1.0360938678933531,-0.019741448206353953,-2.06060726507981
13624,2.1552415717407705,1.7273023294578682,-2.5438278582532377
11749,-1.003241948006385,-0.8312714610568314,0.8387162939607556
9587,0.2899953986617417,0.37475230804040593,0.8387162939607556
264,1.2350534596884497,0.5325498105391099,-1.5773866719063825
11739,-1.077851794929546,-1.022882714090972,1.3219368871341832
12092,-0.9783719990319979,-1.0003402137340143,1.3219368871341832
6788,1.3096633066116106,1.51314857606677,0.355495700787328
14639,0.488954990456838,-0.5720327069518177,-1.5773866719063825
13065,0.14077570481541946,-0.22262395141897331,-1.5773866719063825
10131,-0.8788922031344497,-0.6396602080226909,0.355495700787328
3864,0.33973529661051577,0.9157723166073909,-0.12772489238609958
10435,0.6879145822519344,1.1750110707124044,-0.12772489238609958
10592,-1.077851794929546,-1.1919514667681548,1.3219368871341832
6274,-0.7794124072369014,-0.6171177076657332,0.8387162939607556
13324,1.2847933576372237,1.738573579636347,-1.5773866719063825
15041,1.1355736637909013,0.521278560360631,0.8387162939607556
3711,1.06096381686774,0.014072302329082605,-1.0941660787329548
8438,-1.077851794929546,-1.101781465340324,0.355495700787328
9786,-0.35662327467232163,-0.5382189564163812,0.355495700787328
1529,1.085833765842127,0.3634810578619271,-1.5773866719063825
12584,0.488954990456838,1.208824821247841,0.355495700787328
923,-0.555582866467418,0.3071248069695328,0.8387162939607556
12035,-0.4312331215954827,-0.9890689635555353,-0.12772489238609958
7329,-0.9037621521088367,-1.0341539642694508,0.8387162939607556
4364,-0.28201342774916044,-0.9552552130200987,-0.6109454855595272
669,0.33973529661051577,-0.4818627055239869,-0.6109454855595272
3604,0.8122643271238696,-0.5156764560594235,-0.6109454855595272
5108,-1.077851794929546,-1.2032227169466336,1.3219368871341832
10102,1.1107037148165144,1.0059423180352216,-0.6109454855595272
13836,-0.38149322364670873,-0.8538139614137891,-0.6109454855595272
5248,1.2101835107140624,1.5244198262452489,-1.0941660787329548
7183,0.3148653476361286,0.44237980911127905,0.8387162939607556
10888,-1.003241948006385,-0.9552552130200987,0.8387162939607556
2591,-1.077851794929546,-1.1130527155188028,1.3219368871341832
5906,0.9614840209701918,0.1831410550062654,-1.0941660787329548
9973,1.2599234086628366,1.2651810721402352,-0.6109454855595272
6509,-1.077851794929546,-1.0566964646264085,1.3219368871341832
11205,0.43921509250806384,0.4536510592897579,-0.6109454855595272
7133,2.1055016737919963,2.155609836240065,-0.6109454855595272
2307,1.2350534596884497,1.3102660728541506,-0.6109454855595272
8804,-1.077851794929546,-1.090510215161845,1.3219368871341832
3690,0.21538555173858054,-0.5607614567733389,-0.6109454855595272
687,0.7376544802007085,-0.5833039571302966,-1.5773866719063825
612,-0.9037621521088367,-0.47059145534550806,-0.6109454855595272
7167,1.7324524391761906,1.5582335767806854,0.355495700787328
12104,-0.7794124072369014,-0.7974577105213948,1.3219368871341832
3200,-0.3317533256979346,-0.3916927040961561,-0.6109454855595272
10459,-1.077851794929546,-0.628388957844212,1.3219368871341832
11168,1.1107037148165144,1.4229785746389392,-1.0941660787329548
6629,-0.9037621521088367,-0.8538139614137891,0.8387162939607556
4135,2.1801115207151573,1.8625573315996145,-1.5773866719063825
1898,-0.9535020500576108,-0.6960164589150851,0.8387162939607556
282,-1.077851794929546,-0.9665264631985776,1.3219368871341832
258,1.7075824902018033,0.8481448155365178,-2.06060726507981
11116,-0.6550626623649661,0.22822605572018081,0.355495700787328
14478,-0.9286321010832237,-0.3578789535607195,0.355495700787328
4943,-0.9286321010832237,-0.14372520016962134,1.3219368871341832
2822,0.04129590891787117,-0.031012698384832806,-0.6109454855595272
11531,0.6381746843031604,1.1411973201769678,-0.12772489238609958
3525,-0.8042823562112885,-0.25643770195440985,0.8387162939607556
14827,0.3894751945592899,0.8932298162504332,-0.12772489238609958
5223,2.055761775843222,1.659674828386995,-0.6109454855595272
2285,-0.9783719990319979,-0.5382189564163812,0.8387162939607556
6063,0.11590575584103227,0.679076062859335,-0.12772489238609958
8078,-1.077851794929546,-1.0679677148048874,0.355495700787328
4654,-1.0281118969807719,-0.7974577105213948,0.8387162939607556
5000,-0.8540222541600626,-0.4593202051670292,0.355495700787328
6710,-0.8291523051856755,-0.053555198741790516,0.8387162939607556
14326,-0.3068833767235475,-0.12118269981266364,0.8387162939607556
8676,0.5635648373799991,0.04788605286451916,0.355495700787328
10403,0.04129590891787117,0.8706873158934755,0.355495700787328
5416,-1.077851794929546,-1.0679677148048874,1.3219368871341832
475,-0.505842968518644,0.07042855322147687,-0.12772489238609958
2555,-0.8788922031344497,-1.101781465340324,0.8387162939607556
8087,-0.9535020500576108,-0.9101702123061833,0.8387162939607556
7,-1.052981845955159,-1.169408966411197,1.3219368871341832
11849,0.7625244291750957,1.3891648241035026,-0.12772489238609958
6411,2.528290806356576,2.3021360885602897,-1.0941660787329548
14076,-0.7296725092881273,0.10424230375691343,0.8387162939607556
13694,-0.6550626623649661,0.22822605572018081,0.8387162939607556
5546,-1.077851794929546,-0.8988989621277045,1.3219368871341832
2426,-0.9535020500576108,-0.3916927040961561,0.8387162939607556
6744,-0.9037621521088367,-0.06482644892026937,0.8387162939607556
10006,0.4143451435336769,1.0622985689276159,0.355495700787328
14780,0.5386948884056122,1.2426385717832775,0.355495700787328
2274,-0.28201342774916044,-0.08736894927722708,0.355495700787328
9203,0.5138249394312252,0.1831410550062654,0.355495700787328
1577,-0.4312331215954827,0.19441230518474426,0.8387162939607556
7264,-0.7794124072369014,-1.0003402137340143,-0.6109454855595272
9259,-1.077851794929546,-0.49313395570246576,1.3219368871341832
10183,0.7625244291750957,-0.5607614567733389,-2.06060726507981
3970,-1.077851794929546,-1.1355952158757605,-2.5438278582532377
5879,-1.077851794929546,-1.101781465340324,0.8387162939607556
12916,-0.3068833767235475,0.4311085589328002,0.355495700787328
14331,-0.6799326113393532,-0.32406520302528297,0.8387162939607556
7193,0.5635648373799991,0.41983730875432135,0.355495700787328
3867,0.488954990456838,0.9946710678567429,-0.6109454855595272
14465,-1.0281118969807719,-0.42550645463159265,0.8387162939607556
6823,1.4837529494323203,0.9495860671428275,-1.0941660787329548
11240,-0.13279373390283822,-0.3578789535607195,0.355495700787328
7548,0.9863539699445792,0.8030598148226024,-0.12772489238609958
781,-0.7296725092881273,-0.786186460342916,0.355495700787328
15107,0.8371342760982567,1.7949298305287413,-0.12772489238609958
1749,0.6381746843031604,-0.14372520016962134,-1.0941660787329548
10983,-0.033313938005289936,-0.7523727098074794,-0.6109454855595272
6519,0.5635648373799991,-0.49313395570246576,-0.6109454855595272
5774,0.6879145822519344,-0.24516645177593102,-0.12772489238609958
9283,-1.077851794929546,-0.44804895498855035,1.3219368871341832
9369,1.0360938678933531,1.0059423180352216,-0.12772489238609958
2324,-0.48097301954425686,0.2845823066125751,0.8387162939607556
10271,-0.4561030705698698,-0.7185589592720428,-0.12772489238609958
5055,0.46408504148245106,-0.4818627055239869,-1.0941660787329548
10800,0.33973529661051577,0.9383148169643486,-1.0941660787329548
13851,-0.40636317262109567,-0.9552552130200987,-0.12772489238609958
10482,1.6578425922530293,0.8932298162504332,-2.5438278582532377
1727,-0.38149322364670873,-0.2677089521328887,-0.6109454855595272
610,1.9314120309712868,1.2200960714263198,-0.6109454855595272
4666,-0.3068833767235475,-0.44804895498855035,0.8387162939607556
5413,-1.0281118969807719,-0.9890689635555353,0.8387162939607556
8103,-0.6799326113393532,-0.5269477062379023,0.8387162939607556
8174,-1.0281118969807719,-0.32406520302528297,0.355495700787328
8535,1.5086228984067072,1.7047598291009105,0.355495700787328
11349,-1.052981845955159,-1.1130527155188028,0.355495700787328
3750,1.7324524391761906,1.2651810721402352,-1.5773866719063825
11407,-0.15766368287722518,0.014072302329082605,0.355495700787328
97,-1.077851794929546,-0.6847452087366063,1.3219368871341832
6985,-0.18253363185161225,-0.6058464574872543,0.355495700787328
3137,1.2599234086628366,1.4567923251743757,-1.0941660787329548
1537,-1.077851794929546,-0.8312714610568314,1.3219368871341832
11780,0.16564565378980642,0.3296673073264905,-0.6109454855595272
3648,0.3148653476361286,-0.8312714610568314,0.355495700787328
13645,-0.6799326113393532,0.08169980339995572,0.8387162939607556
1517,-0.8788922031344497,-0.8200002108783525,0.8387162939607556
14910,-0.20740358082599933,-0.6058464574872543,-0.6109454855595272
4624,1.8319322350737386,1.355351073568066,-1.5773866719063825
11861,0.6133047353287733,1.2989948226756718,-0.12772489238609958
6566,0.6879145822519344,-0.7749152101644371,-1.5773866719063825
2090,0.46408504148245106,0.19441230518474426,-0.12772489238609958
7097,1.4588830004579327,1.828743581064178,-0.6109454855595272
6171,-1.052981845955159,-1.1355952158757605,1.3219368871341832
7521,1.533492847381094,1.6033185774946008,-0.12772489238609958
572,-1.003241948006385,-0.3127939528468041,0.355495700787328
14608,-1.077851794929546,-1.2032227169466336,1.3219368871341832
13935,-1.077851794929546,-1.0003402137340143,1.3219368871341832
3062,-0.18253363185161225,0.5889060614315041,0.355495700787328
597,0.7376544802007085,0.9270435667858697,-0.6109454855595272
6633,-0.8540222541600626,-0.786186460342916,0.8387162939607556
14482,-1.077851794929546,-0.6622027083796486,1.3219368871341832
7875,-1.052981845955159,-0.40296395427463494,1.3219368871341832
7345,0.5635648373799991,-0.42550645463159265,-1.0941660787329548
6304,1.2599234086628366,0.983399817678264,-1.0941660787329548
12311,1.6329726432786424,0.8143310650010812,-2.06060726507981
15283,-0.18253363185161225,-0.5269477062379023,-2.06060726507981
12526,0.488954990456838,0.7467035639302081,-1.0941660787329548
5976,1.06096381686774,1.4117073244604603,0.355495700787328
8562,1.3345332555859974,1.7611160799933048,0.355495700787328
1938,-0.2322735298003864,0.3071248069695328,0.355495700787328
12878,-0.530712917493031,-0.10991144963418478,0.355495700787328
8100,0.6879145822519344,0.11551355393539228,-0.12772489238609958
1753,0.2402555007129675,-0.3466077033822407,-0.12772489238609958
3670,0.43921509250806384,-0.707287709093564,-2.5438278582532377
11844,-1.0281118969807719,-0.2902514524898464,1.3219368871341832
12318,1.3096633066116106,0.5438210607175887,-2.06060726507981
2361,-0.3317533256979346,0.5550923108960676,0.8387162939607556
4260,-0.08305383595406408,0.2845823066125751,0.355495700787328
5432,0.5386948884056122,-0.5833039571302966,-1.0941660787329548
6285,0.3894751945592899,0.19441230518474426,-0.6109454855595272
12070,-1.077851794929546,-1.169408966411197,0.8387162939607556
14538,1.085833765842127,-0.08736894927722708,-1.5773866719063825
11929,-1.077851794929546,-0.6847452087366063,1.3219368871341832
12011,-1.077851794929546,-1.1468664660542394,-2.06060726507981
13133,0.14077570481541946,-0.8650852115922679,-1.5773866719063825
13270,-0.9037621521088367,-0.23389520159745217,0.355495700787328
13514,-1.077851794929546,-1.1919514667681548,0.355495700787328
5591,0.488954990456838,0.8143310650010812,0.355495700787328
1171,0.19051560276419338,0.07042855322147687,-1.0941660787329548
7927,-0.3317533256979346,-0.1324539499911425,0.8387162939607556
13752,1.9314120309712868,1.4680635753528546,-1.5773866719063825
9614,-1.0281118969807719,-0.4367777048100715,1.3219368871341832
11333,-1.077851794929546,-1.180680216589676,1.3219368871341832
14363,-1.077851794929546,-0.54949020659486,1.3219368871341832
12402,-0.25714347877477345,-0.9552552130200987,-0.6109454855595272
14074,-0.008443989030902977,0.7692460642871658,0.355495700787328
874,1.085833765842127,1.51314857606677,-0.6109454855595272
2297,0.6630446332775474,0.8256023151795601,0.355495700787328
14292,0.7376544802007085,-0.2677089521328887,-0.12772489238609958
2643,0.2899953986617417,0.3071248069695328,0.355495700787328
14240,-1.077851794929546,-1.2032227169466336,0.355495700787328
5347,-0.555582866467418,0.02534355250756146,0.8387162939607556
9032,1.583232745329868,0.6227198119669407,-1.5773866719063825
15245,0.16564565378980642,0.3071248069695328,0.8387162939607556
581,-0.9535020500576108,-0.27898020231136755,0.8387162939607556
204,-0.505842968518644,0.29585355679105396,0.355495700787328
7896,-0.7296725092881273,-0.07609769909874822,0.8387162939607556
9833,-0.555582866467418,-1.0003402137340143,0.355495700787328
2014,2.354201163535867,2.3246785889172474,-2.06060726507981
11445,0.3148653476361286,0.8143310650010812,-0.12772489238609958
11663,-1.0281118969807719,-1.1581377162327182,0.8387162939607556
905,-0.9783719990319979,-0.1775389507050579,1.3219368871341832
631,-0.20740358082599933,-0.1775389507050579,0.355495700787328
8461,0.8371342760982567,0.10424230375691343,-1.0941660787329548
12788,-0.8291523051856755,-1.0792389649833662,-0.6109454855595272
1974,-1.077851794929546,-0.42550645463159265,1.3219368871341832
162,-1.077851794929546,-0.42550645463159265,0.8387162939607556
4998,1.5583627963554811,0.9495860671428275,-1.0941660787329548
12645,-0.555582866467418,0.09297105357843458,-1.0941660787329548
9557,-1.077851794929546,-0.9439839628416199,1.3219368871341832
14931,-0.13279373390283822,-0.786186460342916,-1.0941660787329548
4713,-1.077851794929546,-1.169408966411197,0.8387162939607556
9067,-0.8291523051856755,-0.8763564617707468,0.8387162939607556
1431,-1.077851794929546,-1.1919514667681548,1.3219368871341832
6868,1.2599234086628366,-0.031012698384832806,-1.5773866719063825
14033,1.4340130514835459,1.7949298305287413,-0.12772489238609958
7710,-0.580452815441805,-0.7974577105213948,-0.12772489238609958
7736,-0.580452815441805,-0.4818627055239869,0.8387162939607556
4283,-0.6301927133905793,-0.4142352044531138,-0.12772489238609958
7531,0.7376544802007085,1.0059423180352216,-0.12772489238609958
12934,0.19051560276419338,0.9270435667858697,-0.12772489238609958
11048,1.3096633066116106,0.9157723166073909,-2.06060726507981
10053,1.4091431025091588,1.7611160799933048,-1.0941660787329548
10851,-1.077851794929546,-0.8087289606998737,1.3219368871341832
3384,-0.6053227644161921,-0.14372520016962134,0.355495700787328
14992,-0.40636317262109567,-0.8538139614137891,-1.5773866719063825
12455,-0.8042823562112885,-0.9214414624846622,0.355495700787328
12786,-0.35662327467232163,-0.9552552130200987,-1.0941660787329548
7462,0.09103580686664531,0.8932298162504332,0.355495700787328
3331,-0.505842968518644,-0.7298302094505217,0.355495700787328
14795,1.0360938678933531,1.5469623266022066,0.355495700787328
10595,-1.077851794929546,-1.1919514667681548,1.3219368871341832
6404,-0.530712917493031,0.31839605714801167,0.355495700787328
8895,0.14077570481541946,0.757974814108687,-0.6109454855595272
2096,-1.052981845955159,-0.8312714610568314,0.355495700787328
10195,-0.9286321010832237,-1.090510215161845,-0.6109454855595272
12882,1.3345332555859974,1.0848410692845736,-1.5773866719063825
7999,-1.077851794929546,-1.169408966411197,0.355495700787328
5017,0.6630446332775474,0.19441230518474426,-0.6109454855595272
8738,-0.8540222541600626,-1.090510215161845,-0.12772489238609958
1449,-0.033313938005289936,-0.9101702123061833,-1.0941660787329548
6900,-0.033313938005289936,-0.786186460342916,-0.6109454855595272
2610,-1.077851794929546,-1.0116114639124931,0.8387162939607556
1900,-1.077851794929546,-0.8425427112353102,0.8387162939607556
8186,0.886874174047031,1.4229785746389392,-0.6109454855595272
3920,0.5386948884056122,0.17186980482778655,-0.6109454855595272
2757,-0.20740358082599933,0.5776348112530253,0.8387162939607556
6397,0.8620042250726437,1.4229785746389392,-0.12772489238609958
10077,-0.35662327467232163,0.35220980768344823,0.355495700787328
11888,-0.7545424582625144,0.059157303042998016,0.8387162939607556
13306,2.1801115207151573,2.2457798376678957,-2.5438278582532377
2097,0.09103580686664531,-0.09864019945570593,-0.12772489238609958
8329,-1.077851794929546,-1.022882714090972,0.8387162939607556
14514,1.6578425922530293,0.5889060614315041,-2.06060726507981
5624,-1.077851794929546,-0.42550645463159265,1.3219368871341832
9028,1.3096633066116106,0.600177311609983,-1.5773866719063825
3471,-0.6053227644161921,0.27331105643409626,0.355495700787328
8266,-0.20740358082599933,0.3296673073264905,0.8387162939607556
2171,-1.077851794929546,-1.2032227169466336,-2.5438278582532377
14179,0.9614840209701918,-0.22262395141897331,-1.5773866719063825
14108,0.11590575584103227,0.5889060614315041,-0.12772489238609958
8590,0.09103580686664531,0.8706873158934755,0.355495700787328
2010,1.9811519289200612,2.133067335883107,-0.6109454855595272
15026,-0.8291523051856755,-0.8650852115922679,-0.12772489238609958
1283,0.9614840209701918,1.4906060757098123,-1.0941660787329548
15126,2.7272503981516727,3.147479851946204,-2.5438278582532377
10028,1.7821923371249646,2.0428973344552763,-1.5773866719063825
14742,2.3293312145614795,2.155609836240065,-2.5438278582532377
1019,0.7127845312263216,-0.12118269981266364,-1.0941660787329548
9518,-0.40636317262109567,-0.8876277119492256,0.355495700787328
11002,-0.38149322364670873,-0.6847452087366063,-0.6109454855595272
8667,0.6381746843031604,0.23949730589865967,-1.0941660787329548
2810,0.4143451435336769,0.35220980768344823,-0.12772489238609958
13251,-0.40636317262109567,0.07042855322147687,-0.12772489238609958
1651,1.0112239189189662,1.51314857606677,-0.6109454855595272
14763,0.6133047353287733,1.2651810721402352,-1.0941660787329548
1169,-1.077851794929546,-0.8538139614137891,1.3219368871341832
10720,2.055761775843222,1.9527273330274453,-2.06060726507981
9398,0.7625244291750957,0.27331105643409626,-0.6109454855595272
6256,-0.505842968518644,-0.707287709093564,0.8387162939607556
5469,-0.6301927133905793,-1.0454252144479297,0.8387162939607556
14744,2.130371622766383,2.065439834812234,-2.5438278582532377
10258,-0.6550626623649661,-0.8988989621277045,-0.12772489238609958
867,0.43921509250806384,1.0284848183921793,-0.6109454855595272
11166,0.36460524558490276,0.9608573173213063,-0.12772489238609958
5093,-1.077851794929546,-1.2032227169466336,1.3219368871341832
5433,-0.9535020500576108,-1.0454252144479297,0.8387162939607556
541,1.2847933576372237,1.738573579636347,-0.12772489238609958
9324,-0.6301927133905793,0.22822605572018081,0.8387162939607556
15094,-1.077851794929546,-0.7636439599859582,0.8387162939607556
6354,0.9614840209701918,1.4455210749958969,0.355495700787328
14339,1.1604436127652884,0.9157723166073909,-0.6109454855595272
3390,2.1055016737919963,1.5695048269591643,-2.06060726507981
11154,0.06616585789225812,0.8256023151795601,0.355495700787328
11451,-1.052981845955159,-0.4142352044531138,1.3219368871341832
12325,1.085833765842127,0.3071248069695328,-2.06060726507981
15244,0.46408504148245106,0.5100073101821522,-0.6109454855595272
10775,-0.4312331215954827,0.4536510592897579,-0.12772489238609958
11005,-1.052981845955159,-1.0116114639124931,0.8387162939607556
3959,0.7376544802007085,-0.3916927040961561,-1.0941660787329548
14241,0.2651254496873547,-0.8425427112353102,-2.5438278582532377
6643,0.2899953986617417,0.014072302329082605,-0.12772489238609958
6841,-0.3317533256979346,-0.24516645177593102,0.355495700787328
12703,-0.3317533256979346,-0.47059145534550806,0.8387162939607556
3586,-0.8788922031344497,-0.8876277119492256,0.8387162939607556
12380,-0.4312331215954827,-0.8988989621277045,-1.0941660787329548
2563,-1.077851794929546,-1.1919514667681548,0.355495700787328
10822,-0.7048025603137403,-0.08736894927722708,0.8387162939607556
13687,-0.8042823562112885,0.07042855322147687,1.3219368871341832
12212,-0.8291523051856755,0.02534355250756146,0.8387162939607556
5036,0.886874174047031,-0.06482644892026937,-1.5773866719063825
1080,-0.7048025603137403,-1.0566964646264085,-0.6109454855595272
5891,0.6133047353287733,-0.3127939528468041,-1.0941660787329548
10277,-1.077851794929546,-1.0341539642694508,1.3219368871341832
10644,-1.077851794929546,-1.022882714090972,0.8387162939607556
4966,1.533492847381094,1.5807760771376431,-0.6109454855595272
2023,1.3345332555859974,1.670946078565474,-1.0941660787329548
13802,-0.530712917493031,-0.6058464574872543,-0.12772489238609958
7909,0.04129590891787117,0.39729480839736364,-0.12772489238609958
13397,1.8070622860993515,1.0961123194630524,-2.06060726507981
7321,0.43921509250806384,-0.707287709093564,-1.0941660787329548
226,1.1853135617396753,1.276452322318714,-0.6109454855595272
1013,-1.077851794929546,-0.9665264631985776,0.355495700787328
1929,1.9811519289200612,1.51314857606677,-1.5773866719063825
12862,-0.6301927133905793,-0.3691502037391984,0.8387162939607556
5251,1.9562819799456737,1.9978123337413607,-0.12772489238609958
9596,0.8122643271238696,0.8143310650010812,-0.12772489238609958
2179,-0.7545424582625144,-1.0792389649833662,0.8387162939607556
697,0.016425959943484204,-0.8200002108783525,-0.6109454855595272
1124,-1.077851794929546,-1.1355952158757605,1.3219368871341832
7378,0.8371342760982567,0.35220980768344823,-0.12772489238609958
12087,-0.033313938005289936,-0.6734739585581274,-1.0941660787329548
12574,1.1853135617396753,1.6484035782085162,-1.0941660787329548
5110,0.488954990456838,-0.7974577105213948,-1.5773866719063825
7902,0.5138249394312252,0.7917885646441235,-0.12772489238609958
1778,0.7127845312263216,-0.5382189564163812,-2.06060726507981
12217,0.7376544802007085,1.3778935739250238,-0.6109454855595272
2634,-1.077851794929546,-0.8200002108783525,0.355495700787328
7544,1.7821923371249646,1.366622323746545,-0.6109454855595272
7604,0.8122643271238696,-0.2677089521328887,-1.0941660787329548
3489,-0.6301927133905793,0.1831410550062654,1.3219368871341832
1037,-1.077851794929546,-1.090510215161845,0.8387162939607556
10448,2.1552415717407705,1.8738285817780933,-2.5438278582532377
12527,-0.35662327467232163,0.17186980482778655,-0.12772489238609958
15253,-0.8540222541600626,-0.7298302094505217,0.355495700787328
8505,-1.003241948006385,-0.4818627055239869,0.355495700787328
2649,-0.580452815441805,-0.1775389507050579,0.8387162939607556
10473,1.1355736637909013,0.8256023151795601,-1.0941660787329548
2979,-1.077851794929546,-0.9890689635555353,0.8387162939607556
2547,-1.077851794929546,-1.2032227169466336,0.8387162939607556
5132,-0.48097301954425686,-0.9214414624846622,0.355495700787328
2159,-1.052981845955159,-1.1468664660542394,-0.12772489238609958
11329,-0.3317533256979346,-0.932712712663141,-1.0941660787329548
9114,0.6879145822519344,-0.7636439599859582,-1.0941660787329548
6445,0.19051560276419338,0.5325498105391099,0.355495700787328
3967,-0.008443989030902977,-0.6847452087366063,-0.12772489238609958
1428,0.46408504148245106,-0.7185589592720428,-2.5438278582532377
12904,-1.077851794929546,-0.5382189564163812,1.3219368871341832
2520,-1.052981845955159,-1.1355952158757605,0.355495700787328
12258,2.503420857382189,2.2683223380248534,-2.5438278582532377
8033,0.3148653476361286,-0.8312714610568314,-1.5773866719063825
13153,-1.077851794929546,-1.1919514667681548,1.3219368871341832
13254,0.5138249394312252,0.7354323137517292,-1.0941660787329548
15148,0.8371342760982567,1.9527273330274453,-1.0941660787329548
448,-0.9037621521088367,-0.54949020659486,0.8387162939607556
13022,-0.4312331215954827,0.07042855322147687,-0.12772489238609958
9476,-0.08305383595406408,-0.9101702123061833,-0.6109454855595272
5995,-0.580452815441805,0.2845823066125751,0.355495700787328
12310,0.16564565378980642,0.1605985546493077,-0.12772489238609958
3727,-1.077851794929546,-0.8425427112353102,1.3219368871341832
7353,-0.9783719990319979,-0.9439839628416199,0.8387162939607556
8553,1.3842731535347719,1.7611160799933048,0.355495700787328
6279,-0.008443989030902977,-0.10991144963418478,-0.12772489238609958
13729,0.09103580686664531,0.7016185632162927,0.355495700787328
7295,-1.077851794929546,-1.2032227169466336,0.8387162939607556
9496,-0.6799326113393532,-1.0454252144479297,0.355495700787328
6251,-0.7048025603137403,-0.8425427112353102,0.8387162939607556
5926,1.1853135617396753,0.6903473130378138,0.355495700787328
2460,0.7625244291750957,0.25076855607713855,-0.12772489238609958
22,-1.077851794929546,-1.1468664660542394,0.8387162939607556
2066,0.8371342760982567,0.8594160657149966,-1.0941660787329548
1653,2.3044612655870926,2.2683223380248534,-2.5438278582532377
8894,1.856802184048126,1.8400148312426567,-0.6109454855595272
8706,-1.0281118969807719,-1.022882714090972,0.8387162939607556
10935,-0.6550626623649661,-1.0341539642694508,-0.6109454855595272
1376,-1.052981845955159,-0.8988989621277045,0.8387162939607556
1724,-1.077851794929546,-0.8425427112353102,0.8387162939607556
10660,-0.3317533256979346,-0.30152270266832526,-0.12772489238609958
3754,0.5635648373799991,0.7016185632162927,-0.6109454855595272
10517,0.9117441230214178,-0.08736894927722708,-2.5438278582532377
8652,-1.077851794929546,-0.7523727098074794,0.355495700787328
4183,-0.7048025603137403,0.1831410550062654,0.355495700787328
4082,-0.8042823562112885,-0.6396602080226909,0.8387162939607556
9678,0.2899953986617417,1.051027318749137,0.355495700787328
11870,0.6133047353287733,1.276452322318714,-0.6109454855595272
8474,-1.077851794929546,-0.8538139614137891,0.8387162939607556
6579,-1.0281118969807719,-1.1581377162327182,0.8387162939607556
4558,-1.077851794929546,-0.42550645463159265,1.3219368871341832
3537,1.7075824902018033,1.0172135682137005,-2.5438278582532377
12839,-0.580452815441805,-0.6622027083796486,-0.12772489238609958
7003,0.6133047353287733,0.07042855322147687,-0.6109454855595272
10773,1.9314120309712868,2.1105248355261494,-2.06060726507981
9560,0.3148653476361286,-0.06482644892026937,0.355495700787328
14545,-0.15766368287722518,-0.5833039571302966,-1.0941660787329548
12614,2.055761775843222,2.1105248355261494,-2.5438278582532377
8789,0.04129590891787117,-0.7523727098074794,-0.12772489238609958
9951,-0.3317533256979346,-0.031012698384832806,0.8387162939607556
646,0.3894751945592899,-0.12118269981266364,-0.6109454855595272
6381,0.6381746843031604,1.3102660728541506,0.8387162939607556
7527,0.5884347863543863,0.9721285674997852,0.355495700787328
14879,-0.05818388697967712,-0.1324539499911425,-1.0941660787329548
12356,0.3148653476361286,-0.47059145534550806,-0.6109454855595272
7165,0.9117441230214178,1.129926069998489,0.355495700787328
11660,-1.077851794929546,-1.1919514667681548,0.8387162939607556
12227,0.16564565378980642,0.9721285674997852,-0.12772489238609958
7697,-1.052981845955159,-1.1130527155188028,0.8387162939607556
11182,0.3894751945592899,0.8143310650010812,-0.12772489238609958
14446,0.4143451435336769,1.051027318749137,0.355495700787328
4875,1.583232745329868,1.670946078565474,-0.12772489238609958
10736,0.7376544802007085,1.287723572497193,-0.12772489238609958
13185,0.21538555173858054,-0.5720327069518177,-1.5773866719063825
5341,0.886874174047031,1.0848410692845736,-0.12772489238609958
13094,-0.580452815441805,-0.8425427112353102,-0.12772489238609958
12180,-0.38149322364670873,0.3296673073264905,0.355495700787328
7031,-0.20740358082599933,0.08169980339995572,0.8387162939607556
2160,-0.35662327467232163,-0.9101702123061833,-0.12772489238609958
685,-0.6053227644161921,-0.9101702123061833,0.355495700787328
14129,-0.40636317262109567,-0.07609769909874822,1.3219368871341832
11435,2.080631724817609,1.7273023294578682,-2.06060726507981
2461,1.085833765842127,0.37475230804040593,-1.0941660787329548
11029,-0.9286321010832237,-0.6734739585581274,1.3219368871341832
11889,-1.077851794929546,-0.4818627055239869,1.3219368871341832
7128,0.3894751945592899,1.0961123194630524,0.8387162939607556
6267,0.886874174047031,-0.04228394856331166,-1.5773866719063825
4941,0.8122643271238696,1.366622323746545,-0.12772489238609958
5946,2.080631724817609,1.5356910764237277,-2.06060726507981
4583,1.1355736637909013,1.5244198262452489,0.355495700787328
5784,0.16564565378980642,-0.5382189564163812,0.355495700787328
10422,-0.7545424582625144,0.08169980339995572,0.355495700787328
7569,-0.48097301954425686,-0.30152270266832526,0.355495700787328
13075,0.2899953986617417,-0.3127939528468041,-0.6109454855595272
10512,-0.3317533256979346,-0.4818627055239869,0.8387162939607556
521,1.3096633066116106,1.7273023294578682,-0.12772489238609958
8714,-1.077851794929546,-1.1243239656972817,0.8387162939607556
13508,-1.077851794929546,-1.2032227169466336,1.3219368871341832
13719,0.14077570481541946,0.8256023151795601,0.355495700787328
3983,0.5884347863543863,-0.6847452087366063,-2.06060726507981
14675,-0.08305383595406408,-0.22262395141897331,0.355495700787328
13281,2.4039410614846406,2.189423586775501,-2.06060726507981
780,-1.077851794929546,-1.0341539642694508,1.3219368871341832
10613,-0.18253363185161225,-0.8200002108783525,-0.6109454855595272
12598,1.1853135617396753,1.659674828386995,-0.6109454855595272
5607,0.7127845312263216,1.1411973201769678,-0.12772489238609958
5978,1.2101835107140624,1.5244198262452489,0.355495700787328
8843,1.2599234086628366,0.6227198119669407,-1.0941660787329548
3747,-1.077851794929546,-0.707287709093564,1.3219368871341832
2196,-0.15766368287722518,-0.9101702123061833,-1.0941660787329548
8561,0.09103580686664531,0.904501066428912,0.355495700787328
15166,-0.9783719990319979,0.03661480268604031,0.355495700787328
4285,1.3842731535347719,0.5325498105391099,-0.12772489238609958
8569,0.9863539699445792,1.5469623266022066,0.355495700787328
10408,0.43921509250806384,1.1524685703554467,0.355495700787328
9832,-0.555582866467418,-0.9890689635555353,0.8387162939607556
9805,-0.3317533256979346,-0.7298302094505217,-0.6109454855595272
6979,-0.4561030705698698,-0.7636439599859582,0.8387162939607556
1827,-1.077851794929546,-1.1919514667681548,0.355495700787328
11824,-0.555582866467418,0.23949730589865967,1.3219368871341832
9154,0.7376544802007085,-0.5833039571302966,-1.0941660787329548
14528,-0.6550626623649661,-0.628388957844212,0.8387162939607556
14849,-0.25714347877477345,0.19441230518474426,0.8387162939607556
2376,1.2847933576372237,1.7160310792793894,-1.0941660787329548
8551,2.055761775843222,2.155609836240065,-0.12772489238609958
3839,0.9614840209701918,1.5018773258882911,-0.6109454855595272
14519,-0.48097301954425686,-0.42550645463159265,0.355495700787328
1246,1.085833765842127,1.5582335767806854,0.355495700787328
7504,0.7625244291750957,1.2989948226756718,0.355495700787328
11483,-1.052981845955159,-0.3353364532037618,0.8387162939607556
6511,0.6381746843031604,-0.3578789535607195,-0.12772489238609958
11886,-0.8042823562112885,0.014072302329082605,0.8387162939607556
14052,-0.6799326113393532,0.21695480554170196,-0.12772489238609958
5439,-0.8540222541600626,-1.0341539642694508,-0.6109454855595272
10759,1.0360938678933531,1.5807760771376431,-1.0941660787329548
11615,1.3096633066116106,0.0028010521506037526,-2.5438278582532377
10229,-1.077851794929546,-1.1919514667681548,0.8387162939607556
14201,-1.077851794929546,-1.1468664660542394,0.8387162939607556
8964,0.9863539699445792,1.4455210749958969,-0.12772489238609958
10681,0.46408504148245106,0.4536510592897579,-0.6109454855595272
11754,1.2350534596884497,0.37475230804040593,-2.06060726507981
14914,-1.077851794929546,-1.0792389649833662,1.3219368871341832
14648,-1.077851794929546,-1.090510215161845,0.8387162939607556
5510,-1.077851794929546,-1.1243239656972817,0.355495700787328
5330,1.359403204560385,1.5018773258882911,-0.12772489238609958
4531,-0.3317533256979346,0.4987360600036733,0.8387162939607556
9866,-0.8042823562112885,-1.0679677148048874,0.8387162939607556
365,-1.052981845955159,-1.180680216589676,-0.6109454855595272
12401,-1.077851794929546,-1.2032227169466336,0.355495700787328
12089,-1.077851794929546,-1.101781465340324,1.3219368871341832
15315,-0.48097301954425686,-0.9214414624846622,0.8387162939607556
147,-0.7545424582625144,0.08169980339995572,0.355495700787328
1668,0.5138249394312252,1.0735698191060947,-1.0941660787329548
11280,-0.4561030705698698,-0.8763564617707468,-0.6109454855595272
14595,-0.008443989030902977,-0.8988989621277045,-1.0941660787329548
7650,-1.052981845955159,-1.180680216589676,0.8387162939607556
8599,0.488954990456838,1.1186548198200101,0.355495700787328
11698,-1.052981845955159,-1.1581377162327182,0.8387162939607556
7788,-1.077851794929546,-0.54949020659486,1.3219368871341832
3456,1.4340130514835459,1.828743581064178,-0.6109454855595272
11768,-0.8291523051856755,-0.5044052058809446,-0.12772489238609958
3271,-1.0281118969807719,-1.169408966411197,0.8387162939607556
4940,-1.0281118969807719,-0.30152270266832526,1.3219368871341832
9223,0.6133047353287733,0.5889060614315041,0.355495700787328
12384,-1.077851794929546,-1.169408966411197,1.3219368871341832
6230,-1.077851794929546,-1.1581377162327182,0.8387162939607556
13679,-0.9037621521088367,-0.06482644892026937,1.3219368871341832
12431,-0.8042823562112885,-1.0454252144479297,0.355495700787328
9047,0.7873943781494827,0.02534355250756146,-0.12772489238609958
3926,-1.077851794929546,-0.8988989621277045,1.3219368871341832
13113,-1.077851794929546,-1.169408966411197,1.3219368871341832
8080,1.1604436127652884,-0.2000814510620156,-1.5773866719063825
78,-0.08305383595406408,-0.031012698384832806,0.355495700787328
7088,2.080631724817609,2.155609836240065,-0.6109454855595272
2247,-1.077851794929546,-1.0003402137340143,0.355495700787328
12646,-0.48097301954425686,0.14932730447082884,-1.0941660787329548
14382,2.030891826868835,2.0428973344552763,-1.5773866719063825
15265,-0.40636317262109567,-0.49313395570246576,0.8387162939607556
14745,1.8319322350737386,1.9076423323135299,-0.6109454855595272
12697,1.2847933576372237,0.2620398062556174,-0.6109454855595272
7451,1.6081026943042553,1.8625573315996145,-0.12772489238609958
8980,2.3790711125102537,2.0879823351691917,-1.5773866719063825
2279,-1.077851794929546,-0.7523727098074794,1.3219368871341832
8123,0.7376544802007085,0.5663635610745464,0.355495700787328
12287,0.6381746843031604,0.8368735653580389,-0.6109454855595272
3897,1.2350534596884497,0.9157723166073909,-0.12772489238609958
12346,-1.003241948006385,-0.932712712663141,0.8387162939607556
7177,-1.052981845955159,-0.5833039571302966,0.8387162939607556
9312,0.06616585789225812,0.8819585660719543,0.355495700787328
14523,-1.077851794929546,-0.932712712663141,0.8387162939607556
3631,0.46408504148245106,-0.7974577105213948,-0.12772489238609958
13235,-1.052981845955159,-0.6960164589150851,0.8387162939607556
6272,-1.0281118969807719,-0.8425427112353102,1.3219368871341832
8616,0.14077570481541946,0.7354323137517292,0.355495700787328
392,-1.052981845955159,-1.1130527155188028,0.8387162939607556
3191,0.3148653476361286,0.03661480268604031,-0.12772489238609958
16,-1.077851794929546,-1.169408966411197,1.3219368871341832
4200,1.2847933576372237,1.7160310792793894,-0.12772489238609958
2672,1.4837529494323203,1.4455210749958969,-0.6109454855595272
14653,-0.40636317262109567,-0.707287709093564,-0.6109454855595272
6164,0.46408504148245106,-0.628388957844212,-1.5773866719063825
12583,0.19051560276419338,0.983399817678264,-0.12772489238609958
3493,-0.20740358082599933,0.5438210607175887,0.355495700787328
9651,0.6133047353287733,1.2651810721402352,0.8387162939607556
13005,0.06616585789225812,0.6339910621454196,-0.12772489238609958
7394,1.3096633066116106,0.8932298162504332,-0.12772489238609958
4839,1.0360938678933531,0.7917885646441235,-0.12772489238609958
593,0.6381746843031604,0.9270435667858697,-0.6109454855595272
12027,-0.9037621521088367,-1.101781465340324,-1.5773866719063825
14308,-0.7296725092881273,-0.6058464574872543,0.355495700787328
8737,-0.8291523051856755,-1.0792389649833662,0.8387162939607556
5827,0.3148653476361286,-0.8312714610568314,-1.0941660787329548
10749,-0.10792378492845114,0.7354323137517292,-0.12772489238609958
7961,-1.052981845955159,-0.9665264631985776,1.3219368871341832
5887,-0.9535020500576108,-0.9552552130200987,0.8387162939607556
2355,-0.8291523051856755,0.03661480268604031,0.355495700787328
6036,1.9065420819969,2.0428973344552763,-0.12772489238609958
4798,-0.8788922031344497,-0.8650852115922679,-0.12772489238609958
10634,0.14077570481541946,-0.5269477062379023,-2.5438278582532377
13276,-1.052981845955159,-0.42550645463159265,0.8387162939607556
4592,1.8319322350737386,1.8512860814211356,-0.6109454855595272
11234,-0.18253363185161225,-0.30152270266832526,0.8387162939607556
8656,1.7324524391761906,0.9270435667858697,-2.06060726507981
163,-0.9286321010832237,-0.09864019945570593,1.3219368871341832
14233,-1.077851794929546,-1.2032227169466336,1.3219368871341832
14492,0.43921509250806384,0.4536510592897579,0.355495700787328
15008,-0.9783719990319979,-0.7974577105213948,0.8387162939607556
7380,1.359403204560385,0.6227198119669407,-0.12772489238609958
15277,-0.8291523051856755,-0.6847452087366063,1.3219368871341832
10201,0.06616585789225812,-0.8650852115922679,-1.0941660787329548
6356,-0.505842968518644,0.3296673073264905,0.355495700787328
11276,0.3148653476361286,-0.6396602080226909,-0.12772489238609958
9092,-1.077851794929546,-1.1581377162327182,1.3219368871341832
5542,-0.4561030705698698,-0.4367777048100715,0.355495700787328
6007,-0.9535020500576108,-0.14372520016962134,0.8387162939607556
7993,-0.8042823562112885,-1.0003402137340143,0.8387162939607556
7638,-1.052981845955159,-1.1468664660542394,-0.12772489238609958
6793,0.5386948884056122,0.983399817678264,0.8387162939607556
10900,-1.077851794929546,-1.101781465340324,0.8387162939607556
7758,-1.077851794929546,-0.7411014596290005,1.3219368871341832
4837,-1.003241948006385,-0.6058464574872543,0.355495700787328
2293,0.7873943781494827,0.8368735653580389,-0.12772489238609958
6548,-0.10792378492845114,-0.8988989621277045,-1.0941660787329548
7898,0.886874174047031,1.0735698191060947,0.355495700787328
4481,0.3148653476361286,0.5100073101821522,0.355495700787328
3716,0.3894751945592899,-0.031012698384832806,0.8387162939607556
10837,-0.555582866467418,-0.14372520016962134,0.355495700787328
6140,0.6381746843031604,-0.2677089521328887,-0.6109454855595272
9956,1.9562819799456737,1.3102660728541506,-2.5438278582532377
1549,-0.4312331215954827,-0.10991144963418478,0.355495700787328
11221,0.04129590891787117,0.0028010521506037526,-0.6109454855595272
10331,1.9314120309712868,1.5018773258882911,-2.5438278582532377
2044,1.3345332555859974,1.4680635753528546,0.355495700787328
767,-0.9286321010832237,-0.9890689635555353,0.8387162939607556
5693,1.085833765842127,1.366622323746545,0.355495700787328
7870,2.553160755330963,2.3359498390957265,-1.5773866719063825
9700,-0.9037621521088367,-0.14372520016962134,0.8387162939607556
7857,-0.15766368287722518,0.679076062859335,0.8387162939607556
3302,-1.077851794929546,-1.169408966411197,1.3219368871341832
4517,0.5138249394312252,1.0622985689276159,0.8387162939607556
13941,-1.077851794929546,-0.932712712663141,0.8387162939607556
12381,-1.077851794929546,-1.169408966411197,0.355495700787328
3292,-0.7545424582625144,-1.0566964646264085,0.355495700787328
9011,-0.9535020500576108,-0.5044052058809446,0.355495700787328
1403,-1.077851794929546,-1.090510215161845,1.3219368871341832
1382,-0.8540222541600626,-0.7749152101644371,0.355495700787328
10340,-0.20740358082599933,0.3409385575049694,0.8387162939607556
6928,-1.077851794929546,-1.2032227169466336,1.3219368871341832
5671,2.1801115207151573,2.2006948369539803,-1.5773866719063825
1638,-0.9037621521088367,-0.06482644892026937,0.8387162939607556
15033,0.04129590891787117,-0.3127939528468041,1.3219368871341832
6907,-0.15766368287722518,-0.8538139614137891,0.355495700787328
8591,1.583232745329868,1.8625573315996145,-0.6109454855595272
6406,2.080631724817609,2.1105248355261494,-1.0941660787329548
9074,0.7127845312263216,-0.42550645463159265,-0.6109454855595272
11757,-0.18253363185161225,-0.21135270124049446,-0.12772489238609958
1179,1.533492847381094,0.8706873158934755,-2.5438278582532377
5448,-0.4312331215954827,-0.9552552130200987,0.8387162939607556
12644,0.33973529661051577,0.7692460642871658,-1.0941660787329548
10322,1.7573223881505777,1.2313673216047987,-2.5438278582532377
5078,0.46408504148245106,-0.707287709093564,-1.0941660787329548
8648,0.8122643271238696,0.6452623123238984,0.355495700787328
5175,-0.9037621521088367,-0.7411014596290005,0.8387162939607556
10142,0.2651254496873547,-0.1549964503481002,-1.0941660787329548
689,-0.555582866467418,-0.9214414624846622,0.355495700787328
13597,-1.077851794929546,-0.786186460342916,1.3219368871341832
6525,-1.077851794929546,-1.1243239656972817,0.8387162939607556
15068,-0.38149322364670873,0.21695480554170196,0.355495700787328
6488,-1.077851794929546,-0.9439839628416199,0.8387162939607556
10145,-0.8788922031344497,-0.7636439599859582,0.8387162939607556
7154,-1.077851794929546,-0.5382189564163812,0.8387162939607556
12906,2.2049814696895442,1.9527273330274453,-2.5438278582532377
6610,0.488954990456838,-0.5044052058809446,-0.12772489238609958
10902,-1.077851794929546,-1.101781465340324,1.3219368871341832
13143,-1.077851794929546,-1.2032227169466336,-0.6109454855595272
13177,-1.077851794929546,-1.1355952158757605,-1.5773866719063825
4349,-0.8042823562112885,-1.0341539642694508,-0.12772489238609958
14256,-1.077851794929546,-1.180680216589676,1.3219368871341832
1884,-1.077851794929546,-0.9890689635555353,1.3219368871341832
13268,1.359403204560385,1.434249824817418,-1.5773866719063825
2494,-1.077851794929546,-1.0679677148048874,0.355495700787328
5947,1.0360938678933531,1.0059423180352216,0.8387162939607556
3036,0.2651254496873547,0.6903473130378138,-0.6109454855595272
5777,0.09103580686664531,-0.4818627055239869,-0.6109454855595272
11795,0.6630446332775474,0.8481448155365178,-1.5773866719063825
845,-1.077851794929546,-0.5720327069518177,1.3219368871341832
8734,-1.077851794929546,-1.180680216589676,1.3219368871341832
11916,-0.9037621521088367,-0.2902514524898464,0.8387162939607556
12379,-0.8540222541600626,-1.0341539642694508,0.355495700787328
11871,0.8122643271238696,1.4117073244604603,-0.6109454855595272
12415,-1.077851794929546,-1.2032227169466336,1.3219368871341832
7967,-1.077851794929546,-1.0454252144479297,0.8387162939607556
13017,0.3148653476361286,0.6565335625023773,-0.12772489238609958
7340,-0.8540222541600626,-0.9552552130200987,0.355495700787328
13835,-0.7794124072369014,-0.9777977133770565,0.8387162939607556
12690,0.04129590891787117,-0.12118269981266364,0.355495700787328
7137,0.9366140719958048,1.4229785746389392,-0.12772489238609958
2964,-1.003241948006385,-1.0003402137340143,1.3219368871341832
2529,-1.077851794929546,-1.1919514667681548,1.3219368871341832
5772,-0.35662327467232163,-0.5833039571302966,0.355495700787328
1048,-1.077851794929546,-1.1355952158757605,-0.12772489238609958
7045,-0.7048025603137403,-0.1549964503481002,0.8387162939607556
1960,-1.052981845955159,-0.3916927040961561,0.8387162939607556
2530,-1.077851794929546,-1.1919514667681548,0.8387162939607556
11138,1.9314120309712868,2.1105248355261494,-1.5773866719063825
8429,-0.8540222541600626,-1.0003402137340143,0.355495700787328
4917,0.5386948884056122,1.2426385717832775,0.355495700787328
9325,1.1355736637909013,1.5695048269591643,-0.12772489238609958
5901,-1.077851794929546,-0.9890689635555353,0.8387162939607556
8286,0.6381746843031604,0.5100073101821522,0.355495700787328
4259,1.8319322350737386,1.355351073568066,-1.0941660787329548
13151,-1.077851794929546,-1.1919514667681548,0.355495700787328
13255,0.7127845312263216,0.8706873158934755,-1.5773866719063825
5656,1.4091431025091588,1.8062010807072202,-0.6109454855595272
6097,0.7625244291750957,0.521278560360631,0.355495700787328
5907,-0.25714347877477345,-0.3353364532037618,0.355495700787328
7373,-0.2322735298003864,-0.25643770195440985,-0.12772489238609958
2978,-1.077851794929546,-1.0003402137340143,1.3219368871341832
13609,1.1355736637909013,0.9157723166073909,-0.6109454855595272
14289,-0.9535020500576108,-0.9552552130200987,0.8387162939607556
6721,1.9065420819969,2.0428973344552763,-1.0941660787329548
7842,0.21538555173858054,1.0059423180352216,0.355495700787328
8264,1.9065420819969,1.6258610778515585,-0.6109454855595272
13475,-0.4561030705698698,-0.8988989621277045,0.355495700787328
12111,-1.077851794929546,-0.9890689635555353,1.3219368871341832
3138,0.8371342760982567,1.197553571069362,-0.12772489238609958
8325,-0.20740358082599933,-0.4818627055239869,0.8387162939607556
15236,1.8816721330225128,1.1411973201769678,-1.0941660787329548
12265,-0.9535020500576108,-0.25643770195440985,0.355495700787328
14591,0.19051560276419338,-0.8538139614137891,-2.5438278582532377
11421,1.06096381686774,0.9383148169643486,-0.6109454855595272
1826,-1.0281118969807719,-1.1581377162327182,1.3219368871341832
5548,0.5884347863543863,0.1605985546493077,0.355495700787328
8785,-1.077851794929546,-1.1581377162327182,0.8387162939607556
10917,-0.505842968518644,-0.9101702123061833,-0.12772489238609958
12329,-0.6799326113393532,-0.5607614567733389,0.8387162939607556
560,-0.9783719990319979,-0.22262395141897331,0.8387162939607556
13532,0.2899953986617417,-0.7298302094505217,-1.0941660787329548
8435,-1.077851794929546,-1.1130527155188028,0.355495700787328
5435,0.5138249394312252,-0.6171177076657332,-0.6109454855595272
4437,-1.0281118969807719,-0.9439839628416199,0.8387162939607556
10382,2.1552415717407705,2.223237337310938,-2.06060726507981
8597,1.6081026943042553,1.8400148312426567,-0.12772489238609958
1442,0.2402555007129675,-0.8425427112353102,-0.6109454855595272
8453,0.2899953986617417,-0.3466077033822407,0.355495700787328
4406,-1.077851794929546,-1.1468664660542394,1.3219368871341832
14634,-0.38149322364670873,-0.8538139614137891,0.355495700787328
1689,-0.6550626623649661,-0.019741448206353953,0.355495700787328
15145,-0.38149322364670873,0.3409385575049694,0.8387162939607556
9917,1.1853135617396753,0.0028010521506037526,-1.0941660787329548
13814,-0.38149322364670873,-0.6734739585581274,0.355495700787328
5962,-1.077851794929546,-0.54949020659486,1.3219368871341832
2496,-0.9535020500576108,-0.9665264631985776,0.355495700787328
12548,-1.077851794929546,-0.49313395570246576,0.8387162939607556
340,-1.077851794929546,-1.1919514667681548,0.8387162939607556
2408,-0.20740358082599933,0.46492230946823676,0.355495700787328
9793,-1.077851794929546,-1.0454252144479297,1.3219368871341832
12804,-0.6550626623649661,-0.9665264631985776,-0.12772489238609958
5782,-0.7296725092881273,-0.8425427112353102,0.355495700787328
4576,-1.077851794929546,-0.4593202051670292,1.3219368871341832
3725,-1.077851794929546,-0.8538139614137891,0.8387162939607556
15266,-1.077851794929546,-0.7636439599859582,0.8387162939607556
2785,-0.6053227644161921,0.02534355250756146,0.8387162939607556
9715,2.080631724817609,1.8738285817780933,-1.0941660787329548
13203,0.14077570481541946,-0.3691502037391984,-1.0941660787329548
14429,0.886874174047031,1.4567923251743757,-0.12772489238609958
1012,-0.3068833767235475,-0.42550645463159265,0.355495700787328
5280,-0.9286321010832237,-0.09864019945570593,0.8387162939607556
4895,2.1801115207151573,2.2006948369539803,-2.06060726507981
9958,-0.40636317262109567,0.0028010521506037526,-0.12772489238609958
7121,1.2599234086628366,1.7047598291009105,0.8387162939607556
6549,-1.003241948006385,-1.1468664660542394,0.8387162939607556
4037,-0.7545424582625144,-1.0003402137340143,0.355495700787328
148,-0.25714347877477345,0.5663635610745464,0.8387162939607556
285,-0.48097301954425686,-0.54949020659486,0.355495700787328
15146,-0.555582866467418,0.8143310650010812,-0.6109454855595272
8555,-0.9286321010832237,-0.12118269981266364,0.8387162939607556
12135,1.3096633066116106,0.7467035639302081,-2.06060726507981
12886,1.9811519289200612,1.4906060757098123,-2.06060726507981
9732,-0.9535020500576108,-0.40296395427463494,0.8387162939607556
6770,0.2899953986617417,0.9946710678567429,0.8387162939607556
4443,-1.003241948006385,-0.8425427112353102,0.355495700787328
7446,2.130371622766383,2.133067335883107,-0.12772489238609958
236,-0.4561030705698698,0.08169980339995572,0.355495700787328
14725,0.14077570481541946,0.6114485617884619,-0.12772489238609958
10754,0.09103580686664531,0.904501066428912,-0.12772489238609958
7123,-0.15766368287722518,0.6903473130378138,-0.12772489238609958
12801,-0.8540222541600626,-1.0454252144479297,0.8387162939607556
14671,-1.077851794929546,-0.932712712663141,0.8387162939607556
3083,-0.25714347877477345,0.6114485617884619,0.8387162939607556
14708,-1.077851794929546,-0.6734739585581274,0.8387162939607556
10294,0.7873943781494827,0.21695480554170196,-0.6109454855595272
632,1.1107037148165144,0.41983730875432135,-0.6109454855595272
6813,-0.4561030705698698,0.059157303042998016,-0.12772489238609958
2493,-0.9286321010832237,-0.932712712663141,-0.12772489238609958
2665,-0.8788922031344497,-0.30152270266832526,0.8387162939607556
13029,0.488954990456838,0.5100073101821522,-1.0941660787329548
13114,-0.6550626623649661,-0.9777977133770565,0.355495700787328
12907,1.6081026943042553,1.6371323280300374,-2.5438278582532377
10526,-1.0281118969807719,-0.9890689635555353,0.8387162939607556
10060,2.57803070430535,2.369763589631163,-2.5438278582532377
11811,2.1055016737919963,1.9189135824920087,-2.5438278582532377
12075,-1.077851794929546,-1.1468664660542394,0.355495700787328
12995,1.085833765842127,1.4004360742819815,-1.5773866719063825
4211,2.6277706022541243,2.437391090702036,-2.06060726507981
9686,0.2899953986617417,1.0284848183921793,0.355495700787328
10593,-0.25714347877477345,-0.932712712663141,-0.12772489238609958
3874,-0.8788922031344497,-0.21135270124049446,0.8387162939607556
9424,-1.052981845955159,-0.9777977133770565,1.3219368871341832
10853,0.5386948884056122,0.27331105643409626,-0.6109454855595272
2817,1.2599234086628366,0.6227198119669407,-1.5773866719063825
12653,0.46408504148245106,0.7354323137517292,-2.5438278582532377
14645,-1.077851794929546,-1.101781465340324,1.3219368871341832
15058,2.2547213676383184,1.4117073244604603,-1.0941660787329548
13793,-0.505842968518644,-0.49313395570246576,0.355495700787328
7426,0.43921509250806384,0.8932298162504332,-0.12772489238609958
12345,-1.077851794929546,-1.022882714090972,1.3219368871341832
13204,-0.505842968518644,-0.628388957844212,0.355495700787328
13899,0.488954990456838,-0.6734739585581274,-2.5438278582532377
11253,0.11590575584103227,-0.42550645463159265,-0.6109454855595272
14137,0.21538555173858054,0.1831410550062654,-0.12772489238609958
9777,-1.0281118969807719,-0.8650852115922679,0.8387162939607556
1735,-0.6550626623649661,-0.5269477062379023,0.8387162939607556
7397,-1.077851794929546,-0.7185589592720428,0.8387162939607556
11015,0.8122643271238696,-0.08736894927722708,-0.12772489238609958
4255,0.14077570481541946,0.48746480982519447,-0.12772489238609958
15165,-1.052981845955159,0.11551355393539228,0.8387162939607556
2475,-0.6301927133905793,-0.6058464574872543,0.8387162939607556
10756,0.2402555007129675,1.0172135682137005,0.355495700787328
15316,-0.8291523051856755,-1.0679677148048874,1.3219368871341832
3713,-0.580452815441805,-0.54949020659486,-0.12772489238609958
13789,0.6630446332775474,0.09297105357843458,-0.6109454855595272
1804,0.14077570481541946,-0.8538139614137891,-0.6109454855595272
707,0.6133047353287733,-0.7636439599859582,-1.5773866719063825
11238,1.2350534596884497,0.2056835553632231,-2.06060726507981
14210,-1.0281118969807719,-1.1243239656972817,0.8387162939607556
5189,0.6630446332775474,0.3071248069695328,0.355495700787328
13358,-0.05818388697967712,0.6452623123238984,0.355495700787328
5472,-0.9783719990319979,-1.1468664660542394,0.8387162939607556
72,-1.077851794929546,-0.8538139614137891,1.3219368871341832
7843,0.016425959943484204,0.8481448155365178,0.8387162939607556
14823,0.5635648373799991,1.051027318749137,-0.6109454855595272
5101,-1.077851794929546,-1.2032227169466336,1.3219368871341832
6764,2.57803070430535,2.437391090702036,-1.0941660787329548
9382,1.8319322350737386,1.051027318749137,-1.5773866719063825
10793,0.2651254496873547,0.9383148169643486,-0.6109454855595272
1125,-1.003241948006385,-1.0679677148048874,0.8387162939607556
1241,0.5138249394312252,1.1411973201769678,-0.12772489238609958
12631,2.2298514186639316,2.0316260842767973,-2.06060726507981
14495,-0.8540222541600626,-0.44804895498855035,0.8387162939607556
2349,-0.8540222541600626,-0.008470198027875101,0.8387162939607556
11543,0.9366140719958048,1.208824821247841,-1.0941660787329548
6602,-0.008443989030902977,-0.7298302094505217,-0.6109454855595272
12200,2.428811010459028,2.347221089274205,-2.5438278582532377
6780,1.9314120309712868,1.9527273330274453,-0.6109454855595272
9769,-1.077851794929546,-0.8988989621277045,1.3219368871341832
12098,-0.35662327467232163,-0.6622027083796486,0.355495700787328
11921,1.1604436127652884,1.1524685703554467,-1.5773866719063825
4358,-0.13279373390283822,-0.9101702123061833,0.355495700787328
1343,-0.40636317262109567,-0.053555198741790516,-0.12772489238609958
15322,-1.077851794929546,-1.0341539642694508,1.3219368871341832
13330,1.5086228984067072,1.8625573315996145,-0.12772489238609958
14700,1.7573223881505777,1.129926069998489,-1.5773866719063825
8632,-0.4312331215954827,0.14932730447082884,0.8387162939607556
6652,0.36460524558490276,0.19441230518474426,0.8387162939607556
1100,-1.052981845955159,-1.169408966411197,0.355495700787328
10829,-0.7296725092881273,-0.1775389507050579,0.355495700787328
9160,-1.052981845955159,-1.101781465340324,0.355495700787328
8841,1.4091431025091588,0.6452623123238984,-1.5773866719063825
9738,1.9811519289200612,1.4229785746389392,-1.5773866719063825
7327,-0.9535020500576108,-1.0679677148048874,0.8387162939607556
7622,-1.003241948006385,-1.0679677148048874,1.3219368871341832
987,-0.8540222541600626,-0.49313395570246576,0.355495700787328
10658,0.886874174047031,0.23949730589865967,-0.6109454855595272
2852,0.9117441230214178,-0.1775389507050579,-1.5773866719063825
11695,-0.6301927133905793,-1.0116114639124931,-0.12772489238609958
8853,-0.9286321010832237,-0.5382189564163812,0.8387162939607556
630,0.3894751945592899,0.13805605429235,-0.6109454855595272
1249,-0.4312331215954827,0.44237980911127905,0.355495700787328
3179,-0.08305383595406408,0.014072302329082605,0.355495700787328
482,-1.0281118969807719,-0.4367777048100715,1.3219368871341832
9776,-1.077851794929546,-0.9439839628416199,1.3219368871341832
9654,2.553160755330963,2.4599335910589937,-0.6109454855595272
3040,0.5138249394312252,0.904501066428912,-0.12772489238609958
5010,-1.052981845955159,-0.7749152101644371,1.3219368871341832
13410,0.9366140719958048,0.46492230946823676,-1.0941660787329548
7000,-0.8788922031344497,-0.7411014596290005,0.8387162939607556
3273,-0.9535020500576108,-1.1355952158757605,1.3219368871341832
7227,1.06096381686774,0.014072302329082605,0.355495700787328
3683,-1.052981845955159,-1.090510215161845,0.355495700787328
6674,1.7573223881505777,1.3215373230326295,-1.5773866719063825
6807,-0.28201342774916044,0.25076855607713855,0.8387162939607556
12337,-1.077851794929546,-0.9777977133770565,1.3219368871341832
14940,-0.7794124072369014,-1.022882714090972,1.3219368871341832
1316,1.1355736637909013,1.3215373230326295,-0.12772489238609958
3225,-1.077851794929546,-1.0792389649833662,1.3219368871341832
1072,-0.48097301954425686,-0.9890689635555353,-0.12772489238609958
4815,-0.505842968518644,-0.42550645463159265,0.8387162939607556
12969,-0.8788922031344497,-0.04228394856331166,0.8387162939607556
10823,-0.7794124072369014,-0.16626770052657905,0.8387162939607556
9852,-1.003241948006385,-1.1581377162327182,0.8387162939607556
5752,-1.052981845955159,-0.8538139614137891,0.8387162939607556
10617,0.06616585789225812,-0.7298302094505217,-2.06060726507981
14042,-0.28201342774916044,0.600177311609983,-0.12772489238609958
4616,-0.2322735298003864,0.2845823066125751,0.8387162939607556
3097,-1.0281118969807719,-0.27898020231136755,0.8387162939607556
12168,-0.8540222541600626,-0.22262395141897331,0.8387162939607556
14489,2.0060218778944483,1.2651810721402352,-2.5438278582532377
6869,1.1604436127652884,-0.08736894927722708,-1.5773866719063825
1300,-0.9535020500576108,-0.21135270124049446,0.8387162939607556
7285,-1.003241948006385,-1.1581377162327182,0.8387162939607556
6284,-1.077851794929546,-0.8425427112353102,1.3219368871341832
12920,1.2847933576372237,1.5807760771376431,-1.5773866719063825
13617,0.886874174047031,0.9270435667858697,-1.0941660787329548
5495,-0.8042823562112885,-1.0341539642694508,0.355495700787328
5291,2.6277706022541243,0.46492230946823676,-1.5773866719063825
9600,-0.4561030705698698,0.03661480268604031,0.8387162939607556
10037,-0.9037621521088367,-0.06482644892026937,-0.12772489238609958
1798,0.36460524558490276,-0.7974577105213948,-1.5773866719063825
12149,0.7873943781494827,0.7467035639302081,-1.0941660787329548
9667,0.33973529661051577,1.0961123194630524,0.355495700787328
5203,-1.077851794929546,-0.7411014596290005,0.8387162939607556
8227,1.1355736637909013,1.592047327316122,-0.12772489238609958
5047,-0.20740358082599933,-0.5945752073087754,-0.12772489238609958
6441,-0.48097301954425686,0.09297105357843458,-0.12772489238609958
8636,0.6879145822519344,0.8594160657149966,0.355495700787328
8105,-1.003241948006385,-0.7636439599859582,0.8387162939607556
2359,1.06096381686774,1.592047327316122,0.355495700787328
14407,-0.25714347877477345,0.6227198119669407,-0.6109454855595272
3654,-1.077851794929546,-1.1919514667681548,0.355495700787328
7052,-0.7545424582625144,-0.1324539499911425,0.8387162939607556
11371,-1.077851794929546,-1.0454252144479297,0.8387162939607556
1286,0.9863539699445792,1.5018773258882911,-0.12772489238609958
14012,0.11590575584103227,0.7692460642871658,0.355495700787328
4445,-1.077851794929546,-0.932712712663141,1.3219368871341832
11608,-1.077851794929546,-0.9777977133770565,1.3219368871341832
2137,-0.4561030705698698,-0.7974577105213948,0.355495700787328
6787,-0.530712917493031,0.21695480554170196,0.8387162939607556
10828,-0.38149322364670873,0.13805605429235,0.355495700787328
12208,-0.3068833767235475,0.5550923108960676,0.355495700787328
15069,0.5386948884056122,0.7241610635732504,-2.06060726507981
9873,-0.7545424582625144,-1.0341539642694508,-0.6109454855595272
14963,-0.9535020500576108,-1.1355952158757605,0.355495700787328
13055,-1.052981845955159,-0.8312714610568314,-1.0941660787329548
13770,1.4091431025091588,0.7692460642871658,-2.06060726507981
6894,-1.077851794929546,-1.1355952158757605,0.8387162939607556
9884,-1.077851794929546,-1.1468664660542394,0.8387162939607556
13145,0.4143451435336769,-0.8087289606998737,-2.5438278582532377
10733,1.4091431025091588,1.7047598291009105,-2.06060726507981
11827,0.7127845312263216,1.2426385717832775,0.355495700787328
8564,-0.505842968518644,0.3860235582188848,1.3219368871341832
7151,0.6879145822519344,1.1524685703554467,0.355495700787328
963,0.43921509250806384,0.7467035639302081,-0.12772489238609958
6012,1.8070622860993515,2.054168584633755,0.355495700787328
4882,2.1055016737919963,2.054168584633755,-2.06060726507981
140,0.488954990456838,1.0961123194630524,0.355495700787328
12611,0.9366140719958048,1.4567923251743757,-1.5773866719063825
12046,-1.077851794929546,-1.2032227169466336,1.3219368871341832
13868,-0.18253363185161225,-0.932712712663141,-0.12772489238609958
8906,0.11590575584103227,0.8256023151795601,0.8387162939607556
6936,-1.0281118969807719,-1.169408966411197,-0.12772489238609958
6542,-1.052981845955159,-1.1468664660542394,0.8387162939607556
5243,0.2899953986617417,0.8706873158934755,-0.12772489238609958
11380,-0.8042823562112885,-0.7636439599859582,0.8387162939607556
10030,-0.008443989030902977,0.8256023151795601,-0.6109454855595272
4431,-0.555582866467418,-0.7185589592720428,0.355495700787328
12817,-0.8291523051856755,-0.9552552130200987,-1.0941660787329548
406,-0.10792378492845114,-0.6171177076657332,0.355495700787328
8212,1.9314120309712868,2.121796085704628,0.355495700787328
9196,-1.0281118969807719,-0.8312714610568314,0.355495700787328
12834,-0.7296725092881273,-0.786186460342916,0.355495700787328
10603,0.43921509250806384,-0.7411014596290005,-0.6109454855595272
10737,-0.9037621521088367,-0.10991144963418478,1.3219368871341832
13243,-0.7048025603137403,-0.25643770195440985,0.355495700787328
10582,-1.0281118969807719,-1.169408966411197,0.8387162939607556
9135,-1.077851794929546,-1.1919514667681548,1.3219368871341832
8234,0.33973529661051577,1.0172135682137005,0.8387162939607556
11022,1.1853135617396753,0.31839605714801167,-1.5773866719063825
11563,0.04129590891787117,0.3860235582188848,-0.12772489238609958
11214,-0.3068833767235475,-0.09864019945570593,0.355495700787328
11556,-0.9037621521088367,-0.32406520302528297,0.8387162939607556
4399,-1.077851794929546,-1.169408966411197,1.3219368871341832
5252,1.7324524391761906,1.8738285817780933,-0.12772489238609958
11,0.5138249394312252,-0.7298302094505217,-1.0941660787329548
4760,-1.0281118969807719,-1.1355952158757605,0.355495700787328
1177,1.0360938678933531,0.600177311609983,-1.5773866719063825
10139,-1.052981845955159,-0.8763564617707468,0.355495700787328
10693,1.2350534596884497,1.0848410692845736,-0.6109454855595272
2863,-1.052981845955159,-1.0566964646264085,0.355495700787328
6471,-0.9783719990319979,-0.6734739585581274,0.8387162939607556
12057,-0.20740358082599933,-0.9214414624846622,-0.6109454855595272
6228,-1.077851794929546,-1.1581377162327182,0.8387162939607556
9218,-1.077851794929546,-0.7523727098074794,1.3219368871341832
12040,-1.077851794929546,-1.2032227169466336,0.8387162939607556
2989,0.7376544802007085,0.19441230518474426,-1.0941660787329548
9153,-1.077851794929546,-1.1468664660542394,1.3219368871341832
11081,-0.9535020500576108,-0.27898020231136755,0.355495700787328
7117,0.6630446332775474,1.3215373230326295,0.355495700787328
11207,-1.003241948006385,-0.5945752073087754,0.8387162939607556
7010,-0.3317533256979346,-0.27898020231136755,0.355495700787328
11530,-1.052981845955159,-0.4142352044531138,0.355495700787328
13130,0.21538555173858054,-0.8538139614137891,-1.5773866719063825
11760,0.886874174047031,0.35220980768344823,-1.0941660787329548
8927,1.4091431025091588,1.8062010807072202,-0.12772489238609958
12592,-0.6053227644161921,0.29585355679105396,0.8387162939607556
1440,0.3894751945592899,-0.8087289606998737,-2.06060726507981
14956,-0.580452815441805,-1.022882714090972,0.8387162939607556
2875,0.2899953986617417,-0.6509314582011697,-0.6109454855595272
12178,-0.9783719990319979,-0.30152270266832526,1.3219368871341832
9108,0.488954990456838,-0.786186460342916,-0.12772489238609958
14450,1.8070622860993515,1.8850998319565722,-2.06060726507981
13505,0.11590575584103227,-0.8763564617707468,-1.0941660787329548
12281,-0.10792378492845114,0.4311085589328002,-0.6109454855595272
11339,0.46408504148245106,-0.707287709093564,-2.06060726507981
7232,-0.6301927133905793,-0.6960164589150851,0.355495700787328
3726,-0.15766368287722518,-0.14372520016962134,0.8387162939607556
2772,-0.20740358082599933,0.4761935596467156,0.8387162939607556
9816,-0.10792378492845114,-0.7636439599859582,-0.6109454855595272
454,0.016425959943484204,0.19441230518474426,-0.12772489238609958
9013,0.3148653476361286,0.3860235582188848,-0.12772489238609958
8189,2.7023804491772854,2.516289841951388,-1.0941660787329548
1367,-1.077851794929546,-0.8876277119492256,1.3219368871341832
3712,-0.9783719990319979,-0.8200002108783525,0.355495700787328
15120,1.0360938678933531,2.0992535853476704,-1.5773866719063825
1388,-1.077851794929546,-1.022882714090972,1.3219368871341832
9042,-0.48097301954425686,-0.44804895498855035,-0.12772489238609958
1000,0.2402555007129675,0.0028010521506037526,-0.6109454855595272
7761,-0.38149322364670873,-0.04228394856331166,0.8387162939607556
3553,1.1107037148165144,0.44237980911127905,-0.6109454855595272
4114,1.3345332555859974,1.0397560685706582,-1.0941660787329548
9829,-0.2322735298003864,-0.8763564617707468,0.355495700787328
1667,0.2402555007129675,0.8932298162504332,-0.6109454855595272
3173,0.488954990456838,0.41983730875432135,0.8387162939607556
13338,2.3293312145614795,2.3021360885602897,-2.06060726507981
9539,0.06616585789225812,-0.54949020659486,-0.12772489238609958
14433,2.1801115207151573,-0.9665264631985776,-2.06060726507981
488,-0.9037621521088367,-0.21135270124049446,0.8387162939607556
3230,0.016425959943484204,-0.6171177076657332,-0.6109454855595272
3828,2.7023804491772854,2.5613748426653036,-2.06060726507981
10824,-0.7545424582625144,-0.1549964503481002,1.3219368871341832
14723,-0.505842968518644,0.10424230375691343,0.8387162939607556
5208,0.11590575584103227,0.3296673073264905,0.355495700787328
7848,1.085833765842127,1.6033185774946008,0.355495700787328
11424,-0.033313938005289936,0.3296673073264905,-0.12772489238609958
5704,1.9065420819969,1.6822173287439528,-1.0941660787329548
14801,0.886874174047031,1.4229785746389392,0.8387162939607556
8133,0.6381746843031604,0.679076062859335,0.355495700787328
703,-0.25714347877477345,-0.932712712663141,0.355495700787328
5105,-0.4561030705698698,-1.0003402137340143,-1.5773866719063825
13658,1.3345332555859974,1.6822173287439528,-1.5773866719063825
3291,-1.077851794929546,-1.1919514667681548,1.3219368871341832
8125,-0.28201342774916044,0.0028010521506037526,0.8387162939607556
11865,0.886874174047031,1.4793348255313334,-1.5773866719063825
10600,-0.2322735298003864,-0.9101702123061833,-0.12772489238609958
9519,0.9366140719958048,-0.54949020659486,-1.0941660787329548
14786,-0.20740358082599933,0.6678048126808561,1.3219368871341832
13852,0.3894751945592899,-0.7974577105213948,-2.5438278582532377
4909,0.9614840209701918,1.5244198262452489,-0.6109454855595272
4440,-1.077851794929546,-0.9890689635555353,1.3219368871341832
13981,0.19051560276419338,0.4761935596467156,-0.12772489238609958
986,1.2101835107140624,0.7016185632162927,-1.5773866719063825
14594,-0.7296725092881273,-1.0679677148048874,-1.0941660787329548
14187,-0.9535020500576108,-0.9890689635555353,0.8387162939607556
14099,-1.003241948006385,-0.3691502037391984,1.3219368871341832
7705,-0.6301927133905793,-0.8650852115922679,0.8387162939607556
12241,-0.6301927133905793,0.23949730589865967,0.8387162939607556
6257,0.5386948884056122,-0.3127939528468041,0.355495700787328
11677,-1.077851794929546,-1.2032227169466336,1.3219368871341832
6089,1.1604436127652884,0.8594160657149966,-0.6109454855595272
10666,-1.003241948006385,-0.7298302094505217,0.8387162939607556
5238,2.354201163535867,2.065439834812234,-1.5773866719063825
12065,0.43921509250806384,-0.7411014596290005,-2.5438278582532377
1198,0.7625244291750957,0.8368735653580389,-0.6109454855595272
12373,-1.077851794929546,-1.1468664660542394,1.3219368871341832
9710,1.7324524391761906,1.749844829814826,-1.5773866719063825
13930,-0.530712917493031,-0.6847452087366063,0.355495700787328
7519,-0.505842968518644,0.22822605572018081,0.8387162939607556
6812,1.3096633066116106,1.1637398205339256,-0.12772489238609958
9991,0.2651254496873547,0.8481448155365178,-1.0941660787329548
9206,0.36460524558490276,0.1605985546493077,0.8387162939607556
8320,0.9366140719958048,0.02534355250756146,-0.6109454855595272
9556,-1.0281118969807719,-0.8763564617707468,1.3219368871341832
10225,-0.3068833767235475,-0.9552552130200987,-0.12772489238609958
7175,-0.3068833767235475,0.2056835553632231,-0.6109454855595272
4470,0.3148653476361286,0.3409385575049694,-0.12772489238609958
891,0.21538555173858054,0.9946710678567429,-0.12772489238609958
10985,-1.077851794929546,-1.1355952158757605,1.3219368871341832
1969,1.3096633066116106,1.659674828386995,0.355495700787328
12595,0.2899953986617417,1.0622985689276159,-0.12772489238609958
5757,0.9863539699445792,0.1605985546493077,0.355495700787328
6527,0.36460524558490276,-0.628388957844212,-1.0941660787329548
6294,-1.077851794929546,-0.7636439599859582,1.3219368871341832
14960,-1.077851794929546,-1.2032227169466336,1.3219368871341832
7595,1.1853135617396753,0.0028010521506037526,-0.6109454855595272
9110,-1.077851794929546,-1.2032227169466336,1.3219368871341832
3249,-0.9286321010832237,-1.0679677148048874,0.8387162939607556
6570,-0.9535020500576108,-1.1355952158757605,0.8387162939607556
6638,-0.6053227644161921,-0.5269477062379023,1.3219368871341832
7351,0.33973529661051577,-0.4142352044531138,0.355495700787328
14088,-0.7794124072369014,-0.008470198027875101,0.8387162939607556
9400,-0.10792378492845114,-0.16626770052657905,-0.12772489238609958
12060,-1.052981845955159,-1.169408966411197,0.8387162939607556
7473,2.7272503981516727,2.572646092843782,-1.0941660787329548
12504,-0.25714347877477345,-0.031012698384832806,1.3219368871341832
12257,2.503420857382189,2.279593588203332,-2.5438278582532377
14145,-0.7794124072369014,-0.5269477062379023,0.355495700787328
13317,1.4837529494323203,1.8625573315996145,-1.0941660787329548
1239,-0.555582866467418,0.27331105643409626,0.355495700787328
2289,-0.6799326113393532,-0.2000814510620156,0.8387162939607556
2740,2.2547213676383184,2.290864838381811,-1.0941660787329548
8467,-0.8540222541600626,-0.6622027083796486,0.8387162939607556
4585,0.7873943781494827,1.287723572497193,-0.12772489238609958
9227,0.4143451435336769,0.5325498105391099,-0.6109454855595272
1229,2.2795913166127058,2.133067335883107,-1.5773866719063825
9200,-0.10792378492845114,-0.1775389507050579,0.355495700787328
6980,-0.6301927133905793,-0.8200002108783525,0.8387162939607556
5178,-1.077851794929546,-0.9101702123061833,0.8387162939607556
12020,-1.077851794929546,-1.169408966411197,0.355495700787328
10724,1.9562819799456737,1.9414560828489664,-2.06060726507981
4293,-0.9037621521088367,-0.7185589592720428,0.355495700787328
1058,0.46408504148245106,-0.6847452087366063,-1.0941660787329548
6262,0.06616585789225812,-0.4142352044531138,0.8387162939607556
11036,1.3345332555859974,0.679076062859335,-2.06060726507981
281,-0.10792378492845114,-0.32406520302528297,0.8387162939607556
9235,1.5086228984067072,1.276452322318714,-1.5773866719063825
9508,0.5138249394312252,-0.7298302094505217,-1.0941660787329548
968,2.055761775843222,1.5469623266022066,-1.5773866719063825
10573,-0.28201342774916044,-0.9552552130200987,-1.5773866719063825
3953,-0.4561030705698698,-0.6960164589150851,0.8387162939607556
1939,2.030891826868835,1.7160310792793894,-2.5438278582532377
12978,1.6827125412274162,1.9076423323135299,-1.5773866719063825
1274,1.1107037148165144,1.6145898276730797,-0.6109454855595272
619,-0.9037621521088367,-0.5269477062379023,0.8387162939607556
13047,0.5386948884056122,0.23949730589865967,-0.6109454855595272
1742,-1.077851794929546,-0.9552552130200987,1.3219368871341832
1390,-1.077851794929546,-1.0341539642694508,1.3219368871341832
2203,-0.530712917493031,-0.9665264631985776,0.8387162939607556
9771,0.886874174047031,0.19441230518474426,-0.6109454855595272
9847,0.488954990456838,-0.8087289606998737,-2.5438278582532377
3568,-1.052981845955159,-0.9101702123061833,0.355495700787328
10544,-0.18253363185161225,-0.7636439599859582,-0.6109454855595272
10404,-0.7296725092881273,0.14932730447082884,0.8387162939607556
6116,-0.3317533256979346,-0.32406520302528297,0.355495700787328
15297,-0.7794124072369014,-0.8763564617707468,0.8387162939607556
6052,-0.505842968518644,0.27331105643409626,0.355495700787328
3178,1.2350534596884497,0.6903473130378138,-1.0941660787329548
3192,-0.8788922031344497,-0.6509314582011697,0.8387162939607556
9499,-0.6301927133905793,-1.022882714090972,0.355495700787328
6099,0.6879145822519344,0.4536510592897579,-0.6109454855595272
7029,-0.05818388697967712,0.14932730447082884,0.8387162939607556
575,-0.505842968518644,0.2620398062556174,0.8387162939607556
10552,-0.13279373390283822,-0.8087289606998737,0.355495700787328
6656,-0.7296725092881273,-0.4142352044531138,0.8387162939607556
7115,0.5386948884056122,1.2426385717832775,0.355495700787328
13527,-0.8042823562112885,-1.0454252144479297,-0.6109454855595272
6276,-0.8042823562112885,-0.6171177076657332,0.8387162939607556
9472,-1.077851794929546,-1.1919514667681548,0.355495700787328
13797,0.6879145822519344,-0.04228394856331166,-1.5773866719063825
11083,0.3894751945592899,0.904501066428912,-0.12772489238609958
5897,0.11590575584103227,-0.3916927040961561,0.355495700787328
5724,-0.9286321010832237,-0.4818627055239869,0.8387162939607556
10185,-0.9286321010832237,-1.0566964646264085,0.8387162939607556
10831,-1.077851794929546,-0.6734739585581274,1.3219368871341832
269,0.5386948884056122,0.13805605429235,0.355495700787328
629,-0.033313938005289936,-0.053555198741790516,0.355495700787328
11970,-0.8291523051856755,-0.7185589592720428,0.8387162939607556
3081,-1.0281118969807719,-0.27898020231136755,0.8387162939607556
3466,-1.077851794929546,-0.42550645463159265,1.3219368871341832
6430,-0.9286321010832237,-0.2677089521328887,0.8387162939607556
14306,-1.077851794929546,-0.932712712663141,1.3219368871341832
7062,0.5386948884056122,0.9721285674997852,0.355495700787328
12588,0.14077570481541946,0.9495860671428275,-0.12772489238609958
12215,-1.077851794929546,-0.42550645463159265,1.3219368871341832
14925,-0.40636317262109567,-0.8200002108783525,-0.12772489238609958
5543,-1.0281118969807719,-0.8312714610568314,0.355495700787328
10238,-1.077851794929546,-1.180680216589676,0.8387162939607556
4356,0.43921509250806384,-0.786186460342916,-1.5773866719063825
13997,-0.7296725092881273,-0.07609769909874822,1.3219368871341832
2113,1.1853135617396753,0.059157303042998016,-1.5773866719063825
8219,2.0060218778944483,2.144338586061586,-1.0941660787329548
10232,-1.077851794929546,-1.1919514667681548,-0.12772489238609958
12120,0.19051560276419338,-0.053555198741790516,-1.0941660787329548
14916,-0.6301927133905793,-0.8200002108783525,-0.6109454855595272
3216,1.1107037148165144,-0.09864019945570593,-1.5773866719063825
3814,1.3842731535347719,1.7949298305287413,0.355495700787328
8321,0.06616585789225812,-0.3127939528468041,0.355495700787328
13176,-1.077851794929546,-1.1355952158757605,-0.12772489238609958
2278,0.3148653476361286,0.31839605714801167,-0.12772489238609958
4599,-0.18253363185161225,0.48746480982519447,0.8387162939607556
13,-1.077851794929546,-1.180680216589676,0.8387162939607556
14170,-1.077851794929546,-1.0116114639124931,1.3219368871341832
12668,0.43921509250806384,0.41983730875432135,-1.5773866719063825
1525,-0.40636317262109567,-0.40296395427463494,0.355495700787328
2365,0.16564565378980642,0.9721285674997852,0.8387162939607556
4648,-1.052981845955159,-0.7974577105213948,0.355495700787328
11244,-1.077851794929546,-0.9890689635555353,1.3219368871341832
12197,1.9811519289200612,2.065439834812234,-2.06060726507981
10532,-0.18253363185161225,-0.6509314582011697,0.355495700787328
374,-1.077851794929546,-1.180680216589676,0.355495700787328
13071,-1.077851794929546,-0.9890689635555353,1.3219368871341832
6477,-0.25714347877477345,-0.22262395141897331,0.8387162939607556
525,-0.20740358082599933,0.6565335625023773,-0.12772489238609958
9131,-1.077851794929546,-1.1919514667681548,1.3219368871341832
14997,-1.077851794929546,-1.1468664660542394,1.3219368871341832
12765,-1.077851794929546,-1.2032227169466336,0.8387162939607556
6895,-1.077851794929546,-1.1468664660542394,1.3219368871341832
10339,-1.052981845955159,-0.5156764560594235,0.355495700787328
3591,1.1107037148165144,-0.2677089521328887,-2.06060726507981
11106,2.428811010459028,2.358492339452684,-2.06060726507981
7904,0.9117441230214178,0.9946710678567429,-0.12772489238609958
2958,-1.077851794929546,-1.101781465340324,1.3219368871341832
11815,0.3148653476361286,0.8706873158934755,0.8387162939607556
529,1.4091431025091588,1.8062010807072202,0.355495700787328
3714,-0.48097301954425686,-0.4818627055239869,0.355495700787328
4732,-0.48097301954425686,-1.0003402137340143,0.8387162939607556
9461,-0.555582866467418,-0.9552552130200987,0.355495700787328
12473,-1.077851794929546,-1.0116114639124931,1.3219368871341832
1394,-1.052981845955159,-1.0116114639124931,0.8387162939607556
12201,1.8816721330225128,2.0316260842767973,-2.06060726507981
12582,-0.7048025603137403,0.1831410550062654,0.8387162939607556
9989,-0.9783719990319979,-0.2902514524898464,0.8387162939607556
11171,0.886874174047031,1.2539098219617564,-0.6109454855595272
9633,1.2599234086628366,1.5695048269591643,0.355495700787328
10574,-1.077851794929546,-1.2032227169466336,1.3219368871341832
15132,0.2651254496873547,1.2989948226756718,0.8387162939607556
12003,-0.6799326113393532,-0.9101702123061833,0.355495700787328
5631,-0.08305383595406408,0.7354323137517292,0.355495700787328
9465,-1.052981845955159,-1.1468664660542394,-0.12772489238609958
6563,-1.077851794929546,-1.2032227169466336,1.3219368871341832
4703,-1.077851794929546,-1.1468664660542394,1.3219368871341832
1712,-1.0281118969807719,-0.6509314582011697,0.8387162939607556
14971,-1.077851794929546,-1.2032227169466336,1.3219368871341832
955,0.6133047353287733,0.9608573173213063,-0.12772489238609958
6675,0.06616585789225812,0.37475230804040593,-0.12772489238609958
3453,1.0112239189189662,1.5582335767806854,-0.12772489238609958
9579,-0.25714347877477345,-0.07609769909874822,0.355495700787328
14413,0.7873943781494827,1.4117073244604603,0.355495700787328
12803,-0.10792378492845114,-0.8200002108783525,0.355495700787328
8595,2.7023804491772854,2.4712048412374727,-1.0941660787329548
2071,0.6879145822519344,0.6227198119669407,-0.6109454855595272
14944,-0.7545424582625144,-1.0454252144479297,-1.0941660787329548
10169,0.6630446332775474,-0.42550645463159265,-2.5438278582532377
158,-0.13279373390283822,0.7128898133947715,0.355495700787328
7005,0.3148653476361286,-0.031012698384832806,0.355495700787328
12080,-0.7794124072369014,-0.9665264631985776,-0.12772489238609958
9094,-0.9783719990319979,-1.090510215161845,1.3219368871341832
352,-0.2322735298003864,-0.9439839628416199,-0.12772489238609958
6078,-1.0281118969807719,-0.5156764560594235,-0.12772489238609958
6236,-1.077851794929546,-1.1355952158757605,1.3219368871341832
12732,0.886874174047031,-0.44804895498855035,-1.5773866719063825
12322,-0.505842968518644,-0.38042145391767723,0.8387162939607556
8946,-0.38149322364670873,0.4987360600036733,0.8387162939607556
11163,1.3096633066116106,1.592047327316122,-1.5773866719063825
15306,-0.8788922031344497,-0.9552552130200987,0.8387162939607556
2920,-1.077851794929546,-1.2032227169466336,0.8387162939607556
8503,0.488954990456838,0.6678048126808561,-0.12772489238609958
4644,0.9863539699445792,0.48746480982519447,-0.12772489238609958
661,-0.08305383595406408,-0.5156764560594235,-0.6109454855595272
7057,0.8122643271238696,1.0735698191060947,-0.6109454855595272
10181,-1.052981845955159,-1.1130527155188028,0.8387162939607556
3665,-0.8042823562112885,-1.0454252144479297,-0.12772489238609958
7979,-0.8291523051856755,-0.932712712663141,0.8387162939607556
306,-1.077851794929546,-1.090510215161845,1.3219368871341832
10527,-1.077851794929546,-1.0566964646264085,0.8387162939607556
4790,-1.077851794929546,-1.0679677148048874,0.8387162939607556
2356,1.583232745329868,1.9189135824920087,-0.12772489238609958
11894,-0.9535020500576108,-0.22262395141897331,0.8387162939607556
11996,-1.077851794929546,-1.101781465340324,0.8387162939607556
1927,-0.8788922031344497,-0.3578789535607195,0.8387162939607556
14336,-1.052981845955159,-0.6622027083796486,1.3219368871341832
3427,1.1107037148165144,1.51314857606677,-0.6109454855595272
8941,1.5086228984067072,1.8738285817780933,-0.12772489238609958
3638,-0.48097301954425686,-1.0003402137340143,0.355495700787328
13058,-0.033313938005289936,-0.2000814510620156,-0.6109454855595272
1266,1.5583627963554811,1.9076423323135299,-0.6109454855595272
1560,-0.7545424582625144,-0.25643770195440985,0.8387162939607556
14398,1.1604436127652884,1.6258610778515585,-1.5773866719063825
11787,1.9562819799456737,1.4117073244604603,-2.06060726507981
10326,0.5386948884056122,0.6565335625023773,0.355495700787328
7179,0.6133047353287733,0.757974814108687,-0.6109454855595272
4109,-0.6550626623649661,-0.24516645177593102,0.8387162939607556
7867,0.8122643271238696,1.3440798233895872,0.355495700787328
4904,-1.077851794929546,-0.4367777048100715,1.3219368871341832
7294,-0.8788922031344497,-1.1130527155188028,-0.12772489238609958
514,-0.3068833767235475,0.521278560360631,0.355495700787328
894,1.5583627963554811,1.896371082135051,0.355495700787328
8601,0.7873943781494827,1.3102660728541506,0.355495700787328
21,-1.077851794929546,-1.1581377162327182,1.3219368871341832
11577,1.583232745329868,0.8819585660719543,-2.06060726507981
15254,-0.15766368287722518,0.059157303042998016,-0.12772489238609958
899,0.8122643271238696,1.434249824817418,-0.6109454855595272
207,1.7324524391761906,1.817472330885699,-0.12772489238609958
458,1.6827125412274162,1.1524685703554467,-1.5773866719063825
10246,-0.13279373390283822,-0.8200002108783525,-0.12772489238609958
2430,0.04129590891787117,0.4085660585758425,-0.12772489238609958
8442,-1.052981845955159,-1.0454252144479297,1.3219368871341832
12398,0.09103580686664531,-0.8763564617707468,-0.6109454855595272
9299,0.09103580686664531,0.904501066428912,-0.12772489238609958
3389,1.4340130514835459,1.208824821247841,-1.5773866719063825
9905,-0.8788922031344497,-0.9214414624846622,0.8387162939607556
3911,-0.6799326113393532,-0.38042145391767723,0.355495700787328
5383,-1.077851794929546,-0.8763564617707468,1.3219368871341832
8907,-0.9783719990319979,-0.22262395141897331,1.3219368871341832
552,-0.40636317262109567,0.46492230946823676,0.8387162939607556
9631,1.9314120309712868,1.9527273330274453,-0.6109454855595272
10462,-0.9037621521088367,-0.3466077033822407,0.355495700787328
3144,0.016425959943484204,0.5776348112530253,0.355495700787328
6917,-0.9286321010832237,-1.1243239656972817,0.8387162939607556
2056,1.0360938678933531,1.129926069998489,-0.12772489238609958
1925,-0.48097301954425686,-0.019741448206353953,0.8387162939607556
634,0.4143451435336769,0.08169980339995572,-0.12772489238609958
6082,1.1355736637909013,1.0622985689276159,0.355495700787328
8508,0.886874174047031,0.983399817678264,-0.6109454855595272
14247,-0.7545424582625144,-1.0566964646264085,0.355495700787328
14857,1.0360938678933531,0.757974814108687,-1.0941660787329548
8619,1.1604436127652884,1.366622323746545,0.355495700787328
13183,-0.7048025603137403,-0.8988989621277045,-0.12772489238609958
105,1.3842731535347719,1.2313673216047987,-0.12772489238609958
3041,-1.052981845955159,-0.47059145534550806,0.8387162939607556
12430,-1.077851794929546,-1.180680216589676,0.8387162939607556
10361,-0.7794124072369014,-0.008470198027875101,0.355495700787328
1709,0.6133047353287733,0.5325498105391099,-0.12772489238609958
89,-1.0281118969807719,-0.6396602080226909,0.8387162939607556
7014,-1.077851794929546,-0.8425427112353102,0.8387162939607556
10433,-0.8788922031344497,-0.12118269981266364,0.355495700787328
3174,0.9863539699445792,0.6452623123238984,0.8387162939607556
917,1.3345332555859974,1.738573579636347,-0.12772489238609958
7833,1.9314120309712868,2.121796085704628,-0.12772489238609958
6732,0.6630446332775474,1.3102660728541506,-0.12772489238609958
1949,-1.0281118969807719,-0.3916927040961561,0.8387162939607556
12236,-1.077851794929546,-0.4367777048100715,0.8387162939607556
11040,1.0360938678933531,0.6227198119669407,-0.6109454855595272
6368,-0.033313938005289936,0.8030598148226024,0.8387162939607556
1,-0.6550626623649661,-1.0341539642694508,0.355495700787328
8032,-0.05818388697967712,-0.8988989621277045,-1.5773866719063825
12529,0.886874174047031,1.0284848183921793,-1.5773866719063825
6047,2.2795913166127058,2.1668810864185435,-1.0941660787329548
9127,-0.4561030705698698,-0.9890689635555353,-0.12772489238609958
14152,-0.48097301954425686,-0.40296395427463494,0.8387162939607556
2720,2.055761775843222,2.189423586775501,-0.6109454855595272
8783,-0.8042823562112885,-1.0341539642694508,0.355495700787328
15054,-1.077851794929546,-0.9439839628416199,0.8387162939607556
3117,-0.40636317262109567,0.4311085589328002,0.8387162939607556
11128,-0.40636317262109567,0.48746480982519447,0.355495700787328
15262,-0.9286321010832237,-0.5607614567733389,-0.12772489238609958
10640,1.1604436127652884,-0.1324539499911425,-2.5438278582532377
9768,0.6133047353287733,0.13805605429235,-0.12772489238609958
3762,0.11590575584103227,0.5325498105391099,0.8387162939607556
213,0.2402555007129675,0.8256023151795601,-0.12772489238609958
778,-0.2322735298003864,-0.5945752073087754,-1.0941660787329548
3496,-1.077851794929546,-0.5156764560594235,0.8387162939607556
13546,0.2402555007129675,-0.6058464574872543,-0.6109454855595272
2043,-0.008443989030902977,0.6114485617884619,0.355495700787328
8920,-0.05818388697967712,0.7692460642871658,0.355495700787328
5420,-0.9535020500576108,-0.9777977133770565,0.8387162939607556
6154,-1.052981845955159,-1.0679677148048874,0.8387162939607556
9759,-0.18253363185161225,-0.10991144963418478,0.355495700787328
8357,-1.077851794929546,-1.1468664660542394,1.3219368871341832
12894,0.6381746843031604,0.8819585660719543,-1.0941660787329548
11758,-0.3317533256979346,-0.27898020231136755,0.8387162939607556
13378,-1.077851794929546,-0.6171177076657332,1.3219368871341832
12625,0.886874174047031,1.3215373230326295,-1.0941660787329548
10205,-0.555582866467418,-1.0116114639124931,-0.6109454855595272
8465,-1.077851794929546,-0.9101702123061833,0.8387162939607556
12052,-1.077851794929546,-1.1919514667681548,1.3219368871341832
4167,-1.052981845955159,-0.3353364532037618,0.8387162939607556
10960,0.5138249394312252,-0.7749152101644371,-2.5438278582532377
3788,1.8070622860993515,1.8850998319565722,-0.12772489238609958
8586,-0.8540222541600626,-0.008470198027875101,1.3219368871341832
583,-0.505842968518644,0.19441230518474426,0.355495700787328
15210,1.2847933576372237,1.51314857606677,-0.12772489238609958
15318,-0.7545424582625144,-0.9665264631985776,0.8387162939607556
116,-0.38149322364670873,0.22822605572018081,0.355495700787328
6644,1.2350534596884497,0.44237980911127905,-2.5438278582532377
13869,-1.077851794929546,-1.2032227169466336,1.3219368871341832
15268,-0.35662327467232163,-0.24516645177593102,0.8387162939607556
14990,-0.48097301954425686,-0.9101702123061833,0.8387162939607556
13757,0.14077570481541946,0.4085660585758425,-1.0941660787329548
8712,-1.077851794929546,-1.1130527155188028,1.3219368871341832
1763,-1.077851794929546,-1.0679677148048874,-0.12772489238609958
1875,0.8620042250726437,-0.2000814510620156,-2.5438278582532377
12157,0.5386948884056122,0.7354323137517292,0.355495700787328
11536,-0.580452815441805,0.17186980482778655,0.8387162939607556
10445,1.2847933576372237,1.434249824817418,-1.0941660787329548
3224,-1.077851794929546,-1.0679677148048874,0.8387162939607556
526,-1.077851794929546,-0.42550645463159265,0.8387162939607556
7725,1.2350534596884497,0.02534355250756146,-1.5773866719063825
2946,-1.077851794929546,-1.1468664660542394,1.3219368871341832
4473,-1.077851794929546,-0.7298302094505217,0.8387162939607556
12091,-1.077851794929546,-1.090510215161845,1.3219368871341832
5655,0.46408504148245106,1.1862823208908833,-0.12772489238609958
8884,1.2847933576372237,1.3778935739250238,-0.6109454855595272
6059,1.8816721330225128,1.8062010807072202,-1.5773866719063825
959,2.1801115207151573,1.7723873301717836,-1.5773866719063825
12636,1.1853135617396753,1.3891648241035026,-2.06060726507981
6342,2.2298514186639316,2.1105248355261494,-1.0941660787329548
3633,0.36460524558490276,-0.8200002108783525,-1.0941660787329548
1050,-1.077851794929546,-1.1355952158757605,0.8387162939607556
8782,-1.077851794929546,-1.169408966411197,0.355495700787328
8711,0.7625244291750957,-0.4367777048100715,-2.06060726507981
3380,0.5635648373799991,0.5776348112530253,-1.0941660787329548
3676,-0.35662327467232163,-0.8538139614137891,0.8387162939607556
5776,-0.4561030705698698,-0.6734739585581274,0.355495700787328
13887,-1.077851794929546,-1.1919514667681548,1.3219368871341832
6573,-0.580452815441805,-1.022882714090972,0.355495700787328
5179,-1.077851794929546,-0.9101702123061833,0.8387162939607556
1607,-0.530712917493031,0.3071248069695328,0.355495700787328
3610,-1.077851794929546,-1.1468664660542394,0.355495700787328
14974,-1.077851794929546,-1.1919514667681548,0.8387162939607556
6635,-0.033313938005289936,-0.2677089521328887,0.8387162939607556
15339,-0.9783719990319979,-1.090510215161845,0.355495700787328
10001,-0.13279373390283822,0.6227198119669407,0.8387162939607556
791,-1.0281118969807719,-0.8650852115922679,0.8387162939607556
8984,2.130371622766383,1.9076423323135299,-1.0941660787329548
3056,0.7873943781494827,1.2539098219617564,0.355495700787328
10047,-0.8788922031344497,-0.04228394856331166,-0.12772489238609958
1980,0.5635648373799991,1.2313673216047987,0.8387162939607556
11425,1.9314120309712868,1.4680635753528546,-2.06060726507981
3598,-0.033313938005289936,-0.6622027083796486,0.8387162939607556
933,-0.40636317262109567,0.39729480839736364,0.355495700787328
12155,0.016425959943484204,0.37475230804040593,-0.6109454855595272
13194,-0.555582866467418,-0.7523727098074794,-0.6109454855595272
7424,2.080631724817609,1.8400148312426567,-1.5773866719063825
5626,-0.8540222541600626,-0.031012698384832806,0.8387162939607556
1682,1.3345332555859974,1.4229785746389392,-0.6109454855595272
4179,-1.077851794929546,-0.42550645463159265,0.8387162939607556
12218,0.2651254496873547,1.0397560685706582,-0.6109454855595272
13156,-0.555582866467418,-0.9890689635555353,-0.12772489238609958
6446,0.6133047353287733,0.7805173144656447,0.8387162939607556
4116,1.7821923371249646,1.3102660728541506,-1.5773866719063825
988,0.11590575584103227,0.12678480411387114,0.355495700787328
11703,-1.003241948006385,-1.1130527155188028,1.3219368871341832
11645,0.3148653476361286,-0.6734739585581274,0.355495700787328
2896,0.46408504148245106,-0.786186460342916,-1.5773866719063825
3778,2.2049814696895442,1.9978123337413607,-0.12772489238609958
5658,2.6029006532797374,2.4937473415944305,-0.6109454855595272
11722,-1.077851794929546,-1.1130527155188028,1.3219368871341832
3093,0.06616585789225812,0.8932298162504332,0.355495700787328
3155,-0.2322735298003864,0.2845823066125751,0.355495700787328
11393,-0.8291523051856755,-0.6058464574872543,0.8387162939607556
1823,-1.077851794929546,-1.2032227169466336,1.3219368871341832
14777,1.2350534596884497,1.7047598291009105,-0.6109454855595272
1098,-1.077851794929546,-1.1919514667681548,0.8387162939607556
10396,0.7376544802007085,1.3778935739250238,-1.0941660787329548
2844,-0.08305383595406408,-0.40296395427463494,-0.12772489238609958
9078,-0.9535020500576108,-1.0116114639124931,0.8387162939607556
3342,0.16564565378980642,-0.3466077033822407,-0.12772489238609958
38,-0.6053227644161921,-0.8312714610568314,0.355495700787328
6540,-0.7545424582625144,-1.0116114639124931,0.355495700787328
14360,1.1355736637909013,1.2426385717832775,-1.0941660787329548
8707,0.09103580686664531,-0.5720327069518177,-0.6109454855595272
3356,-0.20740358082599933,-0.22262395141897331,0.355495700787328
13025,-0.2322735298003864,0.19441230518474426,-0.12772489238609958
9645,-0.530712917493031,0.31839605714801167,0.8387162939607556
11745,-0.2322735298003864,-0.4818627055239869,-1.0941660787329548
11801,1.7324524391761906,1.5582335767806854,-2.06060726507981
12857,0.6879145822519344,0.2845823066125751,-1.5773866719063825
10698,-0.25714347877477345,0.22822605572018081,-0.12772489238609958
11186,0.9117441230214178,1.0848410692845736,-1.0941660787329548
12191,-0.9037621521088367,-0.1324539499911425,0.355495700787328
7813,-1.077851794929546,-0.4367777048100715,1.3219368871341832
14927,-0.4312331215954827,-0.8425427112353102,0.8387162939607556
9098,-1.077851794929546,-1.169408966411197,0.8387162939607556
8220,1.6827125412274162,1.9527273330274453,-0.6109454855595272
14953,-1.077851794929546,-1.2032227169466336,0.355495700787328
10699,1.1853135617396753,1.1524685703554467,-1.0941660787329548
2428,1.2599234086628366,1.1637398205339256,-0.6109454855595272
5043,-0.7794124072369014,-0.8087289606998737,0.8387162939607556
5346,0.46408504148245106,0.7692460642871658,-0.6109454855595272
8954,-0.7296725092881273,0.12678480411387114,0.8387162939607556
11939,-1.077851794929546,-0.7523727098074794,0.8387162939607556
4811,0.2402555007129675,-0.09864019945570593,0.355495700787328
8476,-0.3068833767235475,-0.2000814510620156,0.8387162939607556
686,-1.077851794929546,-1.1468664660542394,0.8387162939607556
4799,-0.9037621521088367,-0.8763564617707468,-0.6109454855595272
7437,0.016425959943484204,0.6903473130378138,0.8387162939607556
2353,-1.0281118969807719,-0.27898020231136755,1.3219368871341832
6353,-1.077851794929546,-0.4367777048100715,1.3219368871341832
13862,-0.10792378492845114,-0.9214414624846622,-1.5773866719063825
4569,2.1801115207151573,2.2345085874894166,-0.6109454855595272
8213,0.7127845312263216,1.355351073568066,0.355495700787328
2752,1.3842731535347719,1.7160310792793894,-0.12772489238609958
9077,-0.8042823562112885,-0.932712712663141,1.3219368871341832
8073,-0.3068833767235475,-0.7298302094505217,-0.12772489238609958
9109,-1.077851794929546,-1.2032227169466336,1.3219368871341832
1040,-0.18253363185161225,-0.6960164589150851,-0.12772489238609958
14174,0.04129590891787117,-0.44804895498855035,0.355495700787328
7491,1.085833765842127,1.5807760771376431,-0.12772489238609958
1265,-0.8788922031344497,-0.031012698384832806,0.8387162939607556
12771,0.19051560276419338,-0.8650852115922679,-1.0941660787329548
14237,-1.077851794929546,-1.2032227169466336,1.3219368871341832
7059,-0.20740358082599933,0.39729480839736364,1.3219368871341832
277,1.1853135617396753,0.25076855607713855,-1.0941660787329548
5084,-0.9286321010832237,-1.1130527155188028,0.8387162939607556
10276,-1.077851794929546,-1.0341539642694508,1.3219368871341832
9437,-1.077851794929546,-1.090510215161845,1.3219368871341832
2382,1.3096633066116106,1.7047598291009105,-0.12772489238609958
571,2.3790711125102537,2.189423586775501,-2.06060726507981
1435,0.16564565378980642,-0.8425427112353102,-0.6109454855595272
12094,0.9614840209701918,-0.30152270266832526,-2.06060726507981
9439,0.16564565378980642,-0.5720327069518177,-0.6109454855595272
5352,1.2101835107140624,1.0961123194630524,-0.6109454855595272
12873,-0.9286321010832237,-0.5156764560594235,-0.12772489238609958
11718,-0.10792378492845114,-0.7298302094505217,-0.6109454855595272
10706,0.46408504148245106,0.8256023151795601,-1.5773866719063825
5445,-0.7048025603137403,-1.0003402137340143,0.355495700787328
1007,-0.7794124072369014,-0.628388957844212,0.8387162939607556
12962,-0.10792378492845114,0.7467035639302081,-0.12772489238609958
4543,-0.033313938005289936,0.8030598148226024,0.355495700787328
12987,1.6329726432786424,1.8062010807072202,-2.06060726507981
15096,-0.033313938005289936,0.600177311609983,0.355495700787328
14242,-0.8291523051856755,-1.090510215161845,0.355495700787328
2064,0.33973529661051577,0.600177311609983,-1.0941660787329548
1136,-0.08305383595406408,-0.6171177076657332,0.355495700787328
9882,0.21538555173858054,-0.7298302094505217,-2.5438278582532377
14215,-1.077851794929546,-1.1919514667681548,1.3219368871341832
5343,1.3345332555859974,1.3102660728541506,0.355495700787328
10177,-0.555582866467418,-0.8650852115922679,-0.6109454855595272
294,-0.10792378492845114,-0.5044052058809446,-0.6109454855595272
9739,1.2101835107140624,1.0284848183921793,-0.6109454855595272
10204,0.3148653476361286,-0.8200002108783525,-2.06060726507981
8780,-0.9535020500576108,-1.101781465340324,0.355495700787328
11521,0.488954990456838,1.1186548198200101,-0.6109454855595272
2403,0.886874174047031,1.276452322318714,0.355495700787328
10321,1.856802184048126,1.2651810721402352,-2.5438278582532377
3998,-1.077851794929546,-1.2032227169466336,0.8387162939607556
14325,-0.033313938005289936,0.03661480268604031,0.8387162939607556
3741,1.4091431025091588,0.9270435667858697,-1.5773866719063825
11700,-1.077851794929546,-1.180680216589676,1.3219368871341832
14167,-0.20740358082599933,-0.44804895498855035,-1.5773866719063825
2719,2.1552415717407705,2.2457798376678957,-1.0941660787329548
14138,-0.38149322364670873,-0.16626770052657905,0.8387162939607556
12713,-1.077851794929546,-1.0341539642694508,0.8387162939607556
5150,-1.0281118969807719,-1.0454252144479297,0.8387162939607556
2808,1.2350534596884497,0.7805173144656447,-1.5773866719063825
9017,0.6381746843031604,0.4987360600036733,0.355495700787328
556,-1.052981845955159,-0.3578789535607195,0.8387162939607556
13707,0.43921509250806384,1.1073835696415313,0.355495700787328
4795,0.7873943781494827,-0.25643770195440985,-1.5773866719063825
2469,1.0112239189189662,0.1831410550062654,-1.5773866719063825
3738,0.6381746843031604,0.4761935596467156,0.355495700787328
4286,0.9366140719958048,0.3296673073264905,-0.6109454855595272
12643,-0.008443989030902977,0.5438210607175887,-2.06060726507981
9908,-0.05818388697967712,-0.54949020659486,-0.12772489238609958
2604,-1.077851794929546,-1.0454252144479297,1.3219368871341832
362,0.2899953986617417,-0.8312714610568314,-0.6109454855595272
6924,-1.077851794929546,-1.2032227169466336,1.3219368871341832
1704,-0.9783719990319979,-0.5156764560594235,0.355495700787328
2139,-0.9535020500576108,-1.022882714090972,1.3219368871341832
3239,0.7873943781494827,-0.5156764560594235,-1.5773866719063825
2383,-0.10792378492845114,0.7016185632162927,0.8387162939607556
7314,-0.25714347877477345,-0.9101702123061833,0.355495700787328
4311,-1.052981845955159,-0.9777977133770565,0.8387162939607556
9477,-1.077851794929546,-1.2032227169466336,1.3219368871341832
1312,-1.052981845955159,-0.4593202051670292,0.8387162939607556
14477,1.085833765842127,1.129926069998489,-0.6109454855595272
3930,0.09103580686664531,-0.18881020088353676,-1.0941660787329548
6183,-1.077851794929546,-1.1919514667681548,1.3219368871341832
13303,2.503420857382189,2.4148485903450783,-2.5438278582532377
1591,0.6133047353287733,1.0961123194630524,-0.12772489238609958
14416,1.9314120309712868,-0.8876277119492256,-1.5773866719063825
2162,-1.077851794929546,-1.1919514667681548,0.8387162939607556
2396,1.4091431025091588,1.659674828386995,-1.0941660787329548
317,-1.052981845955159,-1.101781465340324,1.3219368871341832
9516,-1.077851794929546,-1.1581377162327182,0.355495700787328
11303,-0.3068833767235475,-0.9552552130200987,-1.0941660787329548
5233,0.7127845312263216,1.0397560685706582,-1.0941660787329548
13672,-0.008443989030902977,0.8143310650010812,-0.6109454855595272
5068,-1.077851794929546,-1.1468664660542394,0.8387162939607556
4036,-1.077851794929546,-1.1581377162327182,0.355495700787328
8987,2.030891826868835,1.8062010807072202,-2.06060726507981
3020,-0.25714347877477345,0.13805605429235,0.8387162939607556
9903,-0.7048025603137403,-0.8425427112353102,-0.6109454855595272
11579,-1.077851794929546,-0.786186460342916,0.355495700787328
8228,1.4588830004579327,1.7836585803502625,-0.6109454855595272
12741,0.6879145822519344,-0.5945752073087754,-2.06060726507981
9105,-1.077851794929546,-1.1919514667681548,0.8387162939607556
5295,2.030891826868835,0.46492230946823676,-1.0941660787329548
3972,0.8620042250726437,-0.5269477062379023,-2.5438278582532377
5370,-0.8788922031344497,-0.5156764560594235,0.8387162939607556
4133,-1.003241948006385,-0.40296395427463494,0.8387162939607556
974,-0.6550626623649661,-0.2000814510620156,0.355495700787328
7291,-0.505842968518644,-1.0116114639124931,0.355495700787328
9175,-0.35662327467232163,-0.6734739585581274,0.8387162939607556
954,1.7573223881505777,1.6371323280300374,-1.0941660787329548
9610,0.016425959943484204,0.5100073101821522,-0.12772489238609958
9752,1.2101835107140624,0.7016185632162927,-0.6109454855595272
12327,-0.40636317262109567,-0.38042145391767723,0.355495700787328
13660,1.533492847381094,1.817472330885699,-0.6109454855595272
12457,0.06616585789225812,-0.5945752073087754,-0.12772489238609958
9547,-0.10792378492845114,-0.5156764560594235,-0.6109454855595272
14296,-0.6550626623649661,-0.7411014596290005,0.8387162939607556
5016,-1.077851794929546,-0.8763564617707468,1.3219368871341832
14930,-0.555582866467418,-0.8988989621277045,0.8387162939607556
9179,-0.505842968518644,-0.6960164589150851,0.355495700787328
10874,1.1604436127652884,0.13805605429235,-2.5438278582532377
7490,0.886874174047031,1.4567923251743757,0.355495700787328
13239,0.06616585789225812,0.23949730589865967,-0.6109454855595272
1640,-1.003241948006385,-0.22262395141897331,0.8387162939607556
1290,-0.9037621521088367,-0.09864019945570593,0.8387162939607556
11873,0.8122643271238696,1.4004360742819815,-0.6109454855595272
1380,-1.077851794929546,-0.9777977133770565,-0.12772489238609958
1933,1.3096633066116106,1.2200960714263198,-0.6109454855595272
4675,-0.6550626623649661,-0.7185589592720428,0.355495700787328
14029,-0.3317533256979346,0.4987360600036733,0.8387162939607556
11352,0.7127845312263216,-0.5269477062379023,-1.5773866719063825
10222,-1.052981845955159,-1.180680216589676,0.8387162939607556
892,-0.580452815441805,0.3071248069695328,1.3219368871341832
7287,-1.052981845955159,-1.180680216589676,1.3219368871341832
4876,0.9366140719958048,1.287723572497193,0.355495700787328
12261,-0.9783719990319979,-0.2677089521328887,0.355495700787328
7906,2.0060218778944483,1.5356910764237277,-2.06060726507981
12447,-1.077851794929546,-1.1355952158757605,1.3219368871341832
8194,2.0060218778944483,2.155609836240065,-1.0941660787329548
14406,1.9314120309712868,-0.9214414624846622,-1.0941660787329548
10301,0.9863539699445792,0.44237980911127905,-0.12772489238609958
9041,-1.052981845955159,-0.8650852115922679,0.8387162939607556
10929,-0.38149322364670873,-0.9552552130200987,-1.0941660787329548
2466,-0.13279373390283822,-0.24516645177593102,0.355495700787328
7657,0.7625244291750957,-0.7636439599859582,-2.06060726507981
10106,-1.077851794929546,-0.707287709093564,0.8387162939607556
9788,-0.6550626623649661,-0.707287709093564,0.8387162939607556
1913,-1.077851794929546,-0.7523727098074794,-0.12772489238609958
13331,0.2651254496873547,1.0284848183921793,-0.6109454855595272
11362,-0.28201342774916044,-0.6960164589150851,-0.12772489238609958
2736,1.1355736637909013,1.6371323280300374,-0.12772489238609958
726,0.33973529661051577,-0.8312714610568314,-1.0941660787329548
7214,-1.0281118969807719,-0.8200002108783525,-0.12772489238609958
8245,1.1107037148165144,1.434249824817418,-0.12772489238609958
1796,0.488954990456838,-0.7636439599859582,-0.6109454855595272
3845,1.4340130514835459,1.7611160799933048,-1.0941660787329548
6402,-0.505842968518644,0.35220980768344823,0.8387162939607556
10745,-1.0281118969807719,-0.2902514524898464,0.8387162939607556
10992,0.11590575584103227,-0.628388957844212,-0.12772489238609958
936,-0.48097301954425686,0.3071248069695328,0.8387162939607556
2265,-0.40636317262109567,-0.2902514524898464,0.355495700787328
824,-1.077851794929546,-0.707287709093564,1.3219368871341832
12513,-0.7794124072369014,-0.32406520302528297,0.8387162939607556
7274,-1.077851794929546,-1.180680216589676,1.3219368871341832
11593,-1.077851794929546,-0.8876277119492256,0.8387162939607556
1389,-1.077851794929546,-1.022882714090972,1.3219368871341832
3564,-1.077851794929546,-0.932712712663141,0.8387162939607556
9076,0.9863539699445792,-0.38042145391767723,-1.0941660787329548
5429,0.9117441230214178,-0.47059145534550806,-0.6109454855595272
7827,0.7625244291750957,1.3778935739250238,-0.6109454855595272
5690,0.11590575584103227,0.757974814108687,0.355495700787328
13059,0.2402555007129675,-0.08736894927722708,-0.6109454855595272
7878,0.7873943781494827,1.2426385717832775,0.355495700787328
1868,0.04129590891787117,-0.5607614567733389,-0.6109454855595272
13373,-1.077851794929546,-0.5833039571302966,1.3219368871341832
8202,-1.0281118969807719,-0.2677089521328887,0.8387162939607556
11607,-0.033313938005289936,-0.3353364532037618,0.355495700787328
7486,-0.530712917493031,0.3634810578619271,0.8387162939607556
9655,2.7272503981516727,2.5501035924868245,-0.12772489238609958
806,-0.10792378492845114,-0.08736894927722708,-0.6109454855595272
4805,0.2651254496873547,-0.27898020231136755,-0.12772489238609958
13559,0.5884347863543863,-0.3466077033822407,-1.5773866719063825
12260,2.2795913166127058,2.121796085704628,-2.5438278582532377
10300,0.6630446332775474,0.27331105643409626,-0.6109454855595272
14051,2.030891826868835,1.9865410835628818,-2.06060726507981
15276,-1.077851794929546,-0.932712712663141,0.355495700787328
10426,-0.35662327467232163,0.4536510592897579,-0.12772489238609958
9155,0.2651254496873547,-0.6847452087366063,-0.6109454855595272
7511,1.085833765842127,1.4455210749958969,-0.6109454855595272
8056,-1.077851794929546,-1.1581377162327182,1.3219368871341832
4494,1.2101835107140624,1.2313673216047987,-0.12772489238609958
2632,0.09103580686664531,0.02534355250756146,-0.12772489238609958
13668,-1.077851794929546,-0.4367777048100715,1.3219368871341832
8896,0.5884347863543863,1.0848410692845736,-0.6109454855595272
8623,-0.08305383595406408,0.5100073101821522,0.355495700787328
7832,1.1355736637909013,1.6371323280300374,0.355495700787328
4388,-0.05818388697967712,-0.8763564617707468,-0.6109454855595272
145,-0.8540222541600626,-0.04228394856331166,0.8387162939607556
6467,1.7324524391761906,0.8594160657149966,-2.06060726507981
2033,0.2402555007129675,0.8819585660719543,0.355495700787328
14013,0.9366140719958048,1.3440798233895872,-0.6109454855595272
1165,0.9863539699445792,0.3409385575049694,-0.6109454855595272
11692,-0.505842968518644,-0.9890689635555353,0.355495700787328
2050,1.0360938678933531,1.2200960714263198,-1.0941660787329548
3760,0.6630446332775474,0.8481448155365178,0.355495700787328
10816,0.36460524558490276,0.8030598148226024,-0.12772489238609958
12676,-0.20740358082599933,-0.053555198741790516,-1.0941660787329548
4435,-0.9783719990319979,-0.9214414624846622,0.355495700787328
3430,-0.9286321010832237,-0.14372520016962134,0.8387162939607556
8190,0.7376544802007085,1.355351073568066,-0.12772489238609958
13457,-1.077851794929546,-1.101781465340324,1.3219368871341832
7069,1.1107037148165144,1.4117073244604603,0.355495700787328
4361,-1.077851794929546,-1.2032227169466336,1.3219368871341832
10616,-0.505842968518644,-0.8988989621277045,-1.0941660787329548
9454,0.2402555007129675,-0.707287709093564,-0.12772489238609958
1771,-1.0281118969807719,-1.0566964646264085,0.8387162939607556
3511,0.8122643271238696,1.0848410692845736,-0.12772489238609958
271,0.6381746843031604,0.14932730447082884,-0.12772489238609958
12984,-0.15766368287722518,0.6227198119669407,-1.0941660787329548
15309,-1.077851794929546,-1.1468664660542394,0.8387162939607556
8436,-0.008443989030902977,-0.6509314582011697,0.355495700787328
12605,2.3044612655870926,2.3021360885602897,-2.5438278582532377
12764,-0.8788922031344497,-1.101781465340324,-1.0941660787329548
2032,-0.8540222541600626,-0.08736894927722708,0.355495700787328
14712,0.5635648373799991,0.7128898133947715,-1.0941660787329548
12316,-0.28201342774916044,-0.1775389507050579,-0.6109454855595272
9005,-1.003241948006385,-0.5044052058809446,0.8387162939607556
14837,-1.077851794929546,-0.6058464574872543,0.355495700787328
3810,0.36460524558490276,1.0961123194630524,0.355495700787328
13785,-0.05818388697967712,-0.16626770052657905,-0.12772489238609958
9996,-1.052981845955159,-0.3916927040961561,0.8387162939607556
14095,0.5884347863543863,1.051027318749137,0.355495700787328
4346,0.2651254496873547,-0.7298302094505217,-0.12772489238609958
10653,-0.580452815441805,-0.5382189564163812,0.355495700787328
545,0.4143451435336769,1.1411973201769678,-0.12772489238609958
3241,0.14077570481541946,-0.6960164589150851,-0.6109454855595272
8930,2.080631724817609,2.211966087132459,-0.12772489238609958
8502,1.359403204560385,1.1524685703554467,-0.6109454855595272
11713,-1.077851794929546,-1.1468664660542394,1.3219368871341832
9323,-0.4561030705698698,0.39729480839736364,0.8387162939607556
15218,-0.4561030705698698,0.17186980482778655,0.8387162939607556
12303,2.0060218778944483,1.1411973201769678,-2.5438278582532377
10961,-1.077851794929546,-1.1919514667681548,-0.12772489238609958
7564,1.1107037148165144,0.5776348112530253,-0.6109454855595272
920,-0.13279373390283822,0.6903473130378138,0.355495700787328
14001,0.2402555007129675,0.757974814108687,-0.6109454855595272
11779,-0.8540222541600626,-0.42550645463159265,-0.6109454855595272
6640,-1.077851794929546,-0.9101702123061833,0.8387162939607556
12151,-1.077851794929546,-0.6734739585581274,0.8387162939607556
7694,-0.8788922031344497,-1.022882714090972,0.355495700787328
8230,0.4143451435336769,1.0848410692845736,0.355495700787328
12651,1.7324524391761906,1.4680635753528546,-2.5438278582532377
7126,-1.077851794929546,-0.4367777048100715,1.3219368871341832
4278,-0.35662327467232163,-0.1775389507050579,0.8387162939607556
2983,1.0112239189189662,0.1831410550062654,0.355495700787328
130,-1.052981845955159,-0.4142352044531138,1.3219368871341832
13409,-0.48097301954425686,-0.25643770195440985,-0.12772489238609958
7980,-1.0281118969807719,-1.0566964646264085,0.8387162939607556
2667,-0.2322735298003864,0.2845823066125751,0.355495700787328
7138,1.4837529494323203,1.7611160799933048,-0.12772489238609958
3223,0.04129590891787117,-0.5269477062379023,-0.6109454855595272
9374,0.9117441230214178,0.8481448155365178,-1.0941660787329548
7693,0.4143451435336769,-0.6509314582011697,-0.12772489238609958
5392,-0.2322735298003864,-0.3466077033822407,0.355495700787328
614,1.4588830004579327,0.9270435667858697,-1.5773866719063825
15196,0.7376544802007085,1.5469623266022066,-1.0941660787329548
1466,-1.077851794929546,-1.1919514667681548,0.8387162939607556
4497,-0.15766368287722518,0.3860235582188848,0.355495700787328
3042,-1.0281118969807719,-0.4142352044531138,0.8387162939607556
9126,-0.40636317262109567,-0.9777977133770565,-0.12772489238609958
2419,-0.35662327467232163,0.25076855607713855,-0.12772489238609958
5085,-0.9783719990319979,-1.1355952158757605,-0.12772489238609958
3294,-1.077851794929546,-1.1919514667681548,0.8387162939607556
6737,-0.25714347877477345,0.6227198119669407,0.8387162939607556
1500,-0.033313938005289936,-0.6171177076657332,-0.6109454855595272
13014,1.0112239189189662,1.1186548198200101,-0.6109454855595272
9018,-0.08305383595406408,0.09297105357843458,0.8387162939607556
1521,-1.077851794929546,-0.9439839628416199,1.3219368871341832
14000,-0.28201342774916044,0.35220980768344823,0.355495700787328
11122,1.7821923371249646,2.0316260842767973,-0.6109454855595272
4232,2.080631724817609,1.9301848326704876,-2.5438278582532377
7686,-0.13279373390283822,-0.8425427112353102,-0.12772489238609958
8820,-0.555582866467418,-0.6622027083796486,0.8387162939607556
4430,0.09103580686664531,-0.4818627055239869,-0.12772489238609958
12045,-1.052981845955159,-1.180680216589676,-0.12772489238609958
390,-0.35662327467232163,-0.8425427112353102,-1.0941660787329548
12537,0.8122643271238696,1.0961123194630524,-0.6109454855595272
15134,0.06616585789225812,1.051027318749137,-0.6109454855595272
7124,-0.8788922031344497,-0.04228394856331166,0.8387162939607556
5913,0.5138249394312252,0.12678480411387114,0.8387162939607556
12182,-1.077851794929546,-0.49313395570246576,0.8387162939607556
8592,1.359403204560385,1.7273023294578682,-0.6109454855595272
4806,-1.077851794929546,-0.9890689635555353,1.3219368871341832
13327,-0.580452815441805,0.31839605714801167,-0.6109454855595272
13749,2.1055016737919963,1.6033185774946008,-2.5438278582532377
11551,-0.6550626623649661,-0.019741448206353953,0.8387162939607556
8238,-1.0281118969807719,-0.3353364532037618,0.8387162939607556
8044,-0.4312331215954827,-0.9552552130200987,0.8387162939607556
15013,-0.008443989030902977,-0.47059145534550806,0.8387162939607556
3993,-1.077851794929546,-1.1919514667681548,0.8387162939607556
11834,-0.40636317262109567,0.41983730875432135,0.355495700787328
11918,1.533492847381094,1.4004360742819815,-1.5773866719063825
14661,0.2651254496873547,-0.3691502037391984,-0.6109454855595272
13400,-0.555582866467418,-0.21135270124049446,0.355495700787328
6609,-1.077851794929546,-1.1130527155188028,1.3219368871341832
5319,1.1107037148165144,1.4680635753528546,-0.6109454855595272
15102,2.7272503981516727,2.69662984480705,-0.6109454855595272
7119,-0.7545424582625144,0.12678480411387114,0.355495700787328
2421,-1.003241948006385,-0.4367777048100715,0.8387162939607556
5604,-0.8788922031344497,-0.1775389507050579,1.3219368871341832
1750,0.43921509250806384,-0.23389520159745217,0.355495700787328
15072,0.16564565378980642,0.7917885646441235,-0.12772489238609958
13846,0.43921509250806384,-0.7185589592720428,-1.0941660787329548
12254,-0.13279373390283822,0.6339910621454196,0.355495700787328
14912,0.016425959943484204,-0.54949020659486,-0.12772489238609958
338,-1.077851794929546,-1.1919514667681548,1.3219368871341832
8407,-1.077851794929546,-1.1919514667681548,1.3219368871341832
11855,-1.052981845955159,-0.3353364532037618,0.355495700787328
1341,1.3842731535347719,0.9608573173213063,-1.0941660787329548
14652,-0.4312331215954827,-0.7298302094505217,-0.12772489238609958
7982,-1.052981845955159,-1.0792389649833662,0.8387162939607556
12086,0.5635648373799991,-0.5156764560594235,-1.5773866719063825
3640,-0.033313938005289936,-0.9101702123061833,-0.6109454855595272
329,-1.077851794929546,-1.169408966411197,1.3219368871341832
13563,0.33973529661051577,-0.3691502037391984,-0.6109454855595272
3004,-1.077851794929546,-0.786186460342916,1.3219368871341832
6960,-1.003241948006385,-1.101781465340324,0.8387162939607556
4090,0.6630446332775474,0.25076855607713855,-0.6109454855595272
11307,-1.077851794929546,-1.2032227169466336,-0.12772489238609958
9828,-0.9783719990319979,-1.101781465340324,0.8387162939607556
2322,-1.077851794929546,-0.49313395570246576,1.3219368871341832
6667,0.16564565378980642,0.3296673073264905,0.355495700787328
7009,-0.2322735298003864,-0.23389520159745217,0.355495700787328
4197,0.9117441230214178,1.4906060757098123,-0.12772489238609958
3549,0.2899953986617417,0.13805605429235,-1.5773866719063825
9650,0.5884347863543863,1.2426385717832775,0.355495700787328
8363,-0.10792378492845114,-0.8200002108783525,0.355495700787328
4203,-0.35662327467232163,0.5100073101821522,-0.12772489238609958
14304,-1.077851794929546,-0.9439839628416199,1.3219368871341832
11761,0.19051560276419338,0.04788605286451916,0.355495700787328
12418,-1.077851794929546,-1.1919514667681548,1.3219368871341832
13722,-0.4312331215954827,0.3409385575049694,1.3219368871341832
13350,1.533492847381094,1.7611160799933048,-1.5773866719063825
13816,-1.077851794929546,-1.0679677148048874,0.8387162939607556
6185,0.21538555173858054,-0.8425427112353102,0.355495700787328
1639,1.6329726432786424,1.9414560828489664,-0.12772489238609958
9130,-1.077851794929546,-1.1919514667681548,1.3219368871341832
60,-1.077851794929546,-0.9439839628416199,1.3219368871341832
1240,1.4340130514835459,1.738573579636347,-0.12772489238609958
5760,0.21538555173858054,-0.18881020088353676,0.355495700787328
5136,-1.077851794929546,-1.1468664660542394,1.3219368871341832
2343,2.652640551228511,2.4824760914159514,-2.06060726507981
2120,-0.008443989030902977,-0.4593202051670292,-0.12772489238609958
1524,0.5635648373799991,0.04788605286451916,-0.12772489238609958
7617,-0.08305383595406408,-0.6847452087366063,0.355495700787328
153,-0.580452815441805,0.29585355679105396,1.3219368871341832
481,-1.052981845955159,-0.49313395570246576,0.8387162939607556
6122,-1.0281118969807719,-0.8538139614137891,0.8387162939607556
12652,-0.8788922031344497,-0.30152270266832526,-1.5773866719063825
7674,-0.7545424582625144,-1.0566964646264085,-0.12772489238609958
7101,-1.003241948006385,-0.22262395141897331,0.8387162939607556
12112,-1.077851794929546,-0.9777977133770565,1.3219368871341832
1762,0.9863539699445792,-0.24516645177593102,-2.5438278582532377
8942,0.8371342760982567,1.4455210749958969,-0.12772489238609958
7715,-0.530712917493031,-0.7411014596290005,0.355495700787328
9977,0.4143451435336769,0.8030598148226024,-0.12772489238609958
13946,-0.9783719990319979,-0.7636439599859582,1.3219368871341832
7479,0.7625244291750957,1.4004360742819815,-0.6109454855595272
6212,-0.8540222541600626,-1.090510215161845,0.8387162939607556
12693,-0.555582866467418,-0.47059145534550806,0.8387162939607556
4853,-0.3068833767235475,0.1831410550062654,0.355495700787328
2711,0.9863539699445792,1.51314857606677,-0.12772489238609958
6766,0.6133047353287733,1.2426385717832775,-0.12772489238609958
4150,0.11590575584103227,0.7692460642871658,-0.12772489238609958
12385,-1.052981845955159,-1.1468664660542394,0.355495700787328
1333,0.21538555173858054,0.5438210607175887,-0.12772489238609958
14451,1.4340130514835459,1.659674828386995,-1.0941660787329548
11046,0.6133047353287733,0.521278560360631,-0.6109454855595272
8378,0.2899953986617417,-0.8312714610568314,-0.6109454855595272
9328,0.14077570481541946,0.8706873158934755,0.8387162939607556
14419,2.4039410614846406,-0.9214414624846622,0.355495700787328
14894,-1.077851794929546,-0.9777977133770565,1.3219368871341832
10250,-1.052981845955159,-1.1243239656972817,0.355495700787328
14006,0.5884347863543863,1.0397560685706582,-0.12772489238609958
3850,1.5583627963554811,1.8062010807072202,-0.12772489238609958
8340,1.06096381686774,-0.27898020231136755,-1.5773866719063825
4124,1.1604436127652884,1.129926069998489,-0.12772489238609958
13081,-0.4312331215954827,-0.6622027083796486,-0.12772489238609958
13765,1.0360938678933531,0.6903473130378138,-1.5773866719063825
11555,-0.9286321010832237,-0.3466077033822407,1.3219368871341832
4788,-0.6301927133905793,-0.8200002108783525,-0.12772489238609958
2866,0.9117441230214178,-0.3916927040961561,-0.6109454855595272
11968,-1.052981845955159,-0.8988989621277045,1.3219368871341832
1386,-0.48097301954425686,-0.6058464574872543,0.355495700787328
5941,1.7821923371249646,1.287723572497193,-0.12772489238609958
3067,0.19051560276419338,0.904501066428912,0.8387162939607556
13913,-0.580452815441805,-0.8538139614137891,0.8387162939607556
3629,-1.052981845955159,-1.180680216589676,0.8387162939607556
14526,1.4091431025091588,0.25076855607713855,-2.06060726507981
12989,0.2651254496873547,0.9157723166073909,-1.0941660787329548
13742,2.0060218778944483,1.6822173287439528,-2.06060726507981
3028,1.8816721330225128,1.51314857606677,-2.5438278582532377
2969,-0.8291523051856755,-0.8650852115922679,0.355495700787328
11664,-0.555582866467418,-1.0116114639124931,-0.12772489238609958
9900,0.04129590891787117,-0.6058464574872543,-1.0941660787329548
11145,-0.530712917493031,0.3409385575049694,0.8387162939607556
8646,-0.3068833767235475,0.03661480268604031,-0.12772489238609958
6136,-0.7296725092881273,-0.7523727098074794,0.8387162939607556
8801,0.6381746843031604,-0.47059145534550806,-1.0941660787329548
4263,-0.3068833767235475,0.03661480268604031,-0.12772489238609958
13018,1.1853135617396753,1.1524685703554467,-1.0941660787329548
645,0.2402555007129675,-0.16626770052657905,-0.6109454855595272
14824,-0.3317533256979346,0.3860235582188848,-0.6109454855595272
2074,0.488954990456838,0.46492230946823676,-0.6109454855595272
12244,-0.6550626623649661,0.2056835553632231,1.3219368871341832
341,-1.077851794929546,-1.1919514667681548,0.8387162939607556
8041,0.04129590891787117,-0.8538139614137891,-0.6109454855595272
1622,-0.05818388697967712,0.7805173144656447,0.355495700787328
12875,-0.530712917493031,-0.1549964503481002,-0.6109454855595272
7141,1.0360938678933531,1.4567923251743757,-0.12772489238609958
5796,-1.077851794929546,-1.1355952158757605,1.3219368871341832
7184,-0.555582866467418,-0.1324539499911425,1.3219368871341832
14328,-1.077851794929546,-0.786186460342916,0.8387162939607556
8232,2.1055016737919963,2.133067335883107,-0.12772489238609958
5475,-1.077851794929546,-1.2032227169466336,0.8387162939607556
10281,-0.8291523051856755,-0.8087289606998737,1.3219368871341832
12116,-1.077851794929546,-0.9214414624846622,1.3219368871341832
10367,-1.077851794929546,-0.44804895498855035,1.3219368871341832
14219,-1.077851794929546,-1.1919514667681548,1.3219368871341832
74,-1.077851794929546,-0.8425427112353102,1.3219368871341832
15182,-0.9037621521088367,0.11551355393539228,0.355495700787328
15235,0.7873943781494827,0.679076062859335,-2.06060726507981
10849,1.1853135617396753,0.6452623123238984,-1.0941660787329548
11372,-0.40636317262109567,-0.6396602080226909,-0.12772489238609958
10268,-0.530712917493031,-0.7749152101644371,0.8387162939607556
8633,1.7573223881505777,1.4906060757098123,0.355495700787328
14176,-1.0281118969807719,-0.9777977133770565,1.3219368871341832
2051,-0.008443989030902977,0.5325498105391099,0.355495700787328
2541,-1.077851794929546,-1.2032227169466336,0.8387162939607556
1301,1.359403204560385,1.6258610778515585,-0.12772489238609958
5877,-1.077851794929546,-1.1130527155188028,1.3219368871341832
7368,-0.9535020500576108,-0.7749152101644371,1.3219368871341832
11622,-0.13279373390283822,-0.5720327069518177,-0.6109454855595272
1304,0.16564565378980642,0.8143310650010812,-0.6109454855595272
8428,0.2899953986617417,-0.6509314582011697,-0.6109454855595272
13963,1.7821923371249646,0.983399817678264,-2.5438278582532377
2599,-0.8291523051856755,-0.8988989621277045,-0.12772489238609958
12808,-0.7048025603137403,-0.9552552130200987,-0.12772489238609958
2573,-1.077851794929546,-1.169408966411197,0.355495700787328
11472,1.06096381686774,1.5356910764237277,-0.6109454855595272
3186,0.9366140719958048,0.4085660585758425,-0.12772489238609958
12145,1.4588830004579327,1.0284848183921793,-2.06060726507981
2768,0.2651254496873547,0.8594160657149966,0.355495700787328
4831,0.09103580686664531,0.14932730447082884,-0.12772489238609958
4223,2.3790711125102537,2.2006948369539803,-1.5773866719063825
14817,-1.077851794929546,-0.5044052058809446,1.3219368871341832
2106,-0.9535020500576108,-0.7974577105213948,0.355495700787328
2679,-0.08305383595406408,0.5325498105391099,-0.12772489238609958
10953,-0.7296725092881273,-1.0679677148048874,0.355495700787328
12880,-1.077851794929546,-0.6847452087366063,0.8387162939607556
13591,-1.077851794929546,-0.8200002108783525,0.8387162939607556
1387,-0.13279373390283822,-0.47059145534550806,0.8387162939607556
14851,1.06096381686774,0.9721285674997852,-1.5773866719063825
14573,-1.077851794929546,-1.169408966411197,0.8387162939607556
13714,2.503420857382189,-0.9214414624846622,-2.5438278582532377
14880,-1.003241948006385,-0.7636439599859582,0.355495700787328
7083,-0.40636317262109567,0.4085660585758425,0.355495700787328
13364,0.5138249394312252,0.9946710678567429,-0.12772489238609958
13192,-1.077851794929546,-1.0679677148048874,0.8387162939607556
1279,0.33973529661051577,1.0848410692845736,0.355495700787328
13221,-0.15766368287722518,-0.1549964503481002,-0.12772489238609958
804,-0.48097301954425686,-0.3353364532037618,0.8387162939607556
1555,-0.4312331215954827,-0.04228394856331166,0.355495700787328
14567,-0.6550626623649661,-0.9439839628416199,0.355495700787328
11382,1.2847933576372237,0.25076855607713855,-2.5438278582532377
4566,1.3096633066116106,1.7273023294578682,0.355495700787328
12994,2.055761775843222,1.9639985832059241,-2.06060726507981
14845,1.6827125412274162,1.4004360742819815,-1.5773866719063825
4841,-0.8540222541600626,-0.40296395427463494,0.8387162939607556
3594,0.9863539699445792,-0.3353364532037618,-1.5773866719063825
6035,0.6630446332775474,1.276452322318714,0.355495700787328
6852,-0.9535020500576108,-0.7749152101644371,-0.6109454855595272
10112,1.9562819799456737,1.1186548198200101,-2.5438278582532377
8705,-1.077851794929546,-1.0792389649833662,0.8387162939607556
4177,0.6133047353287733,1.276452322318714,0.355495700787328
1308,0.11590575584103227,0.7467035639302081,0.355495700787328
9106,0.7625244291750957,-0.7298302094505217,-2.06060726507981
3452,2.57803070430535,2.4937473415944305,0.355495700787328
3695,-0.20740358082599933,-0.6396602080226909,-0.12772489238609958
4242,1.3345332555859974,1.3891648241035026,-0.6109454855595272
11348,-0.3317533256979346,-0.8312714610568314,-0.6109454855595272
2198,0.16564565378980642,-0.8312714610568314,-0.6109454855595272
8966,2.030891826868835,2.054168584633755,-0.12772489238609958
4425,-0.8042823562112885,-0.8876277119492256,-0.12772489238609958
6150,0.3148653476361286,-0.5044052058809446,-1.0941660787329548
943,-0.9535020500576108,-0.25643770195440985,0.8387162939607556
822,0.2899953986617417,0.3860235582188848,0.355495700787328
5005,0.3148653476361286,0.23949730589865967,-0.12772489238609958
6612,-1.077851794929546,-1.101781465340324,0.355495700787328
12469,0.19051560276419338,-0.40296395427463494,-0.12772489238609958
8356,-1.077851794929546,-1.1468664660542394,0.8387162939607556
5619,-1.077851794929546,-0.44804895498855035,1.3219368871341832
4547,1.2350534596884497,1.7047598291009105,-0.6109454855595272
12175,-1.052981845955159,-0.44804895498855035,1.3219368871341832
2538,-1.077851794929546,-1.2032227169466336,1.3219368871341832
14969,-1.052981845955159,-1.180680216589676,0.8387162939607556
9503,-0.48097301954425686,-0.9777977133770565,0.8387162939607556
5207,1.3345332555859974,0.983399817678264,-0.12772489238609958
14609,-1.077851794929546,-1.1919514667681548,1.3219368871341832
13837,-0.3317533256979346,-0.8538139614137891,-0.12772489238609958
13575,-0.48097301954425686,-0.4818627055239869,0.355495700787328
3054,1.06096381686774,1.4117073244604603,-0.6109454855595272
3675,-0.6053227644161921,-0.932712712663141,-0.12772489238609958
7776,0.8371342760982567,0.9383148169643486,-0.12772489238609958
7218,-1.077851794929546,-0.932712712663141,1.3219368871341832
6722,1.6578425922530293,1.896371082135051,-1.0941660787329548
3300,0.2402555007129675,-0.7749152101644371,-1.0941660787329548
3310,-0.033313938005289936,-0.7636439599859582,0.355495700787328
7221,-0.35662327467232163,-0.44804895498855035,0.8387162939607556
8519,1.4340130514835459,1.4680635753528546,-0.6109454855595272
10682,-0.35662327467232163,-0.031012698384832806,-0.6109454855595272
5954,1.9314120309712868,1.6145898276730797,-0.6109454855595272
10998,-0.35662327467232163,-0.7185589592720428,-0.12772489238609958
12600,0.9614840209701918,1.51314857606677,-1.0941660787329548
832,-0.40636317262109567,0.059157303042998016,-0.12772489238609958
11271,-1.077851794929546,-1.1243239656972817,1.3219368871341832
3462,-0.8540222541600626,0.0028010521506037526,0.355495700787328
13489,-0.8788922031344497,-1.101781465340324,-0.6109454855595272
14329,0.43921509250806384,0.35220980768344823,0.355495700787328
7643,0.2402555007129675,-0.8200002108783525,-0.12772489238609958
54,-0.6053227644161921,-0.6847452087366063,-0.6109454855595272
12256,2.2795913166127058,2.1668810864185435,-1.5773866719063825
3451,1.6827125412274162,1.975269833384403,-0.6109454855595272
6305,-1.052981845955159,-0.628388957844212,1.3219368871341832
10093,-0.9286321010832237,-0.3466077033822407,0.8387162939607556
1481,-1.077851794929546,-1.1581377162327182,0.8387162939607556
4873,-0.9286321010832237,-0.23389520159745217,0.355495700787328
13087,0.2899953986617417,-0.4818627055239869,-2.5438278582532377
8038,-0.35662327467232163,-0.9552552130200987,0.355495700787328
12342,0.7376544802007085,-0.1324539499911425,-0.6109454855595272
3335,-0.3317533256979346,-0.628388957844212,0.355495700787328
6016,2.478550908407802,2.437391090702036,0.355495700787328
4926,0.6630446332775474,1.3215373230326295,-0.6109454855595272
9138,-0.555582866467418,-0.9890689635555353,0.355495700787328
5797,0.46408504148245106,-0.6058464574872543,-0.6109454855595272
11485,0.016425959943484204,0.8481448155365178,-0.12772489238609958
10353,0.16564565378980642,0.7467035639302081,-0.12772489238609958
15085,2.030891826868835,2.121796085704628,-2.5438278582532377
5083,-0.8540222541600626,-1.0792389649833662,-0.12772489238609958
6645,0.3894751945592899,0.09297105357843458,-1.5773866719063825
12481,1.2350534596884497,0.29585355679105396,-2.06060726507981
11249,-0.9535020500576108,-0.8763564617707468,0.8387162939607556
5490,-1.077851794929546,-1.180680216589676,1.3219368871341832
768,-0.9783719990319979,-1.0116114639124931,0.8387162939607556
2065,0.16564565378980642,0.4761935596467156,-0.6109454855595272
14586,-0.9037621521088367,-1.1130527155188028,-0.6109454855595272
11687,-1.077851794929546,-1.1919514667681548,1.3219368871341832
7311,-0.7794124072369014,-1.0566964646264085,-0.12772489238609958
8477,-1.0281118969807719,-0.7411014596290005,0.8387162939607556
15249,-0.8540222541600626,-0.5044052058809446,0.355495700787328
4524,1.533492847381094,1.7836585803502625,0.355495700787328
11568,1.533492847381094,1.0397560685706582,-2.06060726507981
10524,-1.077851794929546,-1.0454252144479297,1.3219368871341832
2717,0.2402555007129675,1.0172135682137005,0.355495700787328
2079,-0.8788922031344497,-0.49313395570246576,0.355495700787328
11581,-0.15766368287722518,-0.04228394856331166,-0.12772489238609958
8914,2.0060218778944483,2.1105248355261494,-0.12772489238609958
951,-1.077851794929546,-0.5607614567733389,1.3219368871341832
8058,-1.077851794929546,-1.1468664660542394,0.355495700787328
2482,-1.077851794929546,-1.0116114639124931,1.3219368871341832
10454,1.0112239189189662,1.1637398205339256,-1.5773866719063825
9181,-1.0281118969807719,-0.9665264631985776,0.355495700787328
11404,-0.4561030705698698,-0.21135270124049446,-0.6109454855595272
1759,-0.35662327467232163,-0.6396602080226909,-0.6109454855595272
9984,0.6381746843031604,1.0397560685706582,-0.6109454855595272
4422,-0.9535020500576108,-0.9890689635555353,0.355495700787328
6704,0.5138249394312252,1.0284848183921793,-0.12772489238609958
13671,2.2547213676383184,1.6484035782085162,-2.5438278582532377
9916,-0.4312331215954827,-0.6058464574872543,0.8387162939607556
5182,-1.052981845955159,-0.8312714610568314,-0.12772489238609958
8533,-1.077851794929546,-0.4818627055239869,1.3219368871341832
3701,-1.077851794929546,-1.0454252144479297,1.3219368871341832
4243,-0.8042823562112885,-0.14372520016962134,0.355495700787328
688,-1.003241948006385,-1.090510215161845,0.355495700787328
3432,-0.05818388697967712,0.7128898133947715,0.8387162939607556
13395,-0.7048025603137403,-0.2677089521328887,0.8387162939607556
4944,-0.48097301954425686,0.3634810578619271,0.8387162939607556
966,-0.25714347877477345,0.23949730589865967,-0.12772489238609958
14895,-0.8042823562112885,-0.7298302094505217,0.8387162939607556
14564,-1.077851794929546,-1.1355952158757605,1.3219368871341832
10395,-0.13279373390283822,0.7241610635732504,-0.12772489238609958
2713,-0.3317533256979346,0.5438210607175887,0.8387162939607556
4757,0.488954990456838,-0.7411014596290005,-1.5773866719063825
13290,-0.20740358082599933,0.5663635610745464,0.355495700787328
12350,-0.6799326113393532,-0.7749152101644371,0.355495700787328
14654,1.0112239189189662,-0.23389520159745217,-2.06060726507981
6320,1.5583627963554811,1.4229785746389392,-0.6109454855595272
13472,-0.6053227644161921,-0.932712712663141,0.355495700787328
5975,-0.9783719990319979,-0.2677089521328887,0.8387162939607556
3572,-0.35662327467232163,-0.49313395570246576,0.355495700787328
12997,0.2402555007129675,0.8256023151795601,-1.0941660787329548
5299,0.9614840209701918,1.5018773258882911,0.355495700787328
1990,0.5884347863543863,1.276452322318714,0.355495700787328
12312,-0.4561030705698698,-0.23389520159745217,0.355495700787328
12951,1.2847933576372237,1.738573579636347,-0.6109454855595272
1205,1.3842731535347719,1.2989948226756718,-0.6109454855595272
13490,-0.6053227644161921,-1.022882714090972,-0.6109454855595272
13050,0.3148653476361286,0.09297105357843458,-1.0941660787329548
4971,0.6630446332775474,1.0059423180352216,-0.12772489238609958
14924,-0.20740358082599933,-0.7411014596290005,-0.12772489238609958
13226,-1.077851794929546,-0.8200002108783525,1.3219368871341832
6783,2.080631724817609,2.0090835839198395,-0.12772489238609958
3600,-1.0281118969807719,-1.0679677148048874,0.8387162939607556
6490,-0.9783719990319979,-0.8312714610568314,1.3219368871341832
8609,2.3044612655870926,2.121796085704628,-1.5773866719063825
15307,-0.6799326113393532,-0.9439839628416199,1.3219368871341832
13888,-1.077851794929546,-1.180680216589676,0.8387162939607556
8070,-1.077851794929546,-1.1130527155188028,1.3219368871341832
8577,2.677510500202898,2.538832342308346,-1.5773866719063825
7973,0.016425959943484204,-0.5607614567733389,0.355495700787328
14300,1.2847933576372237,0.03661480268604031,-1.5773866719063825
1625,2.1055016737919963,2.223237337310938,-0.6109454855595272
536,0.7625244291750957,1.4004360742819815,-0.6109454855595272
8766,-1.077851794929546,-1.1919514667681548,1.3219368871341832
7970,-1.077851794929546,-1.0566964646264085,1.3219368871341832
13224,-0.505842968518644,-0.32406520302528297,-2.06060726507981
4212,2.652640551228511,2.448662340880515,-2.06060726507981
6456,-0.555582866467418,-0.16626770052657905,0.8387162939607556
3507,0.8371342760982567,1.1524685703554467,-0.6109454855595272
8393,-1.003241948006385,-1.1581377162327182,1.3219368871341832
9524,-1.077851794929546,-1.1355952158757605,1.3219368871341832
7112,1.7573223881505777,2.0203548340983186,-0.6109454855595272
11694,-1.077851794929546,-1.1919514667681548,1.3219368871341832
2708,-1.052981845955159,-0.3578789535607195,1.3219368871341832
5031,0.16564565378980642,-0.24516645177593102,-1.0941660787329548
6514,0.2402555007129675,-0.5156764560594235,-0.12772489238609958
4662,-0.20740358082599933,-0.3466077033822407,-0.12772489238609958
4021,-0.505842968518644,-0.9890689635555353,0.355495700787328
1854,-0.10792378492845114,-0.7411014596290005,-0.12772489238609958
14479,-0.15766368287722518,0.3296673073264905,0.355495700787328
2872,0.6879145822519344,-0.5156764560594235,-0.6109454855595272
3030,0.5635648373799991,0.8030598148226024,-0.12772489238609958
9397,0.5138249394312252,0.1831410550062654,-0.6109454855595272
1645,1.7573223881505777,1.9978123337413607,-1.5773866719063825
3417,1.359403204560385,1.5695048269591643,-0.12772489238609958
3476,1.2101835107140624,1.6484035782085162,0.355495700787328
14662,0.3894751945592899,-0.3127939528468041,-0.12772489238609958
11053,0.2899953986617417,0.44237980911127905,0.355495700787328
1792,-0.9286321010832237,-1.0792389649833662,-0.12772489238609958
13718,1.8816721330225128,1.9301848326704876,-1.5773866719063825
3797,-0.3317533256979346,0.4761935596467156,0.355495700787328
3368,-0.3068833767235475,-0.12118269981266364,0.355495700787328
11559,-0.9535020500576108,-0.4142352044531138,0.8387162939607556
11725,-1.0281118969807719,-1.0454252144479297,0.8387162939607556
7196,1.1107037148165144,0.6339910621454196,-0.12772489238609958
14804,-0.4561030705698698,0.3860235582188848,-0.12772489238609958
5109,-0.05818388697967712,-0.9101702123061833,-0.12772489238609958
6024,2.6277706022541243,2.505018591772909,-2.06060726507981
11641,-0.35662327467232163,-0.8200002108783525,-1.5773866719063825
8795,-0.6550626623649661,-0.9101702123061833,0.355495700787328
11248,-0.25714347877477345,-0.5156764560594235,-0.6109454855595272
14277,-0.505842968518644,-0.8425427112353102,0.355495700787328
126,0.3894751945592899,0.904501066428912,0.8387162939607556
5959,-1.052981845955159,-0.49313395570246576,1.3219368871341832
3876,0.6133047353287733,0.9721285674997852,-0.12772489238609958
11127,0.43921509250806384,1.1750110707124044,-0.6109454855595272
13635,1.6827125412274162,1.6484035782085162,-1.0941660787329548
4451,-1.077851794929546,-0.8876277119492256,0.8387162939607556
7147,0.04129590891787117,0.7354323137517292,0.355495700787328
3531,-0.35662327467232163,0.014072302329082605,0.8387162939607556
10922,-1.077851794929546,-1.169408966411197,0.8387162939607556
827,-0.28201342774916044,0.09297105357843458,0.355495700787328
9831,-1.077851794929546,-1.180680216589676,1.3219368871341832
7790,-0.008443989030902977,0.5550923108960676,0.355495700787328
984,1.1107037148165144,0.6903473130378138,-0.6109454855595272
11473,-0.9286321010832237,-0.12118269981266364,0.8387162939607556
11197,0.6133047353287733,0.757974814108687,-1.0941660787329548
7783,-0.6799326113393532,-0.053555198741790516,0.355495700787328
10380,0.6381746843031604,1.276452322318714,-0.6109454855595272
14707,-1.0281118969807719,-0.5720327069518177,1.3219368871341832
2443,-0.8540222541600626,-0.44804895498855035,0.8387162939607556
8554,-0.4561030705698698,0.41983730875432135,0.8387162939607556
10541,-0.9037621521088367,-1.0003402137340143,0.355495700787328
345,-1.077851794929546,-1.2032227169466336,-0.12772489238609958
814,-1.052981845955159,-0.7185589592720428,1.3219368871341832
6166,0.6630446332775474,-0.5945752073087754,-0.12772489238609958
12999,0.9366140719958048,1.2651810721402352,-1.0941660787329548
11397,1.085833765842127,0.48746480982519447,-1.0941660787329548
13939,-1.052981845955159,-0.8988989621277045,0.8387162939607556
15007,-0.25714347877477345,-0.6171177076657332,0.8387162939607556
11517,-0.8291523051856755,-0.008470198027875101,-0.6109454855595272
12298,-1.077851794929546,-0.7185589592720428,-0.12772489238609958
5779,1.0360938678933531,-0.22262395141897331,-1.0941660787329548
2116,-1.052981845955159,-0.9665264631985776,1.3219368871341832
10026,-0.6550626623649661,0.23949730589865967,0.355495700787328
793,-1.052981845955159,-0.8763564617707468,0.8387162939607556
15260,0.43921509250806384,-0.08736894927722708,0.8387162939607556
6898,-0.7545424582625144,-0.9777977133770565,0.355495700787328
2674,0.9366140719958048,1.1524685703554467,-0.12772489238609958
94,-0.555582866467418,-0.1324539499911425,0.355495700787328
4225,-0.8291523051856755,-0.06482644892026937,0.355495700787328
3756,1.4091431025091588,1.208824821247841,-0.12772489238609958
2891,-1.003241948006385,-1.1355952158757605,1.3219368871341832
2371,-0.033313938005289936,0.8030598148226024,0.8387162939607556
11420,1.8319322350737386,1.3102660728541506,-2.06060726507981
14417,2.428811010459028,-0.8763564617707468,-2.5438278582532377
3228,-1.052981845955159,-1.0566964646264085,1.3219368871341832
7863,-0.3317533256979346,0.5100073101821522,0.8387162939607556
6359,1.8070622860993515,2.0090835839198395,0.8387162939607556
14132,-0.4312331215954827,-0.1324539499911425,0.355495700787328
13102,-0.9535020500576108,-1.0454252144479297,-0.6109454855595272
7326,-1.077851794929546,-1.1581377162327182,-0.12772489238609958
6028,1.359403204560385,1.7611160799933048,-0.12772489238609958
11045,-0.008443989030902977,0.14932730447082884,-0.6109454855595272
13429,0.4143451435336769,-0.09864019945570593,-0.12772489238609958
11104,-1.077851794929546,-0.42550645463159265,0.8387162939607556
1865,0.9863539699445792,-0.32406520302528297,-2.5438278582532377
4612,1.2350534596884497,1.2539098219617564,-1.0941660787329548
10049,-0.40636317262109567,0.46492230946823676,0.355495700787328
2645,-1.0281118969807719,-0.6396602080226909,0.355495700787328
2243,-1.077851794929546,-1.022882714090972,1.3219368871341832
5373,-0.033313938005289936,0.014072302329082605,0.355495700787328
2336,0.19051560276419338,0.904501066428912,0.8387162939607556
950,-1.077851794929546,-0.5607614567733389,1.3219368871341832
11260,-0.8788922031344497,-0.9101702123061833,-0.6109454855595272
1120,-1.052981845955159,-1.1243239656972817,1.3219368871341832
10789,-0.3068833767235475,0.5100073101821522,0.355495700787328
2204,-1.077851794929546,-1.180680216589676,0.355495700787328
419,-1.077851794929546,-1.0116114639124931,0.355495700787328
922,0.14077570481541946,0.904501066428912,0.355495700787328
9446,0.4143451435336769,-0.5833039571302966,-0.12772489238609958
8669,1.085833765842127,0.3860235582188848,-0.12772489238609958
10227,0.14077570481541946,-0.8538139614137891,-0.6109454855595272
5408,0.5138249394312252,-0.27898020231136755,-0.6109454855595272
5788,0.5635648373799991,-0.4818627055239869,-0.6109454855595272
5742,0.33973529661051577,0.14932730447082884,-0.6109454855595272
7667,0.14077570481541946,-0.8650852115922679,-1.5773866719063825
5567,-0.8042823562112885,-0.40296395427463494,0.8387162939607556
8135,-0.20740358082599933,0.1831410550062654,0.355495700787328
1202,0.9366140719958048,0.9946710678567429,-1.0941660787329548
10818,1.1604436127652884,1.2539098219617564,-1.5773866719063825
5765,0.33973529661051577,-0.22262395141897331,-0.12772489238609958
8389,0.04129590891787117,-0.8876277119492256,-0.6109454855595272
1970,2.080631724817609,2.121796085704628,-0.6109454855595272
11302,-0.9535020500576108,-1.1355952158757605,0.8387162939607556
4018,-1.077851794929546,-1.1919514667681548,1.3219368871341832
10343,-0.2322735298003864,0.35220980768344823,-0.12772489238609958
3687,-1.052981845955159,-1.0792389649833662,0.8387162939607556
13108,-1.077851794929546,-1.1581377162327182,-0.12772489238609958
1997,1.4588830004579327,1.8512860814211356,-1.0941660787329548
4033,-1.077851794929546,-1.169408966411197,0.8387162939607556
15186,1.9314120309712868,2.4599335910589937,-2.06060726507981
11246,-0.38149322364670873,-0.5382189564163812,0.355495700787328
1248,1.359403204560385,1.738573579636347,-1.0941660787329548
2192,0.016425959943484204,-0.8763564617707468,-1.0941660787329548
2712,1.0360938678933531,1.5582335767806854,-0.12772489238609958
9184,0.6630446332775474,-0.2000814510620156,-1.0941660787329548
2190,-1.077851794929546,-1.1919514667681548,1.3219368871341832
4670,-0.8042823562112885,-0.7523727098074794,0.8387162939607556
5142,-1.052981845955159,-1.101781465340324,0.355495700787328
5984,0.19051560276419338,0.8819585660719543,-0.12772489238609958
6565,-0.20740358082599933,-0.9439839628416199,0.355495700787328
7804,2.2547213676383184,2.133067335883107,-0.12772489238609958
11954,0.36460524558490276,0.11551355393539228,-1.5773866719063825
6943,-1.052981845955159,-1.169408966411197,0.355495700787328
11789,1.5086228984067072,1.2313673216047987,-2.06060726507981
12903,1.6827125412274162,1.6145898276730797,-2.06060726507981
9510,0.21538555173858054,-0.7749152101644371,0.355495700787328
10055,-0.008443989030902977,0.7805173144656447,-1.0941660787329548
10535,-0.9783719990319979,-1.0116114639124931,0.355495700787328
10641,0.36460524558490276,-0.3578789535607195,-0.12772489238609958
2136,-1.077851794929546,-1.101781465340324,0.8387162939607556
1065,-0.15766368287722518,-0.8876277119492256,-1.0941660787329548
600,0.9863539699445792,1.0284848183921793,-1.0941660787329548
4227,0.4143451435336769,0.983399817678264,-0.12772489238609958
10813,-0.38149322364670873,0.2845823066125751,0.355495700787328
7577,-0.008443989030902977,-0.1549964503481002,0.355495700787328
77,-1.0281118969807719,-0.7298302094505217,0.8387162939607556
7546,1.4091431025091588,1.1524685703554467,-0.12772489238609958
2898,-1.052981845955159,-1.169408966411197,0.8387162939607556
4820,-0.580452815441805,-0.40296395427463494,0.8387162939607556
9506,-1.077851794929546,-1.180680216589676,0.8387162939607556
14291,0.7873943781494827,-0.2677089521328887,-1.5773866719063825
6413,0.2899953986617417,0.9383148169643486,0.355495700787328
9444,-1.052981845955159,-1.090510215161845,0.8387162939607556
9064,0.8122643271238696,-0.25643770195440985,-1.0941660787329548
12042,-1.052981845955159,-1.180680216589676,1.3219368871341832
8007,0.21538555173858054,-0.8200002108783525,-0.6109454855595272
5468,-0.3317533256979346,-0.9665264631985776,-0.12772489238609958
5951,1.3842731535347719,1.2651810721402352,-0.12772489238609958
14989,-1.077851794929546,-1.1355952158757605,-1.0941660787329548
11157,-0.8042823562112885,0.0028010521506037526,0.8387162939607556
3391,-0.6550626623649661,-0.10991144963418478,0.355495700787328
5415,-0.05818388697967712,-0.5607614567733389,-0.12772489238609958
2560,-0.505842968518644,-0.9890689635555353,-0.12772489238609958
15176,-0.20740358082599933,0.8932298162504332,-2.06060726507981
8162,0.33973529661051577,0.8706873158934755,0.355495700787328
2635,-0.20740358082599933,-0.09864019945570593,0.355495700787328
5256,1.2101835107140624,1.5807760771376431,0.355495700787328
3530,0.43921509250806384,0.5889060614315041,-0.12772489238609958
8567,-0.7048025603137403,0.1831410550062654,1.3219368871341832
1908,-0.20740358082599933,-0.04228394856331166,0.8387162939607556
12621,1.6329726432786424,1.8062010807072202,-2.06060726507981
14232,-0.35662327467232163,-0.9777977133770565,-0.12772489238609958
235,-0.40636317262109567,0.12678480411387114,0.355495700787328
12219,0.2402555007129675,1.0284848183921793,-0.12772489238609958
1604,-0.13279373390283822,0.6452623123238984,0.8387162939607556
7984,0.3894751945592899,-0.5833039571302966,-0.12772489238609958
9310,1.7821923371249646,2.0316260842767973,-1.0941660787329548
11869,1.3345332555859974,1.749844829814826,-1.0941660787329548
3490,-1.052981845955159,-0.3916927040961561,1.3219368871341832
15117,2.2298514186639316,2.6515448440931344,-1.5773866719063825
11150,0.4143451435336769,1.0961123194630524,0.355495700787328
1994,0.6630446332775474,1.3328085732111083,-0.12772489238609958
2824,0.6879145822519344,0.23949730589865967,-0.6109454855595272
14267,-1.077851794929546,-1.1468664660542394,1.3219368871341832
10568,-1.077851794929546,-1.1919514667681548,-0.12772489238609958
13924,-0.7545424582625144,-0.8425427112353102,-0.12772489238609958
1342,0.7625244291750957,0.6452623123238984,0.355495700787328
8512,0.5386948884056122,0.8256023151795601,0.8387162939607556
1619,1.1355736637909013,1.6258610778515585,-0.12772489238609958
11905,-0.8042823562112885,-0.08736894927722708,0.8387162939607556
5287,0.46408504148245106,1.1862823208908833,0.355495700787328
2060,-0.6799326113393532,-0.09864019945570593,0.355495700787328
15272,-0.580452815441805,-0.6734739585581274,0.8387162939607556
2219,-0.35662327467232163,-0.8312714610568314,-0.12772489238609958
9865,-1.077851794929546,-1.1919514667681548,-0.12772489238609958
6038,2.1552415717407705,2.1668810864185435,-0.12772489238609958
260,-1.077851794929546,-0.8200002108783525,1.3219368871341832
14387,0.43921509250806384,1.0735698191060947,0.355495700787328
10231,-1.052981845955159,-1.169408966411197,0.8387162939607556
12977,0.5386948884056122,1.1862823208908833,-0.12772489238609958
9093,-0.6799326113393532,-0.9777977133770565,-0.12772489238609958
3744,-0.555582866467418,-0.16626770052657905,0.8387162939607556
2026,0.14077570481541946,0.8594160657149966,-0.12772489238609958
6988,0.3894751945592899,-0.3691502037391984,-0.6109454855595272
4234,1.1355736637909013,1.3778935739250238,-0.12772489238609958
1917,-0.2322735298003864,0.059157303042998016,0.355495700787328
1828,-0.4312331215954827,-0.9777977133770565,-0.6109454855595272
9765,-0.530712917493031,-0.38042145391767723,-0.12772489238609958
12607,2.3293312145614795,2.3021360885602897,-2.5438278582532377
12941,0.3148653476361286,1.0622985689276159,-0.6109454855595272
6233,-1.077851794929546,-1.1468664660542394,1.3219368871341832
14338,-0.8042823562112885,-0.3578789535607195,0.8387162939607556
12846,-0.3068833767235475,-0.3691502037391984,-1.0941660787329548
6283,0.19051560276419338,0.059157303042998016,0.355495700787328
4208,1.06096381686774,1.5469623266022066,-0.6109454855595272
12819,-0.8042823562112885,-0.932712712663141,0.355495700787328
224,-1.0281118969807719,-0.44804895498855035,1.3219368871341832
8915,1.5086228984067072,1.817472330885699,-0.6109454855595272
10002,-0.8291523051856755,-0.031012698384832806,0.8387162939607556
9333,-0.7794124072369014,0.02534355250756146,0.8387162939607556
13721,0.46408504148245106,1.0397560685706582,-0.6109454855595272
6469,1.5583627963554811,0.7467035639302081,-2.06060726507981
13956,-1.052981845955159,-0.7749152101644371,1.3219368871341832
14462,2.2298514186639316,1.9639985832059241,-2.06060726507981
13746,-0.6053227644161921,-0.008470198027875101,0.355495700787328
14932,-1.077851794929546,-1.1468664660542394,0.355495700787328
10954,-0.25714347877477345,-0.9439839628416199,-0.12772489238609958
846,-0.6301927133905793,0.0028010521506037526,1.3219368871341832
4289,-1.003241948006385,-0.7749152101644371,0.8387162939607556
5560,-1.052981845955159,-0.7411014596290005,1.3219368871341832
13234,0.9863539699445792,0.6565335625023773,-2.06060726507981
2551,-1.077851794929546,-1.2032227169466336,1.3219368871341832
13917,0.11590575584103227,-0.5945752073087754,0.8387162939607556
11120,-0.555582866467418,0.3409385575049694,0.355495700787328
117,-0.8788922031344497,-0.23389520159745217,0.8387162939607556
8837,0.3894751945592899,0.10424230375691343,-0.12772489238609958
5966,2.080631724817609,1.8850998319565722,-0.6109454855595272
8195,1.0112239189189662,1.5469623266022066,-0.12772489238609958
12362,0.5884347863543863,-0.47059145534550806,-1.5773866719063825
14043,1.3842731535347719,1.7949298305287413,-1.0941660787329548
8659,0.9366140719958048,0.521278560360631,-0.12772489238609958
7489,-0.6799326113393532,0.19441230518474426,0.8387162939607556
5,-0.13279373390283822,-0.8988989621277045,-0.12772489238609958
5342,1.5583627963554811,1.4455210749958969,-0.12772489238609958
9111,-1.077851794929546,-1.2032227169466336,0.8387162939607556
10787,0.4143451435336769,1.0848410692845736,0.355495700787328
4324,0.36460524558490276,-0.49313395570246576,-1.5773866719063825
1063,-0.6301927133905793,-0.9777977133770565,-0.12772489238609958
2590,-1.077851794929546,-1.1130527155188028,1.3219368871341832
8434,-1.077851794929546,-1.1130527155188028,1.3219368871341832
13046,-1.077851794929546,-0.8312714610568314,0.8387162939607556
9352,-1.077851794929546,-0.5720327069518177,1.3219368871341832
11062,-0.18253363185161225,0.2620398062556174,-0.6109454855595272
3735,-0.505842968518644,-0.23389520159745217,0.8387162939607556
13918,-1.077851794929546,-1.090510215161845,1.3219368871341832
10589,0.04129590891787117,-0.8876277119492256,-0.6109454855595272
3517,0.7127845312263216,0.9383148169643486,0.355495700787328
6986,-0.2322735298003864,-0.6058464574872543,0.355495700787328
11613,-0.6799326113393532,-0.707287709093564,0.355495700787328
10755,-0.38149322364670873,0.5100073101821522,0.8387162939607556
6767,1.1107037148165144,1.5695048269591643,0.355495700787328
5622,-1.077851794929546,-0.4367777048100715,1.3219368871341832
1605,1.6081026943042553,1.8512860814211356,-1.0941660787329548
1733,-1.077851794929546,-0.8988989621277045,1.3219368871341832
10516,0.5635648373799991,-0.18881020088353676,-1.0941660787329548
10901,-1.077851794929546,-1.101781465340324,1.3219368871341832
14349,-0.9037621521088367,-0.3578789535607195,0.8387162939607556
9504,0.3894751945592899,-0.7749152101644371,-0.12772489238609958
11640,-1.077851794929546,-1.1355952158757605,0.8387162939607556
3812,0.8122643271238696,1.4229785746389392,0.8387162939607556
14779,-1.052981845955159,-0.3353364532037618,1.3219368871341832
10554,-1.0281118969807719,-1.1130527155188028,-0.12772489238609958
10167,1.0360938678933531,-0.30152270266832526,-2.5438278582532377
11706,-0.008443989030902977,-0.7974577105213948,-1.5773866719063825
1761,0.886874174047031,-0.25643770195440985,-1.0941660787329548
5401,1.0112239189189662,0.0028010521506037526,-1.5773866719063825
2739,1.8816721330225128,2.0767110849907127,0.355495700787328
13829,0.5386948884056122,-0.54949020659486,-1.5773866719063825
14788,2.080631724817609,-0.8988989621277045,-1.5773866719063825
2472,0.43921509250806384,-0.08736894927722708,-0.12772489238609958
6738,0.6879145822519344,1.3440798233895872,0.355495700787328
6891,-0.7296725092881273,-0.932712712663141,-0.6109454855595272
12199,2.478550908407802,2.369763589631163,-2.5438278582532377
7943,0.5884347863543863,0.09297105357843458,-0.6109454855595272
12910,0.09103580686664531,0.7016185632162927,0.355495700787328
9685,-0.13279373390283822,0.7016185632162927,0.355495700787328
4206,1.2599234086628366,1.6822173287439528,-0.12772489238609958
6371,-0.7296725092881273,0.14932730447082884,0.8387162939607556
10350,0.6381746843031604,1.051027318749137,0.355495700787328
9361,0.5884347863543863,0.8706873158934755,0.355495700787328
10348,2.2795913166127058,1.975269833384403,-2.5438278582532377
232,1.3842731535347719,1.287723572497193,-0.12772489238609958
8258,-0.2322735298003864,0.39729480839736364,0.355495700787328
7561,-1.077851794929546,-0.786186460342916,1.3219368871341832
9795,-1.052981845955159,-1.0116114639124931,0.355495700787328
6168,-1.077851794929546,-1.1581377162327182,0.8387162939607556
11475,2.080631724817609,2.1668810864185435,-1.5773866719063825
3596,0.2402555007129675,-0.5607614567733389,-0.12772489238609958
6288,-1.077851794929546,-0.8087289606998737,1.3219368871341832
4632,1.856802184048126,1.0961123194630524,-2.5438278582532377
125,1.1107037148165144,1.366622323746545,-0.6109454855595272
7641,-0.8540222541600626,-1.0792389649833662,0.355495700787328
6229,-1.077851794929546,-1.1581377162327182,1.3219368871341832
13542,-1.077851794929546,-1.1355952158757605,1.3219368871341832
1296,0.8122643271238696,1.3215373230326295,-0.12772489238609958
1976,1.856802184048126,2.0316260842767973,-0.6109454855595272
14558,-0.05818388697967712,-0.6960164589150851,-0.12772489238609958
14497,0.8620042250726437,0.5889060614315041,-0.6109454855595272
10267,-0.9037621521088367,-0.9439839628416199,1.3219368871341832
12772,0.2651254496873547,-0.8538139614137891,-1.5773866719063825
5750,-1.077851794929546,-0.8876277119492256,0.355495700787328
8152,-0.28201342774916044,0.3071248069695328,0.8387162939607556
14896,-1.077851794929546,-0.9890689635555353,1.3219368871341832
3086,0.2899953986617417,1.0622985689276159,0.355495700787328
14253,-1.077851794929546,-1.180680216589676,1.3219368871341832
6882,-0.3068833767235475,-0.7185589592720428,0.355495700787328
14295,-0.8788922031344497,-0.8650852115922679,1.3219368871341832
7673,-0.35662327467232163,-0.9552552130200987,-0.12772489238609958
3345,-0.8291523051856755,-0.7749152101644371,0.8387162939607556
8172,-1.0281118969807719,-0.3353364532037618,0.355495700787328
14473,1.06096381686774,1.1750110707124044,-1.0941660787329548
5870,-1.077851794929546,-1.1355952158757605,0.355495700787328
6506,-0.35662327467232163,-0.628388957844212,0.8387162939607556
2797,0.9366140719958048,0.9157723166073909,-0.12772489238609958
918,1.8070622860993515,2.0203548340983186,-1.0941660787329548
1646,2.354201163535867,2.3359498390957265,-2.06060726507981
5122,-0.9286321010832237,-1.101781465340324,0.8387162939607556
5126,-1.077851794929546,-1.180680216589676,0.8387162939607556
13170,-0.9535020500576108,-1.0679677148048874,-1.5773866719063825
13623,1.0112239189189662,1.0848410692845736,-0.6109454855595272
4621,1.7573223881505777,1.3778935739250238,-0.6109454855595272
6809,-0.08305383595406408,0.37475230804040593,0.355495700787328
364,0.2651254496873547,-0.8312714610568314,-1.0941660787329548
11479,-0.6550626623649661,0.22822605572018081,-0.12772489238609958
2125,-0.008443989030902977,-0.5269477062379023,-1.0941660787329548
8150,-0.008443989030902977,0.4987360600036733,0.355495700787328
12315,1.4837529494323203,0.6678048126808561,-1.5773866719063825
12761,0.2402555007129675,-0.8312714610568314,-2.5438278582532377
8717,-0.4312331215954827,-0.8312714610568314,0.8387162939607556
13013,0.16564565378980642,0.6114485617884619,-0.6109454855595272
55,0.9366140719958048,-0.07609769909874822,-1.0941660787329548
638,1.1604436127652884,0.31839605714801167,-1.0941660787329548
302,-1.077851794929546,-1.0679677148048874,0.8387162939607556
10958,-1.077851794929546,-1.1919514667681548,1.3219368871341832
5811,-1.077851794929546,-1.169408966411197,0.8387162939607556
1276,1.1853135617396753,1.659674828386995,-0.12772489238609958
14178,-1.077851794929546,-1.0566964646264085,0.8387162939607556
12912,1.0360938678933531,1.355351073568066,-0.12772489238609958
10247,0.09103580686664531,-0.7636439599859582,-1.5773866719063825
13568,0.7127845312263216,-0.16626770052657905,-1.5773866719063825
13337,-0.505842968518644,0.3634810578619271,0.355495700787328
4432,-0.18253363185161225,-0.5607614567733389,-2.06060726507981
3644,-0.8291523051856755,-1.090510215161845,0.8387162939607556
4143,2.080631724817609,1.9301848326704876,-2.06060726507981
2878,-0.8291523051856755,-1.0003402137340143,0.8387162939607556
12394,-0.008443989030902977,-0.8876277119492256,-0.6109454855595272
6493,-0.38149322364670873,-0.49313395570246576,0.8387162939607556
13367,1.359403204560385,1.4793348255313334,-0.12772489238609958
10478,0.14077570481541946,0.22822605572018081,-0.12772489238609958
10453,-0.6301927133905793,0.02534355250756146,0.8387162939607556
5240,2.080631724817609,1.9414560828489664,-1.5773866719063825
14447,-0.3317533256979346,0.46492230946823676,-0.12772489238609958
10488,-1.0281118969807719,-0.7298302094505217,0.8387162939607556
6937,-0.8540222541600626,-1.101781465340324,0.355495700787328
7240,-0.4561030705698698,-0.6960164589150851,0.8387162939607556
14124,1.359403204560385,0.9721285674997852,-2.06060726507981
9945,-0.3068833767235475,-0.08736894927722708,0.8387162939607556
13389,-0.20740358082599933,0.21695480554170196,0.8387162939607556
10160,-0.40636317262109567,-0.6622027083796486,-0.6109454855595272
2593,-1.077851794929546,-1.101781465340324,1.3219368871341832
11309,-0.38149322364670873,-0.9777977133770565,0.355495700787328
2393,1.4588830004579327,1.7160310792793894,-0.6109454855595272
523,1.0112239189189662,1.5469623266022066,-0.6109454855595272
6376,2.7272503981516727,2.572646092843782,-1.5773866719063825
6981,-0.35662327467232163,-0.707287709093564,0.8387162939607556
13716,0.11590575584103227,0.8256023151795601,-0.12772489238609958
6677,1.0360938678933531,0.9946710678567429,-0.6109454855595272
3900,1.2101835107140624,0.8481448155365178,-0.6109454855595272
14793,1.6329726432786424,1.9301848326704876,-1.0941660787329548
12891,0.8122643271238696,0.9383148169643486,-1.5773866719063825
5585,-0.10792378492845114,0.3409385575049694,0.355495700787328
14381,2.2547213676383184,2.155609836240065,-1.5773866719063825
7956,-0.033313938005289936,-0.3691502037391984,-0.12772489238609958
7570,0.2651254496873547,0.08169980339995572,-0.12772489238609958
11314,-1.052981845955159,-1.180680216589676,0.8387162939607556
6777,1.9811519289200612,2.0090835839198395,-1.0941660787329548
12348,-1.077851794929546,-1.0341539642694508,1.3219368871341832
10161,-0.20740358082599933,-0.5945752073087754,-0.6109454855595272
671,0.886874174047031,-0.3466077033822407,-0.6109454855595272
4188,1.6578425922530293,1.9639985832059241,-0.6109454855595272
666,-1.077851794929546,-1.0679677148048874,0.8387162939607556
3266,-1.077851794929546,-1.2032227169466336,-0.12772489238609958
1887,0.5884347863543863,0.02534355250756146,0.355495700787328
11458,-0.4312331215954827,0.3409385575049694,0.355495700787328
8472,-1.077851794929546,-0.8650852115922679,1.3219368871341832
9911,-1.077851794929546,-1.0341539642694508,1.3219368871341832
11139,1.7324524391761906,1.9978123337413607,-0.6109454855595272
12647,-0.4561030705698698,0.1605985546493077,-1.0941660787329548
9091,-1.077851794929546,-1.1581377162327182,1.3219368871341832
7687,-1.077851794929546,-1.169408966411197,0.355495700787328
6031,-0.15766368287722518,0.679076062859335,0.355495700787328
15091,1.9314120309712868,2.223237337310938,-2.06060726507981
6090,1.1355736637909013,0.8256023151795601,-0.6109454855595272
6238,-1.077851794929546,-1.1243239656972817,1.3219368871341832
7350,0.2651254496873547,-0.44804895498855035,0.355495700787328
7830,-0.05818388697967712,0.7805173144656447,-0.12772489238609958
760,-1.077851794929546,-1.1243239656972817,-2.5438278582532377
6254,-1.052981845955159,-1.022882714090972,0.355495700787328
1906,-0.008443989030902977,0.04788605286451916,-0.12772489238609958
12234,0.9863539699445792,1.5356910764237277,-0.6109454855595272
12015,-0.580452815441805,-0.9439839628416199,-1.0941660787329548
12330,0.7873943781494827,0.10424230375691343,-1.0941660787329548
3818,1.4091431025091588,1.817472330885699,0.355495700787328
6269,-1.077851794929546,-0.9439839628416199,0.8387162939607556
4300,-0.3317533256979346,-0.44804895498855035,0.355495700787328
5569,-0.505842968518644,-0.14372520016962134,0.355495700787328
7941,0.36460524558490276,0.03661480268604031,0.355495700787328
10785,-0.10792378492845114,0.7016185632162927,0.355495700787328
4164,2.3293312145614795,2.279593588203332,-1.0941660787329548
11223,-1.077851794929546,-0.8538139614137891,1.3219368871341832
5971,1.856802184048126,1.828743581064178,-0.6109454855595272
3579,-0.580452815441805,-0.6734739585581274,0.8387162939607556
2832,1.1107037148165144,0.2620398062556174,-1.0941660787329548
5449,-1.077851794929546,-1.1919514667681548,1.3219368871341832
3472,-0.8540222541600626,-0.008470198027875101,0.8387162939607556
6327,0.09103580686664531,0.6114485617884619,0.355495700787328
137,1.583232745329868,1.7723873301717836,-0.6109454855595272
7043,-0.6550626623649661,-0.12118269981266364,1.3219368871341832
4892,1.7573223881505777,1.9414560828489664,-1.0941660787329548
2180,-1.077851794929546,-1.2032227169466336,0.8387162939607556
10320,0.6133047353287733,0.600177311609983,-1.5773866719063825
7730,0.6381746843031604,0.02534355250756146,-1.0941660787329548
3177,-0.9535020500576108,-0.5833039571302966,0.8387162939607556
4854,0.488954990456838,0.7354323137517292,-0.6109454855595272
4637,1.085833765842127,0.6565335625023773,-1.0941660787329548
5115,-0.48097301954425686,-0.9890689635555353,-0.12772489238609958
14290,0.21538555173858054,-0.4593202051670292,-1.5773866719063825
7648,-0.3317533256979346,-0.9552552130200987,-0.12772489238609958
4261,0.3148653476361286,0.44237980911127905,0.355495700787328
12536,0.14077570481541946,0.6339910621454196,-0.6109454855595272
1331,-1.052981845955159,-0.5720327069518177,0.8387162939607556
10209,-1.077851794929546,-1.2032227169466336,0.8387162939607556
12734,-0.7296725092881273,-0.932712712663141,-0.6109454855595272
10674,-0.9037621521088367,-0.54949020659486,-0.12772489238609958
7002,0.11590575584103227,-0.16626770052657905,0.355495700787328
9550,-0.580452815441805,-0.6847452087366063,0.355495700787328
6941,-0.8540222541600626,-1.090510215161845,-0.12772489238609958
8017,-0.25714347877477345,-0.9439839628416199,-0.6109454855595272
6241,-0.4312331215954827,-0.8087289606998737,0.8387162939607556
9521,-0.580452815441805,-0.9214414624846622,0.355495700787328
15319,-1.077851794929546,-1.0566964646264085,0.8387162939607556
6881,-0.6301927133905793,-0.8200002108783525,-0.12772489238609958
13051,0.04129590891787117,-0.053555198741790516,-0.6109454855595272
10342,-0.25714347877477345,0.31839605714801167,0.355495700787328
4530,-1.077851794929546,-0.42550645463159265,1.3219368871341832
10314,-1.052981845955159,-0.6960164589150851,0.8387162939607556
4673,-1.003241948006385,-0.9101702123061833,0.355495700787328
12173,1.6081026943042553,1.592047327316122,-1.0941660787329548
6996,-1.077851794929546,-1.0003402137340143,0.8387162939607556
1252,0.7127845312263216,1.3440798233895872,-0.12772489238609958
11470,1.3842731535347719,1.7273023294578682,-1.0941660787329548
3374,-1.052981845955159,-0.6960164589150851,0.8387162939607556
2814,-1.077851794929546,-0.7974577105213948,1.3219368871341832
4719,-1.077851794929546,-1.1919514667681548,1.3219368871341832
6544,-1.077851794929546,-1.1919514667681548,0.8387162939607556
10040,-0.033313938005289936,0.8030598148226024,0.355495700787328
4858,1.5583627963554811,1.4117073244604603,-0.12772489238609958
7901,1.583232745329868,1.4117073244604603,0.355495700787328
11229,0.36460524558490276,0.03661480268604031,-1.5773866719063825
8580,1.5583627963554811,1.896371082135051,-0.12772489238609958
8427,-1.077851794929546,-1.1355952158757605,1.3219368871341832
1077,-1.077851794929546,-1.2032227169466336,0.8387162939607556
10176,-0.555582866467418,-0.8538139614137891,0.355495700787328
4363,-0.08305383595406408,-0.9101702123061833,-0.6109454855595272
12154,0.9863539699445792,0.9495860671428275,-1.5773866719063825
770,-1.077851794929546,-1.090510215161845,1.3219368871341832
10357,-0.3068833767235475,0.41983730875432135,0.8387162939607556
12725,0.488954990456838,-0.4593202051670292,-1.0941660787329548
8865,-0.18253363185161225,0.19441230518474426,0.355495700787328
249,1.06096381686774,0.7354323137517292,-0.6109454855595272
9766,0.06616585789225812,-0.07609769909874822,0.355495700787328
7239,-0.8788922031344497,-0.8876277119492256,0.8387162939607556
3419,-1.0281118969807719,-0.3466077033822407,0.8387162939607556
10273,-0.9783719990319979,-0.9552552130200987,0.8387162939607556
10015,2.503420857382189,2.4148485903450783,-2.5438278582532377
14739,0.14077570481541946,0.757974814108687,-0.12772489238609958
4976,-0.7545424582625144,-0.12118269981266364,0.8387162939607556
4544,-0.20740358082599933,0.6565335625023773,0.355495700787328
5565,-1.052981845955159,-0.6960164589150851,1.3219368871341832
7939,-0.008443989030902977,-0.10991144963418478,-0.12772489238609958
716,-1.077851794929546,-1.2032227169466336,1.3219368871341832
14822,0.33973529661051577,0.904501066428912,0.355495700787328
12338,0.5138249394312252,-0.14372520016962134,-0.12772489238609958
2048,-0.505842968518644,0.17186980482778655,-0.12772489238609958
5997,-1.077851794929546,-0.44804895498855035,0.8387162939607556
6600,0.7127845312263216,-0.5720327069518177,-1.5773866719063825
7245,-1.077851794929546,-1.090510215161845,0.8387162939607556
13456,-1.077851794929546,-1.090510215161845,1.3219368871341832
4178,0.2402555007129675,1.0172135682137005,0.355495700787328
4809,-0.4312331215954827,-0.44804895498855035,-0.6109454855595272
10916,-0.6799326113393532,-0.9665264631985776,-0.6109454855595272
14562,0.5635648373799991,-0.5720327069518177,-1.0941660787329548
7140,1.5583627963554811,1.7836585803502625,-0.12772489238609958
7190,0.19051560276419338,0.27331105643409626,0.355495700787328
1460,-1.077851794929546,-1.1919514667681548,0.8387162939607556
5989,1.6578425922530293,1.8850998319565722,-0.12772489238609958
9860,-1.077851794929546,-1.2032227169466336,0.8387162939607556
10948,-0.9535020500576108,-1.1355952158757605,0.8387162939607556
2000,1.1107037148165144,1.6258610778515585,-0.12772489238609958
12763,-0.48097301954425686,-1.0003402137340143,-2.5438278582532377
12805,-0.4561030705698698,-0.8988989621277045,0.8387162939607556
8175,-0.555582866467418,0.25076855607713855,0.355495700787328
404,-1.077851794929546,-1.090510215161845,0.8387162939607556
384,-0.15766368287722518,-0.8312714610568314,-0.6109454855595272
14585,-0.8042823562112885,-1.0792389649833662,-0.12772489238609958
14568,-1.077851794929546,-1.1468664660542394,1.3219368871341832
10344,1.5583627963554811,1.5244198262452489,-2.06060726507981
1633,0.09103580686664531,0.904501066428912,-0.12772489238609958
14666,1.3096633066116106,0.059157303042998016,-2.5438278582532377
13772,0.7127845312263216,0.4085660585758425,-1.5773866719063825
4784,-1.077851794929546,-1.101781465340324,0.8387162939607556
14616,-1.077851794929546,-1.1919514667681548,1.3219368871341832
6970,-1.077851794929546,-1.1243239656972817,0.8387162939607556
3925,-1.052981845955159,-0.8425427112353102,0.355495700787328
13528,0.2899953986617417,-0.7523727098074794,-1.5773866719063825
4158,0.7127845312263216,1.2426385717832775,0.355495700787328
7449,2.453680959433415,2.3359498390957265,-0.12772489238609958
13140,-0.9535020500576108,-1.1355952158757605,0.355495700787328
14090,0.2402555007129675,0.8594160657149966,0.8387162939607556
13550,-1.077851794929546,-1.101781465340324,1.3219368871341832
8415,-0.6301927133905793,-0.9890689635555353,-0.12772489238609958
2193,-0.3317533256979346,-0.9552552130200987,-0.12772489238609958
11328,-1.077851794929546,-1.1919514667681548,0.8387162939607556
12661,1.6081026943042553,1.2313673216047987,-2.06060726507981
10016,1.0112239189189662,1.5356910764237277,-0.6109454855595272
1015,-0.4561030705698698,-0.5269477062379023,-0.12772489238609958
5124,-0.9535020500576108,-1.1130527155188028,0.8387162939607556
13164,-0.38149322364670873,-0.9101702123061833,-1.5773866719063825
7418,0.09103580686664531,0.5550923108960676,0.8387162939607556
7409,1.359403204560385,1.197553571069362,-0.12772489238609958
8989,1.06096381686774,1.2426385717832775,0.355495700787328
2871,-1.052981845955159,-1.090510215161845,0.355495700787328
9,-0.6053227644161921,-1.0003402137340143,0.8387162939607556
10136,0.09103580686664531,-0.14372520016962134,-0.6109454855595272
1838,-0.6799326113393532,-1.0116114639124931,0.355495700787328
4804,-1.003241948006385,-0.9101702123061833,0.355495700787328
255,1.3842731535347719,0.7692460642871658,-0.6109454855595272
7026,-0.4561030705698698,-0.1549964503481002,0.8387162939607556
5713,-0.530712917493031,0.03661480268604031,0.355495700787328
12677,1.2599234086628366,0.6565335625023773,-2.5438278582532377
3324,0.3148653476361286,-0.5269477062379023,-1.0941660787329548
7714,-0.7794124072369014,-0.8538139614137891,-0.12772489238609958
1581,-1.003241948006385,-0.3691502037391984,1.3219368871341832
11148,0.6630446332775474,1.287723572497193,-0.6109454855595272
924,0.21538555173858054,0.9495860671428275,0.355495700787328
2779,-0.6301927133905793,0.04788605286451916,0.8387162939607556
10700,-1.052981845955159,-0.5382189564163812,0.8387162939607556
7891,-0.10792378492845114,0.4987360600036733,0.355495700787328
6132,-0.35662327467232163,-0.5269477062379023,0.355495700787328
13216,-0.7048025603137403,-0.54949020659486,-0.12772489238609958
5320,-0.8291523051856755,-0.053555198741790516,0.355495700787328
7312,-0.6301927133905793,-1.0116114639124931,-0.6109454855595272
7102,2.055761775843222,2.189423586775501,-0.6109454855595272
6042,-0.6053227644161921,0.22822605572018081,0.8387162939607556
3775,2.055761775843222,1.8738285817780933,-2.06060726507981
4835,-1.052981845955159,-0.6960164589150851,1.3219368871341832
12328,-0.38149322364670873,-0.38042145391767723,0.355495700787328
4964,1.8816721330225128,1.7949298305287413,-1.0941660787329548
10971,-1.077851794929546,-1.180680216589676,0.8387162939607556
539,0.04129590891787117,0.8706873158934755,-0.12772489238609958
7483,1.0360938678933531,1.5695048269591643,-0.12772489238609958
2745,0.016425959943484204,0.8143310650010812,0.355495700787328
3719,0.3148653476361286,-0.008470198027875101,-0.6109454855595272
14643,0.6630446332775474,-0.4818627055239869,-1.5773866719063825
6819,1.856802184048126,1.197553571069362,-1.0941660787329548
13659,-1.077851794929546,-0.42550645463159265,1.3219368871341832
9337,0.09103580686664531,0.7805173144656447,0.355495700787328
13319,-1.052981845955159,-0.3353364532037618,0.355495700787328
4468,1.533492847381094,0.9157723166073909,-1.5773866719063825
667,1.1355736637909013,-0.22262395141897331,-2.06060726507981
7575,0.2899953986617417,0.014072302329082605,-0.12772489238609958
11211,0.06616585789225812,0.1605985546493077,-1.0941660787329548
8549,1.2101835107140624,1.6258610778515585,-0.12772489238609958
5063,-0.6550626623649661,-0.8988989621277045,-0.12772489238609958
11023,-0.4312331215954827,-0.40296395427463494,0.355495700787328
10975,0.3148653476361286,-0.7298302094505217,-0.6109454855595272
1353,1.2847933576372237,0.6903473130378138,-2.5438278582532377
13323,0.488954990456838,1.208824821247841,-1.0941660787329548
7114,1.2101835107140624,1.6934885789224317,0.355495700787328
15003,0.11590575584103227,-0.5607614567733389,-0.6109454855595272
8662,-0.6301927133905793,-0.3691502037391984,0.8387162939607556
2703,0.7873943781494827,1.3328085732111083,-0.12772489238609958
3330,-1.077851794929546,-1.0679677148048874,0.8387162939607556
8053,-0.580452815441805,-0.9552552130200987,-0.6109454855595272
11829,1.4588830004579327,1.738573579636347,-1.0941660787329548
9588,0.7127845312263216,0.6227198119669407,-0.12772489238609958
3584,-0.530712917493031,-0.707287709093564,0.8387162939607556
14504,1.2847933576372237,0.6452623123238984,-1.0941660787329548
13454,-0.6053227644161921,-0.8087289606998737,-0.6109454855595272
5645,2.6029006532797374,2.505018591772909,-0.6109454855595272
3376,-0.7794124072369014,-0.3691502037391984,0.8387162939607556
1256,0.09103580686664531,0.904501066428912,0.8387162939607556
6190,-1.077851794929546,-1.2032227169466336,0.8387162939607556
11704,-1.077851794929546,-1.169408966411197,1.3219368871341832
13843,0.4143451435336769,-0.707287709093564,-2.5438278582532377
13970,0.09103580686664531,0.25076855607713855,0.355495700787328
9442,-1.077851794929546,-1.1130527155188028,1.3219368871341832
13987,1.533492847381094,1.3440798233895872,-1.5773866719063825
5348,0.9863539699445792,1.0397560685706582,-0.12772489238609958
11003,-1.077851794929546,-1.0566964646264085,1.3219368871341832
12490,0.4143451435336769,0.11551355393539228,-0.6109454855595272
11476,2.6277706022541243,2.4824760914159514,-2.5438278582532377
11125,-0.530712917493031,0.3634810578619271,-0.6109454855595272
4175,-0.2322735298003864,0.6339910621454196,0.355495700787328
13460,-1.077851794929546,-1.1130527155188028,0.8387162939607556
4910,1.5583627963554811,1.896371082135051,-1.0941660787329548
1852,-1.052981845955159,-1.1130527155188028,0.8387162939607556
6316,0.488954990456838,0.7467035639302081,0.355495700787328
12972,0.488954990456838,1.1750110707124044,0.355495700787328
15123,1.7075824902018033,2.4937473415944305,-1.5773866719063825
2105,0.5138249394312252,-0.04228394856331166,-1.0941660787329548
133,2.453680959433415,2.1668810864185435,-1.5773866719063825
13428,-1.0281118969807719,-0.8650852115922679,1.3219368871341832
5029,-1.0281118969807719,-0.8763564617707468,0.8387162939607556
928,-0.13279373390283822,0.6565335625023773,0.355495700787328
823,0.2899953986617417,0.39729480839736364,0.8387162939607556
7576,0.016425959943484204,-0.1324539499911425,-0.6109454855595272
11632,-0.6550626623649661,-0.8538139614137891,0.355495700787328
1531,-0.4312331215954827,-0.3353364532037618,0.8387162939607556
1214,-1.0281118969807719,-0.42550645463159265,0.355495700787328
504,2.080631724817609,2.0879823351691917,-1.5773866719063825
12477,-1.077851794929546,-0.9890689635555353,-0.12772489238609958
10188,0.14077570481541946,-0.7523727098074794,-0.6109454855595272
6530,-1.077851794929546,-1.1468664660542394,1.3219368871341832
3072,0.886874174047031,1.4229785746389392,0.355495700787328
10150,0.5635648373799991,-0.16626770052657905,-1.5773866719063825
9576,-0.555582866467418,-0.3127939528468041,0.8387162939607556
9086,-1.077851794929546,-1.1468664660542394,0.355495700787328
13116,-0.7048025603137403,-1.0003402137340143,-0.6109454855595272
8647,0.9863539699445792,0.757974814108687,-0.6109454855595272
6619,-1.077851794929546,-1.0679677148048874,0.8387162939607556
13971,1.6329726432786424,1.0961123194630524,-1.5773866719063825
9273,2.57803070430535,2.3923060899881206,-1.5773866719063825
3709,-0.008443989030902977,-0.40296395427463494,0.8387162939607556
14718,1.9811519289200612,1.6033185774946008,-2.5438278582532377
4849,1.4837529494323203,1.208824821247841,-1.0941660787329548
4748,-1.052981845955159,-1.180680216589676,0.8387162939607556
4268,0.3148653476361286,0.3409385575049694,-0.12772489238609958
11714,-1.077851794929546,-1.1355952158757605,1.3219368871341832
12326,-0.6799326113393532,-0.5382189564163812,-0.12772489238609958
11794,0.19051560276419338,0.5438210607175887,-0.6109454855595272
15159,0.36460524558490276,1.51314857606677,0.8387162939607556
8905,-0.530712917493031,0.27331105643409626,-0.12772489238609958
4186,0.06616585789225812,0.8932298162504332,0.355495700787328
10406,0.3894751945592899,1.129926069998489,-0.12772489238609958
5301,2.1552415717407705,1.5018773258882911,-0.6109454855595272
2923,-1.052981845955159,-1.169408966411197,0.355495700787328
6588,0.6879145822519344,-0.6847452087366063,-1.5773866719063825
1810,-1.077851794929546,-1.2032227169466336,-0.12772489238609958
3486,1.2847933576372237,1.6258610778515585,-0.6109454855595272
7419,-0.505842968518644,0.11551355393539228,0.8387162939607556
3141,-1.0281118969807719,-0.4142352044531138,0.8387162939607556
10019,0.9614840209701918,1.51314857606677,-1.0941660787329548
9347,2.1552415717407705,1.9414560828489664,-0.12772489238609958
1324,0.5138249394312252,0.8481448155365178,-0.12772489238609958
4312,-1.052981845955159,-0.9890689635555353,0.8387162939607556
7494,0.2899953986617417,1.0284848183921793,-0.12772489238609958
8702,-1.0281118969807719,-1.0003402137340143,0.8387162939607556
9872,-0.2322735298003864,-0.8988989621277045,-0.6109454855595272
8691,-0.033313938005289936,-0.4142352044531138,-0.6109454855595272
14985,-0.20740358082599933,-0.8538139614137891,0.8387162939607556
10048,-0.25714347877477345,0.600177311609983,-0.12772489238609958
9580,0.06616585789225812,0.13805605429235,-0.12772489238609958
13807,-0.6301927133905793,-0.707287709093564,0.355495700787328
11911,-0.7545424582625144,-0.07609769909874822,0.8387162939607556
10578,-0.13279373390283822,-0.9214414624846622,0.355495700787328
5541,-0.7296725092881273,-0.6171177076657332,0.8387162939607556
11428,0.8122643271238696,0.9157723166073909,-1.0941660787329548
6172,-1.077851794929546,-1.169408966411197,0.8387162939607556
1540,-0.6550626623649661,-0.38042145391767723,-0.6109454855595272
9409,-0.25714347877477345,-0.3578789535607195,-0.6109454855595272
2681,-0.18253363185161225,0.4761935596467156,0.355495700787328
15163,-0.05818388697967712,1.1637398205339256,0.8387162939607556
11185,0.9117441230214178,1.1073835696415313,-1.0941660787329548
13704,-0.6301927133905793,0.23949730589865967,0.8387162939607556
6313,-1.052981845955159,-0.5720327069518177,0.8387162939607556
1191,-1.0281118969807719,-0.5945752073087754,0.8387162939607556
13964,0.9117441230214178,0.600177311609983,-1.5773866719063825
5293,2.4039410614846406,0.46492230946823676,-1.5773866719063825
1542,-1.052981845955159,-0.7411014596290005,0.8387162939607556
11493,0.8122643271238696,1.434249824817418,-0.6109454855595272
11516,-1.077851794929546,-0.4593202051670292,0.8387162939607556
7056,0.5138249394312252,0.8819585660719543,0.355495700787328
2539,-1.077851794929546,-1.2032227169466336,1.3219368871341832
953,2.030891826868835,1.7949298305287413,-2.06060726507981
7241,0.7625244291750957,-0.3127939528468041,-0.6109454855595272
6731,-0.18253363185161225,0.6678048126808561,0.8387162939607556
4846,0.9366140719958048,0.8706873158934755,-0.6109454855595272
6801,2.1055016737919963,1.7611160799933048,-1.5773866719063825
8010,-1.077851794929546,-1.1919514667681548,0.8387162939607556
4330,-1.077851794929546,-1.1130527155188028,0.8387162939607556
8924,0.6630446332775474,1.3102660728541506,0.355495700787328
5334,-0.6053227644161921,0.09297105357843458,0.8387162939607556
7330,-0.7545424582625144,-0.9777977133770565,0.8387162939607556
9348,-0.6053227644161921,0.11551355393539228,0.355495700787328
4729,-0.008443989030902977,-0.8988989621277045,-1.5773866719063825
11486,-0.28201342774916044,0.600177311609983,0.8387162939607556
6541,0.3148653476361286,-0.7523727098074794,-0.6109454855595272
11174,-0.4561030705698698,0.2620398062556174,0.8387162939607556
5305,0.9614840209701918,1.4793348255313334,-0.12772489238609958
5161,-1.077851794929546,-1.0454252144479297,1.3219368871341832
7860,-0.8042823562112885,0.03661480268604031,1.3219368871341832
2156,0.7873943781494827,-0.6396602080226909,-2.06060726507981
1062,-0.08305383595406408,-0.8312714610568314,-0.6109454855595272
10808,0.21538555173858054,0.7805173144656447,-0.6109454855595272
1167,1.2101835107140624,0.4761935596467156,-1.5773866719063825
11414,-0.40636317262109567,-0.053555198741790516,0.355495700787328
3636,-1.077851794929546,-1.2032227169466336,1.3219368871341832
7651,-0.8540222541600626,-1.101781465340324,-0.6109454855595272
5588,-1.077851794929546,-0.6058464574872543,1.3219368871341832
11130,-0.08305383595406408,0.7692460642871658,0.355495700787328
7192,0.8620042250726437,0.5889060614315041,-0.12772489238609958
4491,0.04129590891787117,0.46492230946823676,0.355495700787328
7266,-0.6053227644161921,-0.9439839628416199,-0.12772489238609958
11332,-1.077851794929546,-1.180680216589676,1.3219368871341832
4980,-0.9286321010832237,-0.3466077033822407,0.8387162939607556
8335,0.8620042250726437,-0.25643770195440985,0.8387162939607556
15269,-0.9037621521088367,-0.5833039571302966,0.8387162939607556
11769,1.6578425922530293,0.8819585660719543,-2.5438278582532377
4946,0.7873943781494827,1.3215373230326295,0.355495700787328
2782,-0.8540222541600626,-0.21135270124049446,0.355495700787328
717,0.14077570481541946,-0.8763564617707468,-1.5773866719063825
10011,0.2899953986617417,0.9946710678567429,-0.12772489238609958
2502,0.4143451435336769,-0.5269477062379023,0.355495700787328
4360,-0.4561030705698698,-0.9890689635555353,0.8387162939607556
4171,-0.7794124072369014,0.08169980339995572,0.355495700787328
8082,-0.28201342774916044,-0.628388957844212,-0.6109454855595272
14977,-1.077851794929546,-1.090510215161845,-0.6109454855595272
395,-0.9037621521088367,-1.0116114639124931,0.8387162939607556
13923,0.8122643271238696,-0.3127939528468041,-1.5773866719063825
14512,1.533492847381094,0.5889060614315041,-2.06060726507981
7186,-0.8291523051856755,-0.38042145391767723,0.355495700787328
15071,2.080631724817609,1.749844829814826,-1.5773866719063825
4492,0.7376544802007085,0.9270435667858697,0.355495700787328
1365,-1.003241948006385,-0.7523727098074794,-0.12772489238609958
14625,-1.077851794929546,-1.169408966411197,0.8387162939607556
14191,-1.003241948006385,-1.0341539642694508,-0.12772489238609958
8787,-0.6301927133905793,-0.9552552130200987,0.8387162939607556
14397,0.5138249394312252,1.1862823208908833,-0.6109454855595272
12144,1.8070622860993515,1.1750110707124044,-2.5438278582532377
13584,0.6381746843031604,0.2056835553632231,-2.06060726507981
5917,-0.15766368287722518,-0.14372520016962134,-0.6109454855595272
4968,-0.8291523051856755,-0.14372520016962134,0.8387162939607556
2914,-0.38149322364670873,-0.9777977133770565,0.8387162939607556
15222,-0.9783719990319979,-0.2902514524898464,0.8387162939607556
10518,0.7625244291750957,-0.1549964503481002,-2.06060726507981
5644,2.7272503981516727,2.572646092843782,-2.06060726507981
3766,-1.077851794929546,-0.5833039571302966,1.3219368871341832
3440,-1.077851794929546,-0.44804895498855035,0.8387162939607556
12043,0.33973529661051577,-0.8312714610568314,-1.5773866719063825
12324,-0.6799326113393532,-0.5156764560594235,-0.12772489238609958
7357,0.7376544802007085,-0.18881020088353676,-1.0941660787329548
6806,-0.10792378492845114,0.39729480839736364,-0.12772489238609958
9879,-1.077851794929546,-1.169408966411197,1.3219368871341832
2143,-1.077851794929546,-1.1355952158757605,1.3219368871341832
5104,0.3894751945592899,-0.8200002108783525,-1.5773866719063825
5073,-1.077851794929546,-1.1581377162327182,0.8387162939607556
1571,0.8371342760982567,0.9946710678567429,-0.12772489238609958
4079,0.7127845312263216,0.07042855322147687,-1.0941660787329548
1122,0.11590575584103227,-0.707287709093564,-1.0941660787329548
2786,-1.077851794929546,-0.6171177076657332,1.3219368871341832
14527,1.3096633066116106,0.19441230518474426,-2.06060726507981
2967,0.7625244291750957,-0.2902514524898464,-1.0941660787329548
2504,-0.555582866467418,-0.8425427112353102,-0.12772489238609958
5988,1.9562819799456737,2.054168584633755,-0.6109454855595272
11657,-1.077851794929546,-1.180680216589676,1.3219368871341832
8867,0.6879145822519344,0.7805173144656447,-0.6109454855595272
11000,-0.08305383595406408,-0.5945752073087754,-0.12772489238609958
7164,0.9117441230214178,1.1411973201769678,-0.12772489238609958
11540,-0.4561030705698698,0.25076855607713855,0.355495700787328
728,-1.077851794929546,-1.2032227169466336,1.3219368871341832
7587,-0.6301927133905793,-0.5945752073087754,0.8387162939607556
7543,1.2350534596884497,1.1073835696415313,-0.12772489238609958
412,-0.48097301954425686,-0.6960164589150851,-0.12772489238609958
11338,-1.077851794929546,-1.169408966411197,1.3219368871341832
9708,-1.0281118969807719,-0.38042145391767723,0.8387162939607556
5745,-1.052981845955159,-0.7974577105213948,0.8387162939607556
7668,-1.077851794929546,-1.2032227169466336,0.8387162939607556
825,-1.052981845955159,-0.6396602080226909,1.3219368871341832
3267,-1.052981845955159,-1.180680216589676,0.8387162939607556
3974,-0.10792378492845114,-0.7749152101644371,-0.6109454855595272
8808,-1.077851794929546,-1.0679677148048874,1.3219368871341832
8306,1.06096381686774,0.3409385575049694,-0.12772489238609958
417,-0.9286321010832237,-0.8876277119492256,0.355495700787328
11261,-0.7048025603137403,-0.8312714610568314,-0.12772489238609958
9817,0.8122643271238696,-0.54949020659486,-2.06060726507981
6748,0.6879145822519344,1.3440798233895872,0.355495700787328
8967,1.5583627963554811,1.7723873301717836,-0.6109454855595272
12377,-1.077851794929546,-1.1581377162327182,1.3219368871341832
11088,2.2547213676383184,2.0879823351691917,-2.06060726507981
14807,0.5635648373799991,1.1750110707124044,-0.12772489238609958
2082,-0.4561030705698698,-0.2000814510620156,0.355495700787328
8945,1.856802184048126,2.0767110849907127,-0.6109454855595272
10738,-1.077851794929546,-0.42550645463159265,1.3219368871341832
12161,-0.9286321010832237,-0.3578789535607195,1.3219368871341832
3373,-0.008443989030902977,0.13805605429235,-0.6109454855595272
5726,0.9117441230214178,0.7016185632162927,-0.12772489238609958
4107,1.4091431025091588,0.9383148169643486,-2.5438278582532377
10636,-1.077851794929546,-1.0679677148048874,1.3219368871341832
4380,-1.077851794929546,-1.2032227169466336,0.8387162939607556
7723,-1.052981845955159,-0.9777977133770565,1.3219368871341832
1066,-0.530712917493031,-0.9890689635555353,0.355495700787328
3913,0.43921509250806384,0.25076855607713855,-0.12772489238609958
13479,-1.052981845955159,-1.1468664660542394,1.3219368871341832
5536,-0.6799326113393532,-0.6960164589150851,0.8387162939607556
8002,-1.077851794929546,-1.169408966411197,0.8387162939607556
5387,-1.003241948006385,-0.786186460342916,0.8387162939607556
5732,-0.08305383595406408,0.07042855322147687,-0.12772489238609958
11690,-1.052981845955159,-1.169408966411197,0.8387162939607556
2738,1.7324524391761906,1.9978123337413607,-0.6109454855595272
5052,0.7873943781494827,-0.3466077033822407,-0.6109454855595272
4000,-0.9783719990319979,-1.1468664660542394,0.8387162939607556
9760,-0.8540222541600626,-0.5607614567733389,0.8387162939607556
2427,0.6630446332775474,0.8368735653580389,0.355495700787328
11938,-0.555582866467418,-0.2000814510620156,0.8387162939607556
6833,1.3345332555859974,0.6903473130378138,0.355495700787328
10123,1.1604436127652884,0.5550923108960676,-0.6109454855595272
1687,1.4588830004579327,1.4229785746389392,-1.5773866719063825
851,-0.555582866467418,0.12678480411387114,0.8387162939607556
11738,-1.077851794929546,-1.0341539642694508,1.3219368871341832
6303,1.8070622860993515,1.2426385717832775,-2.5438278582532377
9087,-1.077851794929546,-1.1468664660542394,1.3219368871341832
12784,-1.077851794929546,-1.1919514667681548,0.355495700787328
14593,-1.077851794929546,-1.2032227169466336,0.8387162939607556
5878,-0.05818388697967712,-0.6734739585581274,-0.12772489238609958
8527,-0.40636317262109567,0.3071248069695328,0.355495700787328
2839,-0.6053227644161921,-0.5833039571302966,0.8387162939607556
11279,-1.077851794929546,-1.1468664660542394,0.8387162939607556
4611,1.2350534596884497,1.276452322318714,-0.12772489238609958
9540,0.09103580686664531,-0.5269477062379023,-0.12772489238609958
9207,-0.9783719990319979,-0.6847452087366063,-0.12772489238609958
11008,-0.008443989030902977,-0.4818627055239869,0.355495700787328
9823,-0.6053227644161921,-0.9439839628416199,-0.12772489238609958
2489,0.7625244291750957,-0.24516645177593102,-2.06060726507981
11922,-1.077851794929546,-0.6396602080226909,1.3219368871341832
6905,-1.077851794929546,-1.169408966411197,1.3219368871341832
7390,1.6827125412274162,0.983399817678264,-1.5773866719063825
11443,-0.48097301954425686,0.19441230518474426,0.8387162939607556
2849,0.2899953986617417,-0.32406520302528297,-0.12772489238609958
14069,0.6630446332775474,1.287723572497193,-0.12772489238609958
6665,1.7821923371249646,1.1411973201769678,-2.5438278582532377
5881,-1.077851794929546,-1.101781465340324,1.3219368871341832
10262,-0.8540222541600626,-0.9552552130200987,0.8387162939607556
4452,-1.052981845955159,-0.8312714610568314,0.8387162939607556
9949,-0.580452815441805,-0.23389520159745217,0.8387162939607556
7421,1.5583627963554811,1.5018773258882911,-0.12772489238609958
13600,0.09103580686664531,0.19441230518474426,0.355495700787328
9827,-0.9783719990319979,-1.101781465340324,0.355495700787328
12838,0.016425959943484204,-0.4142352044531138,-0.6109454855595272
6484,1.3345332555859974,0.3409385575049694,-1.5773866719063825
2479,-1.077851794929546,-0.9890689635555353,0.8387162939607556
6617,-1.077851794929546,-1.0679677148048874,1.3219368871341832
10457,-1.077851794929546,-0.6171177076657332,1.3219368871341832
11151,0.21538555173858054,0.9495860671428275,-0.12772489238609958
13515,-1.077851794929546,-1.1919514667681548,1.3219368871341832
14903,-1.077851794929546,-1.022882714090972,1.3219368871341832
11251,-1.077851794929546,-1.022882714090972,0.8387162939607556
13245,1.7821923371249646,1.2651810721402352,-2.06060726507981
14061,-0.18253363185161225,0.679076062859335,0.8387162939607556
2141,-0.9783719990319979,-1.0454252144479297,0.8387162939607556
13296,1.085833765842127,1.5356910764237277,-1.0941660787329548
11310,0.43921509250806384,-0.8200002108783525,-1.5773866719063825
5188,-1.077851794929546,-0.8425427112353102,0.8387162939607556
14891,-0.033313938005289936,-0.30152270266832526,0.355495700787328
12237,-1.077851794929546,-0.4367777048100715,1.3219368871341832
11548,-0.8788922031344497,-0.23389520159745217,0.355495700787328
2744,0.19051560276419338,0.9608573173213063,0.355495700787328
7253,0.9366140719958048,-0.4367777048100715,-1.0941660787329548
13284,1.4091431025091588,1.6484035782085162,-0.6109454855595272
3506,2.2795913166127058,1.9639985832059241,-1.5773866719063825
1679,0.14077570481541946,0.7128898133947715,-0.6109454855595272
4249,1.4837529494323203,1.355351073568066,0.355495700787328
3147,0.9863539699445792,1.1750110707124044,0.355495700787328
8130,-0.9037621521088367,-0.44804895498855035,0.355495700787328
10486,-1.003241948006385,-0.6734739585581274,0.355495700787328
7004,-1.077851794929546,-0.9101702123061833,1.3219368871341832
580,0.2402555007129675,0.8143310650010812,0.355495700787328
9662,0.3148653476361286,1.0735698191060947,0.355495700787328
12991,0.2651254496873547,0.8932298162504332,-1.0941660787329548
4070,1.1355736637909013,-0.06482644892026937,-0.6109454855595272
13500,-0.9286321010832237,-1.1243239656972817,0.8387162939607556
3343,0.4143451435336769,-0.23389520159745217,-1.0941660787329548
13184,-1.077851794929546,-1.101781465340324,-0.12772489238609958
7404,-0.6550626623649661,-0.16626770052657905,0.355495700787328
12775,-1.077851794929546,-1.2032227169466336,0.355495700787328
3672,-1.077851794929546,-1.1581377162327182,0.355495700787328
559,0.21538555173858054,0.9495860671428275,0.8387162939607556
5237,1.2350534596884497,1.4229785746389392,-1.0941660787329548
7805,2.055761775843222,2.0316260842767973,0.355495700787328
13407,-1.052981845955159,-0.7411014596290005,1.3219368871341832
11041,0.016425959943484204,0.10424230375691343,-0.12772489238609958
512,0.5635648373799991,1.1862823208908833,-0.12772489238609958
12921,2.3044612655870926,2.189423586775501,-2.5438278582532377
1081,0.36460524558490276,-0.8312714610568314,-1.0941660787329548
1664,-0.033313938005289936,0.7016185632162927,0.355495700787328
9204,-1.077851794929546,-0.8538139614137891,0.8387162939607556
1931,0.14077570481541946,0.4987360600036733,-0.12772489238609958
14840,0.7873943781494827,0.983399817678264,-1.0941660787329548
1150,-0.8788922031344497,-0.8312714610568314,-2.06060726507981
2838,0.5635648373799991,-0.053555198741790516,0.8387162939607556
5949,-0.2322735298003864,0.23949730589865967,0.8387162939607556
8308,-1.077851794929546,-0.8988989621277045,0.8387162939607556
8932,2.1552415717407705,2.2570510878463743,-0.6109454855595272
15021,-1.077851794929546,-1.1130527155188028,0.355495700787328
14262,-0.13279373390283822,-0.8312714610568314,-0.6109454855595272
5177,-1.077851794929546,-0.9214414624846622,1.3219368871341832
11867,1.3345332555859974,1.7611160799933048,-1.0941660787329548
14098,-0.9037621521088367,-0.22262395141897331,0.8387162939607556
830,1.3096633066116106,1.0848410692845736,-1.0941660787329548
8311,0.9614840209701918,0.2056835553632231,-1.0941660787329548
4752,-1.077851794929546,-1.1919514667681548,0.8387162939607556
14975,-1.077851794929546,-1.1919514667681548,1.3219368871341832
14918,-0.9286321010832237,-0.9777977133770565,1.3219368871341832
15252,-1.003241948006385,-0.6960164589150851,1.3219368871341832
635,-1.0281118969807719,-0.7974577105213948,0.355495700787328
4465,-0.35662327467232163,-0.1324539499911425,-0.6109454855595272
12556,-0.6550626623649661,0.13805605429235,0.355495700787328
6799,1.1853135617396753,1.2989948226756718,-0.12772489238609958
7987,0.8122643271238696,-0.5156764560594235,-2.06060726507981
7079,2.2547213676383184,2.189423586775501,-1.5773866719063825
6966,-1.077851794929546,-1.1355952158757605,0.8387162939607556
4142,2.2795913166127058,2.0203548340983186,-2.5438278582532377
7027,-1.077851794929546,-0.7523727098074794,1.3219368871341832
9183,-0.7296725092881273,-0.7636439599859582,0.355495700787328
876,-0.28201342774916044,0.5325498105391099,-0.12772489238609958
4869,0.9614840209701918,1.2313673216047987,0.355495700787328
5315,-1.003241948006385,-0.27898020231136755,0.8387162939607556
5222,-1.003241948006385,-0.4593202051670292,0.8387162939607556
4,-0.580452815441805,-1.0116114639124931,0.355495700787328
3051,0.9614840209701918,1.3215373230326295,-0.12772489238609958
5691,0.9366140719958048,1.2989948226756718,0.355495700787328
3124,-1.077851794929546,-0.4818627055239869,1.3219368871341832
14599,-1.003241948006385,-1.1581377162327182,1.3219368871341832
10852,-1.077851794929546,-0.8200002108783525,0.8387162939607556
2491,-1.077851794929546,-1.0566964646264085,0.8387162939607556
13365,-0.8540222541600626,-0.14372520016962134,1.3219368871341832
3854,1.06096381686774,1.4793348255313334,0.355495700787328
13125,0.16564565378980642,-0.8425427112353102,-1.5773866719063825
4777,-1.077851794929546,-1.1243239656972817,-0.6109454855595272
9907,-0.08305383595406408,-0.5607614567733389,0.355495700787328
14640,-0.2322735298003864,-0.7636439599859582,-0.6109454855595272
7509,2.428811010459028,2.2345085874894166,-2.06060726507981
6457,1.2350534596884497,0.8368735653580389,-0.6109454855595272
6293,-1.003241948006385,-0.6396602080226909,1.3219368871341832
1148,1.085833765842127,-0.07609769909874822,-1.5773866719063825
11453,-0.05818388697967712,0.6227198119669407,-0.12772489238609958
574,2.2298514186639316,2.0767110849907127,-1.0941660787329548
3769,-1.052981845955159,-0.49313395570246576,0.8387162939607556
11928,0.14077570481541946,0.4536510592897579,-0.12772489238609958
4146,-1.003241948006385,-0.32406520302528297,0.8387162939607556
853,-1.077851794929546,-0.5269477062379023,0.355495700787328
10174,0.9117441230214178,-0.42550645463159265,-2.06060726507981
10966,-0.10792378492845114,-0.8763564617707468,-0.6109454855595272
5919,0.7376544802007085,0.3409385575049694,-0.12772489238609958
13121,-1.077851794929546,-1.1919514667681548,1.3219368871341832
13403,0.14077570481541946,0.1831410550062654,0.355495700787328
9358,-0.25714347877477345,0.3296673073264905,0.8387162939607556
6614,-1.003241948006385,-1.0116114639124931,0.8387162939607556
6002,0.9863539699445792,1.5356910764237277,-0.12772489238609958
9163,-1.052981845955159,-1.090510215161845,1.3219368871341832
10893,0.6133047353287733,-0.3578789535607195,-1.0941660787329548
4495,0.36460524558490276,0.7354323137517292,-0.12772489238609958
8173,0.016425959943484204,0.7241610635732504,-0.12772489238609958
6655,1.2350534596884497,0.679076062859335,-0.6109454855595272
12039,-0.530712917493031,-1.0116114639124931,-1.5773866719063825
2368,0.19051560276419338,0.983399817678264,0.355495700787328
12307,0.6133047353287733,0.4311085589328002,-0.6109454855595272
4780,-1.077851794929546,-1.1130527155188028,1.3219368871341832
12323,-0.008443989030902977,-0.12118269981266364,0.355495700787328
7992,-0.8291523051856755,-1.0116114639124931,0.8387162939607556
2950,0.14077570481541946,-0.6734739585581274,-1.5773866719063825
5625,0.016425959943484204,0.7805173144656447,0.355495700787328
6971,0.16564565378980642,-0.6396602080226909,-0.6109454855595272
8716,-0.6799326113393532,-0.9101702123061833,0.355495700787328
10647,0.14077570481541946,-0.3578789535607195,-1.0941660787329548
13208,0.2402555007129675,-0.1549964503481002,-1.0941660787329548
1841,-1.077851794929546,-1.169408966411197,0.355495700787328
5986,0.5884347863543863,1.1750110707124044,0.355495700787328
537,0.9366140719958048,1.51314857606677,-0.12772489238609958
2806,1.6081026943042553,0.9946710678567429,-0.6109454855595272
5801,-1.077851794929546,-1.1468664660542394,1.3219368871341832
5596,0.36460524558490276,0.7917885646441235,0.8387162939607556
7206,0.6381746843031604,0.23949730589865967,-0.12772489238609958
7343,-1.077851794929546,-1.090510215161845,0.8387162939607556
12533,1.533492847381094,1.4567923251743757,-0.6109454855595272
7560,0.21538555173858054,0.21695480554170196,0.355495700787328
8096,-0.530712917493031,-0.5156764560594235,-0.12772489238609958
11367,-1.077851794929546,-1.0679677148048874,0.8387162939607556
784,-1.077851794929546,-1.0116114639124931,1.3219368871341832
12249,0.2651254496873547,0.9721285674997852,0.355495700787328
1409,0.14077570481541946,-0.6396602080226909,-0.12772489238609958
10729,-1.077851794929546,-0.4593202051670292,1.3219368871341832
154,-1.077851794929546,-0.4367777048100715,0.8387162939607556
7806,1.7821923371249646,1.8850998319565722,-0.6109454855595272
3009,1.3096633066116106,0.8481448155365178,-1.0941660787329548
1686,0.9366140719958048,1.1411973201769678,-1.5773866719063825
11093,0.3148653476361286,0.9383148169643486,-0.12772489238609958
4014,-1.077851794929546,-1.2032227169466336,0.8387162939607556
7455,-0.8042823562112885,0.03661480268604031,0.8387162939607556
12913,0.11590575584103227,0.7467035639302081,0.355495700787328
3863,-0.6550626623649661,0.11551355393539228,0.8387162939607556
2733,1.533492847381094,1.8850998319565722,-0.6109454855595272
1895,-1.077851794929546,-0.8763564617707468,1.3219368871341832
5442,-0.2322735298003864,-0.8538139614137891,-0.12772489238609958
569,0.8122643271238696,1.287723572497193,-0.6109454855595272
6709,-0.2322735298003864,0.5100073101821522,0.355495700787328
5854,0.5884347863543863,-0.7185589592720428,-1.0941660787329548
1816,-1.052981845955159,-1.180680216589676,-0.6109454855595272
10257,0.5386948884056122,-0.54949020659486,-1.5773866719063825
8319,-1.077851794929546,-0.9665264631985776,0.8387162939607556
3394,-0.28201342774916044,0.21695480554170196,0.8387162939607556
3327,-0.38149322364670873,-0.7298302094505217,0.355495700787328
15314,-0.8788922031344497,-1.0454252144479297,-1.5773866719063825
6102,-0.9286321010832237,-0.5833039571302966,0.8387162939607556
2975,-0.28201342774916044,-0.54949020659486,-0.12772489238609958
980,-0.6550626623649661,-0.2677089521328887,0.355495700787328
10492,0.016425959943484204,-0.04228394856331166,-0.6109454855595272
190,1.06096381686774,1.5469623266022066,0.355495700787328
9331,1.2847933576372237,1.6258610778515585,-0.12772489238609958
5088,-0.7794124072369014,-1.0679677148048874,0.8387162939607556
699,0.19051560276419338,-0.786186460342916,-1.5773866719063825
14976,-1.077851794929546,-1.1919514667681548,0.8387162939607556
606,-1.077851794929546,-0.6847452087366063,1.3219368871341832
12468,1.1853135617396753,-0.09864019945570593,-2.5438278582532377
301,0.9117441230214178,-0.2677089521328887,-0.6109454855595272
14832,0.7127845312263216,1.051027318749137,-1.0941660787329548
3420,-0.35662327467232163,0.39729480839736364,0.355495700787328
15042,-0.7296725092881273,-0.25643770195440985,-1.0941660787329548
1060,-1.077851794929546,-1.169408966411197,0.8387162939607556
14056,1.4340130514835459,1.828743581064178,-0.12772489238609958
15181,-0.8042823562112885,0.6903473130378138,0.8387162939607556
10757,0.3894751945592899,1.129926069998489,0.355495700787328
3444,0.16564565378980642,0.9495860671428275,0.355495700787328
1069,-1.077851794929546,-1.1919514667681548,0.8387162939607556
10716,-1.077851794929546,-0.5156764560594235,0.8387162939607556
2205,-1.077851794929546,-1.180680216589676,0.8387162939607556
9435,0.06616585789225812,-0.5607614567733389,0.355495700787328
7339,-0.555582866467418,-0.8425427112353102,0.8387162939607556
8208,2.428811010459028,2.4148485903450783,-1.0941660787329548
7679,-0.15766368287722518,-0.8876277119492256,-0.12772489238609958
11312,-1.077851794929546,-1.2032227169466336,-0.12772489238609958
13503,-0.9535020500576108,-1.1355952158757605,-0.12772489238609958
4642,0.9366140719958048,0.4987360600036733,-1.0941660787329548
7683,-0.033313938005289936,-0.8312714610568314,0.355495700787328
12946,2.1801115207151573,2.2683223380248534,-2.06060726507981
9007,2.030891826868835,1.4455210749958969,-1.5773866719063825
7996,-0.2322735298003864,-0.8425427112353102,-1.0941660787329548
11259,-0.7296725092881273,-0.8312714610568314,0.355495700787328
12740,-1.077851794929546,-1.1468664660542394,1.3219368871341832
5600,1.7075824902018033,1.670946078565474,0.355495700787328
9151,-0.9783719990319979,-1.090510215161845,1.3219368871341832
7022,-0.530712917493031,-0.25643770195440985,0.8387162939607556
14619,-1.077851794929546,-1.180680216589676,0.8387162939607556
4893,2.1055016737919963,2.144338586061586,-1.5773866719063825
225,0.9366140719958048,1.1411973201769678,0.355495700787328
14362,-1.077851794929546,-0.5607614567733389,1.3219368871341832
3354,-1.077851794929546,-0.8988989621277045,1.3219368871341832
5895,0.3148653476361286,-0.3466077033822407,-0.12772489238609958
10677,-0.8788922031344497,-0.5044052058809446,1.3219368871341832
8754,-1.077851794929546,-1.2032227169466336,1.3219368871341832
3436,0.36460524558490276,1.051027318749137,0.355495700787328
14565,0.43921509250806384,-0.628388957844212,-1.0941660787329548
14373,1.4340130514835459,1.592047327316122,-1.0941660787329548
1693,0.43921509250806384,0.7467035639302081,-0.12772489238609958
6893,-1.077851794929546,-1.1355952158757605,1.3219368871341832
1045,-1.077851794929546,-1.1243239656972817,0.8387162939607556
3446,-1.077851794929546,-0.4367777048100715,1.3219368871341832
12757,-0.9783719990319979,-1.1355952158757605,-1.0941660787329548
8050,0.19051560276419338,-0.7749152101644371,-0.6109454855595272
9146,-0.18253363185161225,-0.8650852115922679,-0.12772489238609958
15313,-1.077851794929546,-1.248307717660549,0.8387162939607556
10927,0.3148653476361286,-0.7974577105213948,0.355495700787328
11296,-0.6053227644161921,-1.0116114639124931,0.355495700787328
4735,-1.077851794929546,-1.2032227169466336,0.8387162939607556
4496,-0.9286321010832237,-0.32406520302528297,0.8387162939607556
1218,0.6879145822519344,1.0622985689276159,-0.12772489238609958
13446,0.2899953986617417,-0.40296395427463494,-2.06060726507981
13703,-0.4561030705698698,0.4085660585758425,0.355495700787328
6015,1.4588830004579327,1.8512860814211356,-0.12772489238609958
9719,1.06096381686774,1.2539098219617564,-0.12772489238609958
3987,0.46408504148245106,-0.7636439599859582,-1.0941660787329548
4911,2.2298514186639316,2.290864838381811,-2.06060726507981
9492,-0.08305383595406408,-0.9101702123061833,-0.6109454855595272
4493,-0.033313938005289936,0.4311085589328002,0.355495700787328
6944,-0.4312331215954827,-0.9665264631985776,-0.12772489238609958
5699,0.7376544802007085,1.0848410692845736,0.355495700787328
8352,-0.38149322364670873,-0.8200002108783525,0.355495700787328
12259,1.8070622860993515,1.8738285817780933,-2.06060726507981
13992,0.8122643271238696,1.0172135682137005,-0.12772489238609958
956,0.7376544802007085,1.0284848183921793,-0.6109454855595272
11983,0.5884347863543863,-0.2677089521328887,-1.5773866719063825
11426,-0.4561030705698698,0.03661480268604031,0.355495700787328
2869,-1.003241948006385,-1.0454252144479297,0.8387162939607556
11969,-0.8540222541600626,-0.7298302094505217,0.355495700787328
4433,-1.077851794929546,-1.0341539642694508,0.8387162939607556
4973,-0.7794124072369014,-0.12118269981266364,1.3219368871341832
14207,-1.003241948006385,-1.101781465340324,0.355495700787328
2961,-1.077851794929546,-1.090510215161845,1.3219368871341832
14172,-0.505842968518644,-0.6396602080226909,0.8387162939607556
2200,-0.8540222541600626,-1.0792389649833662,-0.12772489238609958
98,-0.6301927133905793,-0.1549964503481002,1.3219368871341832
15116,2.9013400409723817,2.9445973487335846,-0.12772489238609958
2557,-0.580452815441805,-1.0116114639124931,-0.6109454855595272
11375,-1.077851794929546,-1.022882714090972,1.3219368871341832
8445,0.7625244291750957,-0.3127939528468041,-0.6109454855595272
12115,-0.2322735298003864,-0.3353364532037618,-0.12772489238609958
4199,-0.2322735298003864,0.6339910621454196,0.355495700787328
9637,0.43921509250806384,1.0622985689276159,-0.12772489238609958
5539,0.9614840209701918,0.14932730447082884,-0.6109454855595272
1648,0.2899953986617417,1.0284848183921793,-1.0941660787329548
12874,0.21538555173858054,0.3296673073264905,-0.6109454855595272
12915,0.886874174047031,1.287723572497193,-0.12772489238609958
12183,-1.077851794929546,-0.49313395570246576,1.3219368871341832
9888,-0.18253363185161225,-0.786186460342916,0.8387162939607556
11383,1.2847933576372237,0.27331105643409626,-1.5773866719063825
6197,-0.6301927133905793,-1.0454252144479297,0.8387162939607556
6295,1.1355736637909013,0.7467035639302081,-0.12772489238609958
4499,0.9117441230214178,1.129926069998489,-1.0941660787329548
1154,-1.077851794929546,-0.9890689635555353,1.3219368871341832
2255,1.2101835107140624,0.3071248069695328,-2.06060726507981
9874,-1.077851794929546,-1.180680216589676,0.8387162939607556
3170,-0.9535020500576108,-0.5269477062379023,0.355495700787328
7400,-0.033313938005289936,0.25076855607713855,0.8387162939607556
10248,-1.052981845955159,-1.1243239656972817,0.355495700787328
7158,2.3293312145614795,2.0090835839198395,-1.5773866719063825
12282,0.5884347863543863,0.8819585660719543,-0.6109454855595272
15137,-0.9535020500576108,-0.12118269981266364,0.8387162939607556
3108,0.46408504148245106,1.1637398205339256,-0.12772489238609958
4548,-0.7545424582625144,0.12678480411387114,0.8387162939607556
11915,-0.8291523051856755,-0.18881020088353676,0.8387162939607556
14589,0.16564565378980642,-0.8538139614137891,-2.06060726507981
5423,-0.9783719990319979,-1.0116114639124931,0.8387162939607556
2049,1.9065420819969,1.7160310792793894,-1.5773866719063825
13168,-0.10792378492845114,-0.8200002108783525,-1.0941660787329548
11835,-0.7545424582625144,0.08169980339995572,0.355495700787328
9208,-0.6053227644161921,-0.3691502037391984,0.8387162939607556
8815,0.43921509250806384,-0.3353364532037618,-0.6109454855595272
14681,-0.4312331215954827,-0.32406520302528297,0.8387162939607556
15034,-0.9037621521088367,-0.9552552130200987,-1.0941660787329548
14075,-1.077851794929546,-0.4593202051670292,1.3219368871341832
262,1.6329726432786424,0.7354323137517292,-1.0941660787329548
13922,-1.077851794929546,-1.0679677148048874,1.3219368871341832
11561,-0.8788922031344497,-0.3353364532037618,0.8387162939607556
4061,-1.077851794929546,-1.0679677148048874,0.8387162939607556
5534,-1.077851794929546,-1.0003402137340143,1.3219368871341832
14486,1.0112239189189662,0.9383148169643486,-0.12772489238609958
14257,-0.9535020500576108,-1.101781465340324,1.3219368871341832
6616,-1.077851794929546,-1.0792389649833662,0.355495700787328
8120,-1.077851794929546,-0.7749152101644371,1.3219368871341832
8155,-0.530712917493031,0.12678480411387114,0.8387162939607556
1802,-1.077851794929546,-1.1919514667681548,1.3219368871341832
4736,0.09103580686664531,-0.8763564617707468,-0.6109454855595272
15325,-0.3068833767235475,-0.932712712663141,0.8387162939607556
2385,0.7625244291750957,1.3328085732111083,-0.12772489238609958
6694,2.2049814696895442,1.9076423323135299,-1.0941660787329548
5759,0.7127845312263216,0.02534355250756146,0.355495700787328
1959,1.4588830004579327,1.659674828386995,-1.0941660787329548
2976,-0.6301927133905793,-0.6960164589150851,0.355495700787328
8680,-0.7048025603137403,-0.6171177076657332,0.8387162939607556
1843,0.5635648373799991,-0.6734739585581274,-1.5773866719063825
1734,-1.077851794929546,-0.8988989621277045,1.3219368871341832
2911,-0.9037621521088367,-1.1243239656972817,-0.6109454855595272
11411,-0.8540222541600626,-0.44804895498855035,0.355495700787328
8338,0.6133047353287733,-0.3691502037391984,-1.5773866719063825
13822,-1.077851794929546,-1.101781465340324,0.8387162939607556
1986,1.9065420819969,2.0992535853476704,-1.5773866719063825
9561,0.19051560276419338,-0.09864019945570593,-0.12772489238609958
6546,-1.077851794929546,-1.1919514667681548,1.3219368871341832
14243,-0.9535020500576108,-1.1355952158757605,1.3219368871341832
7098,-0.505842968518644,0.3860235582188848,0.8387162939607556
2811,0.3894751945592899,0.31839605714801167,0.355495700787328
659,-0.008443989030902977,-0.4593202051670292,0.355495700787328
9986,1.8816721330225128,1.8062010807072202,-2.06060726507981
2511,-0.9783719990319979,-1.0566964646264085,0.355495700787328
11589,-1.052981845955159,-0.7974577105213948,0.355495700787328
4282,-0.9037621521088367,-0.6171177076657332,0.8387162939607556
9339,0.9614840209701918,1.355351073568066,0.355495700787328
11464,2.428811010459028,2.3021360885602897,-2.5438278582532377
8800,-0.13279373390283822,-0.6960164589150851,-1.0941660787329548
6287,-0.6301927133905793,-0.3691502037391984,0.8387162939607556
11774,0.14077570481541946,0.21695480554170196,-0.12772489238609958
1930,1.6329726432786424,1.3440798233895872,-0.12772489238609958
7125,1.1853135617396753,1.6484035782085162,-0.12772489238609958
197,1.8816721330225128,1.9978123337413607,-1.0941660787329548
7777,0.14077570481541946,0.521278560360631,-0.12772489238609958
2931,-0.9783719990319979,-1.1243239656972817,0.8387162939607556
8004,-0.8042823562112885,-1.0454252144479297,-0.12772489238609958
2327,1.8319322350737386,1.9076423323135299,-1.5773866719063825
4389,0.21538555173858054,-0.8200002108783525,-0.12772489238609958
8958,2.677510500202898,2.4712048412374727,-0.6109454855595272
12688,0.6630446332775474,0.19441230518474426,-0.12772489238609958
4218,2.453680959433415,2.290864838381811,-2.5438278582532377
11447,-0.505842968518644,0.2056835553632231,-0.12772489238609958
202,-1.052981845955159,-0.3916927040961561,0.355495700787328
3510,-0.10792378492845114,0.4761935596467156,0.8387162939607556
4931,-1.077851794929546,-0.4367777048100715,1.3219368871341832
14582,-0.3317533256979346,-0.9439839628416199,-0.6109454855595272
5535,-1.077851794929546,-1.0003402137340143,1.3219368871341832
9925,0.7127845312263216,0.10424230375691343,-1.0941660787329548
5791,-1.077851794929546,-1.1130527155188028,1.3219368871341832
10969,-1.077851794929546,-1.180680216589676,1.3219368871341832
1707,-0.13279373390283822,0.13805605429235,0.355495700787328
5172,-0.18253363185161225,-0.44804895498855035,-0.6109454855595272
5249,-0.4312331215954827,0.3409385575049694,0.355495700787328
13949,-0.48097301954425686,-0.38042145391767723,0.8387162939607556
11666,-1.077851794929546,-1.2032227169466336,0.355495700787328
6528,0.8620042250726437,-0.5269477062379023,-1.0941660787329548
15113,1.3345332555859974,2.0992535853476704,0.355495700787328
5855,0.5635648373799991,-0.7185589592720428,-1.0941660787329548
8164,-0.7545424582625144,-0.008470198027875101,0.355495700787328
854,-0.505842968518644,0.19441230518474426,0.355495700787328
13877,0.2651254496873547,-0.8312714610568314,-2.5438278582532377
14555,-0.8540222541600626,-0.9552552130200987,0.8387162939607556
4737,-1.077851794929546,-1.2032227169466336,1.3219368871341832
12289,-0.8788922031344497,-0.32406520302528297,1.3219368871341832
10352,-0.9286321010832237,-0.23389520159745217,0.355495700787328
698,-0.4561030705698698,-0.932712712663141,-0.6109454855595272
11344,-1.077851794929546,-1.1581377162327182,1.3219368871341832
11191,0.9863539699445792,1.0622985689276159,-0.6109454855595272
3696,-0.9783719990319979,-0.9777977133770565,0.355495700787328
1636,0.21538555173858054,1.0059423180352216,0.355495700787328
7280,-1.077851794929546,-1.1919514667681548,0.8387162939607556
7554,0.5138249394312252,0.46492230946823676,0.355495700787328
11649,-1.052981845955159,-1.1355952158757605,0.8387162939607556
3581,0.14077570481541946,-0.40296395427463494,-0.6109454855595272
1291,-0.8042823562112885,0.02534355250756146,0.355495700787328
12851,1.4837529494323203,0.4987360600036733,-2.5438278582532377
6585,-1.077851794929546,-1.180680216589676,1.3219368871341832
13808,-0.8042823562112885,-0.8087289606998737,0.355495700787328
1853,-0.7048025603137403,-0.9439839628416199,0.8387162939607556
5232,1.0360938678933531,1.2313673216047987,-0.6109454855595272
3763,0.3894751945592899,0.7241610635732504,-0.6109454855595272
3304,-1.052981845955159,-1.1355952158757605,0.8387162939607556
1495,0.2651254496873547,-0.5833039571302966,-0.6109454855595272
13919,-1.077851794929546,-1.090510215161845,1.3219368871341832
11935,0.3148653476361286,0.3860235582188848,-0.12772489238609958
11637,-0.7794124072369014,-0.9439839628416199,0.355495700787328
7994,-0.4561030705698698,-0.8876277119492256,-0.12772489238609958
1998,1.5086228984067072,1.8738285817780933,-0.6109454855595272
663,-1.077851794929546,-1.0566964646264085,1.3219368871341832
12971,0.7127845312263216,1.3328085732111083,-1.5773866719063825
13545,-1.052981845955159,-1.090510215161845,0.8387162939607556
3748,-1.077851794929546,-0.6960164589150851,1.3219368871341832
4413,-1.077851794929546,-1.1243239656972817,1.3219368871341832
12936,-0.2322735298003864,0.6114485617884619,0.355495700787328
5530,1.1355736637909013,-0.08736894927722708,-0.6109454855595272
5575,-0.033313938005289936,0.2620398062556174,0.355495700787328
8901,-1.077851794929546,-0.47059145534550806,1.3219368871341832
7526,-1.052981845955159,-0.4818627055239869,1.3219368871341832
9474,-0.2322735298003864,-0.932712712663141,-0.12772489238609958
5864,-1.003241948006385,-1.101781465340324,0.355495700787328
13260,0.9863539699445792,1.1073835696415313,-1.5773866719063825
10867,0.7127845312263216,0.10424230375691343,-1.0941660787329548
6776,2.478550908407802,2.290864838381811,-2.06060726507981
12221,0.43921509250806384,1.1750110707124044,-0.12772489238609958
1306,-0.3317533256979346,0.4085660585758425,-0.12772489238609958
13688,-1.077851794929546,-0.42550645463159265,1.3219368871341832
13696,-0.38149322364670873,0.4987360600036733,0.355495700787328
7392,-1.0281118969807719,-0.6509314582011697,0.8387162939607556
10429,1.3096633066116106,1.6258610778515585,-0.6109454855595272
11494,0.4143451435336769,1.1524685703554467,-0.12772489238609958
5592,1.4340130514835459,1.3891648241035026,-0.12772489238609958
10230,-0.555582866467418,-1.0003402137340143,-0.12772489238609958
9721,-0.28201342774916044,0.3409385575049694,0.355495700787328
1663,0.3148653476361286,0.9721285674997852,0.355495700787328
5450,-1.077851794929546,-1.1919514667681548,0.8387162939607556
15242,-0.9286321010832237,-0.3691502037391984,-0.12772489238609958
15271,0.06616585789225812,-0.32406520302528297,0.8387162939607556
3627,-0.08305383595406408,-0.8988989621277045,-1.0941660787329548
13931,-1.077851794929546,-1.022882714090972,1.3219368871341832
13339,1.9562819799456737,2.0879823351691917,-1.0941660787329548
13083,0.9614840209701918,-0.22262395141897331,-1.5773866719063825
2693,-1.077851794929546,-0.4593202051670292,0.8387162939607556
11252,-0.7545424582625144,-0.786186460342916,-0.12772489238609958
9789,0.6133047353287733,-0.22262395141897331,0.355495700787328
14892,-0.13279373390283822,-0.3578789535607195,-0.6109454855595272
10921,0.36460524558490276,-0.7185589592720428,-2.5438278582532377
10817,-0.20740358082599933,0.3860235582188848,-0.12772489238609958
5915,-0.13279373390283822,-0.1549964503481002,-0.6109454855595272
3157,-0.530712917493031,0.02534355250756146,0.355495700787328
11506,1.6329726432786424,1.9301848326704876,-1.0941660787329548
9914,-1.077851794929546,-1.022882714090972,1.3219368871341832
13471,-1.077851794929546,-1.1468664660542394,1.3219368871341832
6668,1.1853135617396753,0.904501066428912,-0.6109454855595272
1059,-0.6053227644161921,-0.9552552130200987,-0.12772489238609958
4636,-1.077851794929546,-0.7749152101644371,0.8387162939607556
3242,-0.35662327467232163,-0.8312714610568314,0.355495700787328
1678,0.14077570481541946,0.7241610635732504,0.355495700787328
6892,-1.003241948006385,-1.0679677148048874,-0.12772489238609958
6374,2.7521203471260596,2.5839173430222613,-1.0941660787329548
7574,-0.38149322364670873,-0.3127939528468041,0.8387162939607556
14820,-0.7048025603137403,0.059157303042998016,0.355495700787328
1757,-0.555582866467418,-0.707287709093564,-0.6109454855595272
6019,1.6329726432786424,1.9527273330274453,-0.12772489238609958
12383,-1.077851794929546,-1.169408966411197,1.3219368871341832
5116,0.3148653476361286,-0.8087289606998737,-0.6109454855595272
8755,-1.077851794929546,-1.2032227169466336,1.3219368871341832
7408,0.7873943781494827,0.8594160657149966,-0.12772489238609958
2790,0.19051560276419338,0.5776348112530253,0.355495700787328
863,0.33973529661051577,0.9270435667858697,-0.12772489238609958
7858,-0.08305383595406408,0.7354323137517292,0.355495700787328
1484,-1.077851794929546,-1.1468664660542394,0.8387162939607556
7035,0.2651254496873547,0.4311085589328002,0.355495700787328
7721,0.3894751945592899,-0.32406520302528297,0.355495700787328
5977,0.9863539699445792,1.366622323746545,-0.6109454855595272
5134,-1.077851794929546,-1.1581377162327182,0.8387162939607556
206,1.583232745329868,1.749844829814826,0.355495700787328
4488,0.19051560276419338,0.521278560360631,0.355495700787328
6938,-0.555582866467418,-1.0116114639124931,0.8387162939607556
9062,0.36460524558490276,-0.3578789535607195,-0.12772489238609958
12685,0.43921509250806384,0.14932730447082884,-0.12772489238609958
6910,-1.003241948006385,-1.1355952158757605,0.8387162939607556
502,1.6578425922530293,1.817472330885699,-0.6109454855595272
7385,0.5138249394312252,0.3296673073264905,0.8387162939607556
1028,-0.555582866467418,-0.7185589592720428,-0.12772489238609958
3840,-1.077851794929546,-0.4367777048100715,1.3219368871341832
10882,0.6133047353287733,-0.18881020088353676,-1.0941660787329548
13773,-1.003241948006385,-0.6734739585581274,0.8387162939607556
8110,-1.077851794929546,-0.8425427112353102,1.3219368871341832
14948,-0.9535020500576108,-1.1243239656972817,0.8387162939607556
5056,0.04129590891787117,-0.6171177076657332,0.355495700787328
9762,-0.530712917493031,-0.3466077033822407,-0.6109454855595272
8154,-0.20740358082599933,0.3860235582188848,0.355495700787328
10965,-0.48097301954425686,-0.9665264631985776,0.355495700787328
14183,-0.9783719990319979,-0.9777977133770565,0.355495700787328
2731,0.04129590891787117,0.8706873158934755,0.8387162939607556
14434,0.9614840209701918,1.4906060757098123,-0.6109454855595272
8996,0.7376544802007085,0.9608573173213063,-0.12772489238609958
14039,0.5635648373799991,1.2426385717832775,-0.12772489238609958
11837,-0.6550626623649661,0.19441230518474426,1.3219368871341832
2454,-0.38149322364670873,-0.22262395141897331,0.8387162939607556
12790,-0.7296725092881273,-1.0454252144479297,-0.6109454855595272
7215,-0.40636317262109567,-0.40296395427463494,-0.12772489238609958
3104,1.2847933576372237,1.7160310792793894,0.355495700787328
13067,0.2899953986617417,-0.18881020088353676,-0.6109454855595272
14151,-0.9286321010832237,-0.6960164589150851,0.8387162939607556
8392,0.488954990456838,-0.8087289606998737,-1.0941660787329548
6278,1.1604436127652884,0.4085660585758425,-0.12772489238609958
3099,-1.052981845955159,-0.3353364532037618,1.3219368871341832
6184,-0.8788922031344497,-1.101781465340324,1.3219368871341832
10470,-0.7296725092881273,-0.2677089521328887,0.8387162939607556
3561,1.06096381686774,0.2620398062556174,-0.6109454855595272
5892,0.8371342760982567,-0.22262395141897331,-0.6109454855595272
12666,1.8070622860993515,1.1186548198200101,-1.5773866719063825
14624,-1.052981845955159,-1.1468664660542394,0.355495700787328
12706,-0.2322735298003864,-0.4593202051670292,-0.12772489238609958
13986,-1.003241948006385,-0.47059145534550806,0.8387162939607556
391,-0.9286321010832237,-1.0454252144479297,-0.6109454855595272
6736,-0.580452815441805,0.3071248069695328,0.8387162939607556
5618,-0.555582866467418,0.25076855607713855,0.8387162939607556
5258,-1.077851794929546,-0.4367777048100715,0.8387162939607556
9687,2.553160755330963,2.4148485903450783,-0.6109454855595272
2695,2.080631724817609,2.0767110849907127,-1.0941660787329548
2027,-0.4312331215954827,0.3860235582188848,0.8387162939607556
13440,-1.077851794929546,-1.0116114639124931,0.8387162939607556
5463,0.3148653476361286,-0.8312714610568314,-0.6109454855595272
2568,-0.08305383595406408,-0.8538139614137891,-1.0941660787329548
8006,-0.13279373390283822,-0.8988989621277045,-0.6109454855595272
64,-0.15766368287722518,-0.2677089521328887,0.355495700787328
12076,-1.077851794929546,-1.1468664660542394,0.355495700787328
2062,-1.052981845955159,-0.5720327069518177,1.3219368871341832
5276,-0.9783719990319979,-0.1775389507050579,0.8387162939607556
7208,-0.8788922031344497,-0.628388957844212,0.8387162939607556
8684,-1.077851794929546,-0.9665264631985776,0.8387162939607556
8571,-0.008443989030902977,0.8368735653580389,0.355495700787328
6331,-0.9037621521088367,-0.22262395141897331,1.3219368871341832
4859,-0.18253363185161225,0.3409385575049694,0.355495700787328
14552,-0.9535020500576108,-0.9890689635555353,0.8387162939607556
12185,1.5583627963554811,1.7160310792793894,-1.5773866719063825
4887,2.2298514186639316,2.1668810864185435,-2.06060726507981
9268,2.030891826868835,2.0428973344552763,-1.5773866719063825
878,-0.08305383595406408,0.7016185632162927,0.8387162939607556
8529,-1.077851794929546,-0.49313395570246576,1.3219368871341832
7916,1.359403204560385,0.9383148169643486,-0.6109454855595272
6863,-1.077851794929546,-1.0003402137340143,0.8387162939607556
7892,0.43921509250806384,0.8706873158934755,0.355495700787328
6439,2.1552415717407705,1.7273023294578682,-2.06060726507981
7869,1.583232745329868,1.8062010807072202,-0.6109454855595272
1016,1.3345332555859974,0.13805605429235,-2.06060726507981
9467,-0.7545424582625144,-1.0566964646264085,-0.12772489238609958
11990,-1.052981845955159,-1.0341539642694508,1.3219368871341832
7629,-0.8788922031344497,-1.0341539642694508,0.8387162939607556
12743,-0.555582866467418,-0.9214414624846622,-0.6109454855595272
11534,0.09103580686664531,0.7354323137517292,-0.12772489238609958
13103,-1.077851794929546,-1.1355952158757605,0.355495700787328
14605,-0.4561030705698698,-0.9890689635555353,0.355495700787328
995,0.488954990456838,0.2056835553632231,-0.12772489238609958
10173,-1.077851794929546,-1.1130527155188028,0.8387162939607556
4297,1.06096381686774,0.17186980482778655,-1.5773866719063825
161,-1.0281118969807719,-0.27898020231136755,0.8387162939607556
5675,1.4588830004579327,1.7611160799933048,0.355495700787328
6873,0.6381746843031604,-0.30152270266832526,-0.12772489238609958
14737,-0.6301927133905793,0.10424230375691343,0.8387162939607556
12990,1.6081026943042553,1.7611160799933048,-1.0941660787329548
9692,1.4837529494323203,1.7723873301717836,-0.12772489238609958
7989,-0.9535020500576108,-1.0454252144479297,0.355495700787328
3843,-0.033313938005289936,0.7692460642871658,0.8387162939607556
13417,1.0112239189189662,0.3634810578619271,-1.0941660787329548
10805,0.3894751945592899,0.9383148169643486,-0.6109454855595272
11653,-1.052981845955159,-1.1468664660542394,0.355495700787328
1021,-0.40636317262109567,-0.5720327069518177,0.355495700787328
3073,0.8371342760982567,1.4117073244604603,0.8387162939607556
7555,-0.3317533256979346,-0.04228394856331166,-0.12772489238609958
3943,-0.3068833767235475,-0.5269477062379023,-0.12772489238609958
1585,-0.20740358082599933,0.4536510592897579,0.8387162939607556
10147,0.016425959943484204,-0.3353364532037618,-1.0941660787329548
3152,0.5635648373799991,0.8481448155365178,-0.12772489238609958
14541,0.21538555173858054,-0.4142352044531138,-1.5773866719063825
8226,-0.4312331215954827,0.4311085589328002,0.355495700787328
12206,-0.6799326113393532,0.19441230518474426,0.8387162939607556
775,0.8122643271238696,-0.2902514524898464,-2.5438278582532377
10748,1.8816721330225128,2.0767110849907127,-1.5773866719063825
9670,2.080631724817609,2.211966087132459,-0.6109454855595272
7099,-0.3068833767235475,0.5663635610745464,0.355495700787328
5486,-0.7794124072369014,-1.0566964646264085,-0.12772489238609958
6235,-0.2322735298003864,-0.7974577105213948,0.8387162939607556
9555,0.4143451435336769,-0.21135270124049446,-0.6109454855595272
7041,1.3842731535347719,1.1637398205339256,-0.6109454855595272
2612,-1.0281118969807719,-0.9439839628416199,0.355495700787328
7513,1.3096633066116106,1.5695048269591643,0.8387162939607556
11016,-1.077851794929546,-0.9890689635555353,0.8387162939607556
10233,-1.077851794929546,-1.1919514667681548,0.8387162939607556
8433,-0.8788922031344497,-0.9890689635555353,0.8387162939607556
10253,-0.20740358082599933,-0.786186460342916,0.355495700787328
10555,-0.530712917493031,-0.932712712663141,-1.0941660787329548
8792,0.8122643271238696,-0.5382189564163812,-0.12772489238609958
10627,-0.9535020500576108,-1.0116114639124931,0.355495700787328
5393,0.5138249394312252,-0.04228394856331166,-0.12772489238609958
14502,0.6381746843031604,0.39729480839736364,-0.6109454855595272
11080,0.7873943781494827,1.129926069998489,-0.12772489238609958
14356,1.085833765842127,1.1637398205339256,-1.0941660787329548
8838,1.4340130514835459,0.5889060614315041,-2.06060726507981
3890,-0.530712917493031,0.0028010521506037526,0.8387162939607556
3556,-1.052981845955159,-0.8200002108783525,0.8387162939607556
11394,-0.6799326113393532,-0.4818627055239869,0.8387162939607556
1528,-0.4561030705698698,-0.3916927040961561,0.355495700787328
15167,0.4143451435336769,1.8062010807072202,-0.6109454855595272
1267,-1.052981845955159,-0.3353364532037618,0.8387162939607556
7734,0.4143451435336769,0.0028010521506037526,0.355495700787328
1899,0.9117441230214178,0.3860235582188848,-1.5773866719063825
4658,-0.6799326113393532,-0.5607614567733389,-0.12772489238609958
3005,-0.9783719990319979,-0.628388957844212,0.355495700787328
2734,2.0060218778944483,2.1668810864185435,-2.06060726507981
15293,-0.48097301954425686,-0.786186460342916,1.3219368871341832
189,0.9366140719958048,1.4680635753528546,0.355495700787328
9998,-0.9535020500576108,-0.21135270124049446,0.8387162939607556
9167,-0.9783719990319979,-1.0116114639124931,0.8387162939607556
2747,0.3148653476361286,1.0397560685706582,0.8387162939607556
2047,1.5086228984067072,1.5244198262452489,-1.0941660787329548
7849,-0.7296725092881273,0.14932730447082884,0.8387162939607556
2558,-0.7794124072369014,-1.0679677148048874,0.355495700787328
9274,2.055761775843222,2.0992535853476704,-1.0941660787329548
8666,1.0360938678933531,0.4311085589328002,-1.5773866719063825
11096,0.2402555007129675,0.904501066428912,-0.12772489238609958
13035,1.06096381686774,0.7016185632162927,-1.5773866719063825
6396,0.2651254496873547,1.0172135682137005,0.355495700787328
12309,1.4340130514835459,0.7805173144656447,-1.5773866719063825
3385,-0.580452815441805,-0.10991144963418478,0.8387162939607556
4555,0.5635648373799991,1.2651810721402352,0.355495700787328
1184,0.3148653476361286,0.35220980768344823,0.355495700787328
6420,-0.9037621521088367,-0.1775389507050579,0.8387162939607556
5051,0.5138249394312252,-0.4142352044531138,-1.0941660787329548
5311,0.9117441230214178,1.4117073244604603,-0.6109454855595272
2433,1.7324524391761906,1.3102660728541506,-0.6109454855595272
6949,0.488954990456838,-0.7411014596290005,-0.6109454855595272
13803,-0.2322735298003864,-0.4818627055239869,-0.6109454855595272
10583,-1.077851794929546,-1.2032227169466336,0.8387162939607556
769,-0.9535020500576108,-0.9890689635555353,0.8387162939607556
1685,2.130371622766383,1.8062010807072202,-1.5773866719063825
8322,-1.0281118969807719,-0.9101702123061833,0.8387162939607556
11111,0.33973529661051577,1.0735698191060947,-0.12772489238609958
11363,-0.10792378492845114,-0.628388957844212,-0.6109454855595272
11636,0.6133047353287733,-0.5156764560594235,-2.06060726507981
14423,0.7376544802007085,1.3778935739250238,-1.0941660787329548
5578,1.359403204560385,1.1073835696415313,0.355495700787328
4426,-0.9037621521088367,-0.932712712663141,-0.12772489238609958
13526,-0.555582866467418,-0.9777977133770565,0.355495700787328
466,0.016425959943484204,0.3634810578619271,-0.6109454855595272
6265,0.7625244291750957,-0.12118269981266364,-1.0941660787329548
5734,1.0360938678933531,0.6227198119669407,-0.12772489238609958
11284,-0.8291523051856755,-1.022882714090972,-0.12772489238609958
11964,-0.8540222541600626,-0.6847452087366063,0.8387162939607556
5191,1.5086228984067072,0.7354323137517292,-1.5773866719063825
13418,1.0360938678933531,0.35220980768344823,-1.5773866719063825
5390,0.3894751945592899,-0.04228394856331166,-0.12772489238609958
860,-0.8788922031344497,-0.14372520016962134,1.3219368871341832
7270,-1.077851794929546,-1.169408966411197,0.8387162939607556
