,sunshine,global_radiation,cloud_cover
10392,0.16564565378980642,0.9636064055548534,-0.1282780266592754
5440,-0.40636317262109567,-0.8872099357523205,0.35531948018049153
7316,-1.077851794929546,-1.1806320386424822,0.35531948018049153
12649,1.1355736637909013,1.1893157154703624,-2.062668054018343
13249,0.8620042250726437,0.8620372160928744,-1.0954730403388093
7308,-0.8788922031344497,-1.1016337801720542,0.8389169870202585
6648,-0.4312331215954827,-0.3003657299719971,0.8389169870202585
1583,-0.8540222541600626,-0.1649401440226917,0.8389169870202585
68,-1.077851794929546,-0.8872099357523205,0.8389169870202585
3251,-1.077851794929546,-1.169346573146707,0.8389169870202585
8962,-0.25714347877477345,0.5573296477069372,0.35531948018049153
3295,-1.077851794929546,-1.1806320386424822,1.3225144938600255
4393,-0.4561030705698698,-0.9549227287269733,-1.0954730403388093
14464,1.1355736637909013,1.3473122324112188,0.35531948018049153
7713,1.0360938678933531,-0.24393840249311985,-1.0954730403388093
2455,-1.077851794929546,-0.8420680737692188,0.8389169870202585
1595,-0.033313938005289936,0.6701843026646918,-0.6118755334990423
11571,-0.9286321010832237,-0.5035041088959552,-0.1282780266592754
4914,2.503420857382189,2.453287850997213,-0.1282780266592754
8295,-0.3068833767235475,-0.1423692130311408,-0.1282780266592754
4881,1.6329726432786424,1.776159921250686,-1.5790705471785762
8511,1.8070622860993515,1.5504506113351768,0.35531948018049153
6092,-0.35662327467232163,-0.029514558073386283,0.8389169870202585
245,-0.6799326113393532,-0.24393840249311985,0.8389169870202585
3017,-0.48097301954425686,-0.06337095456071264,0.35531948018049153
5292,2.677510500202898,0.0,-2.062668054018343
3795,2.055761775843222,2.103438420628174,-1.0954730403388093
4122,1.3842731535347719,1.2231721119576888,-0.6118755334990423
4004,-1.077851794929546,-1.2032029696340332,0.35531948018049153
14906,-1.077851794929546,-1.0452064526931768,0.8389169870202585
4676,0.8371342760982567,-0.1649401440226917,-2.062668054018343
4077,0.7376544802007085,0.04948370039704188,-1.0954730403388093
6434,1.1604436127652884,1.2795994394365662,0.8389169870202585
10628,0.4143451435336769,-0.5147895743917307,-1.0954730403388093
673,-1.003241948006385,-1.022635521701626,0.35531948018049153
11688,-1.077851794929546,-1.1919175041382577,1.3225144938600255
11419,-1.077851794929546,-0.6840715568283625,0.8389169870202585
8654,1.3096633066116106,0.7830389576224462,-0.6118755334990423
14082,-0.3068833767235475,0.4896168547322845,0.8389169870202585
10668,-0.9037621521088367,-0.6050732983579343,1.3225144938600255
13335,1.1604436127652884,1.629448869805605,-2.062668054018343
3024,-1.077851794929546,-0.6502151603410361,0.8389169870202585
13989,-0.20740358082599933,0.29776394130410183,0.8389169870202585
12608,2.528290806356576,2.4194314545098865,-2.54626556085811
2425,1.359403204560385,1.2683139739407907,0.35531948018049153
7581,1.0112239189189662,0.2074802173378982,-1.0954730403388093
12774,-0.28201342774916044,-0.9549227287269733,-1.5790705471785762
6388,-0.7048025603137403,0.1849092863463473,0.8389169870202585
13166,-0.40636317262109567,-0.9097808667438715,-0.6118755334990423
4984,-0.8042823562112885,-0.2326529369973444,1.3225144938600255
11585,0.46408504148245106,0.2300511483294491,-0.1282780266592754
13078,-0.10792378492845114,-0.5035041088959552,-1.0954730403388093
3433,-0.13279373390283822,0.6588988371689163,0.35531948018049153
4338,-0.555582866467418,-0.898495401248096,0.8389169870202585
8495,1.4340130514835459,1.053890129521057,-1.5790705471785762
8810,0.6630446332775474,-0.3342221264593235,-1.0954730403388093
5228,-0.35662327467232163,0.24133661382522456,0.8389169870202585
12662,0.2651254496873547,0.4219040617576318,-2.54626556085811
2517,-1.077851794929546,-1.1580611076509315,1.3225144938600255
14102,1.0360938678933531,1.2457430429492398,-1.0954730403388093
6174,-0.48097301954425686,-0.9323517977354224,0.35531948018049153
9039,-0.9783719990319979,-0.7630698152987906,0.8389169870202585
2036,1.8816721330225128,1.877729110712665,-1.5790705471785762
3065,0.3894751945592899,1.0426046640252815,0.35531948018049153
12156,0.09103580686664531,0.4331895272534072,-1.0954730403388093
13305,1.9811519289200612,2.1372948171155004,-2.062668054018343
3355,0.8620042250726437,0.2639075448167755,0.35531948018049153
14670,-0.505842968518644,-0.5035041088959552,0.8389169870202585
5183,0.19051560276419338,-0.018229092577610833,-0.6118755334990423
4638,1.2599234086628366,0.7153261646477935,-1.5790705471785762
1427,-0.6799326113393532,-0.9887791252142997,-2.062668054018343
3881,1.6578425922530293,1.5053087493520751,-1.5790705471785762
14764,-0.8788922031344497,-0.040800023569161736,0.8389169870202585
1041,-0.7794124072369014,-0.921066332239647,0.35531948018049153
8821,0.5138249394312252,-0.22136747150156896,0.35531948018049153
4501,-1.052981845955159,-0.4809331779044043,1.3225144938600255
5557,1.0360938678933531,0.5460441822111617,0.35531948018049153
1413,-0.9783719990319979,-1.0564919181889523,0.35531948018049153
114,0.36460524558490276,0.7604680266308953,0.35531948018049153
8513,1.8816721330225128,1.629448869805605,-0.1282780266592754
11716,-1.077851794929546,-1.1354901766593806,1.3225144938600255
13885,-0.580452815441805,-1.0000645907100751,0.8389169870202585
230,-0.9286321010832237,-0.3342221264593235,0.35531948018049153
13422,1.5583627963554811,0.46704592374073356,-2.062668054018343
6109,1.3345332555859974,0.5573296477069372,-0.1282780266592754
10662,-0.6799326113393532,-0.4922186434001798,-0.1282780266592754
2746,0.8371342760982567,1.4037395598900961,-0.1282780266592754
14709,1.856802184048126,1.3698831634027697,-1.0954730403388093
7998,-0.25714347877477345,-0.8533535392649942,-0.1282780266592754
1520,0.7625244291750957,0.04948370039704188,-0.1282780266592754
14420,2.503420857382189,-0.8872099357523205,-2.062668054018343
4604,0.9117441230214178,1.178030249974587,0.35531948018049153
214,-0.033313938005289936,0.6250424406815899,0.35531948018049153
10062,1.5086228984067072,1.7648744557549105,-0.6118755334990423
14436,0.9366140719958048,1.4601668873689733,-0.6118755334990423
7598,-1.077851794929546,-1.022635521701626,1.3225144938600255
11024,0.5386948884056122,0.09462556238014368,-0.1282780266592754
11317,-0.6053227644161921,-1.0339209871974016,-0.6118755334990423
5614,-1.077851794929546,-0.4696477124086289,1.3225144938600255
2487,0.5138249394312252,-0.3003657299719971,-1.5790705471785762
8323,-0.505842968518644,-0.5825023673663834,0.35531948018049153
11731,-1.077851794929546,-1.0677773836847277,1.3225144938600255
6927,-1.077851794929546,-1.2032029696340332,1.3225144938600255
2182,-1.077851794929546,-1.2032029696340332,0.8389169870202585
3886,0.7376544802007085,0.9184645435717517,-0.1282780266592754
11515,-0.38149322364670873,0.46704592374073356,-0.1282780266592754
14021,1.3345332555859974,1.6633052662929315,-1.0954730403388093
11028,-1.052981845955159,-0.8194971427776678,1.3225144938600255
3477,0.488954990456838,1.1667447844788115,0.35531948018049153
5706,1.06096381686774,1.1893157154703624,-0.1282780266592754
5169,-0.7794124072369014,-0.7630698152987906,0.8389169870202585
9230,1.0360938678933531,0.9410354745633025,-0.6118755334990423
9927,-1.077851794929546,-0.9097808667438715,1.3225144938600255
3115,0.8620042250726437,1.4037395598900961,-0.6118755334990423
10766,1.6578425922530293,1.9680128346788686,-1.5790705471785762
6914,-0.7296725092881273,-1.0564919181889523,0.8389169870202585
5369,-0.13279373390283822,0.01562730390971552,0.35531948018049153
8992,2.055761775843222,1.7423035247633596,-1.0954730403388093
10241,-0.555582866467418,-0.9662081942227487,0.35531948018049153
6935,-0.530712917493031,-1.0113500562058506,-0.1282780266592754
14951,-0.6550626623649661,-1.0339209871974016,-0.1282780266592754
10036,1.1604436127652884,1.6633052662929315,-0.6118755334990423
1498,-1.052981845955159,-1.0677773836847277,0.8389169870202585
10431,1.6329726432786424,1.798730852242237,-1.5790705471785762
10296,1.359403204560385,0.4896168547322845,-2.062668054018343
9745,-0.555582866467418,-0.17622560951846716,-0.1282780266592754
14863,-0.9535020500576108,-0.5712169018706079,0.8389169870202585
11541,-0.7794124072369014,-0.0746564200564881,0.8389169870202585
4176,-0.4312331215954827,0.45576045824495814,0.35531948018049153
5217,-0.20740358082599933,0.2300511483294491,0.8389169870202585
8222,0.43921509250806384,1.1441738534872608,0.8389169870202585
6977,0.3894751945592899,-0.5147895743917307,-0.1282780266592754
6234,-0.8042823562112885,-0.9887791252142997,0.35531948018049153
2055,0.46408504148245106,0.8056098886139971,-1.0954730403388093
11711,-1.077851794929546,-1.146775642155156,0.8389169870202585
2058,1.8319322350737386,1.527879680343626,-2.54626556085811
9266,1.6827125412274162,1.8213017832337877,-0.6118755334990423
13974,1.3842731535347719,1.031319198529506,-1.5790705471785762
15199,1.4340130514835459,1.674590731788707,-1.0954730403388093
4861,0.16564565378980642,0.6137569751858144,0.8389169870202585
5683,1.2847933576372237,1.5955924733182787,0.35531948018049153
9659,-0.13279373390283822,0.726611630143569,0.35531948018049153
4860,-0.6799326113393532,-0.06337095456071264,0.8389169870202585
14340,1.0360938678933531,0.8733226815886498,-1.5790705471785762
8094,-1.077851794929546,-0.9887791252142997,1.3225144938600255
483,-0.7545424582625144,-0.08594188555226354,0.8389169870202585
10338,0.6879145822519344,0.9297500090675271,-1.5790705471785762
10802,0.5884347863543863,1.0990319915041589,-0.6118755334990423
14437,-0.13279373390283822,0.6814697681604671,-0.1282780266592754
12531,2.1055016737919963,1.7423035247633596,-1.5790705471785762
9515,-0.38149322364670873,-0.898495401248096,-0.6118755334990423
4391,-0.4312331215954827,-0.9549227287269733,0.35531948018049153
9125,-1.077851794929546,-1.2032029696340332,1.3225144938600255
12900,-0.9037621521088367,-0.26650933348467076,0.8389169870202585
2984,-1.052981845955159,-0.8759244702565452,0.8389169870202585
11957,0.04129590891787117,-0.08594188555226354,-1.0954730403388093
6425,2.3044612655870926,2.0244401621577457,-2.062668054018343
3079,0.14077570481541946,0.9297500090675271,0.35531948018049153
2046,-0.25714347877477345,0.39933313076608085,0.35531948018049153
13640,1.5086228984067072,1.6181634043098296,-1.5790705471785762
12117,0.8620042250726437,0.1849092863463473,-0.6118755334990423
4328,-0.28201342774916044,-0.7292134188114643,-0.1282780266592754
5137,-0.7048025603137403,-0.9662081942227487,0.35531948018049153
7173,0.7873943781494827,0.9410354745633025,-0.1282780266592754
4128,0.6879145822519344,0.9071790780759762,0.35531948018049153
13897,0.43921509250806384,-0.7066424878199133,-1.5790705471785762
2347,-0.8788922031344497,-0.040800023569161736,1.3225144938600255
15138,-0.6550626623649661,0.4219040617576318,0.8389169870202585
11427,0.5884347863543863,0.7604680266308953,-1.5790705471785762
9581,0.6879145822519344,0.4896168547322845,-0.6118755334990423
5857,-1.003241948006385,-1.124204711163605,0.8389169870202585
9918,-0.580452815441805,-0.6502151603410361,0.8389169870202585
15273,-0.8540222541600626,-0.796926211786117,-2.062668054018343
13848,0.3894751945592899,-0.7404988843072398,-2.54626556085811
1414,0.5884347863543863,-0.5712169018706079,-0.1282780266592754
499,2.4039410614846406,2.2162930755859285,-2.54626556085811
668,0.7625244291750957,-0.34550759195509895,-0.6118755334990423
10678,0.43921509250806384,0.38804766527030543,-0.1282780266592754
8631,0.7625244291750957,0.9748918710506289,0.35531948018049153
3033,-0.008443989030902977,0.46704592374073356,0.35531948018049153
6829,0.8122643271238696,0.5347587167153863,-0.6118755334990423
9364,1.6081026943042553,1.3924540943943207,-0.1282780266592754
4695,0.7625244291750957,-0.45836224691285343,-2.062668054018343
2485,0.8620042250726437,-0.15365467852691625,-2.062668054018343
12890,0.36460524558490276,0.6588988371689163,-1.0954730403388093
11623,-0.9535020500576108,-0.9436372632311979,-0.1282780266592754
303,0.2651254496873547,-0.4809331779044043,-0.1282780266592754
12816,0.6630446332775474,-0.5035041088959552,-1.5790705471785762
12637,0.7376544802007085,1.1103174569999343,-2.062668054018343
9253,1.3096633066116106,1.4488814218731978,0.35531948018049153
1703,0.2899953986617417,0.5234732512196109,-0.6118755334990423
13733,1.1355736637909013,1.3473122324112188,-0.6118755334990423
13315,0.5386948884056122,1.2457430429492398,-1.0954730403388093
10400,-0.38149322364670873,0.5121877857238354,0.8389169870202585
5496,-1.052981845955159,-1.1354901766593806,0.8389169870202585
5152,-1.077851794929546,-1.0903483146762787,1.3225144938600255
6210,-1.077851794929546,-1.1919175041382577,1.3225144938600255
1042,0.04129590891787117,-0.6389296948452606,0.8389169870202585
14733,1.2847933576372237,1.4488814218731978,-0.6118755334990423
3921,-0.530712917493031,-0.3793639884424253,0.35531948018049153
2924,0.4143451435336769,-0.796926211786117,-0.6118755334990423
3206,1.1853135617396753,0.11719649337169459,-0.6118755334990423
11836,-0.25714347877477345,0.5686151132027126,0.8389169870202585
7596,1.1107037148165144,-0.040800023569161736,-0.6118755334990423
6223,-0.9535020500576108,-1.1016337801720542,0.35531948018049153
10875,0.9614840209701918,0.06076916589281733,-1.5790705471785762
10728,-1.077851794929546,-0.45836224691285343,1.3225144938600255
5035,-1.077851794929546,-0.9887791252142997,0.35531948018049153
5743,0.488954990456838,0.2074802173378982,-0.6118755334990423
14038,-1.077851794929546,-0.43579131592130255,1.3225144938600255
10606,-1.077851794929546,-1.169346573146707,1.3225144938600255
5642,2.3790711125102537,2.3855750580225603,-1.0954730403388093
13858,-1.077851794929546,-1.2032029696340332,1.3225144938600255
14127,-0.8042823562112885,-0.36807852294664983,0.8389169870202585
13363,-0.505842968518644,0.2300511483294491,-0.1282780266592754
2699,-0.13279373390283822,0.6363279061773653,0.8389169870202585
3402,1.7075824902018033,1.5730215423267278,-0.1282780266592754
7856,-1.077851794929546,-0.43579131592130255,1.3225144938600255
11097,0.33973529661051577,0.9861773365464044,-0.1282780266592754
1068,-0.9037621521088367,-1.1016337801720542,0.35531948018049153
7457,-0.6053227644161921,0.2639075448167755,0.8389169870202585
7109,0.7127845312263216,1.3698831634027697,0.8389169870202585
3143,0.9614840209701918,1.2118866464619134,-0.6118755334990423
2470,-0.7048025603137403,-0.6050732983579343,0.8389169870202585
11859,0.6630446332775474,1.3360267669154433,-0.1282780266592754
14617,0.19051560276419338,-0.8194971427776678,-2.062668054018343
10079,-0.18253363185161225,0.47833138923650903,-0.1282780266592754
553,-0.9286321010832237,-0.11979828203958989,1.3225144938600255
8538,-0.38149322364670873,0.39933313076608085,0.8389169870202585
9222,-0.2322735298003864,0.06076916589281733,0.8389169870202585
13823,-0.8291523051856755,-0.9323517977354224,-0.6118755334990423
11095,0.6879145822519344,1.2118866464619134,-1.0954730403388093
5746,-1.077851794929546,-0.8646390047607697,1.3225144938600255
2766,0.6879145822519344,1.1667447844788115,-0.1282780266592754
9537,-1.077851794929546,-1.0790628491805032,1.3225144938600255
3038,0.3148653476361286,0.7491825611351198,-1.0954730403388093
6345,-0.7794124072369014,0.00434183841394007,0.35531948018049153
13873,-1.077851794929546,-1.2032029696340332,1.3225144938600255
12439,-0.9783719990319979,-1.0903483146762787,0.8389169870202585
11610,-1.077851794929546,-0.9887791252142997,1.3225144938600255
10939,-1.077851794929546,-1.2032029696340332,1.3225144938600255
8332,0.11590575584103227,-0.44707678141707796,-0.1282780266592754
6311,-1.077851794929546,-0.6502151603410361,1.3225144938600255
3315,-1.077851794929546,-1.1354901766593806,0.8389169870202585
13372,-0.28201342774916044,0.3429058032872036,0.35531948018049153
14432,2.1552415717407705,-0.9097808667438715,-2.54626556085811
7745,-1.052981845955159,-0.7856407462903415,0.35531948018049153
4720,-1.077851794929546,-1.1919175041382577,1.3225144938600255
13258,2.030891826868835,1.652019800797156,-2.54626556085811
8621,-0.4312331215954827,0.252622079321,0.35531948018049153
420,0.2899953986617417,-0.3003657299719971,-0.6118755334990423
4667,-0.25714347877477345,-0.43579131592130255,0.8389169870202585
4954,1.1355736637909013,1.4827378183605242,-0.1282780266592754
2995,-1.052981845955159,-0.796926211786117,0.35531948018049153
13866,-1.077851794929546,-1.2032029696340332,1.3225144938600255
1496,-1.052981845955159,-1.0790628491805032,0.35531948018049153
1047,0.21538555173858054,-0.6502151603410361,-0.6118755334990423
12202,1.1355736637909013,1.5843070078225032,-2.062668054018343
8925,2.0060218778944483,2.1598657481070513,0.35531948018049153
856,-0.9037621521088367,-0.19879654051001805,0.35531948018049153
10054,2.503420857382189,2.3855750580225603,-2.54626556085811
15229,1.1355736637909013,1.0426046640252815,0.35531948018049153
8391,0.7376544802007085,-0.7630698152987906,-2.062668054018343
3660,-1.077851794929546,-1.1919175041382577,1.3225144938600255
7654,0.21538555173858054,-0.8533535392649942,0.35531948018049153
4659,0.4143451435336769,-0.029514558073386283,-0.6118755334990423
11734,-0.28201342774916044,-0.6276442293494852,-0.6118755334990423
14861,-1.077851794929546,-0.7517843498030152,1.3225144938600255
6332,0.5138249394312252,0.9636064055548534,0.35531948018049153
11039,-0.4561030705698698,-0.21008200600579352,-0.6118755334990423
15261,-1.077851794929546,-0.7404988843072398,0.35531948018049153
14438,0.3894751945592899,1.076461060512608,0.35531948018049153
3187,0.14077570481541946,0.026912769405490974,-0.1282780266592754
8916,2.4039410614846406,2.351718661535234,-0.1282780266592754
6133,-1.077851794929546,-1.0000645907100751,0.35531948018049153
820,-1.0281118969807719,-0.6389296948452606,1.3225144938600255
1643,0.46408504148245106,1.178030249974587,0.35531948018049153
7559,0.016425959943484204,0.11719649337169459,0.8389169870202585
14787,2.2298514186639316,-0.8872099357523205,-1.5790705471785762
2631,0.3148653476361286,0.12848195886747005,-1.0954730403388093
107,1.6329726432786424,1.4037395598900961,-1.0954730403388093
10591,-1.077851794929546,-1.1919175041382577,1.3225144938600255
367,-1.077851794929546,-1.1919175041382577,1.3225144938600255
6983,1.0360938678933531,-0.24393840249311985,-1.0954730403388093
416,-1.077851794929546,-1.022635521701626,1.3225144938600255
2420,1.1853135617396753,1.2457430429492398,-1.0954730403388093
729,-1.077851794929546,-1.1919175041382577,0.8389169870202585
4768,0.33973529661051577,-0.6953570223241379,-1.0954730403388093
3599,-1.077851794929546,-1.1129192456678296,0.35531948018049153
13826,-0.6301927133905793,-0.8759244702565452,-0.1282780266592754
3941,-0.08305383595406408,-0.4132203849297516,0.35531948018049153
4129,-0.033313938005289936,0.4444749927491827,0.35531948018049153
9934,-1.052981845955159,-0.8082116772818925,1.3225144938600255
6508,0.2402555007129675,-0.43579131592130255,-0.6118755334990423
2388,0.5884347863543863,1.2006011809661379,0.35531948018049153
9225,0.5635648373799991,0.5911860441942636,-0.1282780266592754
3804,-0.7048025603137403,0.16233835535479638,0.8389169870202585
10989,-0.18253363185161225,-0.7404988843072398,-0.1282780266592754
13342,-1.077851794929546,-0.45836224691285343,0.8389169870202585
5353,1.3842731535347719,1.178030249974587,-0.6118755334990423
14144,1.085833765842127,0.46704592374073356,-1.5790705471785762
510,-0.9037621521088367,-0.10851281654381445,0.8389169870202585
700,-0.7794124072369014,-1.0564919181889523,-0.1282780266592754
10068,0.8620042250726437,1.3134558359238924,-0.6118755334990423
13900,0.46408504148245106,-0.672786091332587,-2.54626556085811
2628,-1.077851794929546,-0.8646390047607697,0.35531948018049153
5981,1.6827125412274162,1.8438727142253386,-0.1282780266592754
1277,-1.0281118969807719,-0.27779479898044623,1.3225144938600255
13399,-0.7296725092881273,-0.3342221264593235,0.8389169870202585
2030,1.3096633066116106,1.6068779388140542,-1.0954730403388093
5327,0.43921509250806384,0.9748918710506289,0.8389169870202585
39,-1.077851794929546,-1.0903483146762787,1.3225144938600255
1891,-0.8788922031344497,-0.6953570223241379,0.8389169870202585
12166,-0.4312331215954827,0.16233835535479638,0.8389169870202585
6682,-0.28201342774916044,0.21876568283367365,-0.1282780266592754
9462,-1.077851794929546,-1.169346573146707,0.8389169870202585
4313,0.016425959943484204,-0.4696477124086289,-0.1282780266592754
3482,-0.7296725092881273,0.10591102787591913,0.35531948018049153
9810,-1.077851794929546,-1.124204711163605,0.35531948018049153
2980,-0.4312331215954827,-0.5599314363748324,0.8389169870202585
14756,-0.08305383595406408,0.7040406991520181,-0.1282780266592754
12198,2.3790711125102537,2.3065767995521322,-2.54626556085811
1303,0.04129590891787117,0.7378970956393444,-0.1282780266592754
381,0.488954990456838,-0.6953570223241379,-0.6118755334990423
8072,-0.4312331215954827,-0.7743552807945661,0.35531948018049153
11103,0.2651254496873547,0.9636064055548534,-0.1282780266592754
346,-0.3317533256979346,-0.9662081942227487,-0.1282780266592754
15158,-0.20740358082599933,1.0426046640252815,-0.1282780266592754
12424,-1.077851794929546,-1.1919175041382577,0.8389169870202585
11809,2.2298514186639316,1.956727369183093,-2.54626556085811
474,1.0360938678933531,1.1103174569999343,-0.6118755334990423
5382,-0.9535020500576108,-0.6953570223241379,0.35531948018049153
6889,-0.008443989030902977,-0.6840715568283625,-0.6118755334990423
1878,-1.077851794929546,-1.022635521701626,0.8389169870202585
7276,-1.077851794929546,-1.1919175041382577,1.3225144938600255
13535,-1.003241948006385,-1.1016337801720542,-0.1282780266592754
322,-0.505842968518644,-0.898495401248096,-0.6118755334990423
14048,1.4091431025091588,1.8213017832337877,-1.5790705471785762
12659,0.9366140719958048,0.9184645435717517,-2.062668054018343
8522,0.6381746843031604,1.031319198529506,0.35531948018049153
8188,0.09103580686664531,0.8846081470844253,0.35531948018049153
2754,2.080631724817609,2.1147238861239495,-0.1282780266592754
5001,1.06096381686774,0.6701843026646918,-0.6118755334990423
5843,-0.6053227644161921,-1.022635521701626,-0.1282780266592754
6870,0.8122643271238696,-0.19879654051001805,-0.6118755334990423
7077,1.583232745329868,1.776159921250686,-1.5790705471785762
3328,0.46408504148245106,-0.43579131592130255,-0.1282780266592754
971,-0.2322735298003864,0.2074802173378982,0.35531948018049153
3076,0.5884347863543863,1.2570285084450152,0.35531948018049153
7019,-1.077851794929546,-0.8082116772818925,1.3225144938600255
4464,-0.20740358082599933,-0.052085489064937186,-0.6118755334990423
7884,0.8620042250726437,1.2344575774534643,-0.6118755334990423
12750,-1.077851794929546,-1.169346573146707,1.3225144938600255
11903,-0.8291523051856755,-0.10851281654381445,0.35531948018049153
6107,1.5583627963554811,0.6814697681604671,-0.6118755334990423
12773,-1.077851794929546,-1.2032029696340332,0.8389169870202585
1201,0.7873943781494827,0.8958936125802007,-1.0954730403388093
2727,-0.25714347877477345,0.6250424406815899,0.35531948018049153
9418,-0.3317533256979346,-0.5035041088959552,0.8389169870202585
14009,2.1801115207151573,2.0357256276535214,-2.062668054018343
7407,0.7873943781494827,0.850751750597099,-0.6118755334990423
36,0.6133047353287733,-0.45836224691285343,-0.6118755334990423
6325,0.2651254496873547,0.7153261646477935,-0.1282780266592754
5914,1.1604436127652884,0.4331895272534072,-0.6118755334990423
7061,1.4340130514835459,1.5165942148478506,0.35531948018049153
6934,-0.555582866467418,-1.022635521701626,0.35531948018049153
14846,1.6578425922530293,1.3698831634027697,-1.5790705471785762
12216,-1.077851794929546,-0.4245058504255271,1.3225144938600255
11018,0.8620042250726437,0.11719649337169459,-1.0954730403388093
6463,-0.3317533256979346,-0.08594188555226354,0.35531948018049153
8993,-0.15766368287722518,0.39933313076608085,-0.1282780266592754
4829,-0.580452815441805,-0.3003657299719971,0.8389169870202585
4850,-0.505842968518644,-0.006943627081835381,-0.1282780266592754
8862,1.7075824902018033,1.2344575774534643,-1.5790705471785762
3090,-0.4312331215954827,0.46704592374073356,0.35531948018049153
12522,0.7376544802007085,0.8394662851013235,-0.1282780266592754
1288,-1.077851794929546,-0.44707678141707796,1.3225144938600255
3031,0.06616585789225812,0.5009023202280599,-0.1282780266592754
10887,1.0112239189189662,-0.1423692130311408,-2.54626556085811
2977,0.2651254496873547,-0.3116511954677726,0.35531948018049153
2400,-0.3068833767235475,0.4444749927491827,0.8389169870202585
9798,-0.6053227644161921,-0.7743552807945661,-0.1282780266592754
14843,1.1604436127652884,1.1554593189830362,-1.0954730403388093
14972,-0.530712917493031,-1.0113500562058506,0.35531948018049153
4461,-1.077851794929546,-0.8194971427776678,1.3225144938600255
1746,-0.7545424582625144,-0.6953570223241379,0.8389169870202585
4329,0.33973529661051577,-0.5599314363748324,-1.0954730403388093
15274,-0.3068833767235475,-0.4922186434001798,-1.0954730403388093
10155,0.16564565378980642,-0.3793639884424253,-0.1282780266592754
7359,-1.052981845955159,-0.9662081942227487,0.8389169870202585
11478,0.8371342760982567,1.4263104908816469,-1.5790705471785762
5425,-1.077851794929546,-1.1129192456678296,0.8389169870202585
6908,-1.077851794929546,-1.1806320386424822,0.35531948018049153
7590,1.3096633066116106,0.1397674243632455,-2.062668054018343
3405,-0.505842968518644,0.15105288985902093,0.35531948018049153
10122,0.16564565378980642,0.11719649337169459,-0.1282780266592754
4560,-0.10792378492845114,0.7491825611351198,0.8389169870202585
12188,-0.40636317262109567,0.3654767342787545,-0.1282780266592754
3375,-1.077851794929546,-0.7404988843072398,1.3225144938600255
15077,1.5086228984067072,1.4601668873689733,0.35531948018049153
12710,-0.9535020500576108,-0.8759244702565452,-0.1282780266592754
2507,0.8620042250726437,-0.4809331779044043,-2.54626556085811
5333,0.3148653476361286,0.828180819605548,0.35531948018049153
14032,-0.033313938005289936,0.7830389576224462,-0.1282780266592754
11032,1.2350534596884497,0.5460441822111617,-2.54626556085811
210,-0.9037621521088367,-0.17622560951846716,0.35531948018049153
14981,-0.8540222541600626,-1.0000645907100751,-0.1282780266592754
1950,0.4143451435336769,0.9071790780759762,-0.6118755334990423
13910,-1.077851794929546,-1.124204711163605,1.3225144938600255
651,0.5138249394312252,-0.15365467852691625,-1.0954730403388093
2206,-0.40636317262109567,-0.921066332239647,0.35531948018049153
13810,0.09103580686664531,-0.44707678141707796,-0.1282780266592754
2615,-0.9286321010832237,-0.8420680737692188,0.35531948018049153
1396,0.8371342760982567,-0.27779479898044623,-1.5790705471785762
10646,-0.2322735298003864,-0.5147895743917307,0.35531948018049153
6698,-0.10792378492845114,0.5234732512196109,0.35531948018049153
6390,-0.18253363185161225,0.6814697681604671,0.8389169870202585
1670,2.2547213676383184,2.0921529551323985,-0.6118755334990423
2320,0.21538555173858054,0.8056098886139971,-0.1282780266592754
9734,0.8122643271238696,0.8958936125802007,-0.1282780266592754
8466,0.488954990456838,0.04948370039704188,-0.6118755334990423
7292,-0.15766368287722518,-0.9323517977354224,-0.6118755334990423
1952,-1.052981845955159,-0.4245058504255271,0.8389169870202585
12353,0.46408504148245106,-0.3793639884424253,-1.0954730403388093
12780,0.04129590891787117,-0.8872099357523205,-1.5790705471785762
2937,-1.077851794929546,-1.169346573146707,0.8389169870202585
11115,0.14077570481541946,0.9297500090675271,0.8389169870202585
10894,0.7127845312263216,-0.34550759195509895,-0.6118755334990423
11699,-1.077851794929546,-1.1806320386424822,1.3225144938600255
5513,-0.7296725092881273,-0.9097808667438715,0.35531948018049153
11755,-0.13279373390283822,-0.21008200600579352,-0.1282780266592754
12479,-0.7794124072369014,-0.6615006258368116,0.35531948018049153
484,-0.48097301954425686,0.17362382085057185,0.8389169870202585
12596,0.16564565378980642,0.9636064055548534,-0.1282780266592754
8824,-1.052981845955159,-0.9436372632311979,0.8389169870202585
898,-0.8042823562112885,0.07205463138859278,0.8389169870202585
1732,-1.052981845955159,-0.8307826082734433,1.3225144938600255
8011,-1.077851794929546,-1.1919175041382577,0.8389169870202585
2613,1.1853135617396753,0.026912769405490974,-1.0954730403388093
5920,0.3894751945592899,0.19619475184212273,-0.1282780266592754
5391,0.11590575584103227,-0.17622560951846716,-0.1282780266592754
4705,-1.077851794929546,-1.146775642155156,0.8389169870202585
11011,-1.077851794929546,-1.0113500562058506,1.3225144938600255
12037,-0.530712917493031,-1.0113500562058506,0.8389169870202585
10542,0.36460524558490276,-0.5937878328621589,-1.5790705471785762
2640,-0.13279373390283822,0.01562730390971552,-0.6118755334990423
1250,2.1055016737919963,2.1937221445943775,-1.5790705471785762
12550,0.6381746843031604,1.1328883879914853,-0.1282780266592754
5912,1.1107037148165144,0.37676219977452996,-1.0954730403388093
2435,-0.15766368287722518,0.16233835535479638,-0.1282780266592754
8262,1.1853135617396753,1.2795994394365662,-0.6118755334990423
13928,-0.3317533256979346,-0.6276442293494852,-0.1282780266592754
15255,0.09103580686664531,0.04948370039704188,-0.1282780266592754
13669,-1.077851794929546,-0.43579131592130255,0.8389169870202585
9399,-1.0281118969807719,-0.7743552807945661,0.35531948018049153
4147,-0.05818388697967712,0.6137569751858144,0.35531948018049153
12331,-0.8042823562112885,-0.6615006258368116,1.3225144938600255
12347,-1.077851794929546,-1.0339209871974016,1.3225144938600255
2303,1.2599234086628366,1.2683139739407907,-0.1282780266592754
10896,0.7127845312263216,-0.36807852294664983,-2.062668054018343
10368,2.3293312145614795,2.250149472073255,-1.5790705471785762
14838,0.7873943781494827,1.0200337330337308,-0.1282780266592754
582,0.3894751945592899,0.8958936125802007,0.35531948018049153
4923,0.46408504148245106,1.1893157154703624,-0.6118755334990423
4304,0.6381746843031604,-0.10851281654381445,0.35531948018049153
718,-1.077851794929546,-1.2032029696340332,0.35531948018049153
6753,-1.052981845955159,-0.3342221264593235,1.3225144938600255
10620,-0.555582866467418,-0.8872099357523205,-0.1282780266592754
762,0.9614840209701918,-0.43579131592130255,-2.54626556085811
3844,1.4837529494323203,1.8100163177380122,-0.6118755334990423
1870,0.7873943781494827,-0.3003657299719971,-0.6118755334990423
12869,0.016425959943484204,0.1397674243632455,-0.6118755334990423
6369,2.6277706022541243,2.5097151784760903,-1.5790705471785762
13464,-0.555582866467418,-0.8646390047607697,-0.1282780266592754
11117,-1.077851794929546,-0.43579131592130255,1.3225144938600255
738,-1.077851794929546,-1.1919175041382577,0.8389169870202585
3545,-0.08305383595406408,0.00434183841394007,0.35531948018049153
9565,-0.7794124072369014,-0.5825023673663834,0.8389169870202585
7914,-0.40636317262109567,-0.018229092577610833,0.35531948018049153
6161,-0.48097301954425686,-0.8533535392649942,-0.1282780266592754
7534,0.46408504148245106,0.8056098886139971,-0.1282780266592754
7852,-0.3317533256979346,0.5460441822111617,0.35531948018049153
12572,2.2049814696895442,2.250149472073255,-2.062668054018343
6088,-0.25714347877477345,0.08334009688436823,0.35531948018049153
8031,-1.052981845955159,-1.1806320386424822,0.8389169870202585
10164,-1.052981845955159,-1.0339209871974016,0.8389169870202585
9443,-1.052981845955159,-1.0790628491805032,0.8389169870202585
6431,1.085833765842127,1.2795994394365662,0.35531948018049153
750,-0.28201342774916044,-0.8646390047607697,0.35531948018049153
3449,-1.077851794929546,-0.4245058504255271,0.8389169870202585
15103,2.553160755330963,2.4420023855014374,-0.1282780266592754
14310,0.016425959943484204,-0.1649401440226917,-0.1282780266592754
2329,0.46408504148245106,1.053890129521057,-0.1282780266592754
3571,-0.8788922031344497,-0.7743552807945661,0.35531948018049153
1839,0.04129590891787117,-0.8194971427776678,-0.1282780266592754
10120,-1.052981845955159,-0.7404988843072398,1.3225144938600255
10797,1.7075824902018033,1.8325872487295631,-2.54626556085811
1275,1.1853135617396753,1.6633052662929315,-0.6118755334990423
14628,-1.077851794929546,-1.1580611076509315,1.3225144938600255
10349,0.5138249394312252,0.952320940059078,0.35531948018049153
5020,0.6381746843031604,0.12848195886747005,-0.1282780266592754
10539,0.5138249394312252,-0.5260750398875061,-0.6118755334990423
9377,1.583232745329868,1.0426046640252815,-0.6118755334990423
4064,1.0360938678933531,-0.19879654051001805,-0.1282780266592754
6315,-0.530712917493031,0.01562730390971552,0.8389169870202585
9414,-0.18253363185161225,-0.3906494539382007,0.8389169870202585
2264,0.016425959943484204,-0.06337095456071264,-0.6118755334990423
8929,2.453680959433415,2.4194314545098865,-1.0954730403388093
1536,-0.8042823562112885,-0.5373605053832816,0.8389169870202585
4509,-0.530712917493031,0.19619475184212273,0.8389169870202585
13573,0.7127845312263216,-0.08594188555226354,-1.0954730403388093
5044,0.7376544802007085,-0.24393840249311985,-0.1282780266592754
1369,0.14077570481541946,-0.09722735104803899,0.35531948018049153
740,-0.2322735298003864,-0.898495401248096,-0.6118755334990423
10548,-1.077851794929546,-1.146775642155156,1.3225144938600255
11999,-1.077851794929546,-1.1129192456678296,1.3225144938600255
1188,0.2651254496873547,0.38804766527030543,0.35531948018049153
13767,-1.077851794929546,-0.7743552807945661,0.8389169870202585
10986,-0.2322735298003864,-0.7856407462903415,-0.1282780266592754
1570,-1.077851794929546,-0.6050732983579343,0.35531948018049153
9642,0.4143451435336769,1.076461060512608,0.8389169870202585
10284,-1.077851794929546,-0.9887791252142997,0.8389169870202585
2527,-0.6550626623649661,-1.022635521701626,0.8389169870202585
2127,-1.077851794929546,-1.0677773836847277,1.3225144938600255
12581,-1.003241948006385,-0.22136747150156896,1.3225144938600255
3487,0.33973529661051577,1.0087482675379553,-0.1282780266592754
10308,-1.052981845955159,-0.7404988843072398,0.8389169870202585
2764,0.3148653476361286,0.9410354745633025,0.35531948018049153
5058,-1.052981845955159,-1.0677773836847277,-0.6118755334990423
5261,0.2899953986617417,0.9974628020421797,0.35531948018049153
5277,0.21538555173858054,1.0087482675379553,0.8389169870202585
11232,0.36460524558490276,-0.018229092577610833,-0.6118755334990423
12669,0.2402555007129675,0.29776394130410183,-1.5790705471785762
7092,0.46408504148245106,1.1554593189830362,0.35531948018049153
1981,-0.033313938005289936,0.7943244231182217,0.8389169870202585
5267,-1.052981845955159,-0.34550759195509895,0.35531948018049153
4296,-0.8042823562112885,-0.6615006258368116,0.35531948018049153
10862,0.7376544802007085,0.2074802173378982,-0.6118755334990423
3898,0.7625244291750957,0.6588988371689163,-0.6118755334990423
13181,-1.077851794929546,-1.1129192456678296,-2.062668054018343
2057,1.7821923371249646,1.5165942148478506,-0.6118755334990423
3635,-1.077851794929546,-1.2032029696340332,0.8389169870202585
4921,-0.25714347877477345,0.6250424406815899,0.35531948018049153
13154,-0.9286321010832237,-1.1129192456678296,-0.1282780266592754
5528,0.43921509250806384,-0.3342221264593235,-0.6118755334990423
12563,1.4837529494323203,1.776159921250686,-1.0954730403388093
11973,-0.580452815441805,-0.6050732983579343,0.35531948018049153
3488,-0.20740358082599933,0.5799005786984881,0.8389169870202585
15080,2.528290806356576,2.103438420628174,-0.6118755334990423
6057,2.030891826868835,1.922870972695767,-1.0954730403388093
11510,-1.003241948006385,-0.24393840249311985,0.35531948018049153
6794,1.9314120309712868,1.7874453867464615,-1.5790705471785762
9292,0.5635648373799991,1.2570285084450152,0.35531948018049153
9484,0.3148653476361286,-0.8420680737692188,-0.6118755334990423
4104,-0.4561030705698698,-0.15365467852691625,-0.1282780266592754
10217,-1.077851794929546,-1.2032029696340332,4.295208693958647e-16
1710,0.8620042250726437,0.6476133716731408,-0.6118755334990423
8297,-1.077851794929546,-0.8194971427776678,1.3225144938600255
6592,-1.052981845955159,-1.1354901766593806,0.8389169870202585
11477,1.9065420819969,2.0808674896366233,-2.062668054018343
562,0.3148653476361286,1.0087482675379553,0.35531948018049153
12296,1.2350534596884497,1.0200337330337308,-1.0954730403388093
5790,-0.8540222541600626,-0.9549227287269733,0.35531948018049153
640,0.9117441230214178,0.1849092863463473,-2.062668054018343
1669,1.3096633066116106,1.5730215423267278,-0.1282780266592754
3000,0.8122643271238696,0.4331895272534072,-0.1282780266592754
7652,0.016425959943484204,-0.8872099357523205,-0.6118755334990423
13709,1.1355736637909013,1.5730215423267278,-0.6118755334990423
13405,-0.3068833767235475,-0.09722735104803899,0.35531948018049153
2407,-1.077851794929546,-0.5373605053832816,1.3225144938600255
12861,-0.05818388697967712,-0.029514558073386283,-2.062668054018343
3611,-0.580452815441805,-0.9323517977354224,0.35531948018049153
7854,0.36460524558490276,1.0990319915041589,0.8389169870202585
8163,2.354201163535867,2.103438420628174,-2.062668054018343
9604,0.9614840209701918,1.031319198529506,-0.6118755334990423
9195,-0.7545424582625144,-0.6050732983579343,0.35531948018049153
8741,-1.077851794929546,-1.1919175041382577,1.3225144938600255
5687,-0.13279373390283822,0.5911860441942636,0.35531948018049153
2910,0.6133047353287733,-0.7856407462903415,-1.0954730403388093
2742,-1.0281118969807719,-0.28908026447622165,1.3225144938600255
13813,-0.555582866467418,-0.7292134188114643,0.35531948018049153
12387,0.04129590891787117,-0.8194971427776678,-0.6118755334990423
4982,-0.9286321010832237,-0.36807852294664983,0.35531948018049153
11878,-0.008443989030902977,0.7943244231182217,0.35531948018049153
13039,-0.6053227644161921,-0.28908026447622165,-0.6118755334990423
5763,0.7625244291750957,-0.029514558073386283,-2.062668054018343
2928,-0.3068833767235475,-0.9323517977354224,-1.5790705471785762
3166,-1.077851794929546,-0.7066424878199133,1.3225144938600255
5692,-0.8042823562112885,-0.06337095456071264,0.35531948018049153
13577,0.9863539699445792,0.21876568283367365,-1.0954730403388093
15055,-0.555582866467418,0.12848195886747005,-0.1282780266592754
180,-1.052981845955159,-0.3342221264593235,0.8389169870202585
4450,-1.052981845955159,-0.8420680737692188,0.8389169870202585
11347,-1.052981845955159,-1.124204711163605,0.8389169870202585
13699,0.21538555173858054,0.9861773365464044,-0.6118755334990423
2218,-1.077851794929546,-1.1354901766593806,0.35531948018049153
6501,0.3894751945592899,-0.28908026447622165,-0.6118755334990423
1955,1.2101835107140624,1.4714523528647487,-0.6118755334990423
1057,-1.077851794929546,-1.1580611076509315,0.35531948018049153
6147,0.9117441230214178,-0.3003657299719971,-1.0954730403388093
6690,-1.077851794929546,-0.5712169018706079,1.3225144938600255
11072,0.6381746843031604,0.9297500090675271,-0.6118755334990423
9294,0.8371342760982567,1.4488814218731978,-0.1282780266592754
1399,-1.077851794929546,-1.0790628491805032,1.3225144938600255
7217,-0.8788922031344497,-0.7066424878199133,0.8389169870202585
10236,-0.580452815441805,-0.9887791252142997,-0.1282780266592754
5846,0.6381746843031604,-0.7517843498030152,-1.5790705471785762
10765,1.5086228984067072,1.877729110712665,-0.6118755334990423
3068,1.9811519289200612,2.0808674896366233,0.8389169870202585
7613,-1.052981845955159,-1.0677773836847277,0.35531948018049153
11396,0.6879145822519344,0.28647847580832636,-1.5790705471785762
2234,0.8122643271238696,-0.322936660963548,-2.062668054018343
6759,-0.6550626623649661,0.2300511483294491,0.8389169870202585
12026,-0.3068833767235475,-0.9436372632311979,-2.062668054018343
12695,-0.10792378492845114,-0.2552238679888953,0.35531948018049153
1210,0.8620042250726437,1.076461060512608,0.35531948018049153
4057,-0.033313938005289936,-0.6163587638537098,-0.1282780266592754
10679,-0.20740358082599933,0.026912769405490974,-0.1282780266592754
2238,1.0360938678933531,-0.19879654051001805,-1.0954730403388093
11605,0.5386948884056122,-0.0746564200564881,-0.6118755334990423
10995,-0.3068833767235475,-0.7292134188114643,-0.1282780266592754
2948,-1.077851794929546,-1.1354901766593806,1.3225144938600255
12044,-1.077851794929546,-1.2032029696340332,0.8389169870202585
8589,-1.077851794929546,-0.44707678141707796,1.3225144938600255
5502,-1.077851794929546,-1.146775642155156,1.3225144938600255
4359,-1.077851794929546,-1.1919175041382577,1.3225144938600255
4486,0.3148653476361286,0.5799005786984881,0.35531948018049153
11398,-0.7545424582625144,-0.4922186434001798,-0.6118755334990423
5751,-1.077851794929546,-0.898495401248096,1.3225144938600255
4629,0.6133047353287733,0.5686151132027126,-1.5790705471785762
5556,1.0112239189189662,0.5121877857238354,0.35531948018049153
5282,-1.052981845955159,-0.3342221264593235,1.3225144938600255
1434,-1.077851794929546,-1.1919175041382577,1.3225144938600255
15323,-0.9535020500576108,-1.1580611076509315,0.35531948018049153
92,-0.3068833767235475,0.026912769405490974,-0.1282780266592754
11652,0.5884347863543863,-0.672786091332587,-1.5790705471785762
2300,1.5583627963554811,1.3811686288985452,-0.6118755334990423
4404,-1.003241948006385,-1.1016337801720542,0.35531948018049153
11250,-1.052981845955159,-0.9774936597185242,0.8389169870202585
5736,-1.077851794929546,-0.796926211786117,1.3225144938600255
13628,-0.35662327467232163,0.24133661382522456,0.8389169870202585
6515,-1.0281118969807719,-1.0339209871974016,0.8389169870202585
8265,-0.9286321010832237,-0.322936660963548,0.8389169870202585
14848,1.5086228984067072,1.2570285084450152,-2.062668054018343
14524,0.886874174047031,0.10591102787591913,-2.062668054018343
7782,0.6381746843031604,0.9071790780759762,0.35531948018049153
10519,0.9863539699445792,-0.09722735104803899,-2.062668054018343
6909,-1.0281118969807719,-1.146775642155156,0.35531948018049153
9115,-0.555582866467418,-1.022635521701626,-0.1282780266592754
8091,1.3345332555859974,0.04948370039704188,-0.1282780266592754
3378,0.488954990456838,0.5009023202280599,-0.6118755334990423
9573,0.9614840209701918,0.46704592374073356,-0.6118755334990423
1084,-1.077851794929546,-1.2032029696340332,1.3225144938600255
9972,-1.052981845955159,-0.5260750398875061,0.8389169870202585
2777,0.5635648373799991,0.9748918710506289,-0.1282780266592754
5957,-1.077851794929546,-0.5825023673663834,1.3225144938600255
428,1.06096381686774,0.252622079321,-1.5790705471785762
8922,-1.052981845955159,-0.34550759195509895,0.8389169870202585
7847,-0.10792378492845114,0.7491825611351198,0.35531948018049153
12018,0.3894751945592899,-0.7179279533156888,-1.0954730403388093
5042,-0.008443989030902977,-0.45836224691285343,-0.1282780266592754
5290,-0.4312331215954827,0.46704592374073356,0.8389169870202585
15190,1.3842731535347719,2.0808674896366233,-1.5790705471785762
2698,0.6381746843031604,1.2118866464619134,-0.1282780266592754
6929,-1.077851794929546,-1.2032029696340332,1.3225144938600255
14887,-1.077851794929546,-0.9323517977354224,1.3225144938600255
3478,-1.077851794929546,-0.44707678141707796,1.3225144938600255
7410,0.43921509250806384,0.6927552336562426,-0.1282780266592754
11895,-0.7794124072369014,-0.006943627081835381,0.8389169870202585
408,-1.003241948006385,-0.9887791252142997,0.8389169870202585
13100,-1.077851794929546,-1.124204711163605,-0.1282780266592754
13608,-0.28201342774916044,0.07205463138859278,0.8389169870202585
1608,-1.077851794929546,-0.4245058504255271,1.3225144938600255
14288,-1.077851794929546,-1.0677773836847277,0.8389169870202585
7488,0.16564565378980642,0.952320940059078,0.8389169870202585
9842,-0.6053227644161921,-1.022635521701626,-0.1282780266592754
10226,-1.077851794929546,-1.1919175041382577,0.35531948018049153
14570,-1.052981845955159,-1.124204711163605,-0.6118755334990423
13355,-1.052981845955159,-0.4019349194339762,1.3225144938600255
10363,-0.8291523051856755,-0.052085489064937186,0.35531948018049153
9285,0.19051560276419338,0.9636064055548534,0.35531948018049153
426,-0.10792378492845114,-0.28908026447622165,0.8389169870202585
949,-1.077851794929546,-0.5486459708790571,1.3225144938600255
3827,2.354201163535867,2.374289592526785,-1.0954730403388093
11508,1.0360938678933531,1.5504506113351768,-1.5790705471785762
3597,-0.9286321010832237,-0.9887791252142997,-0.6118755334990423
2865,-1.077851794929546,-1.1016337801720542,1.3225144938600255
9228,0.2651254496873547,0.46704592374073356,-0.1282780266592754
9458,-1.077851794929546,-1.1580611076509315,1.3225144938600255
14579,-1.077851794929546,-1.1806320386424822,0.8389169870202585
13954,-1.077851794929546,-0.8420680737692188,-0.1282780266592754
7336,-1.077851794929546,-1.124204711163605,1.3225144938600255
6857,1.1355736637909013,0.1397674243632455,-1.0954730403388093
6196,-1.077851794929546,-1.2032029696340332,1.3225144938600255
8169,-1.077851794929546,-0.4696477124086289,1.3225144938600255
12756,-1.077851794929546,-1.1919175041382577,-0.1282780266592754
1691,1.6578425922530293,1.4714523528647487,-2.062668054018343
9531,-1.077851794929546,-1.1129192456678296,0.8389169870202585
11164,-0.9535020500576108,-0.22136747150156896,-0.1282780266592754
8722,0.19051560276419338,-0.6953570223241379,-0.6118755334990423
9711,1.6578425922530293,1.7084471282760332,-0.1282780266592754
1421,0.2899953986617417,-0.7066424878199133,-0.1282780266592754
10558,-1.052981845955159,-1.146775642155156,0.8389169870202585
14440,2.453680959433415,-0.898495401248096,-2.54626556085811
819,-1.077851794929546,-0.7404988843072398,1.3225144938600255
9478,-1.077851794929546,-1.2032029696340332,1.3225144938600255
14089,-0.08305383595406408,0.6250424406815899,0.8389169870202585
11764,-1.077851794929546,-0.8307826082734433,0.35531948018049153
3817,0.6381746843031604,1.3134558359238924,0.35531948018049153
14252,-1.077851794929546,-1.1919175041382577,1.3225144938600255
15014,-0.2322735298003864,-0.5712169018706079,1.3225144938600255
14456,1.3842731535347719,1.5843070078225032,-0.6118755334990423
14704,-0.38149322364670873,-0.006943627081835381,0.35531948018049153
9263,-1.077851794929546,-0.4809331779044043,0.8389169870202585
11927,-0.10792378492845114,0.29776394130410183,-0.1282780266592754
409,-1.077851794929546,-1.0677773836847277,1.3225144938600255
1285,0.2899953986617417,1.031319198529506,-0.1282780266592754
9725,2.080631724817609,1.7197325937718086,-2.062668054018343
9244,2.2049814696895442,1.8100163177380122,-0.6118755334990423
13581,-1.052981845955159,-0.8420680737692188,0.35531948018049153
1941,2.080631724817609,1.776159921250686,-2.54626556085811
13015,0.6630446332775474,0.8958936125802007,-1.0954730403388093
1091,-1.077851794929546,-1.2032029696340332,1.3225144938600255
5597,0.7127845312263216,1.031319198529506,0.8389169870202585
73,-1.077851794929546,-0.8533535392649942,1.3225144938600255
7908,-1.077851794929546,-0.6615006258368116,0.35531948018049153
9696,1.0112239189189662,1.4601668873689733,-0.6118755334990423
4448,-0.580452815441805,-0.4922186434001798,0.8389169870202585
11484,-0.15766368287722518,0.7040406991520181,-0.1282780266592754
12308,-0.2322735298003864,-0.040800023569161736,-0.6118755334990423
13179,-1.077851794929546,-1.124204711163605,-0.1282780266592754
9853,-1.077851794929546,-1.2032029696340332,1.3225144938600255
291,0.33973529661051577,-0.28908026447622165,0.35531948018049153
9936,-1.077851794929546,-0.8420680737692188,1.3225144938600255
12672,-0.8788922031344497,-0.4922186434001798,0.35531948018049153
8530,-1.077851794929546,-0.4922186434001798,1.3225144938600255
3578,-1.052981845955159,-0.9662081942227487,1.3225144938600255
14355,0.5386948884056122,0.8168953541097725,-0.6118755334990423
11686,-1.077851794929546,-1.2032029696340332,1.3225144938600255
6013,1.6827125412274162,1.9905837656704195,-0.1282780266592754
2089,-0.8291523051856755,-0.5373605053832816,0.35531948018049153
5397,0.016425959943484204,-0.3003657299719971,0.8389169870202585
1801,0.016425959943484204,-0.8759244702565452,-1.0954730403388093
14072,0.2402555007129675,0.9748918710506289,0.35531948018049153
12099,-0.555582866467418,-0.7404988843072398,-0.6118755334990423
1576,0.6381746843031604,0.952320940059078,-0.1282780266592754
1110,-1.077851794929546,-1.169346573146707,0.8389169870202585
318,-1.052981845955159,-1.1016337801720542,1.3225144938600255
7018,0.488954990456838,0.2751930103125509,-0.6118755334990423
7145,1.5583627963554811,1.7423035247633596,0.35531948018049153
13908,-1.077851794929546,-1.1354901766593806,0.35531948018049153
8217,1.3096633066116106,1.7423035247633596,-0.6118755334990423
1825,-1.077851794929546,-1.1919175041382577,0.35531948018049153
3146,-0.9286321010832237,-0.28908026447622165,0.8389169870202585
5339,1.359403204560385,1.3924540943943207,-0.1282780266592754
13442,-1.077851794929546,-1.022635521701626,1.3225144938600255
3411,0.19051560276419338,0.7491825611351198,-0.1282780266592754
144,1.0360938678933531,1.4940232838562997,-0.1282780266592754
12704,-1.077851794929546,-0.9774936597185242,0.35531948018049153
13603,1.1107037148165144,0.7943244231182217,-0.6118755334990423
8098,-1.052981845955159,-0.8759244702565452,0.35531948018049153
3514,1.583232745329868,1.4827378183605242,-0.1282780266592754
4237,1.359403204560385,1.4714523528647487,0.35531948018049153
4062,-1.077851794929546,-1.0677773836847277,1.3225144938600255
14030,-0.38149322364670873,0.46704592374073356,-0.6118755334990423
4502,-1.077851794929546,-0.5486459708790571,1.3225144938600255
9159,0.9863539699445792,-0.4696477124086289,-2.062668054018343
15150,2.8267301940492207,3.0401320567775363,-2.54626556085811
10655,0.2402555007129675,-0.09722735104803899,-1.0954730403388093
10973,-1.052981845955159,-1.146775642155156,1.3225144938600255
12077,-1.077851794929546,-1.146775642155156,1.3225144938600255
13827,-0.7296725092881273,-0.921066332239647,0.8389169870202585
14481,1.0360938678933531,1.0426046640252815,-1.5790705471785762
1830,-1.077851794929546,-1.1919175041382577,0.35531948018049153
9681,-0.25714347877477345,0.602471509690039,0.8389169870202585
85,0.36460524558490276,0.3316203377914282,0.35531948018049153
10471,-0.2322735298003864,0.09462556238014368,0.35531948018049153
1219,1.0360938678933531,1.302170370428117,-1.0954730403388093
4429,0.6381746843031604,-0.3116511954677726,-0.1282780266592754
5598,1.9811519289200612,1.7874453867464615,-0.6118755334990423
4098,0.6630446332775474,0.39933313076608085,-0.1282780266592754
9211,0.9117441230214178,0.5234732512196109,-0.6118755334990423
6452,-0.008443989030902977,0.3203348722956527,0.35531948018049153
5678,1.6827125412274162,1.8664436452168895,-0.6118755334990423
9053,1.2350534596884497,0.07205463138859278,-0.6118755334990423
8240,2.055761775843222,2.0357256276535214,-0.1282780266592754
6913,-0.555582866467418,-1.0000645907100751,0.35531948018049153
4467,-1.077851794929546,-0.7743552807945661,1.3225144938600255
14922,-0.9783719990319979,-1.0339209871974016,0.35531948018049153
594,-0.6301927133905793,-0.006943627081835381,0.35531948018049153
6750,-1.077851794929546,-0.4245058504255271,1.3225144938600255
3919,-0.4312331215954827,-0.3003657299719971,0.8389169870202585
15070,1.4588830004579327,1.3811686288985452,-1.5790705471785762
14227,-0.08305383595406408,-0.9097808667438715,-1.5790705471785762
4745,-1.077851794929546,-1.2032029696340332,1.3225144938600255
9964,-0.530712917493031,-0.029514558073386283,0.8389169870202585
8833,-0.20740358082599933,-0.2552238679888953,0.8389169870202585
14877,-0.4312331215954827,-0.3116511954677726,0.8389169870202585
14389,-0.8042823562112885,0.01562730390971552,0.8389169870202585
6282,-0.35662327467232163,-0.2552238679888953,0.8389169870202585
61,-1.052981845955159,-0.8872099357523205,1.3225144938600255
7516,1.8319322350737386,1.8325872487295631,0.35531948018049153
9058,0.3894751945592899,-0.28908026447622165,-0.1282780266592754
3570,1.3842731535347719,0.19619475184212273,-2.062668054018343
10059,2.478550908407802,2.329147730543683,-2.54626556085811
13158,-0.8042823562112885,-1.0564919181889523,-0.6118755334990423
5349,1.5086228984067072,1.3134558359238924,-0.6118755334990423
4029,-0.8042823562112885,-1.0564919181889523,0.8389169870202585
12897,-0.15766368287722518,0.37676219977452996,-0.1282780266592754
12515,0.8122643271238696,0.7717534921266708,-2.062668054018343
3728,0.14077570481541946,0.04948370039704188,-0.1282780266592754
12670,-1.052981845955159,-0.6840715568283625,-0.6118755334990423
9318,1.5086228984067072,1.8438727142253386,-1.5790705471785762
14548,0.3894751945592899,-0.44707678141707796,-0.6118755334990423
10937,-0.8788922031344497,-1.1016337801720542,0.35531948018049153
15226,-0.6053227644161921,0.2639075448167755,-0.1282780266592754
7976,-0.28201342774916044,-0.6953570223241379,-0.1282780266592754
9445,0.6381746843031604,-0.5147895743917307,-0.6118755334990423
11671,-1.077851794929546,-1.2032029696340332,0.35531948018049153
7748,1.1107037148165144,0.5799005786984881,-0.6118755334990423
532,-0.008443989030902977,0.828180819605548,0.8389169870202585
958,2.030891826868835,1.7197325937718086,-1.5790705471785762
472,-0.10792378492845114,0.3541912687829791,0.35531948018049153
10657,-1.077851794929546,-0.9097808667438715,0.8389169870202585
13334,0.19051560276419338,0.9636064055548534,-0.6118755334990423
1513,1.0360938678933531,-0.09722735104803899,-2.54626556085811
2290,1.2101835107140624,1.0200337330337308,-1.0954730403388093
6408,2.677510500202898,2.4194314545098865,-1.5790705471785762
14164,0.2899953986617417,-0.21008200600579352,0.35531948018049153
11576,-0.7048025603137403,-0.34550759195509895,0.35531948018049153
6865,1.3345332555859974,0.04948370039704188,-1.0954730403388093
1479,0.46408504148245106,-0.6840715568283625,-2.54626556085811
9595,0.7376544802007085,0.7604680266308953,-0.6118755334990423
5883,-1.077851794929546,-1.0903483146762787,1.3225144938600255
2899,0.5138249394312252,-0.7856407462903415,-0.1282780266592754
10291,-0.033313938005289936,-0.21008200600579352,-0.6118755334990423
7439,-0.6799326113393532,0.10591102787591913,0.35531948018049153
14991,-0.9783719990319979,-0.9549227287269733,-0.6118755334990423
11582,0.33973529661051577,0.21876568283367365,-1.5790705471785762
5610,-0.08305383595406408,0.6137569751858144,0.35531948018049153
4739,-0.6053227644161921,-1.0339209871974016,0.35531948018049153
10529,1.0112239189189662,-0.2552238679888953,-1.0954730403388093
6387,-0.6301927133905793,0.2639075448167755,0.8389169870202585
5194,-0.13279373390283822,-0.029514558073386283,0.35531948018049153
5903,0.4143451435336769,-0.08594188555226354,-0.1282780266592754
9804,0.46408504148245106,-0.4809331779044043,-1.5790705471785762
4972,-0.8042823562112885,-0.1423692130311408,0.8389169870202585
9404,-0.35662327467232163,-0.34550759195509895,0.35531948018049153
491,0.3894751945592899,0.9071790780759762,-0.6118755334990423
10329,0.16564565378980642,0.46704592374073356,-1.5790705471785762
12930,-1.077851794929546,-0.4245058504255271,0.8389169870202585
14544,-0.13279373390283822,-0.5712169018706079,-0.6118755334990423
10475,0.3148653476361286,0.37676219977452996,-0.6118755334990423
8020,-1.003241948006385,-1.1580611076509315,0.35531948018049153
8099,1.0112239189189662,0.2300511483294491,-1.0954730403388093
127,-0.28201342774916044,0.4219040617576318,0.8389169870202585
10713,0.06616585789225812,0.6363279061773653,0.35531948018049153
5595,-0.8291523051856755,-0.17622560951846716,1.3225144938600255
6110,-0.08305383595406408,-0.10851281654381445,-0.6118755334990423
8861,-1.077851794929546,-0.6953570223241379,0.8389169870202585
3724,1.0360938678933531,0.39933313076608085,-0.6118755334990423
1264,-0.7048025603137403,0.1849092863463473,0.8389169870202585
9500,-1.077851794929546,-1.1919175041382577,0.8389169870202585
4948,-0.9286321010832237,-0.1649401440226917,0.8389169870202585
10272,-0.35662327467232163,-0.6615006258368116,-1.5790705471785762
8257,1.6578425922530293,1.6068779388140542,-1.0954730403388093
11715,-1.0281118969807719,-1.0903483146762787,1.3225144938600255
12332,0.886874174047031,0.10591102787591913,-0.6118755334990423
5099,-1.077851794929546,-1.2032029696340332,-0.1282780266592754
12979,0.8371342760982567,1.3811686288985452,-0.6118755334990423
4355,0.46408504148245106,-0.7743552807945661,-1.0954730403388093
275,-0.9037621521088367,-0.7179279533156888,0.8389169870202585
7578,-0.8788922031344497,-0.672786091332587,0.35531948018049153
13927,-0.05818388697967712,-0.5260750398875061,-0.1282780266592754
10743,-0.4561030705698698,0.39933313076608085,0.8389169870202585
1272,-0.7048025603137403,0.1849092863463473,0.35531948018049153
12723,-1.077851794929546,-1.0790628491805032,0.8389169870202585
12832,-0.7794124072369014,-0.8307826082734433,-0.1282780266592754
14935,-0.9037621521088367,-1.0452064526931768,0.8389169870202585
8247,1.2847933576372237,1.527879680343626,-0.1282780266592754
1897,-0.6301927133905793,-0.44707678141707796,0.35531948018049153
12169,0.14077570481541946,0.6250424406815899,0.35531948018049153
13776,-0.9286321010832237,-0.6163587638537098,1.3225144938600255
5996,0.36460524558490276,1.0877465260083834,0.8389169870202585
9994,-0.505842968518644,0.2639075448167755,0.35531948018049153
12908,1.3096633066116106,1.4827378183605242,-1.5790705471785762
10872,-1.0281118969807719,-0.8646390047607697,0.35531948018049153
15065,-0.7296725092881273,-0.15365467852691625,-1.0954730403388093
14077,1.7075824902018033,1.900300041704216,-0.1282780266592754
1458,-1.077851794929546,-1.2032029696340332,0.8389169870202585
14853,1.06096381686774,0.8394662851013235,-1.0954730403388093
12488,-1.077851794929546,-0.8759244702565452,0.8389169870202585
10440,-0.10792378492845114,0.5686151132027126,-0.6118755334990423
6461,-0.05818388697967712,0.10591102787591913,-0.1282780266592754
3585,-1.052981845955159,-1.0113500562058506,1.3225144938600255
2826,0.6381746843031604,0.1849092863463473,0.35531948018049153
715,0.4143451435336769,-0.8194971427776678,-1.0954730403388093
10776,0.11590575584103227,0.9071790780759762,0.35531948018049153
5426,-1.077851794929546,-1.1129192456678296,-0.1282780266592754
2973,-0.18253363185161225,-0.5260750398875061,0.35531948018049153
13041,0.09103580686664531,0.11719649337169459,-1.5790705471785762
1118,-0.7545424582625144,-0.9887791252142997,0.8389169870202585
11735,-0.48097301954425686,-0.6953570223241379,0.35531948018049153
6826,1.8319322350737386,1.053890129521057,-1.5790705471785762
7417,-1.077851794929546,-0.5825023673663834,1.3225144938600255
14933,-0.8788922031344497,-1.0339209871974016,-1.0954730403388093
1698,1.3096633066116106,1.1667447844788115,-1.0954730403388093
4337,-1.077851794929546,-1.1354901766593806,1.3225144938600255
5446,-0.3068833767235475,-0.8872099357523205,0.8389169870202585
2316,-0.15766368287722518,0.4896168547322845,0.35531948018049153
11913,-0.15766368287722518,0.4219040617576318,0.35531948018049153
9410,0.9614840209701918,0.12848195886747005,-1.0954730403388093
10092,0.8371342760982567,1.0200337330337308,-0.1282780266592754
8115,-1.077851794929546,-0.8082116772818925,1.3225144938600255
11850,-0.8788922031344497,-0.029514558073386283,0.35531948018049153
2458,-0.8788922031344497,-0.6163587638537098,0.8389169870202585
10988,-0.4312331215954827,-0.8307826082734433,-0.6118755334990423
9243,1.7075824902018033,1.527879680343626,-1.0954730403388093
5900,1.2847933576372237,0.06076916589281733,-1.5790705471785762
8040,-1.077851794929546,-1.1919175041382577,1.3225144938600255
2174,-0.8291523051856755,-1.0903483146762787,0.8389169870202585
14110,1.1604436127652884,1.2006011809661379,-0.6118755334990423
8129,0.21538555173858054,0.37676219977452996,-0.1282780266592754
14677,-0.2322735298003864,-0.26650933348467076,0.35531948018049153
10854,1.1107037148165144,0.5234732512196109,-1.5790705471785762
10187,-1.077851794929546,-1.1580611076509315,0.8389169870202585
13812,-1.003241948006385,-0.9662081942227487,1.3225144938600255
1864,0.09103580686664531,-0.5825023673663834,-0.6118755334990423
12247,-0.20740358082599933,0.6137569751858144,0.8389169870202585
15045,-0.8788922031344497,-1.1354901766593806,-0.6118755334990423
13700,0.3894751945592899,1.1103174569999343,0.35531948018049153
3846,2.1552415717407705,2.1824366790986023,-1.5790705471785762
10955,0.3148653476361286,-0.8307826082734433,-0.6118755334990423
1145,-1.077851794929546,-1.0339209871974016,1.3225144938600255
3834,-0.40636317262109567,0.47833138923650903,0.8389169870202585
7252,0.3894751945592899,-0.5599314363748324,0.35531948018049153
14767,-0.7048025603137403,0.17362382085057185,0.8389169870202585
13663,0.06616585789225812,0.828180819605548,-0.1282780266592754
733,0.04129590891787117,-0.8646390047607697,-0.1282780266592754
4743,0.36460524558490276,-0.8194971427776678,-1.5790705471785762
12083,-1.0281118969807719,-1.0790628491805032,-0.1282780266592754
5431,-0.6799326113393532,-0.921066332239647,0.35531948018049153
3282,-1.077851794929546,-1.2032029696340332,1.3225144938600255
2457,1.085833765842127,0.45576045824495814,0.35531948018049153
10203,-1.052981845955159,-1.169346573146707,0.35531948018049153
11591,-0.6550626623649661,-0.45836224691285343,0.35531948018049153
6134,-0.7545424582625144,-0.7517843498030152,0.35531948018049153
13743,1.9562819799456737,1.6407343353013806,-2.062668054018343
7305,-0.18253363185161225,-0.921066332239647,0.35531948018049153
1835,-1.077851794929546,-1.1806320386424822,1.3225144938600255
13662,0.5635648373799991,1.2006011809661379,-1.0954730403388093
12172,-0.8291523051856755,-0.15365467852691625,0.35531948018049153
12696,-0.8540222541600626,-0.6953570223241379,0.35531948018049153
7471,2.503420857382189,2.453287850997213,-0.6118755334990423
8218,0.09103580686664531,0.8958936125802007,-0.1282780266592754
4852,-1.077851794929546,-0.6389296948452606,1.3225144938600255
14816,-0.9037621521088367,-0.15365467852691625,1.3225144938600255
6847,-1.0281118969807719,-0.8082116772818925,0.8389169870202585
4256,-0.3068833767235475,0.17362382085057185,-0.1282780266592754
15299,-0.7048025603137403,-1.0113500562058506,1.3225144938600255
5094,-0.18253363185161225,-0.9323517977354224,0.35531948018049153
5830,-0.8291523051856755,-1.0903483146762787,-0.1282780266592754
477,-1.077851794929546,-0.5825023673663834,1.3225144938600255
5582,-0.15766368287722518,0.2639075448167755,0.35531948018049153
11218,0.7127845312263216,0.37676219977452996,-1.5790705471785762
13912,-1.077851794929546,-1.1129192456678296,1.3225144938600255
4292,0.3148653476361286,-0.040800023569161736,0.8389169870202585
4438,0.2651254496873547,-0.3116511954677726,-0.1282780266592754
8064,-0.9037621521088367,-1.022635521701626,0.35531948018049153
12023,-0.05818388697967712,-0.8759244702565452,-1.0954730403388093
642,0.43921509250806384,-0.029514558073386283,0.35531948018049153
7666,-1.077851794929546,-1.2032029696340332,0.35531948018049153
6804,1.4588830004579327,1.3811686288985452,-0.1282780266592754
8086,0.19051560276419338,-0.4019349194339762,-0.1282780266592754
8214,0.3148653476361286,1.076461060512608,0.35531948018049153
14825,-0.9535020500576108,-0.26650933348467076,0.35531948018049153
11601,0.5386948884056122,-0.006943627081835381,-0.6118755334990423
11655,-1.003241948006385,-1.1129192456678296,0.35531948018049153
1793,-0.8788922031344497,-1.0677773836847277,0.35531948018049153
1692,-0.20740358082599933,0.3203348722956527,0.35531948018049153
7635,0.09103580686664531,-0.7856407462903415,0.35531948018049153
7894,2.1055016737919963,1.798730852242237,-1.5790705471785762
7271,-1.077851794929546,-1.169346573146707,0.35531948018049153
493,-0.530712917493031,0.2074802173378982,-0.1282780266592754
6883,0.09103580686664531,-0.5937878328621589,0.8389169870202585
157,-0.4561030705698698,0.4331895272534072,-0.1282780266592754
4715,-0.4561030705698698,-0.9323517977354224,0.35531948018049153
14467,0.5884347863543863,0.9748918710506289,-0.6118755334990423
1463,-1.077851794929546,-1.1919175041382577,1.3225144938600255
5049,0.6133047353287733,-0.35679305745087436,-0.6118755334990423
8400,0.7127845312263216,-0.7517843498030152,-2.062668054018343
8124,1.6081026943042553,1.0200337330337308,-0.6118755334990423
8724,-1.077851794929546,-1.146775642155156,0.8389169870202585
9746,1.1355736637909013,0.7717534921266708,-0.6118755334990423
5403,0.6133047353287733,-0.1649401440226917,-1.5790705471785762
8965,1.583232745329868,1.8100163177380122,-0.1282780266592754
2287,-0.25714347877477345,0.09462556238014368,0.35531948018049153
7881,1.2847933576372237,1.527879680343626,-0.6118755334990423
3351,-0.10792378492845114,-0.24393840249311985,-0.1282780266592754
7720,0.9614840209701918,-0.15365467852691625,-0.6118755334990423
10390,0.6879145822519344,1.3473122324112188,-0.6118755334990423
965,0.43921509250806384,0.726611630143569,-0.1282780266592754
8974,0.7625244291750957,1.2344575774534643,0.35531948018049153
9564,-1.077851794929546,-0.898495401248096,0.8389169870202585
2252,-0.6799326113393532,-0.6050732983579343,-0.1282780266592754
8902,-0.555582866467418,0.24133661382522456,0.8389169870202585
2578,-1.077851794929546,-1.1580611076509315,0.35531948018049153
438,-1.077851794929546,-0.8533535392649942,0.8389169870202585
10691,1.3345332555859974,1.0990319915041589,-1.5790705471785762
13426,-1.077851794929546,-0.9323517977354224,1.3225144938600255
1614,-0.7296725092881273,0.1397674243632455,0.8389169870202585
4959,-0.08305383595406408,0.6137569751858144,0.35531948018049153
5030,-0.530712917493031,-0.5486459708790571,0.35531948018049153
9187,0.9614840209701918,-0.052085489064937186,-1.0954730403388093
8178,2.2795913166127058,2.227578541081704,-1.5790705471785762
5379,0.06616585789225812,-0.018229092577610833,-0.6118755334990423
13261,1.06096381686774,1.1667447844788115,-1.0954730403388093
13414,0.46408504148245106,0.17362382085057185,-0.6118755334990423
467,1.9811519289200612,1.4940232838562997,-2.062668054018343
13833,-1.052981845955159,-1.1129192456678296,1.3225144938600255
3751,0.43921509250806384,0.5799005786984881,0.35531948018049153
10537,-0.9783719990319979,-1.022635521701626,0.8389169870202585
756,-0.9037621521088367,-1.0339209871974016,0.8389169870202585
4848,0.7127845312263216,0.7717534921266708,-0.6118755334990423
2929,-1.077851794929546,-1.1919175041382577,-2.54626556085811
2688,-0.05818388697967712,0.6250424406815899,0.35531948018049153
1090,-1.077851794929546,-1.2032029696340332,0.35531948018049153
12929,-1.077851794929546,-0.4245058504255271,0.8389169870202585
4716,-1.077851794929546,-1.1806320386424822,1.3225144938600255
3958,-1.077851794929546,-1.0903483146762787,0.35531948018049153
6407,2.3790711125102537,2.2727204030648056,-1.5790705471785762
11490,2.428811010459028,2.4194314545098865,-2.062668054018343
1374,-0.2322735298003864,-0.34550759195509895,0.8389169870202585
11626,-1.077851794929546,-1.0790628491805032,0.8389169870202585
7425,0.9863539699445792,1.2344575774534643,-0.6118755334990423
12503,-1.077851794929546,-0.7743552807945661,1.3225144938600255
14833,-0.7545424582625144,-0.0746564200564881,0.35531948018049153
9527,-0.580452815441805,-0.8759244702565452,-0.1282780266592754
12746,-1.077851794929546,-1.1580611076509315,0.8389169870202585
13861,-1.052981845955159,-1.1806320386424822,1.3225144938600255
9846,-0.2322735298003864,-0.9436372632311979,-0.1282780266592754
2186,0.2899953986617417,-0.8420680737692188,-1.0954730403388093
9899,-1.0281118969807719,-1.0452064526931768,1.3225144938600255
10157,-0.8540222541600626,-0.8420680737692188,0.8389169870202585
8620,-0.9037621521088367,-0.22136747150156896,0.8389169870202585
1432,0.19051560276419338,-0.8194971427776678,-1.0954730403388093
11828,1.8816721330225128,1.979298300174644,-2.062668054018343
10285,-0.3068833767235475,-0.5035041088959552,0.35531948018049153
6125,1.2847933576372237,0.2074802173378982,-1.5790705471785762
6695,2.3293312145614795,1.9905837656704195,-0.6118755334990423
13854,-1.077851794929546,-1.1919175041382577,1.3225144938600255
2102,-0.3068833767235475,-0.35679305745087436,-0.1282780266592754
8161,-0.2322735298003864,0.4444749927491827,0.35531948018049153
9260,-0.8540222541600626,-0.11979828203958989,1.3225144938600255
3891,1.085833765842127,1.031319198529506,-0.1282780266592754
1995,2.354201163535867,2.374289592526785,-2.062668054018343
2952,0.9117441230214178,-0.45836224691285343,-2.54626556085811
8348,0.5138249394312252,-0.5260750398875061,-0.6118755334990423
13421,1.583232745329868,0.5009023202280599,-2.54626556085811
7623,-0.3317533256979346,-0.8194971427776678,0.35531948018049153
5040,-1.052981845955159,-0.9774936597185242,1.3225144938600255
15227,-0.20740358082599933,0.3541912687829791,-0.1282780266592754
2447,1.1853135617396753,0.6927552336562426,-1.0954730403388093
11997,-1.003241948006385,-1.0339209871974016,0.8389169870202585
14323,-0.2322735298003864,-0.10851281654381445,0.35531948018049153
8663,-1.003241948006385,-0.6953570223241379,0.8389169870202585
6925,-1.077851794929546,-1.2032029696340332,1.3225144938600255
10347,2.2298514186639316,1.9454419036873176,-2.54626556085811
12905,-1.003241948006385,-0.36807852294664983,0.8389169870202585
12733,-1.077851794929546,-1.124204711163605,0.8389169870202585
7051,0.3894751945592899,0.7378970956393444,0.35531948018049153
7958,0.09103580686664531,-0.34550759195509895,0.8389169870202585
4294,0.9614840209701918,0.1849092863463473,-1.0954730403388093
11644,-0.48097301954425686,-0.8759244702565452,0.8389169870202585
10584,-1.0281118969807719,-1.169346573146707,1.3225144938600255
11361,-1.077851794929546,-1.0903483146762787,1.3225144938600255
134,2.2547213676383184,2.1372948171155004,-1.0954730403388093
14261,0.2402555007129675,-0.7517843498030152,-1.0954730403388093
799,-1.077851794929546,-0.8872099357523205,1.3225144938600255
10511,-1.077851794929546,-0.9774936597185242,1.3225144938600255
427,0.9863539699445792,0.19619475184212273,-0.6118755334990423
12960,0.2899953986617417,1.0651755950168325,-0.6118755334990423
15057,1.8319322350737386,1.3473122324112188,-2.062668054018343
8166,1.9562819799456737,1.922870972695767,-1.0954730403388093
6158,-1.077851794929546,-1.124204711163605,0.8389169870202585
13717,-0.9037621521088367,-0.1423692130311408,0.8389169870202585
1255,1.8319322350737386,2.0582965586450723,-1.5790705471785762
10330,1.4837529494323203,1.2570285084450152,-1.5790705471785762
7134,0.8122643271238696,1.3698831634027697,-0.1282780266592754
8723,-0.08305383595406408,-0.7743552807945661,0.35531948018049153
6384,0.7625244291750957,1.3924540943943207,0.35531948018049153
10097,-0.530712917493031,0.026912769405490974,-0.1282780266592754
3131,-0.530712917493031,0.24133661382522456,0.8389169870202585
1926,-1.052981845955159,-0.5937878328621589,0.8389169870202585
6072,2.1801115207151573,1.776159921250686,-1.5790705471785762
3037,1.7324524391761906,1.5955924733182787,-1.0954730403388093
5712,0.2899953986617417,0.6476133716731408,0.35531948018049153
12658,1.2101835107140624,1.0877465260083834,-2.062668054018343
12507,-0.7048025603137403,-0.322936660963548,1.3225144938600255
6778,0.9366140719958048,1.3811686288985452,0.35531948018049153
12405,-1.003241948006385,-1.1580611076509315,0.35531948018049153
6818,0.7127845312263216,0.6701843026646918,0.35531948018049153
6188,0.14077570481541946,-0.8646390047607697,0.8389169870202585
5168,-1.052981845955159,-0.9662081942227487,0.8389169870202585
13089,-1.003241948006385,-1.0113500562058506,0.35531948018049153
3746,-0.13279373390283822,0.15105288985902093,0.8389169870202585
7068,2.2298514186639316,2.0582965586450723,-0.1282780266592754
4851,0.21538555173858054,0.5234732512196109,0.35531948018049153
4455,-0.7048025603137403,-0.4922186434001798,0.35531948018049153
14735,-0.580452815441805,0.1397674243632455,0.8389169870202585
4096,0.09103580686664531,0.07205463138859278,0.8389169870202585
8419,0.3894751945592899,-0.7066424878199133,-1.0954730403388093
11242,0.7127845312263216,-0.052085489064937186,-2.062668054018343
3503,-0.033313938005289936,0.602471509690039,-0.1282780266592754
11213,-0.9535020500576108,-0.5825023673663834,-0.1282780266592754
9367,0.5635648373799991,0.7717534921266708,0.8389169870202585
6081,0.5635648373799991,0.7604680266308953,0.35531948018049153
7800,-0.8788922031344497,-0.1423692130311408,0.8389169870202585
2314,-0.9535020500576108,-0.28908026447622165,0.8389169870202585
9489,-1.003241948006385,-1.1580611076509315,0.8389169870202585
5399,-1.052981845955159,-0.9323517977354224,1.3225144938600255
2018,0.2402555007129675,0.9748918710506289,-0.6118755334990423
8701,0.3894751945592899,-0.4019349194339762,-0.1282780266592754
11326,0.488954990456838,-0.7743552807945661,-2.54626556085811
5418,-1.077851794929546,-1.0790628491805032,1.3225144938600255
14388,-0.8042823562112885,0.01562730390971552,0.8389169870202585
10095,0.33973529661051577,0.6701843026646918,-0.6118755334990423
4347,-1.077851794929546,-1.169346573146707,1.3225144938600255
4514,1.583232745329868,1.7197325937718086,-0.1282780266592754
4209,2.677510500202898,2.4871442474845393,-2.062668054018343
7348,1.085833765842127,-0.2326529369973444,-1.0954730403388093
8978,-1.077851794929546,-0.5260750398875061,1.3225144938600255
12576,0.06616585789225812,0.8733226815886498,-0.1282780266592754
6529,-0.2322735298003864,-0.796926211786117,-0.1282780266592754
3448,-1.077851794929546,-0.4245058504255271,1.3225144938600255
8382,-1.077851794929546,-1.2032029696340332,1.3225144938600255
43,-1.077851794929546,-1.0677773836847277,1.3225144938600255
17,-1.077851794929546,-1.169346573146707,1.3225144938600255
6053,2.478550908407802,2.2050076100901532,-0.6118755334990423
1883,-1.077851794929546,-0.9887791252142997,1.3225144938600255
10212,0.3894751945592899,-0.8194971427776678,-1.5790705471785762
2372,0.36460524558490276,1.1103174569999343,0.8389169870202585
12810,-0.18253363185161225,-0.7856407462903415,-1.0954730403388093
6050,0.886874174047031,1.3247413014196678,-0.6118755334990423
7964,-1.077851794929546,-1.0339209871974016,1.3225144938600255
6180,-1.077851794929546,-1.1919175041382577,1.3225144938600255
4094,1.3096633066116106,0.6250424406815899,-0.6118755334990423
13859,0.09103580686664531,-0.8759244702565452,-1.5790705471785762
10094,0.04129590891787117,0.4896168547322845,-0.1282780266592754
8225,-0.505842968518644,0.3654767342787545,0.35531948018049153
14285,-1.077851794929546,-1.0790628491805032,0.35531948018049153
9985,1.5583627963554811,1.6068779388140542,-1.5790705471785762
14806,2.1801115207151573,-0.9323517977354224,-2.54626556085811
3305,-1.052981845955159,-1.1354901766593806,1.3225144938600255
10579,-0.18253363185161225,-0.9323517977354224,-1.0954730403388093
443,-1.077851794929546,-0.8194971427776678,1.3225144938600255
9411,0.7873943781494827,0.04948370039704188,-0.6118755334990423
4344,-0.6799326113393532,-0.9662081942227487,0.8389169870202585
9843,-0.8788922031344497,-1.1129192456678296,0.8389169870202585
12306,-0.6301927133905793,-0.28908026447622165,0.8389169870202585
9898,-1.077851794929546,-1.1016337801720542,1.3225144938600255
13384,-1.077851794929546,-0.6502151603410361,1.3225144938600255
14092,0.488954990456838,1.0087482675379553,-0.1282780266592754
430,-1.077851794929546,-0.9097808667438715,0.8389169870202585
8486,1.6827125412274162,0.9861773365464044,-1.0954730403388093
10952,0.36460524558490276,-0.8194971427776678,-1.0954730403388093
2328,0.8620042250726437,1.3247413014196678,-1.5790705471785762
5758,0.886874174047031,0.10591102787591913,0.35531948018049153
577,1.8070622860993515,1.8100163177380122,-0.1282780266592754
4233,2.2049814696895442,1.9905837656704195,-1.5790705471785762
684,-1.077851794929546,-1.1354901766593806,1.3225144938600255
5576,0.04129590891787117,0.3203348722956527,0.8389169870202585
3785,0.5386948884056122,1.0651755950168325,-0.1282780266592754
4816,0.3148653476361286,0.026912769405490974,-0.6118755334990423
761,-0.28201342774916044,-0.7743552807945661,-0.6118755334990423
13394,-0.7048025603137403,-0.26650933348467076,0.8389169870202585
5380,-0.033313938005289936,-0.0746564200564881,0.35531948018049153
796,-1.077851794929546,-0.9097808667438715,1.3225144938600255
14196,-0.25714347877477345,-0.7743552807945661,-0.6118755334990423
8062,0.5884347863543863,-0.5825023673663834,-1.0954730403388093
8029,-1.077851794929546,-1.2032029696340332,1.3225144938600255
9703,-1.003241948006385,-0.3003657299719971,0.8389169870202585
12800,-0.6053227644161921,-0.9662081942227487,-0.1282780266592754
12570,0.886874174047031,1.4375959563774223,-0.6118755334990423
9176,-1.052981845955159,-1.022635521701626,0.8389169870202585
10890,-0.505842968518644,-0.7066424878199133,-0.6118755334990423
14244,-1.077851794929546,-1.1919175041382577,0.8389169870202585
7975,0.6381746843031604,-0.4019349194339762,-0.6118755334990423
11187,1.1107037148165144,1.1893157154703624,-1.5790705471785762
1654,1.8070622860993515,1.9905837656704195,-2.062668054018343
7540,-1.077851794929546,-0.6502151603410361,1.3225144938600255
9514,-0.033313938005289936,-0.8082116772818925,-0.1282780266592754
11603,0.2651254496873547,-0.15365467852691625,0.35531948018049153
591,-1.003241948006385,-0.4132203849297516,0.8389169870202585
12601,-1.077851794929546,-0.43579131592130255,-0.1282780266592754
2392,1.6578425922530293,1.8438727142253386,-0.1282780266592754
2221,-0.8042823562112885,-0.9662081942227487,-0.1282780266592754
8660,-0.40636317262109567,-0.19879654051001805,0.8389169870202585
4580,0.6630446332775474,1.2457430429492398,0.35531948018049153
9997,-0.6053227644161921,0.1849092863463473,0.35531948018049153
7625,0.886874174047031,-0.5260750398875061,-0.6118755334990423
14929,-0.9037621521088367,-1.022635521701626,1.3225144938600255
8139,-1.077851794929546,-0.6389296948452606,0.8389169870202585
12378,-1.077851794929546,-1.1580611076509315,0.35531948018049153
6104,-0.7296725092881273,-0.43579131592130255,0.35531948018049153
4702,0.19051560276419338,-0.6840715568283625,-0.1282780266592754
9016,0.2651254496873547,0.3203348722956527,0.35531948018049153
11291,-0.9783719990319979,-1.1129192456678296,-0.1282780266592754
12413,-1.0281118969807719,-1.169346573146707,-0.6118755334990423
8517,0.2651254496873547,0.7153261646477935,0.35531948018049153
14904,0.8122643271238696,-0.1875110750142426,-1.5790705471785762
15288,-1.077851794929546,-0.9549227287269733,0.8389169870202585
13104,-1.077851794929546,-1.146775642155156,0.8389169870202585
4504,0.16564565378980642,0.7040406991520181,-0.6118755334990423
3540,0.9117441230214178,0.602471509690039,-0.6118755334990423
14273,-0.8788922031344497,-1.0113500562058506,0.35531948018049153
13288,0.886874174047031,1.3585976979069943,-1.0954730403388093
1160,-0.7296725092881273,-0.5937878328621589,0.35531948018049153
12295,-0.4561030705698698,0.01562730390971552,-0.1282780266592754
7286,-1.003241948006385,-1.1580611076509315,0.35531948018049153
11945,1.3842731535347719,0.7378970956393444,-2.062668054018343
12108,0.5386948884056122,-0.21008200600579352,-0.6118755334990423
5948,-1.052981845955159,-0.5712169018706079,0.8389169870202585
13758,1.3842731535347719,0.9861773365464044,-1.5790705471785762
6095,0.8371342760982567,0.5911860441942636,0.35531948018049153
7506,0.3894751945592899,1.031319198529506,0.35531948018049153
7770,1.5583627963554811,1.2344575774534643,-1.5790705471785762
1329,-0.7296725092881273,-0.13108374753536534,0.8389169870202585
4936,0.21538555173858054,0.9748918710506289,-0.1282780266592754
6739,-0.7794124072369014,0.09462556238014368,1.3225144938600255
3772,-0.3317533256979346,0.29776394130410183,0.8389169870202585
13135,-1.077851794929546,-1.2032029696340332,1.3225144938600255
10018,2.3293312145614795,2.329147730543683,-1.5790705471785762
1886,-0.35662327467232163,-0.4245058504255271,0.35531948018049153
623,-0.8788922031344497,-0.5373605053832816,0.35531948018049153
7163,1.9065420819969,1.7197325937718086,-1.0954730403388093
1339,-1.077851794929546,-0.7066424878199133,0.35531948018049153
15291,-1.0281118969807719,-0.921066332239647,-0.6118755334990423
5032,-0.9783719990319979,-0.8533535392649942,0.35531948018049153
13890,-0.8291523051856755,-1.0677773836847277,0.35531948018049153
3080,-1.003241948006385,-0.2326529369973444,1.3225144938600255
3794,1.533492847381094,1.7874453867464615,-1.0954730403388093
1501,-1.077851794929546,-1.0790628491805032,0.8389169870202585
4387,-0.18253363185161225,-0.9097808667438715,-0.1282780266592754
12815,0.3148653476361286,-0.6050732983579343,-1.0954730403388093
9549,-0.10792378492845114,-0.4922186434001798,0.35531948018049153
5799,-0.08305383595406408,-0.7630698152987906,-0.1282780266592754
11875,-0.35662327467232163,0.5121877857238354,0.35531948018049153
13632,0.9614840209701918,1.1893157154703624,-0.6118755334990423
2532,0.2651254496873547,-0.8194971427776678,-1.0954730403388093
14371,2.2547213676383184,2.0357256276535214,-2.54626556085811
13711,0.04129590891787117,0.8056098886139971,0.8389169870202585
12603,0.04129590891787117,0.850751750597099,-0.6118755334990423
8294,1.2599234086628366,0.6588988371689163,-1.0954730403388093
8689,-1.077851794929546,-1.0000645907100751,0.8389169870202585
11943,0.7873943781494827,0.5009023202280599,-1.5790705471785762
8344,1.0360938678933531,-0.34550759195509895,-0.6118755334990423
5849,0.3148653476361286,-0.796926211786117,-1.0954730403388093
10263,0.488954990456838,-0.4922186434001798,-1.0954730403388093
4238,2.1552415717407705,1.8890145762084405,-0.6118755334990423
14354,2.130371622766383,1.6971616627802577,-2.54626556085811
11385,0.16564565378980642,-0.1423692130311408,-0.6118755334990423
1472,-1.077851794929546,-1.1806320386424822,1.3225144938600255
6101,-0.580452815441805,-0.28908026447622165,0.8389169870202585
6933,-1.052981845955159,-1.1806320386424822,-0.1282780266592754
849,-1.0281118969807719,-0.4245058504255271,1.3225144938600255
9589,1.0360938678933531,0.8168953541097725,-0.1282780266592754
6827,1.6827125412274162,0.9636064055548534,-0.6118755334990423
6954,-0.35662327467232163,-0.9097808667438715,-0.1282780266592754
5023,-0.18253363185161225,-0.27779479898044623,0.8389169870202585
2210,-1.077851794929546,-1.1580611076509315,1.3225144938600255
10820,-0.4312331215954827,0.17362382085057185,0.8389169870202585
3526,-0.38149322364670873,0.10591102787591913,0.8389169870202585
3202,0.488954990456838,-0.06337095456071264,-0.6118755334990423
7785,-0.8042823562112885,-0.1649401440226917,0.8389169870202585
13766,-0.20740358082599933,0.01562730390971552,0.35531948018049153
5836,-1.077851794929546,-1.2032029696340332,1.3225144938600255
6802,1.7324524391761906,1.5617360768309523,-2.062668054018343
3424,2.453680959433415,2.2840058685605813,-1.5790705471785762
414,-0.505842968518644,-0.6840715568283625,0.8389169870202585
6075,2.0060218778944483,1.629448869805605,-2.062668054018343
8377,0.5386948884056122,-0.7743552807945661,-0.6118755334990423
7247,-0.28201342774916044,-0.7066424878199133,-0.1282780266592754
8205,2.0060218778944483,2.1711512136028266,-0.6118755334990423
12279,1.085833765842127,1.2231721119576888,-0.1282780266592754
2094,-0.505842968518644,-0.36807852294664983,-0.1282780266592754
6021,1.6827125412274162,1.979298300174644,-1.0954730403388093
9747,1.9314120309712868,1.1103174569999343,-2.062668054018343
5219,-0.7048025603137403,-0.15365467852691625,0.35531948018049153
2340,2.6277706022541243,2.4645733164929884,-1.0954730403388093
265,-0.9535020500576108,-0.672786091332587,-0.1282780266592754
11091,-1.0281118969807719,-0.34550759195509895,1.3225144938600255
12177,-1.077851794929546,-0.5147895743917307,1.3225144938600255
13549,-1.077851794929546,-1.1016337801720542,1.3225144938600255
5278,-1.003241948006385,-0.22136747150156896,1.3225144938600255
11940,-0.9037621521088367,-0.5035041088959552,0.35531948018049153
10747,1.1107037148165144,1.6068779388140542,-0.6118755334990423
3542,0.21538555173858054,0.21876568283367365,-0.6118755334990423
11195,-0.8291523051856755,-0.27779479898044623,0.8389169870202585
8732,-0.4312331215954827,-0.921066332239647,-0.6118755334990423
14799,-0.6301927133905793,0.24133661382522456,1.3225144938600255
2142,-0.9286321010832237,-1.022635521701626,0.8389169870202585
3851,2.2298514186639316,2.1824366790986023,-1.5790705471785762
7953,-0.20740358082599933,-0.4019349194339762,0.35531948018049153
1082,0.2899953986617417,-0.8420680737692188,-1.0954730403388093
1671,1.1355736637909013,1.4488814218731978,-0.1282780266592754
11369,-1.077851794929546,-1.0564919181889523,1.3225144938600255
14096,1.085833765842127,1.3473122324112188,-0.6118755334990423
9661,0.6133047353287733,1.2908849049323414,-0.6118755334990423
12833,-1.052981845955159,-1.0000645907100751,0.35531948018049153
1503,-0.08305383595406408,-0.5937878328621589,0.35531948018049153
1971,-1.077851794929546,-0.4245058504255271,1.3225144938600255
7222,-0.6301927133905793,-0.5937878328621589,0.35531948018049153
3798,2.080631724817609,2.1372948171155004,-0.6118755334990423
694,-0.9783719990319979,-1.1016337801720542,-0.1282780266592754
3855,1.2847933576372237,1.6068779388140542,-0.1282780266592754
12129,-1.077851794929546,-0.8307826082734433,0.8389169870202585
10311,1.6329726432786424,0.9410354745633025,-2.54626556085811
12071,-0.6301927133905793,-0.9662081942227487,-0.1282780266592754
9554,0.5884347863543863,-0.1649401440226917,-0.6118755334990423
6393,-0.7545424582625144,0.11719649337169459,0.8389169870202585
3094,-0.35662327467232163,0.5347587167153863,0.8389169870202585
12225,-0.7545424582625144,0.12848195886747005,0.8389169870202585
6306,-1.077851794929546,-0.6840715568283625,1.3225144938600255
14679,0.9863539699445792,0.3429058032872036,-1.0954730403388093
13982,0.3148653476361286,0.5686151132027126,-0.6118755334990423
4993,-0.4561030705698698,-0.06337095456071264,0.8389169870202585
8939,1.0112239189189662,1.5617360768309523,-0.1282780266592754
3244,-1.077851794929546,-1.146775642155156,0.8389169870202585
3100,-0.4561030705698698,0.4331895272534072,0.8389169870202585
6605,-1.077851794929546,-1.124204711163605,1.3225144938600255
3563,-0.555582866467418,-0.4922186434001798,0.35531948018049153
9822,-0.530712917493031,-0.921066332239647,-0.6118755334990423
6275,-0.7048025603137403,-0.5599314363748324,0.35531948018049153
11648,-1.003241948006385,-1.1016337801720542,0.8389169870202585
14318,-0.40636317262109567,-0.28908026447622165,0.8389169870202585
14202,-0.20740358082599933,-0.8082116772818925,-0.6118755334990423
13038,0.9117441230214178,0.5799005786984881,-1.5790705471785762
8936,2.7521203471260596,2.5887134369465183,-2.062668054018343
14114,-0.7296725092881273,-0.1423692130311408,-0.1282780266592754
15278,-1.077851794929546,-1.022635521701626,1.3225144938600255
14010,-0.48097301954425686,0.2639075448167755,-0.1282780266592754
7012,-0.35662327467232163,-0.26650933348467076,-0.1282780266592754
12107,-0.6053227644161921,-0.6840715568283625,0.8389169870202585
4877,-0.7296725092881273,0.026912769405490974,0.8389169870202585
3231,-1.077851794929546,-1.1016337801720542,-1.0954730403388093
10850,-0.40636317262109567,-0.1875110750142426,0.35531948018049153
11887,-0.530712917493031,0.29776394130410183,0.8389169870202585
2484,1.1107037148165144,-0.06337095456071264,-2.062668054018343
8957,2.130371622766383,2.1824366790986023,-0.1282780266592754
7740,0.33973529661051577,0.07205463138859278,0.8389169870202585
952,0.2899953986617417,0.7830389576224462,-0.1282780266592754
12047,-1.077851794929546,-1.2032029696340332,1.3225144938600255
10130,1.1355736637909013,0.4106185962618563,-1.5790705471785762
3409,0.16564565378980642,0.7153261646477935,0.35531948018049153
5767,-1.077851794929546,-1.0000645907100751,1.3225144938600255
1718,0.36460524558490276,0.2639075448167755,0.35531948018049153
13147,-0.25714347877477345,-0.9436372632311979,-2.062668054018343
10413,-0.20740358082599933,0.6476133716731408,0.35531948018049153
4519,-1.077851794929546,-0.45836224691285343,1.3225144938600255
12489,0.5138249394312252,0.15105288985902093,0.35531948018049153
10496,-0.10792378492845114,-0.1649401440226917,-1.0954730403388093
11026,-0.6799326113393532,-0.5147895743917307,-0.1282780266592754
5464,-1.077851794929546,-1.2032029696340332,1.3225144938600255
11391,-1.077851794929546,-0.8872099357523205,0.8389169870202585
2564,-1.077851794929546,-1.1919175041382577,1.3225144938600255
5012,-1.0281118969807719,-0.7517843498030152,0.8389169870202585
1146,-1.077851794929546,-1.0339209871974016,0.8389169870202585
1937,1.6081026943042553,1.4601668873689733,-0.1282780266592754
9669,2.677510500202898,2.554857040459192,-1.0954730403388093
1031,-0.6550626623649661,-0.7856407462903415,0.35531948018049153
3884,2.2547213676383184,1.753588990259135,-1.5790705471785762
12827,0.3148653476361286,-0.45836224691285343,-1.5790705471785762
13326,1.1107037148165144,1.629448869805605,-1.5790705471785762
8371,-1.077851794929546,-1.1919175041382577,0.8389169870202585
13870,-0.10792378492845114,-0.921066332239647,-2.062668054018343
7676,-0.530712917493031,-0.9887791252142997,0.35531948018049153
8404,0.19051560276419338,-0.8307826082734433,-0.6118755334990423
3858,1.4588830004579327,1.6858761972844822,-1.5790705471785762
96,-0.505842968518644,-0.0746564200564881,1.3225144938600255
13841,-1.052981845955159,-1.1354901766593806,1.3225144938600255
3130,0.04129590891787117,0.726611630143569,0.35531948018049153
2474,0.11590575584103227,-0.24393840249311985,0.35531948018049153
3931,-1.077851794929546,-0.9323517977354224,-0.1282780266592754
2627,0.5884347863543863,0.1849092863463473,-0.6118755334990423
3773,-1.052981845955159,-0.45836224691285343,1.3225144938600255
5456,-0.38149322364670873,-0.9662081942227487,-0.1282780266592754
2239,0.3148653476361286,-0.4019349194339762,-0.6118755334990423
11177,0.9863539699445792,1.2570285084450152,-1.0954730403388093
7142,1.2350534596884497,1.5730215423267278,-0.1282780266592754
11961,1.533492847381094,0.45576045824495814,-2.54626556085811
6422,0.14077570481541946,0.7604680266308953,-0.1282780266592754
11292,-0.25714347877477345,-0.9097808667438715,-1.0954730403388093
3027,0.7127845312263216,0.850751750597099,-1.0954730403388093
8827,-1.0281118969807719,-0.8533535392649942,0.35531948018049153
2389,1.4588830004579327,1.753588990259135,-0.6118755334990423
11988,0.9614840209701918,-0.24393840249311985,-0.6118755334990423
14755,-0.6550626623649661,0.1849092863463473,0.8389169870202585
1592,0.3894751945592899,0.9636064055548534,0.35531948018049153
2391,-0.08305383595406408,0.6927552336562426,0.35531948018049153
3082,1.085833765842127,1.6068779388140542,0.35531948018049153
14572,-1.077851794929546,-1.1580611076509315,1.3225144938600255
14193,-0.2322735298003864,-0.7404988843072398,0.35531948018049153
4682,-0.9783719990319979,-0.9549227287269733,0.8389169870202585
8452,-1.0281118969807719,-0.9662081942227487,0.35531948018049153
11992,-0.35662327467232163,-0.7066424878199133,-0.6118755334990423
10712,-0.9535020500576108,-0.3003657299719971,0.8389169870202585
4935,2.2547213676383184,2.2727204030648056,-1.0954730403388093
15119,1.6578425922530293,2.2727204030648056,-1.0954730403388093
2901,-1.077851794929546,-1.2032029696340332,0.35531948018049153
4099,-0.7545424582625144,-0.43579131592130255,0.35531948018049153
12343,0.46408504148245106,-0.2326529369973444,-0.1282780266592754
12530,-0.18253363185161225,0.3429058032872036,0.35531948018049153
2540,-1.077851794929546,-1.2032029696340332,0.8389169870202585
12523,-0.28201342774916044,0.1849092863463473,-0.1282780266592754
8759,-0.6799326113393532,-1.0564919181889523,0.8389169870202585
10423,-0.6550626623649661,0.1849092863463473,0.35531948018049153
2354,1.8070622860993515,2.0470110931492966,-0.1282780266592754
6128,-0.4561030705698698,-0.5260750398875061,0.35531948018049153
4609,2.080631724817609,1.753588990259135,-1.5790705471785762
10282,-1.052981845955159,-0.9662081942227487,1.3225144938600255
12571,1.8070622860993515,2.0131546966619704,-1.5790705471785762
4184,-0.9037621521088367,-0.06337095456071264,0.8389169870202585
12823,-0.6799326113393532,-0.8533535392649942,-0.1282780266592754
2576,0.04129590891787117,-0.7743552807945661,-0.6118755334990423
12275,1.533492847381094,1.527879680343626,-1.5790705471785762
9811,-1.052981845955159,-1.0903483146762787,1.3225144938600255
13647,0.8371342760982567,1.2795994394365662,0.35531948018049153
9473,-1.077851794929546,-1.1919175041382577,0.8389169870202585
5550,0.016425959943484204,-0.0746564200564881,0.35531948018049153
10456,-1.003241948006385,-0.43579131592130255,1.3225144938600255
1281,0.9117441230214178,1.4714523528647487,-0.1282780266592754
13903,0.488954990456838,-0.6389296948452606,-2.062668054018343
8113,0.488954990456838,0.2639075448167755,0.8389169870202585
13639,2.1801115207151573,1.9905837656704195,-2.062668054018343
6760,1.9562819799456737,2.1147238861239495,-0.6118755334990423
6560,-1.077851794929546,-1.2032029696340332,1.3225144938600255
13783,-0.8788922031344497,-0.6389296948452606,-0.1282780266592754
6808,-0.9286321010832237,-0.35679305745087436,0.8389169870202585
8889,1.6329726432786424,1.652019800797156,-0.1282780266592754
7219,-1.052981845955159,-0.8872099357523205,0.8389169870202585
415,-0.8042823562112885,-0.8194971427776678,0.35531948018049153
9027,0.6879145822519344,0.3541912687829791,-1.5790705471785762
13701,1.06096381686774,1.5617360768309523,-0.1282780266592754
710,-1.077851794929546,-1.2032029696340332,1.3225144938600255
10701,-1.077851794929546,-0.6050732983579343,1.3225144938600255
3528,1.359403204560385,1.1216029224957098,-0.6118755334990423
4503,-0.9286321010832237,-0.26650933348467076,0.8389169870202585
2528,-1.077851794929546,-1.1919175041382577,0.8389169870202585
12616,0.9863539699445792,1.4601668873689733,-2.062668054018343
7497,1.9811519289200612,2.0921529551323985,-1.0954730403388093
9050,0.19051560276419338,-0.24393840249311985,0.35531948018049153
2893,-1.077851794929546,-1.1919175041382577,0.8389169870202585
11272,-0.9037621521088367,-1.0000645907100751,0.8389169870202585
15088,2.453680959433415,2.227578541081704,-0.6118755334990423
4540,-1.0281118969807719,-0.27779479898044623,1.3225144938600255
10434,0.3148653476361286,0.9410354745633025,-0.1282780266592754
12299,1.4588830004579327,0.9861773365464044,-1.5790705471785762
4091,0.9366140719958048,0.39933313076608085,-0.6118755334990423
12702,-0.48097301954425686,-0.5260750398875061,-0.6118755334990423
2888,0.2402555007129675,-0.7630698152987906,-2.062668054018343
12475,-1.077851794929546,-1.0000645907100751,1.3225144938600255
1523,-0.9535020500576108,-0.7743552807945661,0.35531948018049153
14651,-0.033313938005289936,-0.5937878328621589,-0.6118755334990423
5438,-0.7296725092881273,-0.9774936597185242,-0.1282780266592754
12585,-0.4561030705698698,0.4444749927491827,0.35531948018049153
1406,-1.077851794929546,-1.1016337801720542,0.35531948018049153
8132,0.33973529661051577,0.4896168547322845,-0.1282780266592754
4896,0.3148653476361286,1.0200337330337308,0.35531948018049153
11301,0.4143451435336769,-0.8082116772818925,-2.062668054018343
5381,-1.077851794929546,-0.8646390047607697,0.35531948018049153
6517,-0.35662327467232163,-0.7404988843072398,-0.1282780266592754
1811,-0.8042823562112885,-1.0903483146762787,0.35531948018049153
13619,-0.9535020500576108,-0.4132203849297516,1.3225144938600255
13769,-0.3317533256979346,-0.09722735104803899,0.35531948018049153
11264,-0.7545424582625144,-0.8759244702565452,-0.1282780266592754
10500,-1.077851794929546,-0.898495401248096,1.3225144938600255
12284,1.6578425922530293,1.4601668873689733,-2.062668054018343
4553,0.06616585789225812,0.8958936125802007,0.35531948018049153
10858,-1.052981845955159,-0.796926211786117,0.8389169870202585
14452,0.7376544802007085,1.2231721119576888,-0.6118755334990423
4643,-0.6550626623649661,-0.3793639884424253,-0.1282780266592754
1486,-1.077851794929546,-1.146775642155156,1.3225144938600255
8122,-0.6053227644161921,-0.26650933348467076,0.8389169870202585
12355,-0.6550626623649661,-0.8082116772818925,0.8389169870202585
774,1.085833765842127,-0.2326529369973444,-2.54626556085811
1631,1.2101835107140624,1.6971616627802577,-1.0954730403388093
5589,0.8122643271238696,0.9861773365464044,0.35531948018049153
10159,-1.077851794929546,-1.0452064526931768,0.8389169870202585
469,1.4588830004579327,1.2570285084450152,-0.6118755334990423
14809,-1.077851794929546,-0.4696477124086289,0.8389169870202585
8507,0.9117441230214178,0.9861773365464044,0.35531948018049153
11356,-1.077851794929546,-1.1129192456678296,1.3225144938600255
13056,-0.008443989030902977,-0.15365467852691625,-1.0954730403388093
5038,0.8620042250726437,-0.09722735104803899,-2.062668054018343
12454,0.14077570481541946,-0.6050732983579343,-0.1282780266592754
10098,0.9117441230214178,0.9748918710506289,-0.1282780266592754
598,1.6081026943042553,1.3924540943943207,-1.0954730403388093
4562,1.0360938678933531,1.5730215423267278,-0.1282780266592754
12675,-1.077851794929546,-0.7856407462903415,0.35531948018049153
11203,0.5386948884056122,0.5460441822111617,-0.1282780266592754
13346,0.19051560276419338,0.9184645435717517,-0.6118755334990423
1905,-0.530712917493031,-0.28908026447622165,0.35531948018049153
11953,1.1107037148165144,0.45576045824495814,-1.5790705471785762
9247,1.4837529494323203,1.4714523528647487,-0.6118755334990423
7510,0.7625244291750957,1.2570285084450152,-0.6118755334990423
10843,-1.003241948006385,-0.6163587638537098,0.8389169870202585
7949,1.06096381686774,0.17362382085057185,-0.6118755334990423
13259,2.2298514186639316,1.776159921250686,-2.54626556085811
13182,-0.9535020500576108,-1.022635521701626,-0.1282780266592754
9191,1.085833765842127,0.19619475184212273,-2.062668054018343
4679,-1.077851794929546,-1.0452064526931768,1.3225144938600255
5770,-1.077851794929546,-1.0113500562058506,0.8389169870202585
10764,-1.077851794929546,-0.4245058504255271,1.3225144938600255
5186,-0.4561030705698698,-0.322936660963548,-0.6118755334990423
15304,-0.7048025603137403,-0.8872099357523205,0.8389169870202585
10549,-0.8788922031344497,-1.022635521701626,0.8389169870202585
5400,0.04129590891787117,-0.3342221264593235,0.35531948018049153
6926,-1.077851794929546,-1.2032029696340332,1.3225144938600255
8740,-1.077851794929546,-1.1919175041382577,0.8389169870202585
10607,0.14077570481541946,-0.7856407462903415,-2.062668054018343
2837,0.06616585789225812,-0.2326529369973444,-0.1282780266592754
6672,1.359403204560385,1.076461060512608,-0.1282780266592754
14778,-0.48097301954425686,0.4219040617576318,0.8389169870202585
3218,1.06096381686774,-0.1423692130311408,-1.5790705471785762
3573,-0.8042823562112885,-0.7404988843072398,0.35531948018049153
3132,-1.0281118969807719,-0.36807852294664983,0.8389169870202585
6634,-0.580452815441805,-0.5599314363748324,0.35531948018049153
3520,-1.052981845955159,-0.5486459708790571,1.3225144938600255
6757,0.2899953986617417,1.053890129521057,0.35531948018049153
2588,-1.077851794929546,-1.124204711163605,1.3225144938600255
3338,-1.052981845955159,-0.9887791252142997,0.8389169870202585
5120,-1.077851794929546,-1.1919175041382577,0.35531948018049153
3353,-0.8540222541600626,-0.6615006258368116,0.8389169870202585
4308,-1.077851794929546,-1.0113500562058506,1.3225144938600255
1758,-0.9535020500576108,-0.921066332239647,0.35531948018049153
11883,1.3842731535347719,1.7197325937718086,-0.6118755334990423
10608,-0.8788922031344497,-1.0564919181889523,-0.1282780266592754
852,0.33973529661051577,0.828180819605548,0.35531948018049153
1494,-0.6550626623649661,-0.8872099357523205,-0.6118755334990423
12399,-0.8540222541600626,-1.1016337801720542,0.35531948018049153
8425,-1.077851794929546,-1.146775642155156,0.8389169870202585
2464,0.11590575584103227,-0.09722735104803899,-1.0954730403388093
11893,1.7075824902018033,1.8325872487295631,-1.0954730403388093
6373,2.7769902961004465,2.599998902442294,-2.062668054018343
9287,-0.8042823562112885,0.06076916589281733,0.35531948018049153
13613,-0.48097301954425686,-0.018229092577610833,0.35531948018049153
7284,-1.077851794929546,-1.2032029696340332,0.8389169870202585
10022,2.553160755330963,2.4645733164929884,-2.54626556085811
7700,-1.003241948006385,-1.0564919181889523,0.8389169870202585
4789,-1.052981845955159,-1.0452064526931768,1.3225144938600255
4608,0.16564565378980642,0.6588988371689163,0.35531948018049153
11942,0.5386948884056122,0.39933313076608085,-0.6118755334990423
8699,0.7376544802007085,-0.27779479898044623,-0.6118755334990423
13267,0.016425959943484204,0.5573296477069372,-0.6118755334990423
500,2.453680959433415,2.2050076100901532,-2.54626556085811
10618,0.5386948884056122,-0.5937878328621589,-2.062668054018343
5250,-0.38149322364670873,0.39933313076608085,0.35531948018049153
14238,-1.077851794929546,-1.2032029696340332,1.3225144938600255
1046,-0.7545424582625144,-0.9436372632311979,0.8389169870202585
11814,-0.7048025603137403,0.026912769405490974,0.35531948018049153
2633,-0.505842968518644,-0.3116511954677726,0.8389169870202585
7300,-1.077851794929546,-1.2032029696340332,0.8389169870202585
15157,-1.0281118969807719,0.3203348722956527,0.35531948018049153
8373,0.016425959943484204,-0.8646390047607697,0.35531948018049153
4925,0.6381746843031604,1.3134558359238924,-0.6118755334990423
5331,0.19051560276419338,0.7604680266308953,-0.1282780266592754
13462,-1.077851794929546,-1.124204711163605,1.3225144938600255
14842,1.0112239189189662,1.0877465260083834,-1.5790705471785762
6025,0.7127845312263216,1.3473122324112188,0.35531948018049153
777,0.5386948884056122,-0.34550759195509895,-1.0954730403388093
4791,0.3148653476361286,-0.45836224691285343,-1.5790705471785762
7229,0.36460524558490276,-0.2552238679888953,0.35531948018049153
10629,-0.9783719990319979,-1.0113500562058506,0.8389169870202585
4019,-1.077851794929546,-1.1919175041382577,0.35531948018049153
1194,0.04129590891787117,0.3316203377914282,-0.6118755334990423
10444,0.9614840209701918,1.2570285084450152,-1.0954730403388093
51,-1.077851794929546,-1.022635521701626,1.3225144938600255
8963,-1.052981845955159,-0.36807852294664983,0.8389169870202585
2304,0.6630446332775474,0.9184645435717517,-0.1282780266592754
8544,0.33973529661051577,1.0087482675379553,0.8389169870202585
12654,-1.077851794929546,-0.6502151603410361,0.35531948018049153
5813,-1.052981845955159,-1.1580611076509315,0.8389169870202585
1113,-0.48097301954425686,-0.9323517977354224,-0.1282780266592754
2982,-0.08305383595406408,-0.28908026447622165,0.8389169870202585
656,1.1604436127652884,-0.029514558073386283,-2.062668054018343
3254,-1.077851794929546,-1.169346573146707,4.295208693958647e-16
13128,-0.9037621521088367,-1.1129192456678296,-1.0954730403388093
1187,-0.6550626623649661,-0.24393840249311985,0.35531948018049153
15241,1.0112239189189662,0.5234732512196109,0.8389169870202585
11465,2.3044612655870926,2.2388640065774794,-2.54626556085811
11370,0.46408504148245106,-0.35679305745087436,-0.6118755334990423
565,-0.7545424582625144,0.06076916589281733,0.8389169870202585
4118,0.2651254496873547,0.5121877857238354,0.35531948018049153
11658,-1.077851794929546,-1.1919175041382577,1.3225144938600255
840,0.4143451435336769,0.726611630143569,-0.6118755334990423
3888,1.856802184048126,1.4827378183605242,-0.6118755334990423
1642,1.1107037148165144,1.6181634043098296,-0.1282780266592754
10697,1.2350534596884497,1.1554593189830362,-1.0954730403388093
14105,0.5635648373799991,0.9184645435717517,-0.6118755334990423
10925,-1.077851794929546,-1.1806320386424822,1.3225144938600255
2666,1.06096381686774,1.1216029224957098,-0.1282780266592754
1972,-1.077851794929546,-0.4245058504255271,1.3225144938600255
6880,-0.35662327467232163,-0.7066424878199133,-0.6118755334990423
11791,-1.077851794929546,-0.6389296948452606,1.3225144938600255
1149,0.2402555007129675,-0.34550759195509895,-2.062668054018343
4092,1.0360938678933531,0.46704592374073356,-0.6118755334990423
10565,-0.6053227644161921,-1.0113500562058506,-0.1282780266592754
8739,0.5386948884056122,-0.7630698152987906,-1.0954730403388093
765,0.04129590891787117,-0.6502151603410361,-0.6118755334990423
4802,-0.8540222541600626,-0.8194971427776678,-0.1282780266592754
7918,-0.6799326113393532,-0.26650933348467076,0.8389169870202585
7708,-0.18253363185161225,-0.672786091332587,-0.1282780266592754
3872,0.7873943781494827,1.1328883879914853,-0.1282780266592754
11896,0.5884347863543863,1.1103174569999343,-0.1282780266592754
9051,-0.35662327467232163,-0.4922186434001798,0.8389169870202585
2620,-0.9783719990319979,-0.796926211786117,0.8389169870202585
9616,-0.2322735298003864,0.37676219977452996,0.8389169870202585
3026,-0.505842968518644,0.01562730390971552,-0.6118755334990423
4990,0.2402555007129675,0.4896168547322845,-0.1282780266592754
4102,0.6133047353287733,0.4444749927491827,-0.1282780266592754
6820,-1.077851794929546,-0.7179279533156888,0.8389169870202585
11512,1.5583627963554811,1.8664436452168895,-2.54626556085811
14517,-0.28201342774916044,-0.28908026447622165,-0.6118755334990423
5967,2.2795913166127058,2.0131546966619704,-1.5790705471785762
7796,1.6827125412274162,1.7197325937718086,-0.1282780266592754
11818,-0.7545424582625144,0.00434183841394007,0.35531948018049153
2685,-1.003241948006385,-0.322936660963548,0.8389169870202585
9602,-0.40636317262109567,0.10591102787591913,-0.1282780266592754
9974,-1.077851794929546,-0.5825023673663834,1.3225144938600255
14347,-1.077851794929546,-0.6502151603410361,1.3225144938600255
911,0.14077570481541946,0.9410354745633025,-0.1282780266592754
10381,-0.8540222541600626,-0.006943627081835381,-0.1282780266592754
13713,2.503420857382189,-0.9097808667438715,-2.54626556085811
13030,-0.6053227644161921,-0.1875110750142426,-0.6118755334990423
7413,0.2402555007129675,0.602471509690039,-0.1282780266592754
1345,-0.008443989030902977,0.17362382085057185,-0.1282780266592754
1444,-1.077851794929546,-1.2032029696340332,1.3225144938600255
12148,-1.077851794929546,-0.6953570223241379,0.35531948018049153
3499,-0.6799326113393532,0.07205463138859278,0.8389169870202585
13844,-0.40636317262109567,-0.9097808667438715,-0.6118755334990423
5306,0.4143451435336769,1.0990319915041589,-0.1282780266592754
12926,-0.10792378492845114,0.6588988371689163,0.35531948018049153
14766,1.8816721330225128,2.0808674896366233,-1.0954730403388093
2422,0.8122643271238696,1.0087482675379553,-0.1282780266592754
5146,-0.008443989030902977,-0.6840715568283625,-0.1282780266592754
2732,1.6081026943042553,1.9341564381915424,-0.6118755334990423
80,0.4143451435336769,0.2751930103125509,-0.6118755334990423
4217,2.553160755330963,2.351718661535234,-2.54626556085811
13702,0.5635648373799991,1.2231721119576888,0.8389169870202585
13242,-1.052981845955159,-0.6502151603410361,0.8389169870202585
9129,-1.077851794929546,-1.2032029696340332,1.3225144938600255
10464,1.7324524391761906,1.3924540943943207,-1.5790705471785762
12074,-0.9037621521088367,-1.0564919181889523,-0.1282780266592754
15194,0.46408504148245106,1.2795994394365662,-1.5790705471785762
5135,-1.077851794929546,-1.1580611076509315,0.8389169870202585
1572,-0.4561030705698698,0.12848195886747005,0.8389169870202585
13299,-0.6550626623649661,0.19619475184212273,0.35531948018049153
879,-1.077851794929546,-0.4245058504255271,0.8389169870202585
1578,0.43921509250806384,0.8394662851013235,-0.1282780266592754
12742,-0.6550626623649661,-0.9436372632311979,-0.1282780266592754
1509,0.886874174047031,-0.21008200600579352,-2.54626556085811
1896,-1.003241948006385,-0.7630698152987906,0.8389169870202585
4746,-1.077851794929546,-1.2032029696340332,1.3225144938600255
14942,0.33973529661051577,-0.7404988843072398,-1.5790705471785762
4112,1.7821923371249646,1.2344575774534643,-2.062668054018343
8999,0.06616585789225812,0.5009023202280599,-0.1282780266592754
1845,0.2402555007129675,-0.7292134188114643,-0.1282780266592754
12304,1.856802184048126,1.0651755950168325,-2.54626556085811
5562,-0.9783719990319979,-0.6276442293494852,0.35531948018049153
13488,-1.0281118969807719,-1.1580611076509315,1.3225144938600255
6932,-1.077851794929546,-1.2032029696340332,0.8389169870202585
7507,-0.9535020500576108,-0.21008200600579352,0.35531948018049153
11118,-0.9535020500576108,-0.1423692130311408,0.8389169870202585
4742,-1.052981845955159,-1.1806320386424822,0.35531948018049153
11161,0.04129590891787117,0.7604680266308953,0.35531948018049153
14222,-0.15766368287722518,-0.921066332239647,-1.0954730403388093
13441,-0.2322735298003864,-0.5260750398875061,-0.6118755334990423
7757,-1.003241948006385,-0.6163587638537098,0.8389169870202585
14442,1.0360938678933531,1.4940232838562997,-0.6118755334990423
9001,0.9366140719958048,0.9974628020421797,-0.1282780266592754
13548,-0.8042823562112885,-0.9436372632311979,0.35531948018049153
3614,0.43921509250806384,-0.6840715568283625,-2.062668054018343
2108,-1.003241948006385,-0.8533535392649942,1.3225144938600255
15061,2.1801115207151573,1.3811686288985452,-2.54626556085811
4901,-0.10792378492845114,0.726611630143569,0.8389169870202585
15287,0.11590575584103227,-0.5373605053832816,0.8389169870202585
14715,-0.7296725092881273,-0.17622560951846716,0.8389169870202585
4696,-1.0281118969807719,-1.0677773836847277,0.35531948018049153
5613,1.7075824902018033,1.8213017832337877,-0.1282780266592754
12301,1.9811519289200612,1.178030249974587,-2.062668054018343
6702,-0.40636317262109567,0.30904940679987725,0.8389169870202585
4843,1.3096633066116106,1.0087482675379553,-0.6118755334990423
13521,-0.555582866467418,-0.9887791252142997,-0.6118755334990423
13648,0.7127845312263216,1.2006011809661379,-0.1282780266592754
7149,-0.3068833767235475,0.4444749927491827,0.8389169870202585
13150,0.2651254496873547,-0.8307826082734433,-1.0954730403388093
4325,0.19051560276419338,-0.5599314363748324,-0.6118755334990423
3219,0.6133047353287733,-0.28908026447622165,-2.062668054018343
7934,-0.35662327467232163,-0.2326529369973444,-0.6118755334990423
5100,-1.077851794929546,-1.2032029696340332,1.3225144938600255
13495,-1.077851794929546,-1.2032029696340332,0.8389169870202585
1193,0.09103580686664531,0.3541912687829791,0.35531948018049153
45,-1.077851794929546,-1.0564919181889523,0.8389169870202585
13934,0.3148653476361286,-0.3003657299719971,-1.5790705471785762
976,0.3148653476361286,0.4219040617576318,-1.5790705471785762
5081,-1.077851794929546,-1.1806320386424822,1.3225144938600255
2963,-0.8291523051856755,-0.898495401248096,0.8389169870202585
1584,-0.7545424582625144,-0.040800023569161736,0.8389169870202585
5868,-1.077851794929546,-1.146775642155156,1.3225144938600255
4515,-0.13279373390283822,0.5799005786984881,0.8389169870202585
13098,-0.8788922031344497,-0.9887791252142997,0.35531948018049153
9931,-0.8042823562112885,-0.5937878328621589,0.8389169870202585
1975,1.1355736637909013,1.5843070078225032,-0.1282780266592754
3912,-1.052981845955159,-0.7517843498030152,0.35531948018049153
10041,1.0360938678933531,1.5730215423267278,-1.5790705471785762
13649,0.9863539699445792,1.3924540943943207,-0.6118755334990423
4411,-1.077851794929546,-1.1354901766593806,1.3225144938600255
13162,0.14077570481541946,-0.796926211786117,-1.0954730403388093
7073,-0.7296725092881273,0.04948370039704188,0.8389169870202585
13817,-1.077851794929546,-1.0790628491805032,0.8389169870202585
10191,-0.9783719990319979,-1.1016337801720542,-0.1282780266592754
11951,-0.10792378492845114,-0.0746564200564881,0.8389169870202585
6151,1.06096381686774,-0.322936660963548,-0.6118755334990423
2840,0.7376544802007085,-0.018229092577610833,-1.0954730403388093
5508,0.5635648373799991,-0.5599314363748324,-0.6118755334990423
11034,1.5086228984067072,0.7153261646477935,-2.062668054018343
13618,0.2402555007129675,0.5460441822111617,0.35531948018049153
9701,-0.35662327467232163,0.4331895272534072,0.8389169870202585
11792,-0.9286321010832237,-0.3906494539382007,1.3225144938600255
4978,-1.0281118969807719,-0.4809331779044043,0.8389169870202585
7859,-0.7296725092881273,0.12848195886747005,0.8389169870202585
12876,-0.7545424582625144,-0.322936660963548,-0.6118755334990423
15237,1.583232745329868,1.053890129521057,-1.5790705471785762
6930,-1.077851794929546,-1.2032029696340332,1.3225144938600255
4505,0.14077570481541946,0.6927552336562426,0.35531948018049153
6418,-0.9286321010832237,-0.19879654051001805,0.8389169870202585
37,-1.077851794929546,-1.1016337801720542,4.295208693958647e-16
576,1.3096633066116106,1.5391651458394016,-0.1282780266592754
7460,1.085833765842127,1.5843070078225032,0.35531948018049153
3988,-1.077851794929546,-1.1919175041382577,1.3225144938600255
8437,0.19051560276419338,-0.5825023673663834,-1.0954730403388093
713,-1.077851794929546,-1.2032029696340332,0.35531948018049153
14741,1.7324524391761906,1.8100163177380122,-2.062668054018343
9844,-1.003241948006385,-1.1580611076509315,1.3225144938600255
8450,-0.7545424582625144,-0.8082116772818925,0.8389169870202585
2335,0.14077570481541946,0.8620372160928744,0.35531948018049153
4983,0.6630446332775474,0.8394662851013235,-0.1282780266592754
4420,-1.077851794929546,-1.1016337801720542,0.8389169870202585
7841,-1.0281118969807719,-0.26650933348467076,0.8389169870202585
14457,1.9314120309712868,1.877729110712665,-2.062668054018343
881,0.6133047353287733,1.2344575774534643,-0.1282780266592754
567,2.1552415717407705,2.1147238861239495,-1.5790705471785762
13779,-0.4561030705698698,-0.3003657299719971,0.35531948018049153
10069,0.4143451435336769,1.0087482675379553,-0.6118755334990423
2245,0.16564565378980642,-0.36807852294664983,-0.1282780266592754
5070,-1.077851794929546,-1.146775642155156,0.35531948018049153
15100,1.2350534596884497,1.7084471282760332,-2.062668054018343
4165,1.5583627963554811,1.8438727142253386,-0.1282780266592754
8793,0.16564565378980642,-0.6840715568283625,-0.6118755334990423
9688,1.7075824902018033,1.9341564381915424,-0.1282780266592754
10305,-0.4561030705698698,-0.2552238679888953,-0.1282780266592754
10815,-0.6301927133905793,0.04948370039704188,0.8389169870202585
239,2.030891826868835,1.4940232838562997,-2.54626556085811
7743,-0.530712917493031,-0.35679305745087436,0.8389169870202585
10864,0.5138249394312252,0.08334009688436823,0.35531948018049153
8498,1.583232745329868,1.1893157154703624,-1.0954730403388093
7716,0.8620042250726437,-0.24393840249311985,-1.0954730403388093
1597,0.33973529661051577,0.9636064055548534,0.35531948018049153
9892,-0.40636317262109567,-0.8194971427776678,0.35531948018049153
12032,-1.077851794929546,-1.2032029696340332,0.8389169870202585
1901,-1.052981845955159,-0.7856407462903415,0.8389169870202585
1180,1.5086228984067072,0.8846081470844253,-2.062668054018343
6521,0.43921509250806384,-0.5486459708790571,-1.5790705471785762
6706,1.1604436127652884,1.4601668873689733,-1.0954730403388093
7882,1.8319322350737386,1.8213017832337877,-0.1282780266592754
3006,-1.052981845955159,-0.7179279533156888,0.35531948018049153
9673,0.33973529661051577,1.0990319915041589,0.8389169870202585
2781,-0.28201342774916044,0.3429058032872036,0.8389169870202585
10919,-0.8788922031344497,-1.0452064526931768,0.35531948018049153
5564,-0.2322735298003864,-0.018229092577610833,0.8389169870202585
12691,-0.48097301954425686,-0.4019349194339762,-0.1282780266592754
8694,-0.505842968518644,-0.6502151603410361,0.8389169870202585
7107,-0.3317533256979346,0.5573296477069372,0.8389169870202585
9052,0.488954990456838,-0.1649401440226917,0.35531948018049153
2829,-1.077851794929546,-0.898495401248096,0.8389169870202585
7203,0.7873943781494827,0.3541912687829791,-0.6118755334990423
5444,0.4143451435336769,-0.7179279533156888,0.35531948018049153
5537,-0.9783719990319979,-0.8759244702565452,0.8389169870202585
12482,1.3345332555859974,0.3541912687829791,-2.54626556085811
4219,2.055761775843222,2.0695820241408476,-2.062668054018343
10770,-0.20740358082599933,0.6588988371689163,0.8389169870202585
13146,0.43921509250806384,-0.8082116772818925,-2.54626556085811
10799,0.14077570481541946,0.8056098886139971,0.35531948018049153
6875,1.2847933576372237,-0.15365467852691625,-2.54626556085811
3413,2.2049814696895442,2.0131546966619704,-2.062668054018343
6216,-1.077851794929546,-1.1919175041382577,0.8389169870202585
906,-0.9037621521088367,-0.06337095456071264,1.3225144938600255
10934,-0.8042823562112885,-1.0790628491805032,0.35531948018049153
3693,-0.9535020500576108,-0.9774936597185242,-1.0954730403388093
14251,0.11590575584103227,-0.8420680737692188,-1.5790705471785762
3118,-0.6053227644161921,0.24133661382522456,0.8389169870202585
12798,-1.077851794929546,-1.169346573146707,0.8389169870202585
10810,-0.35662327467232163,0.3316203377914282,0.8389169870202585
15144,-0.8540222541600626,0.5121877857238354,-0.1282780266592754
9189,-0.9783719990319979,-0.8759244702565452,0.35531948018049153
5662,1.359403204560385,1.7648744557549105,0.35531948018049153
5304,0.7873943781494827,1.3698831634027697,-0.6118755334990423
12879,-1.052981845955159,-0.6276442293494852,1.3225144938600255
14294,-1.077851794929546,-1.0339209871974016,1.3225144938600255
295,-0.008443989030902977,-0.4696477124086289,0.35531948018049153
6557,-0.38149322364670873,-0.9774936597185242,-0.6118755334990423
5015,-0.580452815441805,-0.4019349194339762,0.8389169870202585
1785,0.5386948884056122,-0.6389296948452606,-1.5790705471785762
4382,-0.7048025603137403,-1.0564919181889523,0.35531948018049153
11650,0.06616585789225812,-0.7743552807945661,-1.0954730403388093
10758,0.886874174047031,1.4827378183605242,-0.6118755334990423
1284,2.130371622766383,2.2050076100901532,-1.5790705471785762
10833,-1.077851794929546,-0.6840715568283625,1.3225144938600255
10393,-0.033313938005289936,0.8168953541097725,0.35531948018049153
12968,2.0060218778944483,2.1485802826112756,-1.5790705471785762
4454,1.3345332555859974,0.5234732512196109,-2.062668054018343
14852,0.33973529661051577,0.5460441822111617,-1.0954730403388093
14425,2.055761775843222,-0.8872099357523205,-1.5790705471785762
549,1.7075824902018033,1.9680128346788686,-0.1282780266592754
5151,-1.077851794929546,-1.1016337801720542,1.3225144938600255
9026,-0.28201342774916044,-0.13108374753536534,-0.1282780266592754
3574,-0.4312331215954827,-0.5486459708790571,-0.1282780266592754
6598,0.3148653476361286,-0.6840715568283625,0.35531948018049153
4352,-1.077851794929546,-1.1806320386424822,0.8389169870202585
7153,0.9366140719958048,1.2908849049323414,-0.1282780266592754
2648,0.43921509250806384,0.47833138923650903,-0.6118755334990423
2586,-1.077851794929546,-1.124204711163605,1.3225144938600255
6143,0.016425959943484204,-0.5147895743917307,-0.1282780266592754
4889,1.1853135617396753,1.5617360768309523,-1.5790705471785762
13393,0.2899953986617417,0.4219040617576318,-0.1282780266592754
3160,-0.7794124072369014,-0.2326529369973444,0.35531948018049153
13225,1.085833765842127,0.5234732512196109,-1.5790705471785762
3182,1.085833765842127,0.5460441822111617,0.35531948018049153
3480,-0.13279373390283822,0.6814697681604671,0.35531948018049153
2377,0.14077570481541946,0.9297500090675271,-0.1282780266592754
6045,1.4837529494323203,1.7310180592675841,-0.6118755334990423
9255,-0.6053227644161921,0.10591102787591913,0.35531948018049153
8637,0.43921509250806384,0.6927552336562426,0.35531948018049153
8704,-1.0281118969807719,-1.0113500562058506,1.3225144938600255
8403,0.46408504148245106,-0.7856407462903415,0.35531948018049153
12855,0.9366140719958048,0.3541912687829791,-0.1282780266592754
10243,-0.7794124072369014,-1.022635521701626,0.8389169870202585
12918,1.6329726432786424,1.776159921250686,-1.5790705471785762
7809,0.6879145822519344,1.2231721119576888,0.35531948018049153
14200,0.36460524558490276,-0.6502151603410361,-1.0954730403388093
13914,-0.38149322364670873,-0.7743552807945661,-0.6118755334990423
11374,-1.003241948006385,-0.9436372632311979,0.8389169870202585
8683,0.14077570481541946,-0.2326529369973444,0.8389169870202585
5701,-1.077851794929546,-0.5712169018706079,1.3225144938600255
8372,-1.077851794929546,-1.1919175041382577,0.8389169870202585
7298,-1.077851794929546,-1.2032029696340332,0.8389169870202585
7665,-0.9783719990319979,-1.146775642155156,-0.1282780266592754
11821,0.6630446332775474,1.1667447844788115,-0.1282780266592754
10025,-0.2322735298003864,0.6476133716731408,0.35531948018049153
10686,1.2101835107140624,0.9410354745633025,-1.5790705471785762
1613,-0.28201342774916044,0.5686151132027126,0.35531948018049153
9512,-0.6053227644161921,-0.9774936597185242,-0.1282780266592754
8368,-1.077851794929546,-1.169346573146707,1.3225144938600255
13138,-1.003241948006385,-1.1580611076509315,0.35531948018049153
6179,-1.077851794929546,-1.1919175041382577,1.3225144938600255
2015,1.8816721330225128,2.0470110931492966,-1.5790705471785762
13057,-0.28201342774916044,-0.3003657299719971,0.35531948018049153
13762,-1.077851794929546,-0.7404988843072398,1.3225144938600255
9307,2.3293312145614795,2.351718661535234,-0.6118755334990423
6749,0.488954990456838,1.2118866464619134,0.8389169870202585
2981,-1.077851794929546,-0.9436372632311979,1.3225144938600255
7965,-1.003241948006385,-0.9436372632311979,0.35531948018049153
9295,2.7023804491772854,2.5661425059549674,-1.0954730403388093
13404,-0.505842968518644,-0.22136747150156896,0.8389169870202585
243,0.06616585789225812,0.29776394130410183,0.35531948018049153
4878,-0.7048025603137403,0.04948370039704188,0.35531948018049153
10441,1.6827125412274162,1.7197325937718086,-2.062668054018343
106,-1.077851794929546,-0.6163587638537098,0.8389169870202585
8030,-1.077851794929546,-1.2032029696340332,0.8389169870202585
10923,-0.9037621521088367,-1.0677773836847277,0.8389169870202585
13569,-0.05818388697967712,-0.43579131592130255,-0.6118755334990423
14079,-0.6799326113393532,0.15105288985902093,0.8389169870202585
13614,1.2599234086628366,1.076461060512608,-1.0954730403388093
4830,-0.28201342774916044,-0.08594188555226354,0.8389169870202585
14282,0.06616585789225812,-0.6050732983579343,0.35531948018049153
13431,-1.052981845955159,-0.9097808667438715,0.35531948018049153
13695,-0.6053227644161921,0.28647847580832636,1.3225144938600255
4605,-0.9535020500576108,-0.3116511954677726,0.8389169870202585
8253,-0.10792378492845114,0.5347587167153863,0.8389169870202585
6281,0.33973529661051577,0.10591102787591913,0.8389169870202585
5547,1.4091431025091588,0.4896168547322845,-1.0954730403388093
3960,-0.3068833767235475,-0.7179279533156888,-0.1282780266592754
3873,0.8122643271238696,1.1328883879914853,0.35531948018049153
179,0.2899953986617417,1.053890129521057,0.35531948018049153
6790,-0.4561030705698698,0.2751930103125509,0.8389169870202585
7238,0.14077570481541946,-0.45836224691285343,-0.1282780266592754
6051,0.488954990456838,1.053890129521057,-0.1282780266592754
10140,-0.8788922031344497,-0.7179279533156888,0.8389169870202585
4793,0.488954990456838,-0.3793639884424253,-0.1282780266592754
6351,-1.077851794929546,-0.43579131592130255,1.3225144938600255
12589,-0.580452815441805,0.3203348722956527,0.35531948018049153
14556,0.5386948884056122,-0.5035041088959552,-2.062668054018343
9993,1.1355736637909013,1.4488814218731978,-2.062668054018343
29,-0.8788922031344497,-1.0000645907100751,-0.1282780266592754
2801,1.4588830004579327,1.0200337330337308,-0.1282780266592754
7200,-0.8540222541600626,-0.5373605053832816,0.8389169870202585
5933,-0.40636317262109567,-0.08594188555226354,0.8389169870202585
2922,-1.077851794929546,-1.1919175041382577,0.8389169870202585
4664,-0.8291523051856755,-0.7066424878199133,0.35531948018049153
13152,-1.077851794929546,-1.1919175041382577,1.3225144938600255
10100,1.4340130514835459,1.2231721119576888,-1.0954730403388093
12389,0.2899953986617417,-0.8082116772818925,-1.5790705471785762
1245,1.1853135617396753,1.6181634043098296,-0.1282780266592754
7475,1.2101835107140624,1.6971616627802577,0.35531948018049153
4053,-0.40636317262109567,-0.7743552807945661,0.35531948018049153
13287,0.9117441230214178,1.3698831634027697,-1.0954730403388093
4412,-1.077851794929546,-1.124204711163605,1.3225144938600255
108,-0.9037621521088367,-0.322936660963548,0.8389169870202585
7310,-0.3317533256979346,-0.9436372632311979,-0.1282780266592754
7020,0.14077570481541946,0.12848195886747005,-0.1282780266592754
8480,-0.555582866467418,-0.3116511954677726,0.8389169870202585
10405,-0.20740358082599933,0.6588988371689163,0.35531948018049153
11497,1.1355736637909013,1.6407343353013806,-1.5790705471785762
8606,-0.18253363185161225,0.5686151132027126,0.35531948018049153
11604,-1.077851794929546,-0.9549227287269733,1.3225144938600255
8893,-0.48097301954425686,0.252622079321,0.8389169870202585
4394,0.04129590891787117,-0.8307826082734433,-0.1282780266592754
8985,1.9811519289200612,1.8100163177380122,-2.54626556085811
13689,0.9863539699445792,1.5504506113351768,-0.6118755334990423
6290,-1.077851794929546,-0.796926211786117,1.3225144938600255
10297,0.7376544802007085,0.252622079321,-2.062668054018343
4348,-0.8788922031344497,-1.0564919181889523,0.35531948018049153
9824,-1.052981845955159,-1.1354901766593806,-0.1282780266592754
9886,-0.7296725092881273,-0.9662081942227487,0.35531948018049153
7822,-0.25714347877477345,0.5911860441942636,1.3225144938600255
12831,-1.052981845955159,-1.0113500562058506,-0.1282780266592754
15152,2.7023804491772854,2.9498483328113325,-0.6118755334990423
12096,-1.052981845955159,-1.0339209871974016,0.8389169870202585
7259,0.43921509250806384,-0.6163587638537098,-1.5790705471785762
7646,-1.077851794929546,-1.1919175041382577,-0.1282780266592754
973,-0.580452815441805,-0.08594188555226354,0.8389169870202585
9733,1.4091431025091588,1.2344575774534643,-1.0954730403388093
4299,-0.9535020500576108,-0.8082116772818925,0.35531948018049153
5270,2.1801115207151573,0.0,-2.062668054018343
3653,-1.077851794929546,-1.1919175041382577,0.8389169870202585
14224,-1.077851794929546,-1.2032029696340332,0.35531948018049153
12420,-1.077851794929546,-1.1919175041382577,0.8389169870202585
7637,-1.077851794929546,-1.169346573146707,0.8389169870202585
3088,1.4837529494323203,1.8664436452168895,-0.1282780266592754
13616,0.8122643271238696,0.8620372160928744,-0.1282780266592754
5938,0.11590575584103227,0.3316203377914282,0.8389169870202585
7771,-1.077851794929546,-0.6502151603410361,0.8389169870202585
6084,-1.052981845955159,-0.6050732983579343,0.8389169870202585
14516,1.4340130514835459,0.46704592374073356,-2.54626556085811
10,0.6133047353287733,-0.7179279533156888,-2.062668054018343
2647,0.7625244291750957,0.6363279061773653,-1.0954730403388093
12170,0.21538555173858054,0.6927552336562426,0.35531948018049153
1426,-1.077851794929546,-1.169346573146707,0.8389169870202585
12382,-0.20740358082599933,-0.8533535392649942,0.35531948018049153
3265,0.488954990456838,-0.796926211786117,-0.6118755334990423
14819,1.7573223881505777,1.8213017832337877,-0.6118755334990423
12220,-0.10792378492845114,0.7491825611351198,0.35531948018049153
4814,-0.8788922031344497,-0.6840715568283625,0.8389169870202585
10309,-0.7794124072369014,-0.44707678141707796,0.8389169870202585
9878,-1.052981845955159,-1.146775642155156,0.35531948018049153
1215,-0.8788922031344497,-0.22136747150156896,0.8389169870202585
12016,0.16564565378980642,-0.7517843498030152,-1.0954730403388093
14216,-1.077851794929546,-1.1919175041382577,1.3225144938600255
13434,-0.28201342774916044,-0.45836224691285343,0.35531948018049153
13666,-1.077851794929546,-0.44707678141707796,1.3225144938600255
9434,-0.2322735298003864,-0.6502151603410361,-0.1282780266592754
7021,-1.052981845955159,-0.7404988843072398,0.8389169870202585
323,-1.077851794929546,-1.146775642155156,4.295208693958647e-16
1344,-1.0281118969807719,-0.6276442293494852,0.8389169870202585
4457,-1.0281118969807719,-0.7517843498030152,0.8389169870202585
10659,-1.0281118969807719,-0.8082116772818925,0.35531948018049153
909,-0.28201342774916044,0.602471509690039,0.35531948018049153
10376,-0.35662327467232163,0.47833138923650903,-0.1282780266592754
3399,-1.052981845955159,-0.5147895743917307,0.35531948018049153
496,2.428811010459028,2.2050076100901532,-2.062668054018343
9566,-0.7545424582625144,-0.5599314363748324,0.8389169870202585
8426,-1.052981845955159,-1.1129192456678296,1.3225144938600255
10525,-1.077851794929546,-1.0564919181889523,1.3225144938600255
11140,1.5583627963554811,1.8890145762084405,-1.0954730403388093
15239,1.6081026943042553,0.850751750597099,-0.6118755334990423
3470,1.4588830004579327,1.8325872487295631,-0.6118755334990423
13473,-0.18253363185161225,-0.8194971427776678,-0.1282780266592754
7172,0.9117441230214178,1.031319198529506,0.35531948018049153
4365,-0.530712917493031,-1.0113500562058506,-0.1282780266592754
10597,0.016425959943484204,-0.8646390047607697,-1.0954730403388093
1195,-0.008443989030902977,0.3203348722956527,-0.1282780266592754
11469,0.3894751945592899,1.0651755950168325,-0.1282780266592754
4953,1.4837529494323203,1.6971616627802577,-0.6118755334990423
1423,-0.28201342774916044,-0.8646390047607697,0.35531948018049153
5749,0.19051560276419338,-0.029514558073386283,0.35531948018049153
256,0.6879145822519344,0.4331895272534072,-0.6118755334990423
12927,-0.28201342774916044,0.5234732512196109,0.8389169870202585
9279,0.5138249394312252,1.1554593189830362,0.8389169870202585
288,-0.3068833767235475,-0.5035041088959552,0.8389169870202585
8540,-0.7296725092881273,0.07205463138859278,0.8389169870202585
15184,-0.8291523051856755,0.10591102787591913,-1.0954730403388093
9965,0.16564565378980642,0.4896168547322845,-0.6118755334990423
10323,0.6630446332775474,0.6814697681604671,-1.0954730403388093
6601,-1.077851794929546,-1.1354901766593806,0.8389169870202585
4484,0.8620042250726437,0.8733226815886498,-0.1282780266592754
9214,-0.3068833767235475,-0.08594188555226354,-0.1282780266592754
11258,-0.8291523051856755,-0.8759244702565452,-0.6118755334990423
5862,-1.077851794929546,-1.1580611076509315,-0.1282780266592754
8012,-0.15766368287722518,-0.921066332239647,0.35531948018049153
1232,-0.580452815441805,0.21876568283367365,-0.1282780266592754
7255,-0.6053227644161921,-0.8872099357523205,0.8389169870202585
11643,-1.077851794929546,-1.146775642155156,0.8389169870202585
2675,1.7573223881505777,1.652019800797156,-0.1282780266592754
1112,-0.4561030705698698,-0.921066332239647,-0.6118755334990423
14361,-1.077851794929546,-0.5599314363748324,0.8389169870202585
11204,0.7625244291750957,0.6476133716731408,-0.6118755334990423
267,-0.9286321010832237,-0.6615006258368116,1.3225144938600255
13371,-0.6799326113393532,0.00434183841394007,1.3225144938600255
14607,-1.077851794929546,-1.2032029696340332,0.8389169870202585
9252,-1.077851794929546,-0.5373605053832816,0.8389169870202585
5931,1.7075824902018033,1.0426046640252815,-1.0954730403388093
11712,-1.052981845955159,-1.124204711163605,1.3225144938600255
3048,2.3293312145614795,2.0808674896366233,-1.5790705471785762
6466,1.583232745329868,0.8168953541097725,-1.0954730403388093
9304,0.5635648373799991,1.2570285084450152,0.8389169870202585
1379,-0.9783719990319979,-0.8420680737692188,-0.1282780266592754
14268,-1.077851794929546,-1.146775642155156,1.3225144938600255
11790,-1.052981845955159,-0.5825023673663834,0.8389169870202585
11545,0.5635648373799991,0.952320940059078,-1.0954730403388093
4759,-1.077851794929546,-1.1806320386424822,-0.6118755334990423
9800,-0.9037621521088367,-0.9323517977354224,0.8389169870202585
11178,1.3345332555859974,1.4488814218731978,-1.0954730403388093
6876,1.1853135617396753,-0.19879654051001805,-2.062668054018343
3790,0.8122643271238696,1.2908849049323414,-0.1282780266592754
620,0.9863539699445792,0.5911860441942636,-0.1282780266592754
652,-0.9037621521088367,-0.8194971427776678,0.35531948018049153
6955,-0.13279373390283822,-0.8420680737692188,-0.6118755334990423
8300,0.9614840209701918,0.4219040617576318,-1.0954730403388093
3473,0.8122643271238696,1.4037395598900961,0.35531948018049153
12627,0.8620042250726437,1.2908849049323414,-0.6118755334990423
5279,2.2049814696895442,0.0,-0.6118755334990423
7159,2.3790711125102537,2.0244401621577457,-2.062668054018343
5019,0.04129590891787117,-0.11979828203958989,-0.1282780266592754
7261,-0.4561030705698698,-0.8759244702565452,0.8389169870202585
14494,1.6081026943042553,0.9974628020421797,-1.5790705471785762
2516,-1.077851794929546,-1.1580611076509315,1.3225144938600255
7711,0.46408504148245106,-0.43579131592130255,-1.0954730403388093
11775,-0.8042823562112885,-0.4132203849297516,-0.6118755334990423
7412,1.06096381686774,1.0877465260083834,-0.1282780266592754
13615,-0.8291523051856755,-0.3003657299719971,0.8389169870202585
8421,-0.8788922031344497,-1.0452064526931768,0.35531948018049153
13926,-0.4561030705698698,-0.6953570223241379,0.35531948018049153
12171,-1.077851794929546,-0.5486459708790571,1.3225144938600255
3603,-0.7048025603137403,-0.921066332239647,0.35531948018049153
6624,-1.077851794929546,-1.0339209871974016,0.35531948018049153
14580,-0.7794124072369014,-1.0564919181889523,0.8389169870202585
8773,-1.077851794929546,-1.1919175041382577,-0.1282780266592754
9174,-1.077851794929546,-1.0677773836847277,1.3225144938600255
1506,-1.077851794929546,-1.0564919181889523,0.8389169870202585
6427,0.3894751945592899,0.8846081470844253,0.8389169870202585
13300,-0.05818388697967712,0.7604680266308953,-0.6118755334990423
5524,-1.077851794929546,-1.0564919181889523,1.3225144938600255
11183,-0.40636317262109567,0.2300511483294491,-0.1282780266592754
12667,-0.38149322364670873,-0.052085489064937186,-0.1282780266592754
6705,1.4091431025091588,1.6068779388140542,-0.6118755334990423
14964,-0.6053227644161921,-1.0339209871974016,0.8389169870202585
4890,2.2795913166127058,2.227578541081704,-2.062668054018343
730,-1.077851794929546,-1.1919175041382577,0.35531948018049153
7672,-1.077851794929546,-1.1919175041382577,1.3225144938600255
12641,1.1355736637909013,1.302170370428117,-1.0954730403388093
6417,-0.48097301954425686,0.29776394130410183,0.8389169870202585
14411,-0.4312331215954827,0.46704592374073356,0.8389169870202585
1745,-1.052981845955159,-0.921066332239647,0.8389169870202585
3853,2.3293312145614795,2.227578541081704,-0.6118755334990423
9881,-0.033313938005289936,-0.796926211786117,-0.6118755334990423
14973,-0.18253363185161225,-0.921066332239647,-2.54626556085811
2709,-0.9286321010832237,-0.11979828203958989,0.8389169870202585
7093,0.6381746843031604,1.2795994394365662,-0.1282780266592754
3388,1.7573223881505777,1.3585976979069943,-1.5790705471785762
7434,1.5583627963554811,1.6858761972844822,-0.1282780266592754
8794,-0.20740358082599933,-0.7743552807945661,-0.6118755334990423
11379,0.09103580686664531,-0.35679305745087436,-0.1282780266592754
15133,-0.2322735298003864,0.7943244231182217,0.8389169870202585
8515,1.2599234086628366,1.3134558359238924,0.35531948018049153
3126,-1.052981845955159,-0.4019349194339762,0.8389169870202585
1156,0.3894751945592899,-0.0746564200564881,-0.6118755334990423
10056,2.478550908407802,2.351718661535234,-2.062668054018343
32,-0.7296725092881273,-0.921066332239647,-0.1282780266592754
10356,-0.530712917493031,0.21876568283367365,0.8389169870202585
11901,0.36460524558490276,0.9184645435717517,-0.6118755334990423
1336,1.7573223881505777,1.3473122324112188,-0.6118755334990423
13850,-1.077851794929546,-1.1919175041382577,1.3225144938600255
5620,-0.6799326113393532,0.1397674243632455,0.8389169870202585
13141,-0.6301927133905793,-1.0339209871974016,-0.6118755334990423
9029,0.8620042250726437,0.38804766527030543,-0.1282780266592754
1610,-0.2322735298003864,0.5911860441942636,0.8389169870202585
939,0.6879145822519344,1.178030249974587,0.35531948018049153
6497,0.9614840209701918,-0.029514558073386283,-1.0954730403388093
4023,-1.077851794929546,-1.1919175041382577,1.3225144938600255
14309,-0.7794124072369014,-0.6276442293494852,0.8389169870202585
8642,-0.6301927133905793,-0.11979828203958989,0.35531948018049153
11290,-1.003241948006385,-1.1129192456678296,0.8389169870202585
745,0.04129590891787117,-0.8082116772818925,-1.0954730403388093
4083,-1.077851794929546,-0.9097808667438715,0.8389169870202585
7228,-1.052981845955159,-0.9549227287269733,0.8389169870202585
2877,-0.05818388697967712,-0.7517843498030152,-1.0954730403388093
15173,-0.13279373390283822,1.1441738534872608,-1.5790705471785762
4701,-0.3068833767235475,-0.8082116772818925,-0.6118755334990423
1741,-1.052981845955159,-0.898495401248096,0.8389169870202585
9485,-0.8291523051856755,-1.0903483146762787,0.35531948018049153
2651,0.5138249394312252,0.5686151132027126,-0.6118755334990423
12192,-0.6799326113393532,0.12848195886747005,1.3225144938600255
10561,-0.033313938005289936,-0.8646390047607697,-1.0954730403388093
3002,-0.505842968518644,-0.2552238679888953,-0.1282780266592754
1821,-1.077851794929546,-1.2032029696340332,1.3225144938600255
8909,0.2899953986617417,0.9748918710506289,0.8389169870202585
1330,0.11590575584103227,0.5121877857238354,-0.1282780266592754
12474,-1.077851794929546,-1.0000645907100751,1.3225144938600255
957,0.7376544802007085,1.0087482675379553,-0.6118755334990423
2110,0.488954990456838,-0.13108374753536534,-0.6118755334990423
5667,-1.077851794929546,-0.44707678141707796,0.8389169870202585
13193,-1.003241948006385,-0.9887791252142997,0.8389169870202585
4691,-0.6301927133905793,-0.8420680737692188,-0.6118755334990423
1660,-0.008443989030902977,0.7491825611351198,-0.1282780266592754
14171,-1.077851794929546,-1.0113500562058506,1.3225144938600255
8366,-1.052981845955159,-1.146775642155156,0.35531948018049153
5363,0.36460524558490276,0.38804766527030543,0.35531948018049153
13665,-1.077851794929546,-0.4132203849297516,1.3225144938600255
655,-1.077851794929546,-1.0113500562058506,1.3225144938600255
13325,0.11590575584103227,0.9297500090675271,-1.0954730403388093
11060,0.19051560276419338,0.4896168547322845,-0.1282780266592754
14311,0.5884347863543863,0.11719649337169459,-0.1282780266592754
10315,-1.077851794929546,-0.7404988843072398,1.3225144938600255
7033,0.21538555173858054,0.37676219977452996,0.8389169870202585
10560,-1.077851794929546,-1.1806320386424822,0.8389169870202585
2199,-1.077851794929546,-1.1919175041382577,0.8389169870202585
2960,-1.077851794929546,-1.0903483146762787,1.3225144938600255
4640,0.43921509250806384,0.29776394130410183,0.35531948018049153
7320,-0.8042823562112885,-1.0339209871974016,0.8389169870202585
13345,-0.6053227644161921,0.24133661382522456,-0.1282780266592754
14663,0.488954990456838,-0.2552238679888953,-2.54626556085811
5740,-1.077851794929546,-0.8194971427776678,1.3225144938600255
8990,1.533492847381094,1.4940232838562997,-0.1282780266592754
1405,-1.077851794929546,-1.1016337801720542,0.8389169870202585
6225,-0.35662327467232163,-0.898495401248096,-0.1282780266592754
2625,-0.9286321010832237,-0.7066424878199133,0.8389169870202585
9345,1.06096381686774,1.3585976979069943,-0.1282780266592754
7919,0.11590575584103227,0.252622079321,0.35531948018049153
5436,0.8371342760982567,-0.5599314363748324,-2.062668054018343
5220,-0.8042823562112885,-0.2326529369973444,0.8389169870202585
3148,2.1801115207151573,1.8100163177380122,-1.0954730403388093
12238,-0.6550626623649661,0.21876568283367365,0.8389169870202585
2873,-1.077851794929546,-1.124204711163605,0.8389169870202585
3916,1.2599234086628366,0.5573296477069372,-2.062668054018343
5527,-1.077851794929546,-1.0452064526931768,0.8389169870202585
14054,-0.9286321010832237,-0.09722735104803899,0.8389169870202585
10632,0.9366140719958048,-0.322936660963548,-1.0954730403388093
8291,0.19051560276419338,0.19619475184212273,-0.1282780266592754
76,0.016425959943484204,0.00434183841394007,0.35531948018049153
5195,1.0112239189189662,0.5911860441942636,-1.5790705471785762
9935,0.2899953986617417,0.09462556238014368,-0.1282780266592754
9186,0.16564565378980642,-0.34550759195509895,-0.6118755334990423
14259,-0.8788922031344497,-1.0677773836847277,0.35531948018049153
4947,0.8620042250726437,1.3698831634027697,-0.1282780266592754
8187,-0.6550626623649661,0.2074802173378982,0.8389169870202585
2260,-0.530712917493031,-0.4245058504255271,0.35531948018049153
1775,-1.077851794929546,-1.124204711163605,0.8389169870202585
5375,1.4837529494323203,0.6927552336562426,-0.6118755334990423
5768,-0.9535020500576108,-0.8646390047607697,0.35531948018049153
93,-0.40636317262109567,-0.029514558073386283,-0.6118755334990423
10687,-0.40636317262109567,-0.006943627081835381,0.35531948018049153
10438,2.1055016737919963,1.9905837656704195,-2.062668054018343
4007,-0.20740358082599933,-0.9436372632311979,-0.1282780266592754
10319,-1.077851794929546,-0.7179279533156888,0.8389169870202585
5963,-0.9535020500576108,-0.3116511954677726,0.35531948018049153
12019,-1.077851794929546,-1.169346573146707,-0.1282780266592754
4810,-1.077851794929546,-0.9323517977354224,1.3225144938600255
3181,0.2402555007129675,0.16233835535479638,0.8389169870202585
6096,-0.9286321010832237,-0.5373605053832816,0.8389169870202585
1076,0.36460524558490276,-0.8194971427776678,-2.062668054018343
2338,-0.7794124072369014,0.04948370039704188,0.35531948018049153
11670,-1.003241948006385,-1.1580611076509315,1.3225144938600255
1885,-0.7048025603137403,-0.6840715568283625,1.3225144938600255
9210,-0.9286321010832237,-0.6050732983579343,0.35531948018049153
12575,2.2298514186639316,2.2727204030648056,-1.5790705471785762
4323,-0.4561030705698698,-0.7517843498030152,0.8389169870202585
4949,-1.003241948006385,-0.27779479898044623,0.8389169870202585
9880,-1.077851794929546,-1.1580611076509315,1.3225144938600255
10234,-1.052981845955159,-1.169346573146707,0.35531948018049153
12352,-1.077851794929546,-1.0564919181889523,0.8389169870202585
10215,-1.077851794929546,-1.2032029696340332,0.8389169870202585
2759,0.43921509250806384,1.0651755950168325,-0.1282780266592754
7861,-0.7545424582625144,0.09462556238014368,0.8389169870202585
5635,0.6630446332775474,1.3134558359238924,0.35531948018049153
4030,0.6879145822519344,-0.6840715568283625,-1.5790705471785762
3352,-1.003241948006385,-0.796926211786117,0.8389169870202585
1437,0.06616585789225812,-0.8646390047607697,-1.0954730403388093
1233,0.9614840209701918,1.3924540943943207,-0.6118755334990423
8552,2.478550908407802,2.3855750580225603,-2.062668054018343
4281,0.9863539699445792,0.4444749927491827,-0.1282780266592754
5834,0.6133047353287733,-0.7856407462903415,-2.062668054018343
7047,-0.7545424582625144,-0.17622560951846716,0.8389169870202585
3102,1.4837529494323203,1.855158179721114,-0.1282780266592754
2465,0.9366140719958048,0.24133661382522456,-0.6118755334990423
6945,-0.9535020500576108,-1.124204711163605,-0.1282780266592754
14154,-0.13279373390283822,-0.24393840249311985,0.8389169870202585
449,0.5138249394312252,0.39933313076608085,0.35531948018049153
10562,-0.8540222541600626,-1.0790628491805032,0.35531948018049153
10723,2.1055016737919963,2.0244401621577457,-2.062668054018343
3621,-0.13279373390283822,-0.8533535392649942,0.35531948018049153
2317,1.8319322350737386,1.798730852242237,-1.0954730403388093
6366,2.528290806356576,2.4420023855014374,-0.6118755334990423
2185,-0.9535020500576108,-1.1354901766593806,-0.6118755334990423
4477,-0.6550626623649661,-0.21008200600579352,-0.1282780266592754
1890,-1.077851794929546,-0.9097808667438715,0.8389169870202585
1155,-0.28201342774916044,-0.4019349194339762,-0.1282780266592754
14231,0.09103580686664531,-0.8759244702565452,-2.54626556085811
13536,-1.0281118969807719,-1.1129192456678296,-0.1282780266592754
7225,-1.077851794929546,-0.9774936597185242,1.3225144938600255
1728,1.4588830004579327,0.5573296477069372,-1.0954730403388093
11066,0.6381746843031604,0.850751750597099,-1.0954730403388093
10990,-1.077851794929546,-1.1129192456678296,1.3225144938600255
8046,-1.077851794929546,-1.1806320386424822,0.8389169870202585
11114,-1.077851794929546,-0.43579131592130255,1.3225144938600255
11504,-0.25714347877477345,0.6137569751858144,-1.5790705471785762
11683,-1.077851794929546,-1.2032029696340332,1.3225144938600255
4392,-0.7545424582625144,-1.0452064526931768,0.8389169870202585
8698,-0.3068833767235475,-0.6050732983579343,0.35531948018049153
2503,-0.9037621521088367,-0.9774936597185242,0.8389169870202585
10884,-0.8291523051856755,-0.8082116772818925,-0.1282780266592754
2463,0.886874174047031,0.252622079321,-1.0954730403388093
6201,-0.8788922031344497,-1.1129192456678296,0.8389169870202585
2846,0.7873943781494827,-0.10851281654381445,-1.0954730403388093
14937,-1.052981845955159,-1.1354901766593806,0.8389169870202585
5312,0.14077570481541946,0.8733226815886498,-0.1282780266592754
1612,0.8371342760982567,1.4150250253858716,0.8389169870202585
10050,0.11590575584103227,0.8958936125802007,0.35531948018049153
2191,-0.7545424582625144,-1.0677773836847277,-0.1282780266592754
1729,1.3096633066116106,0.47833138923650903,-2.062668054018343
4824,-0.40636317262109567,-0.24393840249311985,0.8389169870202585
10465,0.8620042250726437,0.9071790780759762,-1.0954730403388093
11432,1.4837529494323203,1.3585976979069943,-1.0954730403388093
10669,-1.077851794929546,-0.8194971427776678,0.8389169870202585
8379,0.46408504148245106,-0.796926211786117,-1.5790705471785762
9850,-0.9286321010832237,-1.124204711163605,0.35531948018049153
5453,-1.0281118969807719,-1.1580611076509315,0.8389169870202585
15015,-1.052981845955159,-1.0677773836847277,0.8389169870202585
14275,-0.6053227644161921,-0.8872099357523205,-0.1282780266592754
7085,-0.7794124072369014,0.04948370039704188,0.8389169870202585
6556,-1.077851794929546,-1.2032029696340332,0.35531948018049153
4047,-0.38149322364670873,-0.8194971427776678,0.35531948018049153
5775,0.46408504148245106,-0.322936660963548,-0.1282780266592754
8496,1.7573223881505777,1.2344575774534643,-2.54626556085811
7624,0.2651254496873547,-0.6615006258368116,-0.6118755334990423
11337,-1.077851794929546,-1.169346573146707,1.3225144938600255
14785,-0.8291523051856755,0.03819823490126643,1.3225144938600255
4240,1.4340130514835459,1.4714523528647487,0.8389169870202585
5781,-1.077851794929546,-1.0677773836847277,1.3225144938600255
7649,-1.077851794929546,-1.2032029696340332,0.8389169870202585
2755,0.21538555173858054,0.9297500090675271,-0.1282780266592754
2492,-0.580452815441805,-0.7517843498030152,0.8389169870202585
3139,1.5583627963554811,1.6068779388140542,-1.0954730403388093
8719,-0.6550626623649661,-0.921066332239647,0.35531948018049153
14394,-1.077851794929546,-0.4132203849297516,0.8389169870202585
5234,0.6133047353287733,0.9974628020421797,-0.6118755334990423
12411,-1.077851794929546,-1.2032029696340332,0.8389169870202585
3272,-1.077851794929546,-1.2032029696340332,1.3225144938600255
15189,1.5086228984067072,2.0357256276535214,-1.0954730403388093
5273,-0.6053227644161921,0.28647847580832636,0.35531948018049153
6244,-0.8540222541600626,-0.9549227287269733,-0.1282780266592754
2889,-1.077851794929546,-1.169346573146707,1.3225144938600255
13092,-0.8042823562112885,-0.9097808667438715,-0.1282780266592754
788,-1.052981845955159,-0.9549227287269733,0.35531948018049153
5905,1.3096633066116106,0.29776394130410183,-1.0954730403388093
6189,-1.077851794929546,-1.2032029696340332,1.3225144938600255
5504,-0.05818388697967712,-0.7517843498030152,-0.1282780266592754
13921,-1.077851794929546,-1.0790628491805032,1.3225144938600255
10912,-1.077851794929546,-1.146775642155156,0.8389169870202585
10767,0.7127845312263216,1.3585976979069943,-0.6118755334990423
13734,0.7127845312263216,1.076461060512608,-0.1282780266592754
6526,0.6879145822519344,-0.5373605053832816,-1.0954730403388093
3377,0.06616585789225812,0.24133661382522456,-0.1282780266592754
4527,1.5086228984067072,1.7874453867464615,-0.1282780266592754
13107,-0.15766368287722518,-0.796926211786117,-1.0954730403388093
1780,-1.052981845955159,-1.1129192456678296,0.8389169870202585
7075,2.503420857382189,2.2840058685605813,-0.6118755334990423
2959,0.06616585789225812,-0.6050732983579343,-0.1282780266592754
14126,-0.8540222541600626,-0.4019349194339762,1.3225144938600255
8593,-1.052981845955159,-0.35679305745087436,0.35531948018049153
349,-0.9783719990319979,-1.146775642155156,-0.1282780266592754
7199,0.886874174047031,0.47833138923650903,-0.1282780266592754
6156,-1.077851794929546,-1.1129192456678296,0.8389169870202585
3349,-0.7296725092881273,-0.6163587638537098,0.8389169870202585
42,-1.052981845955159,-1.0339209871974016,1.3225144938600255
801,-0.6550626623649661,-0.4809331779044043,0.35531948018049153
3529,0.33973529661051577,0.5460441822111617,0.35531948018049153
6346,-1.052981845955159,-0.3793639884424253,1.3225144938600255
981,0.3894751945592899,0.38804766527030543,-0.6118755334990423
3458,-0.7048025603137403,0.1849092863463473,0.35531948018049153
7250,-0.4312331215954827,-0.7856407462903415,0.35531948018049153
5804,-1.0281118969807719,-1.1129192456678296,0.8389169870202585
5173,-0.38149322364670873,-0.44707678141707796,0.35531948018049153
7945,-1.003241948006385,-0.8082116772818925,0.35531948018049153
13555,0.7873943781494827,-0.34550759195509895,-1.0954730403388093
7632,-1.0281118969807719,-1.1129192456678296,0.8389169870202585
6334,-0.3317533256979346,0.3654767342787545,-0.1282780266592754
3091,-1.052981845955159,-0.3342221264593235,1.3225144938600255
7315,-0.8540222541600626,-1.0677773836847277,-0.6118755334990423
8267,1.6081026943042553,1.4263104908816469,-0.6118755334990423
2756,-0.20740358082599933,0.5911860441942636,0.35531948018049153
12194,-0.40636317262109567,0.39933313076608085,-0.1282780266592754
916,0.11590575584103227,0.9071790780759762,0.8389169870202585
4617,-0.8291523051856755,-0.24393840249311985,-0.1282780266592754
1616,-0.05818388697967712,0.7717534921266708,0.35531948018049153
12628,0.2899953986617417,0.9071790780759762,-0.6118755334990423
14689,-1.052981845955159,-0.7517843498030152,1.3225144938600255
2146,-1.077851794929546,-1.146775642155156,0.8389169870202585
7530,1.1107037148165144,1.2457430429492398,-0.1282780266592754
1833,0.06616585789225812,-0.8420680737692188,-1.0954730403388093
8581,-0.6053227644161921,0.28647847580832636,0.8389169870202585
13174,-1.077851794929546,-1.146775642155156,-0.1282780266592754
6742,0.19051560276419338,0.9861773365464044,0.8389169870202585
7749,-0.505842968518644,-0.27779479898044623,0.35531948018049153
4714,-1.077851794929546,-1.169346573146707,1.3225144938600255
5992,0.6630446332775474,1.2683139739407907,-0.6118755334990423
10399,-0.555582866467418,0.3429058032872036,0.8389169870202585
11027,-0.35662327467232163,-0.3116511954677726,-0.1282780266592754
782,-0.033313938005289936,-0.4696477124086289,-0.1282780266592754
6472,-1.077851794929546,-0.8420680737692188,1.3225144938600255
12720,0.5386948884056122,-0.3793639884424253,-2.062668054018343
7872,2.503420857382189,2.2952913340563565,-2.062668054018343
9567,0.7873943781494827,0.2751930103125509,-1.0954730403388093
5664,0.7625244291750957,1.3698831634027697,-0.1282780266592754
8401,0.4143451435336769,-0.796926211786117,-2.54626556085811
9939,0.8620042250726437,0.4444749927491827,-0.1282780266592754
9246,0.16564565378980642,0.6363279061773653,0.35531948018049153
4838,0.36460524558490276,0.4106185962618563,0.35531948018049153
2401,-0.505842968518644,0.2639075448167755,0.8389169870202585
10428,0.14077570481541946,0.850751750597099,-0.1282780266592754
4205,-0.6799326113393532,0.19619475184212273,1.3225144938600255
4641,-1.052981845955159,-0.7404988843072398,0.35531948018049153
2152,-1.077851794929546,-1.1580611076509315,0.8389169870202585
8067,-1.052981845955159,-1.0903483146762787,-0.6118755334990423
2947,-1.077851794929546,-1.146775642155156,1.3225144938600255
9790,-0.033313938005289936,-0.45836224691285343,0.35531948018049153
7525,-0.15766368287722518,0.47833138923650903,0.8389169870202585
3878,0.7625244291750957,1.0426046640252815,-0.1282780266592754
6224,-1.052981845955159,-1.146775642155156,0.8389169870202585
13811,-1.077851794929546,-1.0452064526931768,1.3225144938600255
5632,1.06096381686774,1.5617360768309523,0.8389169870202585
11123,0.11590575584103227,0.9297500090675271,0.35531948018049153
13402,1.4091431025091588,0.828180819605548,-1.0954730403388093
9350,2.453680959433415,2.0582965586450723,-2.062668054018343
7028,-0.7794124072369014,-0.3793639884424253,0.8389169870202585
3023,0.46408504148245106,0.6476133716731408,-0.6118755334990423
14659,0.2402555007129675,-0.4019349194339762,-0.6118755334990423
3541,0.06616585789225812,0.15105288985902093,-0.6118755334990423
3279,-1.077851794929546,-1.2032029696340332,1.3225144938600255
6756,-0.10792378492845114,0.7378970956393444,0.8389169870202585
13229,0.8371342760982567,0.4896168547322845,-1.0954730403388093
14612,-1.077851794929546,-1.1919175041382577,1.3225144938600255
15044,-0.6799326113393532,-0.44707678141707796,1.3225144938600255
5896,-0.505842968518644,-0.6615006258368116,0.35531948018049153
2804,1.06096381686774,0.7717534921266708,-0.6118755334990423
2211,-1.077851794929546,-1.1580611076509315,1.3225144938600255
7695,0.7127845312263216,-0.5712169018706079,-1.0954730403388093
10861,1.6081026943042553,0.5799005786984881,-2.54626556085811
11239,-0.9535020500576108,-0.8082116772818925,-0.1282780266592754
3133,0.5884347863543863,1.0877465260083834,0.35531948018049153
12828,-1.077851794929546,-1.0677773836847277,0.35531948018049153
9048,-0.580452815441805,-0.5712169018706079,0.35531948018049153
6959,0.06616585789225812,-0.7743552807945661,-0.6118755334990423
4320,0.46408504148245106,-0.4132203849297516,-1.5790705471785762
13016,0.33973529661051577,0.6927552336562426,-0.6118755334990423
2107,-0.9037621521088367,-0.7630698152987906,1.3225144938600255
5128,-0.8042823562112885,-1.0452064526931768,0.8389169870202585
9876,-0.9783719990319979,-1.1129192456678296,0.8389169870202585
11586,0.5635648373799991,0.2639075448167755,-1.5790705471785762
3973,-0.9286321010832237,-1.0452064526931768,0.35531948018049153
8731,-0.580452815441805,-0.9549227287269733,0.35531948018049153
3034,1.9811519289200612,1.674590731788707,-2.062668054018343
13570,-0.3068833767235475,-0.5260750398875061,0.8389169870202585
9963,0.2899953986617417,0.5347587167153863,-0.6118755334990423
4663,-1.0281118969807719,-0.8646390047607697,-0.1282780266592754
7794,-1.052981845955159,-0.43579131592130255,0.8389169870202585
3286,-0.35662327467232163,-0.9662081942227487,-0.1282780266592754
2367,-0.555582866467418,0.3429058032872036,0.35531948018049153
9395,1.085833765842127,0.46704592374073356,-0.1282780266592754
11793,-0.40636317262109567,0.10591102787591913,0.8389169870202585
440,-1.0281118969807719,-0.7517843498030152,1.3225144938600255
12928,2.2049814696895442,2.2050076100901532,-1.5790705471785762
12630,-0.7545424582625144,0.00434183841394007,0.35531948018049153
7630,-1.077851794929546,-1.1580611076509315,0.8389169870202585
4692,-0.530712917493031,-0.8082116772818925,0.35531948018049153
13737,0.14077570481541946,0.6588988371689163,0.35531948018049153
7900,-1.052981845955159,-0.5373605053832816,0.35531948018049153
10076,-0.13279373390283822,0.5460441822111617,-0.1282780266592754
1224,0.9366140719958048,1.2908849049323414,0.8389169870202585
8744,-1.077851794929546,-1.2032029696340332,1.3225144938600255
2592,0.19051560276419338,-0.5937878328621589,-0.1282780266592754
3247,-1.052981845955159,-1.124204711163605,0.8389169870202585
2812,-0.7048025603137403,-0.35679305745087436,0.8389169870202585
7634,-1.052981845955159,-1.1354901766593806,0.8389169870202585
7182,0.8371342760982567,0.828180819605548,-0.1282780266592754
8431,-0.7296725092881273,-0.9323517977354224,-0.1282780266592754
2691,1.9562819799456737,1.9680128346788686,-0.1282780266592754
4132,1.5583627963554811,1.4827378183605242,-1.5790705471785762
11456,0.06616585789225812,0.7378970956393444,0.35531948018049153
14743,2.4039410614846406,2.2050076100901532,-2.54626556085811
2249,-0.9783719990319979,-0.8872099357523205,-0.6118755334990423
2552,-0.28201342774916044,-0.9549227287269733,0.35531948018049153
12204,-0.9535020500576108,-0.15365467852691625,-0.1282780266592754
12319,-1.077851794929546,-0.8533535392649942,-0.1282780266592754
13353,-1.077851794929546,-0.4922186434001798,1.3225144938600255
9722,0.43921509250806384,0.8394662851013235,-0.1282780266592754
3649,-0.4561030705698698,-0.9887791252142997,0.35531948018049153
380,-0.4561030705698698,-0.9323517977354224,-0.6118755334990423
10590,-0.9535020500576108,-1.1354901766593806,0.8389169870202585
14123,1.2101835107140624,0.9184645435717517,-1.0954730403388093
7550,1.7573223881505777,1.1441738534872608,-1.5790705471785762
9864,-1.077851794929546,-1.1919175041382577,1.3225144938600255
9660,2.1552415717407705,2.250149472073255,-1.5790705471785762
1360,0.19051560276419338,0.06076916589281733,-0.6118755334990423
3196,-0.08305383595406408,-0.22136747150156896,0.35531948018049153
2037,0.2402555007129675,0.850751750597099,0.8389169870202585
486,0.5635648373799991,0.9748918710506289,-0.1282780266592754
14117,0.8122643271238696,0.8958936125802007,-0.1282780266592754
10493,0.5138249394312252,0.1849092863463473,-0.1282780266592754
783,-1.077851794929546,-1.022635521701626,1.3225144938600255
14941,-1.003241948006385,-1.1129192456678296,1.3225144938600255
10844,-1.052981845955159,-0.6953570223241379,0.8389169870202585
10334,1.4588830004579327,1.3134558359238924,-2.062668054018343
15035,0.04129590891787117,-0.22136747150156896,-1.0954730403388093
3238,-1.0281118969807719,-1.0790628491805032,-0.1282780266592754
15095,-0.505842968518644,0.47833138923650903,0.35531948018049153
6029,0.16564565378980642,0.952320940059078,0.35531948018049153
5627,1.06096381686774,1.527879680343626,-0.6118755334990423
8568,2.7769902961004465,2.599998902442294,-1.5790705471785762
15303,-0.8540222541600626,-0.9662081942227487,0.8389169870202585
6165,0.8620042250726437,-0.5486459708790571,-2.062668054018343
6902,-1.077851794929546,-1.1580611076509315,1.3225144938600255
8396,-0.9535020500576108,-1.1354901766593806,0.35531948018049153
13622,-0.15766368287722518,0.3203348722956527,0.35531948018049153
1915,0.2899953986617417,0.3541912687829791,-0.6118755334990423
8746,-1.077851794929546,-1.2032029696340332,1.3225144938600255
5729,1.4340130514835459,0.8958936125802007,-0.6118755334990423
7937,-0.7545424582625144,-0.5260750398875061,-0.1282780266592754
109,-0.48097301954425686,0.08334009688436823,0.8389169870202585
8587,-0.25714347877477345,0.602471509690039,0.8389169870202585
3464,-0.6550626623649661,0.24133661382522456,0.8389169870202585
2138,-0.6550626623649661,-0.8759244702565452,0.8389169870202585
9749,-0.9286321010832237,-0.5373605053832816,0.8389169870202585
5805,-0.9286321010832237,-1.0677773836847277,0.8389169870202585
742,-1.003241948006385,-1.124204711163605,-0.1282780266592754
8771,0.7127845312263216,-0.7292134188114643,-1.0954730403388093
11799,2.1055016737919963,1.7197325937718086,-2.54626556085811
6377,2.553160755330963,2.4871442474845393,0.35531948018049153
6765,1.1604436127652884,1.6068779388140542,-0.6118755334990423
14395,-0.6301927133905793,0.2300511483294491,0.35531948018049153
14185,-0.9783719990319979,-0.9887791252142997,-0.1282780266592754
4480,0.3148653476361286,0.4896168547322845,-0.1282780266592754
3442,0.09103580686664531,0.8958936125802007,0.35531948018049153
14143,-0.7794124072369014,-0.5035041088959552,0.8389169870202585
4521,-0.8540222541600626,-0.0746564200564881,0.8389169870202585
2847,-0.8788922031344497,-0.8194971427776678,1.3225144938600255
10683,0.7873943781494827,0.6701843026646918,-0.6118755334990423
13209,0.8371342760982567,0.10591102787591913,-2.062668054018343
12141,1.7075824902018033,1.0651755950168325,-2.54626556085811
9354,0.6879145822519344,1.0200337330337308,0.35531948018049153
8021,-1.052981845955159,-1.1806320386424822,1.3225144938600255
7709,-0.4312331215954827,-0.7517843498030152,-0.1282780266592754
7017,1.3345332555859974,0.6588988371689163,-0.6118755334990423
9296,1.8070622860993515,2.0582965586450723,0.35531948018049153
5414,-0.8788922031344497,-0.898495401248096,0.8389169870202585
13799,-0.25714347877477345,-0.44707678141707796,0.8389169870202585
6661,1.7324524391761906,1.031319198529506,-1.5790705471785762
1834,-0.6550626623649661,-1.0113500562058506,-0.6118755334990423
14630,-1.003241948006385,-1.1016337801720542,0.8389169870202585
13314,0.21538555173858054,1.0087482675379553,-0.1282780266592754
12877,-0.8788922031344497,-0.4245058504255271,-1.0954730403388093
6498,0.7376544802007085,-0.13108374753536534,-1.0954730403388093
5980,-1.052981845955159,-0.3793639884424253,1.3225144938600255
10171,0.5386948884056122,-0.4809331779044043,-2.54626556085811
4801,-1.077851794929546,-1.0113500562058506,1.3225144938600255
12203,1.2350534596884497,1.652019800797156,-1.0954730403388093
14230,-1.077851794929546,-1.2032029696340332,0.35531948018049153
5952,1.2599234086628366,1.2118866464619134,-1.0954730403388093
9656,1.1107037148165144,1.6181634043098296,-0.6118755334990423
3003,-1.077851794929546,-0.796926211786117,1.3225144938600255
23,0.11590575584103227,-0.7292134188114643,-1.0954730403388093
11294,-0.9037621521088367,-1.1016337801720542,0.8389169870202585
3524,0.6879145822519344,0.828180819605548,-0.1282780266592754
12717,-0.8042823562112885,-0.8420680737692188,-0.6118755334990423
5389,0.5386948884056122,0.03819823490126643,-0.1282780266592754
5803,-1.077851794929546,-1.1580611076509315,0.35531948018049153
10065,-0.25714347877477345,0.5234732512196109,-0.6118755334990423
1309,-0.08305383595406408,0.5911860441942636,0.35531948018049153
14749,-0.3068833767235475,0.47833138923650903,0.35531948018049153
8596,1.6081026943042553,1.855158179721114,-1.0954730403388093
3475,0.886874174047031,1.4488814218731978,-0.1282780266592754
789,-0.580452815441805,-0.6276442293494852,0.8389169870202585
12162,-0.6301927133905793,-0.040800023569161736,0.8389169870202585
15223,-0.2322735298003864,0.38804766527030543,-1.0954730403388093
14249,-0.505842968518644,-0.9887791252142997,0.35531948018049153
3284,-1.077851794929546,-1.2032029696340332,1.3225144938600255
15301,-0.9783719990319979,-0.9774936597185242,0.35531948018049153
2514,-0.8291523051856755,-1.0113500562058506,0.35531948018049153
6444,0.46408504148245106,0.726611630143569,0.35531948018049153
4385,-0.8788922031344497,-1.1016337801720542,-0.1282780266592754
11215,-1.077851794929546,-0.796926211786117,0.8389169870202585
4905,-0.25714347877477345,0.6137569751858144,0.8389169870202585
8937,1.9811519289200612,2.1598657481070513,-0.1282780266592754
8604,-0.9535020500576108,-0.21008200600579352,0.8389169870202585
14656,-1.077851794929546,-1.0564919181889523,0.35531948018049153
11638,-1.077851794929546,-1.124204711163605,0.8389169870202585
10007,-0.7296725092881273,0.10591102787591913,0.8389169870202585
3688,-0.6550626623649661,-0.8646390047607697,0.35531948018049153
1395,0.5138249394312252,-0.35679305745087436,-1.5790705471785762
12609,2.1055016737919963,2.1711512136028266,-2.062668054018343
5865,-1.077851794929546,-1.1580611076509315,0.8389169870202585
5006,-0.05818388697967712,0.01562730390971552,-0.6118755334990423
14800,-0.3068833767235475,0.5460441822111617,0.8389169870202585
15259,-1.0281118969807719,-0.5486459708790571,-0.6118755334990423
7691,-0.555582866467418,-0.9323517977354224,-0.1282780266592754
14521,-0.9783719990319979,-0.7856407462903415,0.8389169870202585
5257,0.7625244291750957,1.302170370428117,0.8389169870202585
12453,-0.008443989030902977,-0.6615006258368116,-0.1282780266592754
13465,-0.35662327467232163,-0.8082116772818925,-1.0954730403388093
10029,1.7821923371249646,2.0470110931492966,-1.5790705471785762
14199,-0.6799326113393532,-0.9323517977354224,0.8389169870202585
5703,1.3345332555859974,1.3924540943943207,-0.1282780266592754
7760,-0.48097301954425686,-0.11979828203958989,0.8389169870202585
12361,-1.0281118969807719,-1.0452064526931768,0.35531948018049153
10402,-0.40636317262109567,0.4896168547322845,0.8389169870202585
14112,-1.077851794929546,-0.6276442293494852,1.3225144938600255
6167,-0.10792378492845114,-0.7856407462903415,-0.1282780266592754
9709,-0.530712917493031,0.21876568283367365,0.35531948018049153
3301,-1.077851794929546,-1.169346573146707,-0.6118755334990423
13109,-1.077851794929546,-1.1580611076509315,1.3225144938600255
13775,-0.8788922031344497,-0.5599314363748324,1.3225144938600255
11050,-0.033313938005289936,0.2074802173378982,-0.1282780266592754
5406,-0.033313938005289936,-0.44707678141707796,-0.1282780266592754
9940,-1.077851794929546,-0.8194971427776678,0.8389169870202585
712,-1.077851794929546,-1.2032029696340332,0.8389169870202585
4279,0.5635648373799991,0.29776394130410183,-0.1282780266592754
13269,0.016425959943484204,0.5911860441942636,-0.1282780266592754
8968,0.6381746843031604,1.2006011809661379,-0.1282780266592754
9676,0.886874174047031,1.4714523528647487,0.35531948018049153
12807,-1.077851794929546,-1.146775642155156,0.8389169870202585
1822,-0.580452815441805,-1.022635521701626,0.8389169870202585
13042,-0.15766368287722518,-0.040800023569161736,-1.0954730403388093
5411,-0.8291523051856755,-0.8420680737692188,0.8389169870202585
11051,0.886874174047031,0.7604680266308953,-0.1282780266592754
15022,-1.0281118969807719,-1.0113500562058506,0.8389169870202585
7874,-0.8788922031344497,-0.10851281654381445,1.3225144938600255
13448,-0.48097301954425686,-0.7066424878199133,0.8389169870202585
9730,-1.077851794929546,-0.6389296948452606,0.8389169870202585
6849,1.4588830004579327,0.4106185962618563,-1.0954730403388093
1977,2.1801115207151573,2.227578541081704,-2.062668054018343
12181,-0.38149322364670873,0.3429058032872036,0.8389169870202585
14476,-0.10792378492845114,0.39933313076608085,0.35531948018049153
3264,-0.3317533256979346,-0.9549227287269733,0.35531948018049153
13798,0.488954990456838,-0.13108374753536534,-1.0954730403388093
4834,-0.9037621521088367,-0.5147895743917307,0.8389169870202585
5061,-1.077851794929546,-1.124204711163605,0.8389169870202585
252,-0.10792378492845114,0.07205463138859278,0.8389169870202585
8730,0.2899953986617417,-0.7404988843072398,-0.1282780266592754
2098,0.8620042250726437,0.2300511483294491,-0.6118755334990423
5998,-0.9037621521088367,-0.0746564200564881,0.8389169870202585
11578,-0.9286321010832237,-0.5599314363748324,0.8389169870202585
3671,-1.077851794929546,-1.1580611076509315,-1.5790705471785762
13860,-1.077851794929546,-1.2032029696340332,1.3225144938600255
14140,-0.25714347877477345,-0.11979828203958989,0.35531948018049153
13832,-1.077851794929546,-1.1354901766593806,1.3225144938600255
11109,1.8319322350737386,2.0244401621577457,-2.062668054018343
4416,-0.9783719990319979,-1.0339209871974016,-0.6118755334990423
14466,0.21538555173858054,0.7378970956393444,-0.6118755334990423
12434,-0.7545424582625144,-1.022635521701626,0.35531948018049153
6137,1.0360938678933531,-0.09722735104803899,-1.0954730403388093
9611,-1.0281118969807719,-0.45836224691285343,1.3225144938600255
13728,-1.077851794929546,-0.5373605053832816,1.3225144938600255
11142,1.3345332555859974,1.7423035247633596,-1.5790705471785762
12150,-1.052981845955159,-0.6163587638537098,0.8389169870202585
2934,-0.9783719990319979,-1.1129192456678296,-0.1282780266592754
12321,0.8122643271238696,0.2751930103125509,-1.0954730403388093
11634,-0.9783719990319979,-1.022635521701626,1.3225144938600255
9180,0.6630446332775474,-0.2552238679888953,-0.6118755334990423
12228,0.5386948884056122,1.2457430429492398,-0.1282780266592754
6872,1.2101835107140624,-0.11979828203958989,-1.0954730403388093
15243,-0.2322735298003864,-0.0746564200564881,-0.1282780266592754
6237,-1.077851794929546,-1.1354901766593806,1.3225144938600255
8545,1.2599234086628366,1.629448869805605,0.35531948018049153
14732,-0.6053227644161921,0.09462556238014368,0.8389169870202585
13246,0.488954990456838,0.602471509690039,-1.5790705471785762
9668,2.1801115207151573,2.2727204030648056,0.35531948018049153
56,-0.033313938005289936,-0.4132203849297516,4.295208693958647e-16
3412,1.6329726432786424,1.674590731788707,-1.0954730403388093
5859,-1.077851794929546,-1.169346573146707,1.3225144938600255
2855,0.7625244291750957,-0.26650933348467076,-1.0954730403388093
8104,-0.6053227644161921,-0.4696477124086289,0.8389169870202585
2986,-1.077851794929546,-0.9097808667438715,1.3225144938600255
4572,1.3345332555859974,1.7310180592675841,0.35531948018049153
6292,-1.077851794929546,-0.7856407462903415,1.3225144938600255
9432,0.16564565378980642,-0.4922186434001798,0.35531948018049153
12335,-0.13279373390283822,-0.35679305745087436,0.35531948018049153
12406,-1.077851794929546,-1.2032029696340332,1.3225144938600255
10175,-0.7794124072369014,-0.9323517977354224,-0.6118755334990423
12751,-1.077851794929546,-1.169346573146707,0.35531948018049153
12063,-0.4312331215954827,-0.9436372632311979,-0.1282780266592754
4722,0.21538555173858054,-0.8307826082734433,-1.5790705471785762
11336,-1.077851794929546,-1.1806320386424822,1.3225144938600255
8703,-1.077851794929546,-1.0677773836847277,1.3225144938600255
4472,-0.28201342774916044,0.00434183841394007,0.35531948018049153
8986,2.1552415717407705,1.8890145762084405,-2.54626556085811
8330,0.06616585789225812,-0.43579131592130255,0.35531948018049153
2188,-1.003241948006385,-1.1580611076509315,4.295208693958647e-16
13943,-0.505842968518644,-0.4696477124086289,0.8389169870202585
4049,-0.6799326113393532,-0.9097808667438715,0.35531948018049153
12502,-1.077851794929546,-0.7856407462903415,1.3225144938600255
5719,0.16564565378980642,0.46704592374073356,-0.1282780266592754
13790,1.4837529494323203,0.37676219977452996,-2.54626556085811
7735,-1.077851794929546,-0.9097808667438715,1.3225144938600255
3544,-1.052981845955159,-0.7292134188114643,0.8389169870202585
6286,-0.05818388697967712,-0.029514558073386283,0.8389169870202585
519,1.7821923371249646,2.0131546966619704,0.35531948018049153
14923,0.488954990456838,-0.5486459708790571,-0.1282780266592754
4508,-0.8540222541600626,-0.1423692130311408,0.35531948018049153
10664,-1.052981845955159,-0.8082116772818925,0.35531948018049153
6958,-1.052981845955159,-1.1354901766593806,0.35531948018049153
5263,-0.13279373390283822,0.6701843026646918,0.35531948018049153
14888,0.09103580686664531,-0.19879654051001805,0.8389169870202585
7281,-1.077851794929546,-1.1919175041382577,1.3225144938600255
227,0.46408504148245106,0.828180819605548,-0.1282780266592754
13612,-0.35662327467232163,0.06076916589281733,0.35531948018049153
10494,0.36460524558490276,0.09462556238014368,-0.1282780266592754
665,-1.0281118969807719,-1.0000645907100751,0.8389169870202585
7981,-0.8291523051856755,-0.9436372632311979,0.8389169870202585
13522,-1.077851794929546,-1.1806320386424822,0.8389169870202585
12038,0.016425959943484204,-0.898495401248096,-1.0954730403388093
14335,-1.077851794929546,-0.7292134188114643,1.3225144938600255
10598,-0.15766368287722518,-0.898495401248096,-1.5790705471785762
10360,-0.8291523051856755,-0.06337095456071264,0.35531948018049153
1699,1.4091431025091588,1.2006011809661379,-1.5790705471785762
15251,-1.077851794929546,-1.0000645907100751,1.3225144938600255
13316,-0.2322735298003864,0.6476133716731408,-0.6118755334990423
1877,-0.530712917493031,-0.672786091332587,0.35531948018049153
15121,2.7023804491772854,3.0175611257859853,0.8389169870202585
513,0.6630446332775474,1.2683139739407907,-0.6118755334990423
8309,-0.8540222541600626,-0.6502151603410361,0.8389169870202585
6480,0.33973529661051577,0.026912769405490974,0.8389169870202585
14070,1.5086228984067072,1.8213017832337877,-1.0954730403388093
9839,-0.6301927133905793,-1.0339209871974016,0.35531948018049153
7889,-0.580452815441805,0.12848195886747005,0.8389169870202585
6428,-0.08305383595406408,0.5347587167153863,0.35531948018049153
9628,2.1055016737919963,2.0244401621577457,-0.1282780266592754
12566,-1.077851794929546,-0.4245058504255271,1.3225144938600255
8757,-1.077851794929546,-1.2032029696340332,1.3225144938600255
6253,-0.3068833767235475,-0.6615006258368116,-0.1282780266592754
5970,2.055761775843222,1.9341564381915424,-1.0954730403388093
8629,1.3842731535347719,1.3585976979069943,-0.1282780266592754
2916,-0.505842968518644,-1.0113500562058506,-0.1282780266592754
6020,1.6827125412274162,1.979298300174644,-1.0954730403388093
480,-0.8788922031344497,-0.24393840249311985,1.3225144938600255
11144,0.43921509250806384,1.1441738534872608,-0.6118755334990423
13886,-1.077851794929546,-1.1919175041382577,1.3225144938600255
2577,-0.18253363185161225,-0.8307826082734433,-0.1282780266592754
6083,1.9065420819969,1.4375959563774223,-1.0954730403388093
13911,-1.052981845955159,-1.0903483146762787,1.3225144938600255
8565,-0.6799326113393532,0.2074802173378982,0.8389169870202585
6138,0.2651254496873547,-0.36807852294664983,0.35531948018049153
15115,2.354201163535867,2.769280884878926,-0.1282780266592754
5272,2.503420857382189,0.0,-1.5790705471785762
7066,-0.6301927133905793,0.10591102787591913,0.35531948018049153
8854,1.4340130514835459,0.9410354745633025,-0.6118755334990423
1596,0.5884347863543863,1.1328883879914853,-0.1282780266592754
14669,-1.052981845955159,-0.898495401248096,0.8389169870202585
3896,1.4091431025091588,1.0200337330337308,-0.6118755334990423
10803,2.2547213676383184,2.0695820241408476,-2.062668054018343
1349,-0.9286321010832237,-0.5373605053832816,0.35531948018049153
6086,-1.052981845955159,-0.6163587638537098,0.8389169870202585
7517,2.1801115207151573,2.0131546966619704,-0.6118755334990423
3777,1.7324524391761906,1.7197325937718086,-1.0954730403388093
11334,-1.077851794929546,-1.1806320386424822,1.3225144938600255
11596,-1.077851794929546,-0.898495401248096,1.3225144938600255
12730,-1.0281118969807719,-1.0564919181889523,-1.0954730403388093
4050,0.488954990456838,-0.5373605053832816,-1.0954730403388093
14886,-1.0281118969807719,-0.8420680737692188,0.35531948018049153
11674,-1.077851794929546,-1.2032029696340332,1.3225144938600255
5702,-0.530712917493031,0.1397674243632455,0.8389169870202585
15250,-0.555582866467418,-0.27779479898044623,1.3225144938600255
12510,1.9562819799456737,1.2457430429492398,-2.54626556085811
2762,-0.28201342774916044,0.4896168547322845,0.8389169870202585
15079,1.3842731535347719,1.5165942148478506,-2.062668054018343
15108,1.085833765842127,1.9680128346788686,-0.6118755334990423
3685,-0.9535020500576108,-1.022635521701626,-0.1282780266592754
5062,-0.2322735298003864,-0.7517843498030152,-0.1282780266592754
3602,-0.9783719990319979,-1.0452064526931768,0.35531948018049153
7960,0.7127845312263216,-0.15365467852691625,-0.6118755334990423
8870,0.886874174047031,0.9410354745633025,0.35531948018049153
10671,-1.052981845955159,-0.7517843498030152,0.8389169870202585
1446,-0.25714347877477345,-0.9549227287269733,-0.6118755334990423
12442,-1.077851794929546,-1.146775642155156,1.3225144938600255
1020,-1.077851794929546,-1.0000645907100751,1.3225144938600255
705,0.2651254496873547,-0.8194971427776678,-1.5790705471785762
10650,-1.077851794929546,-0.9887791252142997,0.8389169870202585
1866,-0.7296725092881273,-0.8646390047607697,-0.1282780266592754
7698,-0.25714347877477345,-0.7856407462903415,0.8389169870202585
6844,-1.052981845955159,-0.8194971427776678,0.8389169870202585
13187,0.46408504148245106,-0.4809331779044043,-1.5790705471785762
11995,-0.6550626623649661,-0.8420680737692188,0.35531948018049153
2574,-1.077851794929546,-1.169346573146707,1.3225144938600255
15149,2.876470091997995,3.1981285737183924,-2.062668054018343
2956,-1.077851794929546,-1.1129192456678296,1.3225144938600255
7836,-0.8788922031344497,-0.029514558073386283,0.8389169870202585
3742,1.1853135617396753,0.8394662851013235,-2.062668054018343
3914,1.1604436127652884,0.5573296477069372,-0.1282780266592754
9055,1.2599234086628366,0.03819823490126643,-2.062668054018343
11822,0.016425959943484204,0.7040406991520181,-0.6118755334990423
1419,-0.35662327467232163,-0.8533535392649942,-0.6118755334990423
1103,-1.077851794929546,-1.1919175041382577,1.3225144938600255
8375,-0.7296725092881273,-1.0564919181889523,0.35531948018049153
9856,-0.8788922031344497,-1.1129192456678296,0.35531948018049153
8201,0.46408504148245106,1.1893157154703624,0.35531948018049153
10599,-1.052981845955159,-1.169346573146707,0.35531948018049153
1558,0.8620042250726437,0.8168953541097725,0.35531948018049153
15203,-0.9783719990319979,-0.4809331779044043,-0.1282780266592754
15124,2.7521203471260596,3.1191303152479644,-2.062668054018343
11765,1.6827125412274162,0.8056098886139971,-2.54626556085811
13117,-0.10792378492845114,-0.8533535392649942,-0.1282780266592754
3523,-0.40636317262109567,0.11719649337169459,0.35531948018049153
4542,1.6329726432786424,1.9454419036873176,-0.1282780266592754
34,-1.052981845955159,-1.0790628491805032,1.3225144938600255
3400,1.3842731535347719,1.3698831634027697,-1.0954730403388093
14855,-0.4561030705698698,-0.06337095456071264,0.8389169870202585
5880,-0.7794124072369014,-0.9097808667438715,0.8389169870202585
14696,0.2402555007129675,0.28647847580832636,-0.1282780266592754
7188,-0.3068833767235475,0.00434183841394007,0.35531948018049153
12486,-1.077851794929546,-0.898495401248096,1.3225144938600255
2652,-0.7794124072369014,-0.3116511954677726,0.35531948018049153
5328,0.8371342760982567,1.2231721119576888,-0.1282780266592754
8807,-1.077851794929546,-1.0790628491805032,1.3225144938600255
15270,-0.8788922031344497,-0.9323517977354224,-0.6118755334990423
12432,-1.077851794929546,-1.1806320386424822,0.8389169870202585
12483,-1.052981845955159,-0.8646390047607697,0.35531948018049153
9332,0.6381746843031604,1.2006011809661379,0.35531948018049153
13497,-1.077851794929546,-1.2032029696340332,1.3225144938600255
292,-0.9286321010832237,-0.8759244702565452,0.8389169870202585
2836,0.6879145822519344,0.026912769405490974,-0.6118755334990423
11201,0.7376544802007085,0.6814697681604671,-1.0954730403388093
9271,0.5138249394312252,1.1103174569999343,0.35531948018049153
11820,0.6133047353287733,1.1216029224957098,-1.0954730403388093
2870,-0.505842968518644,-0.8307826082734433,0.8389169870202585
13751,0.21538555173858054,0.5460441822111617,0.35531948018049153
7463,1.8070622860993515,2.0357256276535214,-0.6118755334990423
7903,1.8070622860993515,1.4940232838562997,-1.5790705471785762
10781,0.2899953986617417,1.031319198529506,0.35531948018049153
7474,0.46408504148245106,1.1893157154703624,-0.1282780266592754
7921,-1.077851794929546,-0.7517843498030152,1.3225144938600255
1535,-1.077851794929546,-0.8420680737692188,0.35531948018049153
1318,0.6630446332775474,1.0200337330337308,-0.6118755334990423
2730,-1.077851794929546,-0.4245058504255271,1.3225144938600255
10458,-0.9783719990319979,-0.4132203849297516,0.8389169870202585
6594,-0.7296725092881273,-0.9887791252142997,0.8389169870202585
14392,0.6133047353287733,1.2231721119576888,-0.6118755334990423
13518,-0.555582866467418,-1.0000645907100751,0.35531948018049153
4879,0.9117441230214178,1.302170370428117,0.35531948018049153
10665,-0.9286321010832237,-0.6615006258368116,1.3225144938600255
9300,-0.555582866467418,0.3429058032872036,0.35531948018049153
11673,-0.7296725092881273,-1.0677773836847277,-0.6118755334990423
14005,-0.7296725092881273,-0.006943627081835381,0.8389169870202585
2228,-0.9783719990319979,-1.0113500562058506,0.8389169870202585
2641,0.5884347863543863,0.4331895272534072,-0.6118755334990423
4418,-0.9783719990319979,-1.022635521701626,0.8389169870202585
11038,1.06096381686774,0.5911860441942636,-1.0954730403388093
8060,-0.10792378492845114,-0.7743552807945661,-0.6118755334990423
12255,0.7376544802007085,1.2683139739407907,-0.1282780266592754
6208,-1.077851794929546,-1.1919175041382577,1.3225144938600255
7197,-0.8540222541600626,-0.5035041088959552,0.8389169870202585
356,-1.077851794929546,-1.2032029696340332,1.3225144938600255
12464,-0.05818388697967712,-0.5599314363748324,-0.6118755334990423
13155,-1.077851794929546,-1.1919175041382577,-0.6118755334990423
13211,0.5884347863543863,0.03819823490126643,-2.062668054018343
14484,-0.555582866467418,-0.029514558073386283,1.3225144938600255
4584,-0.20740358082599933,0.5799005786984881,0.35531948018049153
837,2.130371622766383,1.6407343353013806,-2.54626556085811
266,0.886874174047031,0.3429058032872036,-0.1282780266592754
6670,0.6630446332775474,0.6701843026646918,-0.1282780266592754
2006,1.0112239189189662,1.5504506113351768,-0.1282780266592754
6348,-0.3317533256979346,0.45576045824495814,0.8389169870202585
11092,-0.8042823562112885,-0.029514558073386283,1.3225144938600255
2362,1.06096381686774,1.5955924733182787,0.35531948018049153
8809,-0.20740358082599933,-0.6276442293494852,0.8389169870202585
11400,-0.7296725092881273,-0.45836224691285343,0.8389169870202585
12617,2.3790711125102537,2.2727204030648056,-2.54626556085811
11184,-0.3068833767235475,0.29776394130410183,-0.1282780266592754
14818,-0.7545424582625144,0.01562730390971552,0.35531948018049153
6312,1.583232745329868,1.302170370428117,0.35531948018049153
826,-0.38149322364670873,0.00434183841394007,0.8389169870202585
9983,0.11590575584103227,0.6701843026646918,-0.6118755334990423
4253,0.7376544802007085,0.8846081470844253,-1.0954730403388093
6347,-1.077851794929546,-0.45836224691285343,1.3225144938600255
13667,-1.052981845955159,-0.34550759195509895,1.3225144938600255
8482,0.2402555007129675,0.19619475184212273,0.8389169870202585
1441,-1.077851794929546,-1.2032029696340332,1.3225144938600255
3066,-0.8540222541600626,-0.040800023569161736,0.35531948018049153
9869,-1.077851794929546,-1.1919175041382577,1.3225144938600255
2748,-0.18253363185161225,0.6476133716731408,0.8389169870202585
7732,0.3894751945592899,-0.040800023569161736,0.35531948018049153
9245,2.2298514186639316,1.8438727142253386,-0.6118755334990423
3061,1.4091431025091588,1.6858761972844822,-0.1282780266592754
889,-0.008443989030902977,0.8168953541097725,0.8389169870202585
13800,-0.38149322364670873,-0.5147895743917307,0.8389169870202585
14057,-1.052981845955159,-0.3342221264593235,0.8389169870202585
12458,-1.077851794929546,-1.0903483146762787,1.3225144938600255
1963,-1.052981845955159,-0.3793639884424253,0.8389169870202585
3125,-1.077851794929546,-0.4922186434001798,1.3225144938600255
6176,-0.9535020500576108,-1.0903483146762787,0.8389169870202585
11750,0.46408504148245106,-0.018229092577610833,-0.6118755334990423
1127,-1.077851794929546,-1.124204711163605,1.3225144938600255
9385,0.9117441230214178,0.5799005786984881,0.35531948018049153
12067,0.5138249394312252,-0.7066424878199133,-2.062668054018343
6692,0.2651254496873547,0.726611630143569,0.8389169870202585
9953,0.6879145822519344,0.6137569751858144,-0.1282780266592754
7551,1.359403204560385,0.9410354745633025,-1.5790705471785762
11423,0.6381746843031604,0.7378970956393444,-0.1282780266592754
6503,0.4143451435336769,-0.3116511954677726,-0.1282780266592754
1543,-0.7794124072369014,-0.44707678141707796,0.35531948018049153
3263,0.43921509250806384,-0.796926211786117,-1.0954730403388093
11033,1.3842731535347719,0.6363279061773653,-1.5790705471785762
11538,-0.7048025603137403,0.026912769405490974,0.35531948018049153
2268,1.4588830004579327,0.6927552336562426,-1.5790705471785762
3770,2.1055016737919963,1.8213017832337877,-1.0954730403388093
7360,-1.077851794929546,-1.0000645907100751,0.8389169870202585
9045,0.43921509250806384,-0.06337095456071264,-0.1282780266592754
132,2.1552415717407705,2.0582965586450723,-0.6118755334990423
9574,1.3096633066116106,0.6476133716731408,-0.6118755334990423
11965,-0.9783719990319979,-0.796926211786117,1.3225144938600255
603,1.3345332555859974,1.1667447844788115,-0.1282780266592754
13066,0.2899953986617417,-0.17622560951846716,-1.5790705471785762
843,1.583232745329868,1.4601668873689733,-0.1282780266592754
393,-0.9783719990319979,-1.0564919181889523,1.3225144938600255
14047,2.0060218778944483,0.0,-2.062668054018343
6333,1.4091431025091588,1.5391651458394016,-1.0954730403388093
8045,-1.077851794929546,-1.1806320386424822,0.8389169870202585
4989,0.6381746843031604,0.7378970956393444,-0.1282780266592754
3928,-0.6053227644161921,-0.5035041088959552,0.35531948018049153
5511,-0.3317533256979346,-0.7743552807945661,-0.6118755334990423
7254,0.6630446332775474,-0.5147895743917307,-0.1282780266592754
6195,-1.077851794929546,-1.2032029696340332,1.3225144938600255
13307,0.5138249394312252,1.2118866464619134,-0.6118755334990423
13531,-1.077851794929546,-1.169346573146707,0.35531948018049153
7814,-0.13279373390283822,0.6476133716731408,0.8389169870202585
2277,-0.4561030705698698,-0.1649401440226917,0.35531948018049153
6724,2.7023804491772854,2.5210006439718655,-2.062668054018343
3234,-1.077851794929546,-1.1129192456678296,1.3225144938600255
12542,0.3894751945592899,0.8846081470844253,-0.6118755334990423
3498,0.5138249394312252,1.0426046640252815,-0.1282780266592754
6145,-0.35662327467232163,-0.672786091332587,0.35531948018049153
4613,1.085833765842127,1.1667447844788115,-0.6118755334990423
9082,-0.28201342774916044,-0.7856407462903415,-0.6118755334990423
6277,-0.8042823562112885,-0.6050732983579343,0.35531948018049153
401,-1.077851794929546,-1.1016337801720542,0.8389169870202585
12068,0.6879145822519344,-0.6615006258368116,-2.54626556085811
5727,-1.052981845955159,-0.672786091332587,0.8389169870202585
9707,-0.555582866467418,0.21876568283367365,0.35531948018049153
9592,-0.033313938005289936,0.252622079321,0.35531948018049153
10836,0.19051560276419338,0.3654767342787545,-0.1282780266592754
11730,-0.38149322364670873,-0.7066424878199133,-0.1282780266592754
4680,-1.052981845955159,-1.0113500562058506,1.3225144938600255
5008,0.14077570481541946,0.09462556238014368,0.35531948018049153
7567,-1.052981845955159,-0.7743552807945661,0.8389169870202585
3403,0.9366140719958048,1.1441738534872608,-0.1282780266592754
7476,1.3096633066116106,1.753588990259135,-0.6118755334990423
3883,2.055761775843222,1.674590731788707,-0.6118755334990423
6613,-0.008443989030902977,-0.6163587638537098,0.35531948018049153
9643,2.3293312145614795,2.2840058685605813,-1.5790705471785762
8778,-0.28201342774916044,-0.898495401248096,0.8389169870202585
14404,-0.10792378492845114,0.7378970956393444,0.8389169870202585
1573,0.2651254496873547,0.6701843026646918,-0.1282780266592754
14283,-0.6799326113393532,-0.8533535392649942,-0.1282780266592754
9545,-0.7048025603137403,-0.7856407462903415,0.35531948018049153
2423,-0.7048025603137403,-0.09722735104803899,0.35531948018049153
13744,-0.13279373390283822,0.38804766527030543,0.8389169870202585
5264,0.7127845312263216,1.3134558359238924,0.35531948018049153
14008,0.3148653476361286,0.8846081470844253,-0.1282780266592754
3548,-0.08305383595406408,-0.029514558073386283,-0.1282780266592754
8118,-1.052981845955159,-0.7292134188114643,1.3225144938600255
11206,-0.3317533256979346,-0.018229092577610833,0.35531948018049153
9597,1.6827125412274162,1.302170370428117,-1.0954730403388093
12718,0.14077570481541946,-0.4696477124086289,-0.1282780266592754
8101,-0.15766368287722518,-0.2552238679888953,0.35531948018049153
11662,-1.077851794929546,-1.1919175041382577,1.3225144938600255
14045,2.0060218778944483,0.0,-1.5790705471785762
13278,0.7873943781494827,1.2118866464619134,-0.6118755334990423
5501,-0.3317533256979346,-0.8533535392649942,0.35531948018049153
15114,2.1801115207151573,2.746709953887375,-1.5790705471785762
809,0.21538555173858054,0.1397674243632455,0.35531948018049153
11254,-0.8291523051856755,-0.8420680737692188,0.35531948018049153
15051,1.4588830004579327,0.8958936125802007,0.8389169870202585
2650,-0.13279373390283822,0.15105288985902093,0.35531948018049153
8639,0.016425959943484204,0.39933313076608085,-0.1282780266592754
15202,-1.077851794929546,-0.4922186434001798,1.3225144938600255
11919,0.8122643271238696,0.9861773365464044,-0.1282780266592754
3190,1.0112239189189662,0.3654767342787545,-1.5790705471785762
3620,-1.077851794929546,-1.1806320386424822,0.8389169870202585
1702,0.2651254496873547,0.5121877857238354,-1.0954730403388093
7038,-0.9037621521088367,-0.4132203849297516,0.8389169870202585
8802,-1.077851794929546,-1.1016337801720542,0.35531948018049153
3650,-1.077851794929546,-1.2032029696340332,1.3225144938600255
13132,-0.35662327467232163,-0.9774936597185242,-0.6118755334990423
8027,-1.077851794929546,-1.2032029696340332,1.3225144938600255
14734,-0.008443989030902977,0.602471509690039,-0.1282780266592754
13629,-0.7048025603137403,-0.06337095456071264,1.3225144938600255
12955,2.2049814696895442,2.2952913340563565,-2.062668054018343
14803,0.16564565378980642,0.9184645435717517,-0.6118755334990423
3370,-0.2322735298003864,-0.040800023569161736,0.8389169870202585
14424,2.428811010459028,-0.8872099357523205,-2.54626556085811
6595,0.2651254496873547,-0.7179279533156888,0.35531948018049153
6105,-0.9037621521088367,-0.5937878328621589,0.35531948018049153
10416,0.8122643271238696,1.3924540943943207,-0.6118755334990423
9513,-1.077851794929546,-1.169346573146707,0.8389169870202585
11399,-0.35662327467232163,-0.21008200600579352,0.35531948018049153
10383,0.04129590891787117,0.850751750597099,0.8389169870202585
7278,-0.8291523051856755,-1.0790628491805032,-0.6118755334990423
10437,1.1604436127652884,1.4601668873689733,-1.5790705471785762
7058,0.04129590891787117,0.5799005786984881,0.35531948018049153
664,-1.077851794929546,-1.0564919181889523,1.3225144938600255
10577,-0.6301927133905793,-1.0452064526931768,0.35531948018049153
12393,-1.077851794929546,-1.1919175041382577,-0.6118755334990423
13972,1.3842731535347719,0.9974628020421797,-1.5790705471785762
1736,-1.077851794929546,-0.921066332239647,0.8389169870202585
5259,-1.077851794929546,-0.4245058504255271,1.3225144938600255
10740,-1.077851794929546,-0.4245058504255271,0.8389169870202585
3347,0.488954990456838,-0.040800023569161736,-0.1282780266592754
1568,-1.077851794929546,-0.6163587638537098,1.3225144938600255
462,0.5386948884056122,0.6250424406815899,-0.6118755334990423
743,0.19051560276419338,-0.7856407462903415,-0.6118755334990423
222,0.2899953986617417,0.7717534921266708,0.35531948018049153
12132,0.2402555007129675,0.17362382085057185,-0.6118755334990423
3994,-1.077851794929546,-1.1919175041382577,0.8389169870202585
1979,1.1355736637909013,1.6068779388140542,0.35531948018049153
11077,-0.9535020500576108,-0.3116511954677726,0.8389169870202585
625,0.21538555173858054,0.1397674243632455,-0.1282780266592754
10891,-1.077851794929546,-1.0564919181889523,0.35531948018049153
10280,-0.8291523051856755,-0.8082116772818925,0.8389169870202585
9943,0.8620042250726437,0.5234732512196109,-0.6118755334990423
12272,-0.8291523051856755,-0.13108374753536534,0.35531948018049153
344,-1.077851794929546,-1.2032029696340332,0.35531948018049153
5494,0.14077570481541946,-0.7856407462903415,-0.6118755334990423
7050,-1.052981845955159,-0.5260750398875061,1.3225144938600255
8977,-0.580452815441805,0.1849092863463473,0.35531948018049153
1004,-0.7545424582625144,-0.5825023673663834,0.8389169870202585
4449,0.886874174047031,0.24133661382522456,-0.1282780266592754
2280,-1.077851794929546,-0.7404988843072398,1.3225144938600255
456,-0.505842968518644,-0.13108374753536534,0.8389169870202585
12300,0.4143451435336769,0.4444749927491827,-0.6118755334990423
9423,-1.003241948006385,-0.9323517977354224,0.35531948018049153
4335,-0.505842968518644,-0.8646390047607697,0.35531948018049153
2621,1.2350534596884497,0.3429058032872036,-1.5790705471785762
873,-0.7545424582625144,0.06076916589281733,0.35531948018049153
6631,0.16564565378980642,-0.3342221264593235,-0.6118755334990423
13849,0.3148653476361286,-0.796926211786117,-2.062668054018343
6211,-1.077851794929546,-1.1919175041382577,1.3225144938600255
6389,-0.7296725092881273,0.15105288985902093,0.35531948018049153
14782,1.8816721330225128,-0.9097808667438715,-2.062668054018343
5114,-0.4312331215954827,-0.9774936597185242,0.8389169870202585
9770,0.8620042250726437,0.2074802173378982,-0.6118755334990423
5212,-1.077851794929546,-0.672786091332587,1.3225144938600255
10417,-0.38149322364670873,0.47833138923650903,0.35531948018049153
1760,0.46408504148245106,-0.36807852294664983,-0.1282780266592754
842,-0.7794124072369014,-0.1649401440226917,0.35531948018049153
13487,-1.077851794929546,-1.1919175041382577,1.3225144938600255
13190,-1.077851794929546,-1.0790628491805032,1.3225144938600255
7583,1.3842731535347719,0.29776394130410183,-1.5790705471785762
5199,-0.7296725092881273,-0.36807852294664983,-0.1282780266592754
4803,-1.0281118969807719,-0.9436372632311979,-0.1282780266592754
2902,-0.7545424582625144,-1.0677773836847277,-0.6118755334990423
12820,-1.077851794929546,-1.1016337801720542,-0.1282780266592754
8944,1.533492847381094,1.8890145762084405,-0.6118755334990423
14999,-1.077851794929546,-1.2032029696340332,1.3225144938600255
7113,-1.003241948006385,-0.22136747150156896,1.3225144938600255
8518,0.3148653476361286,0.7604680266308953,-0.1282780266592754
7689,-1.077851794929546,-1.1580611076509315,0.35531948018049153
6779,-0.7048025603137403,0.09462556238014368,0.8389169870202585
9128,-1.077851794929546,-1.2032029696340332,0.8389169870202585
8444,-0.9286321010832237,-0.9436372632311979,0.8389169870202585
3431,1.6081026943042553,1.855158179721114,-0.1282780266592754
14470,-0.13279373390283822,0.4444749927491827,-0.6118755334990423
12253,0.2899953986617417,0.9636064055548534,0.35531948018049153
13387,-0.35662327467232163,0.1397674243632455,0.35531948018049153
12729,-0.9286321010832237,-0.9887791252142997,-0.1282780266592754
11767,-0.3068833767235475,-0.1423692130311408,-0.1282780266592754
12448,0.21538555173858054,-0.6502151603410361,-0.6118755334990423
4725,-0.6301927133905793,-1.0339209871974016,-1.5790705471785762
1469,-0.40636317262109567,-0.9436372632311979,-0.1282780266592754
5130,-1.077851794929546,-1.169346573146707,0.35531948018049153
8369,-1.077851794929546,-1.1806320386424822,1.3225144938600255
7273,-0.7048025603137403,-1.0113500562058506,-0.1282780266592754
13142,0.2402555007129675,-0.8533535392649942,-2.54626556085811
12294,-0.25714347877477345,0.17362382085057185,-0.6118755334990423
9341,0.6381746843031604,1.1328883879914853,0.35531948018049153
10312,0.9117441230214178,0.6250424406815899,-2.062668054018343
10940,-1.052981845955159,-1.1806320386424822,0.8389169870202585
368,-0.13279373390283822,-0.898495401248096,-0.1282780266592754
12864,0.6879145822519344,0.4106185962618563,-1.0954730403388093
3593,-0.2322735298003864,-0.672786091332587,-0.6118755334990423
1415,-0.9037621521088367,-1.022635521701626,0.35531948018049153
6572,-1.077851794929546,-1.2032029696340332,0.35531948018049153
8317,0.11590575584103227,-0.2326529369973444,-0.1282780266592754
15213,-0.6301927133905793,0.1849092863463473,0.35531948018049153
12437,-1.077851794929546,-1.1580611076509315,1.3225144938600255
8341,0.5635648373799991,-0.4245058504255271,-0.6118755334990423
7091,1.0360938678933531,1.5391651458394016,-0.1282780266592754
12509,-0.13279373390283822,0.11719649337169459,-0.1282780266592754
2825,0.6133047353287733,0.19619475184212273,-0.6118755334990423
9535,-0.7296725092881273,-0.8759244702565452,-0.1282780266592754
1721,-0.7794124072369014,-0.4696477124086289,0.35531948018049153
9913,-0.35662327467232163,-0.6050732983579343,0.35531948018049153
5324,0.2402555007129675,0.8620372160928744,0.35531948018049153
4060,0.9614840209701918,-0.27779479898044623,-1.0954730403388093
14789,2.3044612655870926,-0.898495401248096,-2.062668054018343
1824,0.21538555173858054,-0.8420680737692188,-1.0954730403388093
10779,-0.7048025603137403,0.16233835535479638,0.8389169870202585
8037,-1.003241948006385,-1.146775642155156,0.8389169870202585
12333,-0.28201342774916044,-0.3906494539382007,-1.0954730403388093
12062,-0.9037621521088367,-1.0903483146762787,0.8389169870202585
11952,-0.08305383595406408,-0.0746564200564881,-0.1282780266592754
3232,-1.077851794929546,-1.1016337801720542,1.3225144938600255
1918,1.1355736637909013,0.8620372160928744,-1.5790705471785762
10611,-1.077851794929546,-1.1580611076509315,1.3225144938600255
1569,-1.052981845955159,-0.5373605053832816,0.8389169870202585
1831,-0.505842968518644,-0.9887791252142997,0.35531948018049153
347,0.016425959943484204,-0.8872099357523205,0.35531948018049153
1242,-0.9286321010832237,-0.13108374753536534,0.8389169870202585
8489,0.7376544802007085,0.5911860441942636,-1.5790705471785762
7639,-0.530712917493031,-0.9774936597185242,0.8389169870202585
11554,-1.003241948006385,-0.44707678141707796,0.8389169870202585
14364,-1.077851794929546,-0.5486459708790571,1.3225144938600255
12802,0.2651254496873547,-0.7292134188114643,-1.5790705471785762
13097,-0.20740358082599933,-0.7404988843072398,-0.6118755334990423
6890,0.5138249394312252,-0.5599314363748324,-1.5790705471785762
12174,0.2402555007129675,0.7604680266308953,0.35531948018049153
13392,-0.3068833767235475,0.06076916589281733,0.8389169870202585
11133,0.5138249394312252,1.2231721119576888,-1.0954730403388093
10269,-1.052981845955159,-1.0339209871974016,0.8389169870202585
9505,-1.077851794929546,-1.1806320386424822,0.35531948018049153
11856,0.2899953986617417,1.0651755950168325,0.35531948018049153
11557,-0.3068833767235475,0.21876568283367365,0.35531948018049153
11914,0.886874174047031,1.0990319915041589,-0.6118755334990423
13247,1.3345332555859974,1.0877465260083834,-2.062668054018343
11668,-0.18253363185161225,-0.9323517977354224,-0.6118755334990423
15221,-0.18253363185161225,0.19619475184212273,0.8389169870202585
13656,0.2651254496873547,0.952320940059078,0.35531948018049153
6127,-0.05818388697967712,-0.3342221264593235,-0.6118755334990423
10846,-0.9783719990319979,-0.6050732983579343,0.8389169870202585
13381,0.9117441230214178,1.031319198529506,-0.1282780266592754
1222,0.016425959943484204,0.6476133716731408,-0.1282780266592754
11386,0.9366140719958048,0.19619475184212273,-2.062668054018343
2134,0.2899953986617417,-0.5373605053832816,-0.6118755334990423
14814,1.9562819799456737,1.979298300174644,-1.5790705471785762
8327,-0.9535020500576108,-0.8759244702565452,0.35531948018049153
7013,-1.077851794929546,-0.8533535392649942,1.3225144938600255
7877,1.06096381686774,1.4263104908816469,0.35531948018049153
12386,0.2402555007129675,-0.7743552807945661,-1.5790705471785762
509,-1.003241948006385,-0.2552238679888953,0.8389169870202585
10694,0.3894751945592899,0.6137569751858144,-0.1282780266592754
3986,0.46408504148245106,-0.7292134188114643,-1.5790705471785762
748,-0.9535020500576108,-1.0903483146762787,0.35531948018049153
5246,0.21538555173858054,0.8394662851013235,0.8389169870202585
1259,-0.7545424582625144,0.12848195886747005,0.8389169870202585
4718,-1.077851794929546,-1.1919175041382577,1.3225144938600255
1888,0.04129590891787117,-0.19879654051001805,-0.1282780266592754
13898,0.09103580686664531,-0.7743552807945661,-2.062668054018343
711,-1.077851794929546,-1.2032029696340332,1.3225144938600255
13466,-1.077851794929546,-1.1354901766593806,0.35531948018049153
14017,-0.10792378492845114,0.6363279061773653,0.8389169870202585
8209,1.6578425922530293,1.9680128346788686,-0.6118755334990423
5833,-0.05818388697967712,-0.9097808667438715,-0.6118755334990423
9487,-1.0281118969807719,-1.169346573146707,1.3225144938600255
13458,-1.077851794929546,-1.1016337801720542,0.8389169870202585
15228,-0.505842968518644,0.026912769405490974,-0.6118755334990423
4808,-1.077851794929546,-0.9436372632311979,0.35531948018049153
3329,0.8620042250726437,-0.3116511954677726,-1.5790705471785762
3293,0.4143451435336769,-0.7743552807945661,-2.062668054018343
8688,-1.077851794929546,-0.9887791252142997,1.3225144938600255
15214,0.11590575584103227,0.850751750597099,0.8389169870202585
6329,0.06616585789225812,0.6137569751858144,0.35531948018049153
13741,2.2049814696895442,1.798730852242237,-2.54626556085811
7767,1.6329726432786424,1.2118866464619134,-1.5790705471785762
13368,1.2847933576372237,1.4263104908816469,-1.5790705471785762
10279,-1.077851794929546,-1.022635521701626,0.8389169870202585
4865,0.3148653476361286,0.7604680266308953,-0.1282780266592754
5551,0.5138249394312252,0.1849092863463473,0.35531948018049153
10880,-1.077851794929546,-1.0000645907100751,0.8389169870202585
14396,-0.3317533256979346,0.5234732512196109,0.8389169870202585
104,0.9366140719958048,0.9748918710506289,0.35531948018049153
7070,0.7873943781494827,1.2231721119576888,0.8389169870202585
1794,-1.077851794929546,-1.1806320386424822,0.8389169870202585
10705,0.21538555173858054,0.6476133716731408,-0.6118755334990423
14596,-1.077851794929546,-1.2032029696340332,1.3225144938600255
2386,0.2899953986617417,1.0087482675379553,0.35531948018049153
6733,1.8319322350737386,2.0582965586450723,-0.6118755334990423
4847,1.5583627963554811,1.2231721119576888,-2.54626556085811
10351,0.06616585789225812,0.6588988371689163,-0.1282780266592754
5837,-1.077851794929546,-1.2032029696340332,0.8389169870202585
8446,1.0360938678933531,-0.21008200600579352,-1.0954730403388093
1658,1.1107037148165144,1.5391651458394016,-1.0954730403388093
212,0.43921509250806384,0.9748918710506289,-0.1282780266592754
8440,-0.28201342774916044,-0.6953570223241379,0.35531948018049153
5886,-0.35662327467232163,-0.6953570223241379,-0.1282780266592754
4419,-0.555582866467418,-0.8194971427776678,-0.6118755334990423
14474,-1.0281118969807719,-0.4809331779044043,0.8389169870202585
5193,-1.003241948006385,-0.6840715568283625,0.8389169870202585
5735,-0.9037621521088367,-0.5486459708790571,0.8389169870202585
1359,0.11590575584103227,0.03819823490126643,-0.1282780266592754
334,-0.35662327467232163,-0.9323517977354224,0.35531948018049153
2166,-0.25714347877477345,-0.9323517977354224,-0.1282780266592754
3110,2.2298514186639316,2.250149472073255,-1.0954730403388093
5709,0.6381746843031604,0.8958936125802007,-0.1282780266592754
15331,-1.077851794929546,-1.1580611076509315,1.3225144938600255
792,-1.077851794929546,-0.9323517977354224,1.3225144938600255
233,0.9366140719958048,1.031319198529506,-0.6118755334990423
9276,0.6133047353287733,1.2118866464619134,0.35531948018049153
12852,-0.10792378492845114,-0.1875110750142426,-0.6118755334990423
1064,-1.077851794929546,-1.1806320386424822,0.8389169870202585
209,-0.8540222541600626,-0.09722735104803899,0.35531948018049153
13266,1.6578425922530293,1.5843070078225032,-1.5790705471785762
11065,1.6827125412274162,1.4263104908816469,-1.5790705471785762
9124,-1.077851794929546,-1.2032029696340332,0.8389169870202585
9750,-1.077851794929546,-0.7743552807945661,1.3225144938600255
4498,1.583232745329868,1.5053087493520751,-1.0954730403388093
7499,0.6381746843031604,1.2457430429492398,-0.1282780266592754
12143,-1.077851794929546,-0.7292134188114643,0.35531948018049153
2413,0.5386948884056122,0.952320940059078,0.35531948018049153
12830,1.0112239189189662,-0.19879654051001805,-2.062668054018343
7947,-0.08305383595406408,-0.26650933348467076,0.8389169870202585
11831,1.9811519289200612,2.0695820241408476,-0.6118755334990423
9401,-0.9037621521088367,-0.672786091332587,0.8389169870202585
871,-0.530712917493031,0.28647847580832636,0.35531948018049153
1263,1.1355736637909013,1.652019800797156,-0.6118755334990423
1618,0.9117441230214178,1.4827378183605242,-0.1282780266592754
13693,0.7376544802007085,1.3698831634027697,0.35531948018049153
4345,-0.9783719990319979,-1.0903483146762787,0.8389169870202585
10310,-0.48097301954425686,-0.21008200600579352,0.35531948018049153
2414,0.21538555173858054,0.726611630143569,-0.1282780266592754
9635,-1.052981845955159,-0.36807852294664983,1.3225144938600255
13821,-0.15766368287722518,-0.6615006258368116,-0.1282780266592754
8001,-1.077851794929546,-1.169346573146707,0.35531948018049153
1220,-0.6053227644161921,0.10591102787591913,-0.1282780266592754
6266,1.2101835107140624,0.04948370039704188,-1.5790705471785762
1765,-1.077851794929546,-1.0790628491805032,1.3225144938600255
12727,-0.8291523051856755,-0.9323517977354224,0.8389169870202585
8696,1.1107037148165144,-0.10851281654381445,-0.6118755334990423
13674,0.9863539699445792,1.5391651458394016,-0.6118755334990423
2001,1.6827125412274162,1.979298300174644,-0.1282780266592754
5609,1.2599234086628366,1.5165942148478506,0.35531948018049153
13998,-0.555582866467418,0.10591102787591913,0.35531948018049153
4581,0.09103580686664531,0.828180819605548,0.8389169870202585
8261,1.5086228984067072,1.4714523528647487,0.35531948018049153
1485,-1.052981845955159,-1.124204711163605,0.8389169870202585
3582,0.43921509250806384,-0.322936660963548,0.35531948018049153
2523,0.7873943781494827,-0.6502151603410361,-1.5790705471785762
5990,0.09103580686664531,0.8394662851013235,0.8389169870202585
8617,-0.3068833767235475,0.38804766527030543,0.35531948018049153
13467,-1.077851794929546,-1.1354901766593806,1.3225144938600255
11071,1.5583627963554811,1.4601668873689733,-1.5790705471785762
3078,0.8620042250726437,1.4488814218731978,0.35531948018049153
4833,-0.008443989030902977,0.11719649337169459,0.35531948018049153
6950,-0.9286321010832237,-1.1016337801720542,0.35531948018049153
1305,0.9117441230214178,1.3134558359238924,-1.0954730403388093
4782,-1.003241948006385,-1.0452064526931768,1.3225144938600255
6206,0.7376544802007085,-0.7517843498030152,-1.5790705471785762
8454,0.5884347863543863,-0.22136747150156896,-1.0954730403388093
4381,0.16564565378980642,-0.8533535392649942,-1.0954730403388093
11693,-1.077851794929546,-1.1919175041382577,1.3225144938600255
13524,-1.003241948006385,-1.1354901766593806,0.8389169870202585
13657,1.1355736637909013,1.5504506113351768,-0.6118755334990423
6243,-0.3068833767235475,-0.7517843498030152,0.35531948018049153
10090,0.33973529661051577,0.7378970956393444,-0.1282780266592754
2165,-1.077851794929546,-1.1919175041382577,1.3225144938600255
617,-0.13279373390283822,0.06076916589281733,0.35531948018049153
14882,-1.0281118969807719,-0.8082116772818925,0.35531948018049153
7912,1.2847933576372237,1.0651755950168325,-0.6118755334990423
6499,1.1853135617396753,0.00434183841394007,-1.0954730403388093
9672,-1.077851794929546,-0.4245058504255271,0.8389169870202585
10480,1.7324524391761906,0.9636064055548534,-2.062668054018343
9309,1.359403204560385,1.776159921250686,-0.1282780266592754
15067,-0.18253363185161225,0.11719649337169459,0.35531948018049153
2163,-1.077851794929546,-1.1919175041382577,0.8389169870202585
4770,-0.20740358082599933,-0.8194971427776678,-0.6118755334990423
10377,1.1604436127652884,1.6068779388140542,-1.0954730403388093
15036,0.7873943781494827,0.2074802173378982,-1.0954730403388093
2004,1.8319322350737386,2.0695820241408476,-1.0954730403388093
10345,1.1604436127652884,1.302170370428117,-1.0954730403388093
14668,-0.9037621521088367,-0.8194971427776678,0.35531948018049153
3047,0.2402555007129675,0.7943244231182217,-0.6118755334990423
12317,-1.052981845955159,-0.7856407462903415,-0.6118755334990423
13606,0.8122643271238696,0.6927552336562426,0.35531948018049153
14830,-0.13279373390283822,0.4896168547322845,0.35531948018049153
13191,-1.077851794929546,-1.0677773836847277,0.8389169870202585
12072,-1.077851794929546,-1.1580611076509315,0.35531948018049153
10538,-1.003241948006385,-1.0339209871974016,0.8389169870202585
14873,1.5583627963554811,0.6814697681604671,-2.54626556085811
3095,-1.052981845955159,-0.3342221264593235,0.8389169870202585
7712,-0.2322735298003864,-0.6502151603410361,0.35531948018049153
3285,-1.0281118969807719,-1.169346573146707,0.35531948018049153
8406,-1.077851794929546,-1.1919175041382577,1.3225144938600255
9684,-0.8042823562112885,0.04948370039704188,0.8389169870202585
9578,0.2402555007129675,0.19619475184212273,0.35531948018049153
1313,-0.28201342774916044,0.39933313076608085,-0.6118755334990423
8814,1.2847933576372237,-0.08594188555226354,-2.54626556085811
12976,0.7376544802007085,1.3247413014196678,-0.6118755334990423
14314,-0.7545424582625144,-0.5599314363748324,1.3225144938600255
2903,-0.008443989030902977,-0.898495401248096,-0.1282780266592754
14757,0.09103580686664531,0.8394662851013235,0.35531948018049153
3333,1.0112239189189662,-0.19879654051001805,-1.0954730403388093
11542,0.46408504148245106,0.9297500090675271,-0.6118755334990423
3053,0.488954990456838,1.031319198529506,0.35531948018049153
11343,-0.530712917493031,-0.921066332239647,0.8389169870202585
5072,-1.077851794929546,-1.1580611076509315,0.35531948018049153
8881,-0.08305383595406408,0.45576045824495814,0.35531948018049153
10043,1.7821923371249646,2.0244401621577457,-2.54626556085811
9780,-0.20740358082599933,-0.4019349194339762,0.35531948018049153
2269,0.06616585789225812,0.03819823490126643,-0.6118755334990423
2694,0.3894751945592899,1.0087482675379553,-0.6118755334990423
8374,-0.05818388697967712,-0.8872099357523205,0.35531948018049153
12707,-0.6301927133905793,-0.6615006258368116,-0.1282780266592754
10796,-0.15766368287722518,0.602471509690039,0.35531948018049153
9593,0.8371342760982567,0.7830389576224462,-0.1282780266592754
10762,1.5583627963554811,1.9115855071999914,-0.6118755334990423
13544,-1.052981845955159,-1.0903483146762787,1.3225144938600255
10023,1.583232745329868,1.9115855071999914,-2.062668054018343
8076,-1.077851794929546,-1.0790628491805032,1.3225144938600255
8256,-0.35662327467232163,0.30904940679987725,0.35531948018049153
4707,0.11590575584103227,-0.7404988843072398,-0.1282780266592754
13686,0.33973529661051577,1.0990319915041589,0.8389169870202585
2114,-1.052981845955159,-0.9549227287269733,0.35531948018049153
7608,0.9117441230214178,-0.3003657299719971,-1.0954730403388093
1541,0.6381746843031604,0.38804766527030543,-1.0954730403388093
6440,1.9562819799456737,1.6068779388140542,-2.062668054018343
2602,0.016425959943484204,-0.5260750398875061,-0.1282780266592754
13171,0.21538555173858054,-0.7066424878199133,-1.5790705471785762
4607,0.7873943781494827,1.0651755950168325,0.35531948018049153
10688,-0.28201342774916044,0.09462556238014368,0.35531948018049153
9185,-1.077851794929546,-1.0113500562058506,0.35531948018049153
11058,-1.077851794929546,-0.6615006258368116,1.3225144938600255
4756,-1.052981845955159,-1.1580611076509315,1.3225144938600255
6597,-0.8540222541600626,-1.022635521701626,0.8389169870202585
5538,-1.052981845955159,-0.898495401248096,0.8389169870202585
7223,0.5138249394312252,-0.10851281654381445,-0.1282780266592754
520,1.4588830004579327,1.8213017832337877,-0.1282780266592754
10702,-0.4561030705698698,0.11719649337169459,0.8389169870202585
7502,1.06096381686774,1.5053087493520751,0.35531948018049153
9647,2.130371622766383,2.1937221445943775,-0.1282780266592754
9084,-0.10792378492845114,-0.7517843498030152,0.8389169870202585
1092,-1.077851794929546,-1.2032029696340332,1.3225144938600255
8919,-0.25714347877477345,0.602471509690039,0.8389169870202585
8763,-1.077851794929546,-1.2032029696340332,1.3225144938600255
4913,2.428811010459028,2.4081459890141113,0.35531948018049153
6123,-1.077851794929546,-0.9436372632311979,0.35531948018049153
13999,-0.7048025603137403,-0.029514558073386283,0.35531948018049153
3771,-0.8042823562112885,-0.1423692130311408,1.3225144938600255
11324,0.3894751945592899,-0.796926211786117,-0.6118755334990423
1109,0.06616585789225812,-0.8082116772818925,-2.54626556085811
4655,1.2350534596884497,0.3654767342787545,-0.6118755334990423
10206,-1.077851794929546,-1.2032029696340332,0.8389169870202585
1038,-1.052981845955159,-1.0564919181889523,0.8389169870202585
12626,0.36460524558490276,0.9748918710506289,-1.0954730403388093
20,-1.077851794929546,-1.1580611076509315,4.295208693958647e-16
14454,-1.077851794929546,-0.5147895743917307,1.3225144938600255
13401,1.8816721330225128,1.053890129521057,-2.54626556085811
5531,-1.077851794929546,-1.022635521701626,1.3225144938600255
14667,1.2101835107140624,0.04948370039704188,-2.54626556085811
934,-0.8540222541600626,-0.0746564200564881,0.8389169870202585
9149,-1.052981845955159,-1.1354901766593806,0.8389169870202585
6861,-1.052981845955159,-0.9436372632311979,0.35531948018049153
13882,-0.4561030705698698,-0.9774936597185242,-1.0954730403388093
14501,-0.4561030705698698,-0.19879654051001805,0.35531948018049153
1726,1.1355736637909013,0.46704592374073356,-0.6118755334990423
4490,-0.7545424582625144,-0.17622560951846716,0.8389169870202585
10528,0.2651254496873547,-0.45836224691285343,-0.6118755334990423
9034,0.33973529661051577,0.07205463138859278,0.35531948018049153
1737,0.3894751945592899,-0.040800023569161736,-0.1282780266592754
10581,-0.18253363185161225,-0.9323517977354224,-1.0954730403388093
6745,-0.28201342774916044,0.602471509690039,0.35531948018049153
561,0.14077570481541946,0.8846081470844253,0.35531948018049153
13580,0.5884347863543863,0.11719649337169459,-0.1282780266592754
14163,-0.9535020500576108,-0.8194971427776678,0.8389169870202585
12799,-0.4312331215954827,-0.921066332239647,-0.1282780266592754
1162,0.7127845312263216,0.16233835535479638,-0.6118755334990423
9072,0.6630446332775474,-0.4132203849297516,-0.6118755334990423
10252,-0.7545424582625144,-0.9774936597185242,0.35531948018049153
8626,2.2049814696895442,1.8325872487295631,-1.5790705471785762
8191,0.5386948884056122,1.2231721119576888,0.35531948018049153
1527,0.7873943781494827,0.19619475184212273,-1.0954730403388093
8370,-0.505842968518644,-0.9774936597185242,0.35531948018049153
8211,2.4039410614846406,2.3968605235183356,-0.1282780266592754
2930,-1.077851794929546,-1.1806320386424822,0.8389169870202585
14139,-0.25714347877477345,-0.10851281654381445,0.8389169870202585
58,-0.555582866467418,-0.6163587638537098,0.35531948018049153
8953,1.3096633066116106,1.7197325937718086,-0.1282780266592754
8422,0.19051560276419338,-0.7292134188114643,0.35531948018049153
13086,-1.0281118969807719,-1.0113500562058506,-0.6118755334990423
4483,0.8122643271238696,0.828180819605548,-0.1282780266592754
2291,0.5138249394312252,0.6476133716731408,0.35531948018049153
7258,-0.7794124072369014,-0.9662081942227487,-0.6118755334990423
13163,-0.4561030705698698,-0.9323517977354224,-1.0954730403388093
8416,-0.9783719990319979,-1.1016337801720542,0.35531948018049153
9803,-1.003241948006385,-1.0113500562058506,-0.1282780266592754
9868,-1.077851794929546,-1.1919175041382577,0.8389169870202585
12949,-1.052981845955159,-0.3342221264593235,1.3225144938600255
1649,-0.10792378492845114,0.7153261646477935,-1.0954730403388093
15140,1.0112239189189662,2.0695820241408476,0.35531948018049153
6438,1.4340130514835459,1.3698831634027697,-1.0954730403388093
2724,0.3894751945592899,1.1328883879914853,-0.6118755334990423
10839,-0.8291523051856755,-0.3906494539382007,0.8389169870202585
938,-0.28201342774916044,0.47833138923650903,0.35531948018049153
4510,-0.8540222541600626,-0.13108374753536534,0.35531948018049153
13165,-0.35662327467232163,-0.898495401248096,-1.5790705471785762
14583,-1.077851794929546,-1.1919175041382577,1.3225144938600255
4694,-0.8540222541600626,-0.9549227287269733,0.8389169870202585
9870,-1.077851794929546,-1.1806320386424822,1.3225144938600255
7862,0.16564565378980642,0.9184645435717517,-0.1282780266592754
998,0.8371342760982567,0.30904940679987725,-0.6118755334990423
9226,-0.3068833767235475,0.06076916589281733,-0.1282780266592754
4528,-0.8291523051856755,-0.006943627081835381,0.8389169870202585
3870,1.7821923371249646,1.7310180592675841,0.35531948018049153
13731,0.5386948884056122,0.9974628020421797,-1.0954730403388093
5354,1.4091431025091588,1.1667447844788115,-0.6118755334990423
14598,-0.6053227644161921,-1.0339209871974016,0.35531948018049153
2907,-1.077851794929546,-1.2032029696340332,-0.1282780266592754
11014,-0.9535020500576108,-0.8646390047607697,0.8389169870202585
14577,-1.052981845955159,-1.146775642155156,0.8389169870202585
3538,1.06096381686774,0.7040406991520181,-1.0954730403388093
14147,-1.077851794929546,-0.8646390047607697,1.3225144938600255
5993,-0.6550626623649661,0.19619475184212273,0.8389169870202585
14500,1.5086228984067072,0.828180819605548,-2.062668054018343
915,-0.6550626623649661,0.2300511483294491,0.8389169870202585
13876,0.09103580686664531,-0.8759244702565452,-1.5790705471785762
4415,-1.003241948006385,-1.0564919181889523,0.35531948018049153
13451,-1.077851794929546,-1.0677773836847277,1.3225144938600255
10520,1.1853135617396753,-0.052085489064937186,-2.54626556085811
13011,0.6630446332775474,0.952320940059078,-0.1282780266592754
1817,-0.8291523051856755,-1.0903483146762787,0.35531948018049153
14982,-0.7545424582625144,-0.921066332239647,0.8389169870202585
10124,0.8620042250726437,0.4106185962618563,-0.6118755334990423
3949,1.1604436127652884,-0.11979828203958989,-1.0954730403388093
337,-0.9037621521088367,-1.1016337801720542,0.35531948018049153
2072,0.7625244291750957,0.6476133716731408,0.35531948018049153
13294,1.0360938678933531,1.4940232838562997,-1.5790705471785762
5822,-1.077851794929546,-1.2032029696340332,1.3225144938600255
10761,-1.052981845955159,-0.3342221264593235,0.8389169870202585
5143,-1.077851794929546,-1.124204711163605,0.8389169870202585
8398,-1.0281118969807719,-1.169346573146707,-0.1282780266592754
3513,0.3894751945592899,0.7943244231182217,0.35531948018049153
2815,0.06616585789225812,0.09462556238014368,0.35531948018049153
13349,-0.9783719990319979,-0.2326529369973444,0.8389169870202585
6375,2.8267301940492207,2.6338552989296202,-1.0954730403388093
9778,0.7376544802007085,0.01562730390971552,0.35531948018049153
13786,-0.13279373390283822,-0.21008200600579352,0.35531948018049153
8034,0.7127845312263216,-0.7517843498030152,-1.5790705471785762
11119,1.6827125412274162,1.979298300174644,-1.0954730403388093
8624,0.46408504148245106,0.8846081470844253,-0.1282780266592754
766,-0.9286321010832237,-0.9887791252142997,-0.1282780266592754
3782,1.4837529494323203,1.6407343353013806,0.35531948018049153
14180,-0.3317533256979346,-0.6502151603410361,-1.5790705471785762
1144,-1.077851794929546,-1.0452064526931768,1.3225144938600255
12521,-0.7545424582625144,-0.22136747150156896,0.8389169870202585
2510,-0.20740358082599933,-0.7743552807945661,-0.1282780266592754
14655,1.0112239189189662,-0.22136747150156896,-2.54626556085811
2273,-0.9286321010832237,-0.5825023673663834,1.3225144938600255
2860,-1.003241948006385,-1.0000645907100751,0.8389169870202585
1221,-0.25714347877477345,0.4219040617576318,0.35531948018049153
11067,1.4340130514835459,1.3247413014196678,-1.5790705471785762
4864,-0.9783719990319979,-0.36807852294664983,0.35531948018049153
14874,-0.9783719990319979,-0.6840715568283625,0.35531948018049153
7653,0.2402555007129675,-0.8533535392649942,-0.6118755334990423
8283,-0.48097301954425686,-0.10851281654381445,0.35531948018049153
9705,0.33973529661051577,0.9410354745633025,0.35531948018049153
7076,2.503420857382189,2.2952913340563565,-1.0954730403388093
4924,-0.3317533256979346,0.5573296477069372,-0.1282780266592754
4532,0.3148653476361286,1.0200337330337308,0.35531948018049153
6699,-0.05818388697967712,0.5686151132027126,0.8389169870202585
1672,-0.8788922031344497,-0.1423692130311408,0.35531948018049153
11736,-0.9286321010832237,-0.9097808667438715,0.8389169870202585
7136,0.3894751945592899,1.0651755950168325,0.35531948018049153
9987,-0.6550626623649661,0.07205463138859278,-0.1282780266592754
4055,-1.077851794929546,-1.1016337801720542,1.3225144938600255
15118,1.1107037148165144,2.0921529551323985,-1.0954730403388093
1808,-1.077851794929546,-1.2032029696340332,0.8389169870202585
2275,-1.052981845955159,-0.7179279533156888,-0.1282780266592754
3761,0.43921509250806384,0.726611630143569,-0.6118755334990423
13127,0.2402555007129675,-0.8420680737692188,-1.5790705471785762
10809,-1.077851794929546,-0.5486459708790571,0.8389169870202585
10436,0.6133047353287733,1.1216029224957098,-0.6118755334990423
6798,0.21538555173858054,0.7153261646477935,0.35531948018049153
2045,0.016425959943484204,0.6137569751858144,0.8389169870202585
9683,0.2899953986617417,1.0426046640252815,0.35531948018049153
7103,-1.052981845955159,-0.3342221264593235,0.8389169870202585
5113,-1.077851794929546,-1.1919175041382577,1.3225144938600255
1295,1.0112239189189662,1.4601668873689733,0.35531948018049153
15179,1.5583627963554811,2.329147730543683,0.8389169870202585
4687,-0.9286321010832237,-0.9549227287269733,0.8389169870202585
3952,-0.530712917493031,-0.7179279533156888,0.8389169870202585
11985,0.16564565378980642,-0.43579131592130255,-0.6118755334990423
4317,-0.28201342774916044,-0.6276442293494852,0.35531948018049153
10283,-0.28201342774916044,-0.5147895743917307,-0.1282780266592754
444,0.7376544802007085,0.4219040617576318,-0.1282780266592754
5519,0.5635648373799991,-0.4245058504255271,-0.6118755334990423
858,0.04129590891787117,0.6701843026646918,0.35531948018049153
11838,1.5086228984067072,1.8213017832337877,-1.5790705471785762
4439,-1.052981845955159,-0.9549227287269733,0.8389169870202585
5321,-0.9286321010832237,-0.1875110750142426,1.3225144938600255
841,-0.7794124072369014,-0.17622560951846716,0.35531948018049153
11967,-0.7296725092881273,-0.6276442293494852,-0.6118755334990423
7301,-0.28201342774916044,-0.9549227287269733,-0.1282780266592754
14214,-0.20740358082599933,-0.898495401248096,0.35531948018049153
11817,1.9811519289200612,1.922870972695767,-2.062668054018343
994,1.06096381686774,0.47833138923650903,-0.6118755334990423
15257,-0.7296725092881273,-0.4245058504255271,-1.0954730403388093
9212,0.5884347863543863,0.38804766527030543,-1.0954730403388093
1554,0.016425959943484204,0.252622079321,0.8389169870202585
13073,-0.28201342774916044,-0.5035041088959552,-0.1282780266592754
1973,-1.077851794929546,-0.4245058504255271,1.3225144938600255
1951,0.11590575584103227,0.7040406991520181,0.35531948018049153
14469,-0.505842968518644,0.15105288985902093,0.8389169870202585
9717,2.1055016737919963,1.8664436452168895,-0.1282780266592754
7775,-1.077851794929546,-0.6276442293494852,1.3225144938600255
13222,-1.077851794929546,-0.8533535392649942,0.8389169870202585
2513,0.09103580686664531,-0.7179279533156888,-1.0954730403388093
5559,-1.077851794929546,-0.796926211786117,1.3225144938600255
14561,0.33973529661051577,-0.6163587638537098,-1.5790705471785762
6301,0.886874174047031,0.7378970956393444,-1.0954730403388093
2835,0.2899953986617417,-0.10851281654381445,0.35531948018049153
4700,-0.7048025603137403,-0.9323517977354224,-0.6118755334990423
2445,1.583232745329868,0.9071790780759762,-2.062668054018343
2233,0.9366140719958048,-0.3003657299719971,-2.062668054018343
3050,2.3790711125102537,2.1372948171155004,-1.0954730403388093
12053,-1.077851794929546,-1.1919175041382577,0.8389169870202585
400,-1.077851794929546,-1.1016337801720542,0.8389169870202585
7759,-1.077851794929546,-0.7404988843072398,1.3225144938600255
7944,0.5884347863543863,0.08334009688436823,-0.1282780266592754
5198,0.43921509250806384,0.3541912687829791,-1.5790705471785762
13791,1.1853135617396753,0.252622079321,-2.062668054018343
10089,-0.033313938005289936,0.5009023202280599,-0.6118755334990423
1023,-0.08305383595406408,-0.45836224691285343,-0.1282780266592754
3298,-0.9286321010832237,-1.1016337801720542,-0.1282780266592754
6803,-0.6799326113393532,-0.040800023569161736,0.35531948018049153
9281,0.2899953986617417,1.0087482675379553,0.35531948018049153
14983,-0.8540222541600626,-1.022635521701626,-1.0954730403388093
11842,1.1107037148165144,1.5955924733182787,-1.5790705471785762
9785,0.2651254496873547,-0.27779479898044623,-1.0954730403388093
5894,-1.077851794929546,-1.0339209871974016,0.8389169870202585
4241,1.9562819799456737,1.7423035247633596,-0.6118755334990423
5424,-1.077851794929546,-1.1016337801720542,1.3225144938600255
6877,0.06616585789225812,-0.5373605053832816,-0.1282780266592754
8109,-0.35662327467232163,-0.2552238679888953,0.8389169870202585
12629,-0.3068833767235475,0.4331895272534072,-1.0954730403388093
4309,-0.40636317262109567,-0.5825023673663834,0.8389169870202585
4080,-1.052981845955159,-0.8759244702565452,0.8389169870202585
803,-0.6053227644161921,-0.4245058504255271,0.8389169870202585
1550,0.11590575584103227,0.252622079321,0.35531948018049153
1009,-0.08305383595406408,-0.27779479898044623,-0.1282780266592754
15302,-0.38149322364670873,-0.8307826082734433,0.8389169870202585
8880,-1.003241948006385,-0.4132203849297516,0.8389169870202585
2737,1.1604436127652884,1.652019800797156,-0.6118755334990423
12965,1.583232745329868,1.9115855071999914,-1.5790705471785762
5095,-1.077851794929546,-1.2032029696340332,0.35531948018049153
648,-1.003241948006385,-0.8646390047607697,0.35531948018049153
9015,-0.38149322364670873,-0.06337095456071264,-0.1282780266592754
2862,-0.05818388697967712,-0.6050732983579343,-0.6118755334990423
4975,1.4837529494323203,1.4263104908816469,0.35531948018049153
7810,0.5138249394312252,1.1103174569999343,-0.1282780266592754
6399,-0.8788922031344497,-0.052085489064937186,0.8389169870202585
9152,-1.077851794929546,-1.1580611076509315,1.3225144938600255
8176,2.57803070430535,2.374289592526785,-0.1282780266592754
550,-0.3317533256979346,0.5347587167153863,0.35531948018049153
14535,0.2402555007129675,-0.3116511954677726,-0.6118755334990423
5617,0.11590575584103227,0.8168953541097725,-0.1282780266592754
8121,-1.0281118969807719,-0.672786091332587,0.8389169870202585
9073,0.488954990456838,-0.4696477124086289,-0.1282780266592754
211,0.3894751945592899,0.952320940059078,0.35531948018049153
12825,-0.40636317262109567,-0.7292134188114643,-1.0954730403388093
12010,0.016425959943484204,-0.7517843498030152,-2.062668054018343
6343,0.8122643271238696,1.2683139739407907,-0.6118755334990423
1781,-1.077851794929546,-1.146775642155156,0.8389169870202585
11199,-0.7296725092881273,-0.21008200600579352,0.35531948018049153
3543,-0.4312331215954827,-0.17622560951846716,-0.1282780266592754
14553,-0.7296725092881273,-0.8872099357523205,0.35531948018049153
1438,-0.40636317262109567,-0.9774936597185242,0.8389169870202585
2515,-1.077851794929546,-1.146775642155156,1.3225144938600255
2868,0.5635648373799991,-0.5035041088959552,-0.1282780266592754
2434,0.16564565378980642,0.4444749927491827,-0.1282780266592754
5045,-0.4312331215954827,-0.6615006258368116,-0.1282780266592754
4792,-1.077851794929546,-1.0677773836847277,0.35531948018049153
12650,1.5583627963554811,1.4037395598900961,-2.54626556085811
9479,-1.077851794929546,-1.2032029696340332,1.3225144938600255
12963,0.6133047353287733,1.2908849049323414,-0.1282780266592754
12410,-0.9783719990319979,-1.146775642155156,0.8389169870202585
6475,-0.9783719990319979,-0.7066424878199133,0.8389169870202585
1314,-1.077851794929546,-0.5486459708790571,0.35531948018049153
9543,-1.077851794929546,-1.0564919181889523,0.8389169870202585
6824,0.16564565378980642,0.2751930103125509,0.35531948018049153
9980,0.19051560276419338,0.6814697681604671,0.35531948018049153
3979,0.7873943781494827,-0.6050732983579343,-1.5790705471785762
12,0.6630446332775474,-0.6953570223241379,-2.062668054018343
15076,2.1801115207151573,1.6858761972844822,0.35531948018049153
818,-1.077851794929546,-0.7517843498030152,0.8389169870202585
2784,1.9065420819969,1.652019800797156,-0.6118755334990423
14711,-0.18253363185161225,0.2300511483294491,-0.1282780266592754
13285,1.1107037148165144,1.4827378183605242,-1.0954730403388093
453,0.11590575584103227,0.24133661382522456,-0.1282780266592754
1049,-1.077851794929546,-1.1354901766593806,1.3225144938600255
14869,1.7573223881505777,0.850751750597099,-2.062668054018343
1656,1.8319322350737386,1.9905837656704195,-2.54626556085811
3457,1.7821923371249646,2.0470110931492966,-0.6118755334990423
12943,0.4143451435336769,1.1441738534872608,-0.6118755334990423
13412,-1.003241948006385,-0.7066424878199133,0.8389169870202585
12034,0.09103580686664531,-0.8759244702565452,-0.1282780266592754
13318,1.1853135617396753,1.674590731788707,-1.0954730403388093
5139,-1.052981845955159,-1.1129192456678296,0.35531948018049153
2908,-1.077851794929546,-1.2032029696340332,0.35531948018049153
11340,-1.077851794929546,-1.169346573146707,0.35531948018049153
940,1.4340130514835459,1.629448869805605,-1.0954730403388093
7030,-1.077851794929546,-0.7292134188114643,0.8389169870202585
13944,0.19051560276419338,-0.09722735104803899,-0.1282780266592754
11800,1.8319322350737386,1.5955924733182787,-2.062668054018343
13625,-0.008443989030902977,0.46704592374073356,0.35531948018049153
9814,0.6133047353287733,-0.5599314363748324,-2.54626556085811
11720,-1.052981845955159,-1.0903483146762787,0.8389169870202585
4634,1.1355736637909013,0.7378970956393444,-0.6118755334990423
8459,0.3894751945592899,-0.22136747150156896,-0.6118755334990423
13024,0.11590575584103227,0.4331895272534072,-0.1282780266592754
6693,1.1107037148165144,1.2795994394365662,-0.1282780266592754
1400,-1.0281118969807719,-1.022635521701626,1.3225144938600255
9932,-0.8788922031344497,-0.6389296948452606,1.3225144938600255
30,-0.6799326113393532,-0.9097808667438715,-0.1282780266592754
6363,1.1604436127652884,1.629448869805605,-0.6118755334990423
6258,-0.033313938005289936,-0.5035041088959552,0.35531948018049153
13633,0.8371342760982567,1.1216029224957098,-0.6118755334990423
3677,-1.077851794929546,-1.146775642155156,1.3225144938600255
11910,-0.38149322364670873,0.2751930103125509,0.35531948018049153
672,0.7127845312263216,-0.4132203849297516,-1.0954730403388093
8634,0.8122643271238696,0.9636064055548534,0.8389169870202585
9297,2.080631724817609,2.2162930755859285,-1.0954730403388093
11823,-0.7794124072369014,0.00434183841394007,0.8389169870202585
14610,-0.9535020500576108,-1.124204711163605,0.8389169870202585
5466,-1.077851794929546,-1.2032029696340332,1.3225144938600255
11890,0.886874174047031,1.3585976979069943,-0.6118755334990423
6973,0.46408504148245106,-0.5373605053832816,-0.6118755334990423
9391,-1.077851794929546,-0.8194971427776678,0.8389169870202585
1108,-0.033313938005289936,-0.8420680737692188,-2.062668054018343
14448,1.9562819799456737,1.9905837656704195,-1.5790705471785762
13906,-0.9286321010832237,-1.0452064526931768,0.35531948018049153
3229,-1.052981845955159,-1.0564919181889523,0.8389169870202585
11388,1.4588830004579327,0.4444749927491827,-2.54626556085811
15267,-0.8540222541600626,-0.5599314363748324,0.8389169870202585
8359,-1.0281118969807719,-1.1016337801720542,0.8389169870202585
3319,0.016425959943484204,-0.672786091332587,-0.6118755334990423
10264,0.8620042250726437,-0.3793639884424253,-1.5790705471785762
5835,-0.7048025603137403,-1.0564919181889523,-1.0954730403388093
12578,-1.003241948006385,-0.2326529369973444,1.3225144938600255
13589,-0.05818388697967712,-0.052085489064937186,0.8389169870202585
8314,0.11590575584103227,-0.1875110750142426,-1.0954730403388093
11298,-1.077851794929546,-1.1919175041382577,0.35531948018049153
2553,-1.003241948006385,-1.1580611076509315,-0.1282780266592754
4775,0.16564565378980642,-0.6840715568283625,-0.1282780266592754
6647,-0.7794124072369014,-0.5486459708790571,0.8389169870202585
2686,-0.20740358082599933,0.4896168547322845,0.8389169870202585
13124,-0.8291523051856755,-1.0790628491805032,-0.1282780266592754
11446,0.19051560276419338,0.7491825611351198,-1.0954730403388093
1563,-0.530712917493031,-0.029514558073386283,0.35531948018049153
6688,0.016425959943484204,0.5121877857238354,0.35531948018049153
555,-1.077851794929546,-0.44707678141707796,1.3225144938600255
3071,0.36460524558490276,1.053890129521057,0.8389169870202585
11947,-0.20740358082599933,-0.0746564200564881,0.35531948018049153
13159,-0.10792378492845114,-0.8646390047607697,-1.0954730403388093
4474,-1.077851794929546,-0.7179279533156888,1.3225144938600255
7724,-0.7048025603137403,-0.7292134188114643,1.3225144938600255
12127,0.8122643271238696,0.3654767342787545,-1.5790705471785762
11417,-0.7048025603137403,-0.2552238679888953,0.35531948018049153
4856,-0.28201342774916044,0.2300511483294491,0.35531948018049153
5268,1.3842731535347719,1.776159921250686,0.35531948018049153
2853,-1.052981845955159,-1.0000645907100751,-0.1282780266592754
6887,-0.555582866467418,-0.8420680737692188,-0.1282780266592754
8000,0.14077570481541946,-0.7743552807945661,-0.1282780266592754
11656,-1.077851794929546,-1.1806320386424822,0.8389169870202585
11682,-0.6053227644161921,-1.0339209871974016,-1.0954730403388093
10375,0.6381746843031604,1.2457430429492398,-0.1282780266592754
4601,-1.077851794929546,-0.5486459708790571,1.3225144938600255
13361,0.7625244291750957,1.1893157154703624,-1.5790705471785762
8149,-0.3068833767235475,0.2639075448167755,-0.1282780266592754
14159,-1.077851794929546,-0.9436372632311979,0.8389169870202585
2213,0.7873943781494827,-0.5937878328621589,-1.0954730403388093
4929,-0.555582866467418,0.3316203377914282,0.8389169870202585
11165,0.36460524558490276,0.9748918710506289,0.35531948018049153
11227,1.3096633066116106,0.45576045824495814,-2.062668054018343
12222,0.06616585789225812,0.8958936125802007,0.35531948018049153
11505,-0.6301927133905793,0.252622079321,-0.1282780266592754
2111,0.488954990456838,-0.1423692130311408,0.35531948018049153
13079,-0.7048025603137403,-0.7630698152987906,1.3225144938600255
10328,0.8122643271238696,0.850751750597099,-2.54626556085811
14161,-0.8540222541600626,-0.7292134188114643,0.8389169870202585
13929,-0.8540222541600626,-0.8533535392649942,0.35531948018049153
15064,0.3894751945592899,0.4444749927491827,0.35531948018049153
10780,-0.7545424582625144,0.10591102787591913,0.8389169870202585
7492,0.7873943781494827,1.3811686288985452,0.8389169870202585
4446,-1.003241948006385,-0.8194971427776678,1.3225144938600255
13884,0.2402555007129675,-0.8194971427776678,-2.062668054018343
11491,-0.6799326113393532,0.21876568283367365,0.35531948018049153
15285,-0.3317533256979346,-0.6502151603410361,0.35531948018049153
8077,-1.077851794929546,-1.0790628491805032,1.3225144938600255
5026,-0.13279373390283822,-0.3003657299719971,-0.1282780266592754
28,-0.8291523051856755,-0.9887791252142997,-0.6118755334990423
14533,-0.08305383595406408,-0.4132203849297516,0.8389169870202585
14443,0.488954990456838,1.1216029224957098,0.35531948018049153
10446,1.583232745329868,1.5955924733182787,-0.6118755334990423
10261,-0.3317533256979346,-0.7630698152987906,-1.0954730403388093
355,-1.077851794929546,-1.2032029696340332,1.3225144938600255
1429,-1.077851794929546,-1.1806320386424822,-1.5790705471785762
11322,-1.077851794929546,-1.1919175041382577,0.8389169870202585
10821,-0.05818388697967712,0.45576045824495814,0.35531948018049153
11069,1.7573223881505777,1.5391651458394016,-2.062668054018343
12551,0.488954990456838,1.031319198529506,-0.1282780266592754
9807,0.3148653476361286,-0.5599314363748324,-1.5790705471785762
332,-0.8042823562112885,-1.0339209871974016,-0.6118755334990423
5643,2.57803070430535,2.498429712980315,-2.062668054018343
9194,-1.077851794929546,-0.921066332239647,1.3225144938600255
8812,-0.28201342774916044,-0.6276442293494852,-0.1282780266592754
13725,-0.7545424582625144,0.00434183841394007,0.8389169870202585
4224,1.5086228984067072,1.7084471282760332,-1.0954730403388093
964,-0.3317533256979346,0.2074802173378982,0.8389169870202585
15308,-1.077851794929546,-1.1129192456678296,1.3225144938600255
120,-1.003241948006385,-0.36807852294664983,1.3225144938600255
4930,-1.077851794929546,-0.43579131592130255,1.3225144938600255
6791,-0.28201342774916044,0.4106185962618563,0.8389169870202585
5579,1.1853135617396753,1.0426046640252815,-0.6118755334990423
7332,-0.38149322364670873,-0.8307826082734433,0.8389169870202585
8116,-0.6799326113393532,-0.3793639884424253,0.8389169870202585
4710,-0.4312331215954827,-0.898495401248096,-0.1282780266592754
3281,-1.077851794929546,-1.2032029696340332,1.3225144938600255
2370,-0.6550626623649661,0.24133661382522456,0.35531948018049153
5522,-0.9037621521088367,-0.9323517977354224,0.8389169870202585
2544,0.09103580686664531,-0.8759244702565452,-0.1282780266592754
11547,-0.7545424582625144,-0.08594188555226354,0.35531948018049153
9494,-0.4312331215954827,-0.9774936597185242,-0.1282780266592754
2885,-1.077851794929546,-1.169346573146707,1.3225144938600255
13232,0.33973529661051577,0.28647847580832636,-1.5790705471785762
2178,0.2899953986617417,-0.8420680737692188,-0.6118755334990423
9150,-1.077851794929546,-1.1580611076509315,1.3225144938600255
4898,0.3894751945592899,1.076461060512608,-0.1282780266592754
5153,-1.077851794929546,-1.0903483146762787,1.3225144938600255
1209,-0.6799326113393532,-0.052085489064937186,0.35531948018049153
5170,-1.077851794929546,-1.0000645907100751,1.3225144938600255
11463,1.3096633066116106,1.6407343353013806,-1.5790705471785762
9826,-1.0281118969807719,-1.124204711163605,-0.6118755334990423
11189,-0.10792378492845114,0.39933313076608085,-1.0954730403388093
3123,-1.077851794929546,-0.4809331779044043,1.3225144938600255
12290,-0.38149322364670873,0.12848195886747005,0.8389169870202585
1544,-1.077851794929546,-0.7856407462903415,-0.1282780266592754
10154,0.09103580686664531,-0.4019349194339762,0.35531948018049153
14602,-0.555582866467418,-1.022635521701626,-0.1282780266592754
10979,-0.7545424582625144,-0.9887791252142997,0.8389169870202585
7207,0.6133047353287733,0.2074802173378982,0.35531948018049153
11544,-1.077851794929546,-0.5712169018706079,0.8389169870202585
9849,0.43921509250806384,-0.8194971427776678,-2.062668054018343
10359,-0.9037621521088367,-0.1649401440226917,0.8389169870202585
15201,-0.2322735298003864,0.37676219977452996,1.3225144938600255
945,2.1801115207151573,1.9905837656704195,-2.062668054018343
14352,2.055761775843222,1.629448869805605,-2.54626556085811
4550,-0.6053227644161921,0.29776394130410183,0.8389169870202585
13708,-0.08305383595406408,0.7153261646477935,1.3225144938600255
12496,-0.7048025603137403,-0.43579131592130255,0.35531948018049153
13312,-0.8540222541600626,0.00434183841394007,0.8389169870202585
8526,0.8620042250726437,1.2118866464619134,0.35531948018049153
9270,2.453680959433415,2.2952913340563565,-2.062668054018343
14614,-1.077851794929546,-1.1919175041382577,1.3225144938600255
1675,2.3044612655870926,2.0582965586450723,-1.5790705471785762
9644,1.8816721330225128,2.0357256276535214,-1.0954730403388093
1561,-1.077851794929546,-0.6615006258368116,0.8389169870202585
11858,-0.28201342774916044,0.602471509690039,0.8389169870202585
14798,0.11590575584103227,0.8958936125802007,0.8389169870202585
7978,0.6133047353287733,-0.44707678141707796,-1.0954730403388093
6213,-1.077851794929546,-1.1919175041382577,1.3225144938600255
8183,0.8620042250726437,1.3924540943943207,0.8389169870202585
6044,2.6029006532797374,2.374289592526785,-1.5790705471785762
4541,-1.077851794929546,-0.43579131592130255,1.3225144938600255
1782,-1.077851794929546,-1.146775642155156,1.3225144938600255
9321,-0.10792378492845114,0.7153261646477935,0.8389169870202585
13761,-0.8042823562112885,-0.36807852294664983,0.8389169870202585
1095,-0.3317533256979346,-0.9549227287269733,0.35531948018049153
7198,1.06096381686774,0.5799005786984881,-0.1282780266592754
14122,1.1355736637909013,0.9974628020421797,-1.5790705471785762
8108,0.16564565378980642,0.01562730390971552,0.35531948018049153
3287,-1.077851794929546,-1.1919175041382577,0.35531948018049153
12681,0.5138249394312252,0.252622079321,-0.6118755334990423
677,-1.077851794929546,-1.1129192456678296,1.3225144938600255
6193,-1.077851794929546,-1.2032029696340332,0.8389169870202585
2605,-0.8788922031344497,-0.8759244702565452,0.8389169870202585
1392,0.14077570481541946,-0.43579131592130255,-0.6118755334990423
8753,0.11590575584103227,-0.8759244702565452,-0.6118755334990423
13277,0.33973529661051577,0.8958936125802007,-0.6118755334990423
752,-1.077851794929546,-1.1580611076509315,1.3225144938600255
1711,-1.052981845955159,-0.6840715568283625,0.8389169870202585
3737,0.9614840209701918,0.6250424406815899,-0.1282780266592754
15012,0.3148653476361286,-0.43579131592130255,-0.6118755334990423
15009,-0.8291523051856755,-0.7856407462903415,-0.1282780266592754
13105,-0.2322735298003864,-0.8082116772818925,-0.1282780266592754
3215,-0.38149322364670873,-0.5937878328621589,-0.1282780266592754
797,-0.9286321010832237,-0.7179279533156888,1.3225144938600255
8410,-0.35662327467232163,-0.9323517977354224,0.35531948018049153
1777,-0.35662327467232163,-0.8082116772818925,-0.1282780266592754
4113,1.8070622860993515,1.2683139739407907,-2.062668054018343
1770,-1.077851794929546,-1.1016337801720542,0.8389169870202585
13973,-1.077851794929546,-0.7066424878199133,1.3225144938600255
10411,-0.05818388697967712,0.7717534921266708,0.8389169870202585
13077,0.16564565378980642,-0.3793639884424253,-0.6118755334990423
7306,0.3894751945592899,-0.796926211786117,-0.1282780266592754
6412,2.503420857382189,2.2840058685605813,-1.5790705471785762
3022,1.359403204560385,1.1328883879914853,-0.6118755334990423
14221,-0.05818388697967712,-0.898495401248096,-1.5790705471785762
4228,-0.555582866467418,0.21876568283367365,0.35531948018049153
14120,-0.18253363185161225,0.24133661382522456,-0.1282780266592754
3012,-1.077851794929546,-0.7292134188114643,1.3225144938600255
14014,-1.077851794929546,-0.4696477124086289,1.3225144938600255
15136,0.04129590891787117,1.4714523528647487,1.3225144938600255
5764,0.9366140719958048,0.01562730390971552,-1.0954730403388093
15337,-0.15766368287722518,-0.9097808667438715,0.8389169870202585
4619,0.8122643271238696,0.9184645435717517,-1.5790705471785762
12557,-0.28201342774916044,0.4896168547322845,-1.0954730403388093
13388,1.1107037148165144,1.031319198529506,-1.0954730403388093
7169,0.7127845312263216,0.9636064055548534,0.35531948018049153
10165,-0.05818388697967712,-0.5825023673663834,-0.1282780266592754
527,-0.6301927133905793,0.2639075448167755,0.35531948018049153
366,0.5884347863543863,-0.7630698152987906,-1.5790705471785762
6098,0.3894751945592899,0.3203348722956527,0.35531948018049153
14091,1.1853135617396753,1.4601668873689733,-1.5790705471785762
4264,0.8371342760982567,0.6814697681604671,-0.1282780266592754
4262,0.9863539699445792,0.7943244231182217,0.35531948018049153
10508,-0.9783719990319979,-0.8307826082734433,0.35531948018049153
1919,1.6329726432786424,1.1328883879914853,-2.062668054018343
701,-0.9783719990319979,-1.124204711163605,0.8389169870202585
6170,-1.0281118969807719,-1.1129192456678296,0.35531948018049153
14315,-1.077851794929546,-0.8759244702565452,1.3225144938600255
9626,0.886874174047031,1.2683139739407907,-0.6118755334990423
5018,0.06616585789225812,-0.08594188555226354,-0.1282780266592754
6991,-0.8540222541600626,-0.8420680737692188,0.35531948018049153
4423,-0.9783719990319979,-0.9887791252142997,0.35531948018049153
12126,0.16564565378980642,0.026912769405490974,-0.1282780266592754
4868,-1.077851794929546,-0.5373605053832816,1.3225144938600255
1298,-0.25714347877477345,0.5347587167153863,0.8389169870202585
7303,-1.052981845955159,-1.1806320386424822,0.8389169870202585
1352,0.6630446332775474,0.4219040617576318,-2.54626556085811
2926,-0.38149322364670873,-0.9549227287269733,-0.1282780266592754
14220,-0.8540222541600626,-1.0903483146762787,-0.1282780266592754
11907,0.7376544802007085,1.0990319915041589,-0.1282780266592754
1287,1.4091431025091588,1.7648744557549105,-0.6118755334990423
9233,-0.9535020500576108,-0.43579131592130255,0.35531948018049153
11552,0.11590575584103227,0.5799005786984881,0.35531948018049153
12555,-0.9037621521088367,-0.1423692130311408,0.35531948018049153
4350,-1.077851794929546,-1.169346573146707,0.8389169870202585
8879,-0.530712917493031,0.08334009688436823,0.8389169870202585
3697,0.43921509250806384,-0.4019349194339762,-0.6118755334990423
2013,2.2795913166127058,2.2840058685605813,-2.062668054018343
10260,0.9366140719958048,-0.4132203849297516,-2.54626556085811
4373,-1.077851794929546,-1.2032029696340332,1.3225144938600255
9240,1.1853135617396753,1.1893157154703624,-0.6118755334990423
5677,1.4837529494323203,1.7648744557549105,-0.6118755334990423
12184,1.2847933576372237,1.5391651458394016,-0.6118755334990423
11200,0.16564565378980642,0.4444749927491827,0.35531948018049153
2147,-1.077851794929546,-1.146775642155156,1.3225144938600255
8618,0.19051560276419338,0.7604680266308953,0.35531948018049153
2705,0.9117441230214178,1.4375959563774223,-0.6118755334990423
5473,-0.48097301954425686,-1.0000645907100751,-0.1282780266592754
8700,0.2402555007129675,-0.43579131592130255,-0.1282780266592754
2570,-0.6301927133905793,-0.9887791252142997,-0.6118755334990423
14980,-1.0281118969807719,-1.0677773836847277,0.8389169870202585
7105,-0.38149322364670873,0.5121877857238354,0.8389169870202585
14968,0.16564565378980642,-0.8646390047607697,-1.5790705471785762
10249,-0.033313938005289936,-0.7743552807945661,-1.0954730403388093
9952,0.5635648373799991,0.5234732512196109,-0.1282780266592754
8142,0.7127845312263216,0.8733226815886498,0.35531948018049153
12539,1.4588830004579327,1.5165942148478506,-1.5790705471785762
810,-1.077851794929546,-0.8082116772818925,1.3225144938600255
7744,1.3842731535347719,0.6137569751858144,-1.5790705471785762
5684,1.533492847381094,1.7310180592675841,-0.1282780266592754
8449,1.0112239189189662,-0.1649401440226917,0.35531948018049153
312,0.2899953986617417,-0.5825023673663834,-1.0954730403388093
2073,-1.003241948006385,-0.5825023673663834,0.35531948018049153
10907,0.4143451435336769,-0.5825023673663834,-2.062668054018343
11533,-0.3068833767235475,0.4331895272534072,0.35531948018049153
11236,-1.077851794929546,-0.9323517977354224,1.3225144938600255
885,-0.2322735298003864,0.6250424406815899,0.35531948018049153
1477,-0.3068833767235475,-0.8872099357523205,0.8389169870202585
1790,-1.077851794929546,-1.169346573146707,1.3225144938600255
3142,-0.7048025603137403,-0.006943627081835381,0.8389169870202585
8641,-0.555582866467418,-0.040800023569161736,0.35531948018049153
2008,0.2402555007129675,1.0087482675379553,-0.6118755334990423
3454,0.04129590891787117,0.8733226815886498,0.8389169870202585
682,-1.003241948006385,-1.0677773836847277,0.8389169870202585
3895,0.6133047353287733,0.7040406991520181,0.35531948018049153
8018,0.16564565378980642,-0.8646390047607697,-0.6118755334990423
8998,0.016425959943484204,0.47833138923650903,0.35531948018049153
6978,0.09103580686664531,-0.5825023673663834,0.35531948018049153
57,0.016425959943484204,-0.3793639884424253,0.35531948018049153
6918,-0.38149322364670873,-0.9662081942227487,0.8389169870202585
13856,-1.077851794929546,-1.1919175041382577,1.3225144938600255
11256,0.7873943781494827,-0.2552238679888953,-1.5790705471785762
2399,0.33973529661051577,0.952320940059078,0.8389169870202585
13053,-0.6053227644161921,-0.44707678141707796,0.8389169870202585
14776,0.09103580686664531,0.9071790780759762,0.35531948018049153
4126,0.5635648373799991,0.8056098886139971,0.35531948018049153
9249,-1.077851794929546,-0.5486459708790571,1.3225144938600255
9024,1.6081026943042553,0.8056098886139971,-1.0954730403388093
11225,1.6578425922530293,0.6363279061773653,-1.5790705471785762
1468,0.3894751945592899,-0.7743552807945661,-1.0954730403388093
5761,1.0360938678933531,0.10591102787591913,-0.1282780266592754
1416,-1.077851794929546,-1.146775642155156,0.35531948018049153
470,0.8620042250726437,0.9410354745633025,-0.1282780266592754
2358,0.2899953986617417,1.0651755950168325,0.35531948018049153
2722,2.528290806356576,2.4645733164929884,-2.062668054018343
7383,-0.18253363185161225,-0.08594188555226354,0.35531948018049153
6886,0.09103580686664531,-0.6276442293494852,0.35531948018049153
7501,-0.15766368287722518,0.6476133716731408,0.35531948018049153
13085,-1.077851794929546,-1.0677773836847277,1.3225144938600255
14184,-0.7048025603137403,-0.8420680737692188,-0.1282780266592754
9019,-0.8042823562112885,-0.4245058504255271,0.8389169870202585
4525,-0.15766368287722518,0.6250424406815899,-0.1282780266592754
4610,1.9314120309712868,1.6633052662929315,-0.6118755334990423
6942,-0.505842968518644,-0.9887791252142997,0.35531948018049153
14083,-0.13279373390283822,0.6250424406815899,0.35531948018049153
6041,-0.2322735298003864,0.5799005786984881,0.8389169870202585
11840,0.8620042250726437,1.4263104908816469,-1.5790705471785762
3869,2.2795913166127058,2.0131546966619704,-1.5790705471785762
9054,1.2599234086628366,0.06076916589281733,-2.062668054018343
14721,0.7873943781494827,0.9861773365464044,-0.6118755334990423
13217,1.1853135617396753,0.39933313076608085,-2.54626556085811
6786,-1.077851794929546,-0.5147895743917307,1.3225144938600255
6962,-1.052981845955159,-1.124204711163605,0.35531948018049153
7139,1.2101835107140624,1.5843070078225032,0.35531948018049153
10791,-1.077851794929546,-0.4696477124086289,1.3225144938600255
12058,0.11590575584103227,-0.8420680737692188,-1.0954730403388093
4674,0.6879145822519344,-0.17622560951846716,-1.5790705471785762
1055,-1.077851794929546,-1.1580611076509315,0.8389169870202585
2281,0.5635648373799991,0.5121877857238354,0.8389169870202585
9365,0.4143451435336769,0.7040406991520181,0.8389169870202585
11389,0.6630446332775474,0.1397674243632455,-1.0954730403388093
7930,-0.8540222541600626,-0.5373605053832816,0.35531948018049153
7472,1.1604436127652884,1.6633052662929315,0.35531948018049153
1924,-1.052981845955159,-0.6050732983579343,0.8389169870202585
6379,1.7573223881505777,2.0357256276535214,0.35531948018049153
4907,1.2599234086628366,1.7084471282760332,-0.1282780266592754
11514,0.9366140719958048,1.4601668873689733,-1.0954730403388093
15066,0.2651254496873547,0.4896168547322845,-0.1282780266592754
1075,-1.077851794929546,-1.2032029696340332,0.8389169870202585
1115,-1.077851794929546,-1.1580611076509315,0.8389169870202585
3936,-0.4561030705698698,-0.5147895743917307,0.8389169870202585
3533,0.8620042250726437,0.6927552336562426,-0.6118755334990423
9340,0.8371342760982567,1.2683139739407907,-0.6118755334990423
9219,-0.7794124072369014,-0.3793639884424253,0.35531948018049153
460,1.1604436127652884,0.9410354745633025,-1.0954730403388093
3032,-0.6799326113393532,-0.0746564200564881,0.35531948018049153
4207,-0.48097301954425686,0.38804766527030543,-0.1282780266592754
6713,-0.35662327467232163,0.4331895272534072,0.35531948018049153
13685,-0.033313938005289936,0.8168953541097725,0.35531948018049153
6398,0.8371342760982567,1.4037395598900961,-0.1282780266592754
5841,-0.8788922031344497,-1.1016337801720542,0.35531948018049153
13995,0.16564565378980642,0.6363279061773653,-0.6118755334990423
1452,-1.052981845955159,-1.1806320386424822,-0.1282780266592754
2149,0.04129590891787117,-0.7517843498030152,0.35531948018049153
319,-1.077851794929546,-1.1354901766593806,0.8389169870202585
10885,-1.077851794929546,-1.022635521701626,1.3225144938600255
11500,2.528290806356576,2.4645733164929884,-2.54626556085811
6769,0.3148653476361286,1.0200337330337308,0.8389169870202585
1922,-1.077851794929546,-0.6840715568283625,1.3225144938600255
10635,1.06096381686774,-0.2326529369973444,-2.062668054018343
13642,2.2298514186639316,2.0582965586450723,-2.062668054018343
12264,1.4588830004579327,1.629448869805605,-1.0954730403388093
12376,-0.6550626623649661,-0.9436372632311979,-0.1282780266592754
7803,1.2350534596884497,1.527879680343626,-0.1282780266592754
8948,-0.7048025603137403,0.17362382085057185,0.8389169870202585
14490,0.9863539699445792,0.7717534921266708,-1.5790705471785762
2129,0.04129590891787117,-0.5599314363748324,-0.1282780266592754
6403,1.583232745329868,1.8438727142253386,-0.6118755334990423
7405,1.4588830004579327,1.1893157154703624,-0.6118755334990423
6478,-0.580452815441805,-0.4245058504255271,0.8389169870202585
6300,0.7625244291750957,0.6476133716731408,-0.6118755334990423
8866,-0.05818388697967712,0.29776394130410183,-0.1282780266592754
15248,-0.08305383595406408,0.12848195886747005,0.8389169870202585
9049,1.2847933576372237,0.16233835535479638,-2.062668054018343
12599,1.6827125412274162,1.9680128346788686,-1.5790705471785762
2509,-1.052981845955159,-1.1016337801720542,-0.1282780266592754
1052,-1.077851794929546,-1.146775642155156,0.8389169870202585
7821,1.0360938678933531,1.527879680343626,0.35531948018049153
6152,0.9863539699445792,-0.35679305745087436,-0.1282780266592754
1681,0.8122643271238696,1.1328883879914853,-1.0954730403388093
10522,1.1355736637909013,-0.10851281654381445,-2.54626556085811
4067,-1.052981845955159,-1.0000645907100751,1.3225144938600255
5024,-1.077851794929546,-0.921066332239647,0.8389169870202585
1456,-0.38149322364670873,-0.9774936597185242,-0.6118755334990423
8412,-1.077851794929546,-1.1806320386424822,0.8389169870202585
361,-0.580452815441805,-1.022635521701626,0.35531948018049153
8871,2.130371622766383,1.629448869805605,-2.54626556085811
14717,1.6578425922530293,1.4150250253858716,0.8389169870202585
10676,-0.35662327467232163,-0.10851281654381445,0.8389169870202585
15141,1.1107037148165144,2.103438420628174,-0.1282780266592754
3145,-0.6799326113393532,-0.006943627081835381,0.8389169870202585
13777,-1.077851794929546,-0.8420680737692188,1.3225144938600255
9071,-0.8042823562112885,-0.898495401248096,0.35531948018049153
505,-1.077851794929546,-0.44707678141707796,1.3225144938600255
12158,0.6879145822519344,0.8394662851013235,-1.0954730403388093
7171,0.21538555173858054,0.6250424406815899,0.35531948018049153
13678,-0.9037621521088367,-0.06337095456071264,0.8389169870202585
10782,-1.077851794929546,-0.44707678141707796,0.8389169870202585
9883,-0.033313938005289936,-0.7856407462903415,-1.0954730403388093
13348,1.5086228984067072,1.7648744557549105,-0.1282780266592754
540,0.43921509250806384,1.1667447844788115,0.35531948018049153
4235,0.9366140719958048,1.2457430429492398,-0.6118755334990423
5507,-1.077851794929546,-1.1354901766593806,1.3225144938600255
12998,1.583232745329868,1.6633052662929315,-2.062668054018343
12187,-0.8042823562112885,-0.029514558073386283,-0.1282780266592754
11440,-0.505842968518644,0.1397674243632455,-1.0954730403388093
13864,-1.077851794929546,-1.2032029696340332,1.3225144938600255
754,-0.7794124072369014,-0.9887791252142997,0.35531948018049153
11566,1.9811519289200612,1.2795994394365662,-2.54626556085811
2003,2.6029006532797374,2.498429712980315,-1.0954730403388093
2542,-1.077851794929546,-1.2032029696340332,0.8389169870202585
6073,1.1853135617396753,1.2344575774534643,-1.0954730403388093
2918,-1.077851794929546,-1.2032029696340332,0.35531948018049153
7793,-1.077851794929546,-0.5260750398875061,1.3225144938600255
5218,1.0112239189189662,1.0087482675379553,-1.0954730403388093
237,0.7625244291750957,0.8733226815886498,-0.1282780266592754
4271,0.9117441230214178,0.602471509690039,-0.1282780266592754
5875,-1.077851794929546,-1.124204711163605,1.3225144938600255
7375,-0.555582866467418,-0.4132203849297516,0.8389169870202585
100,0.19051560276419338,0.45576045824495814,0.35531948018049153
8354,0.6381746843031604,-0.5599314363748324,-0.6118755334990423
11056,-0.8788922031344497,-0.3793639884424253,0.8389169870202585
10017,1.533492847381094,1.8664436452168895,-0.6118755334990423
7187,-0.38149322364670873,-0.040800023569161736,0.8389169870202585
5362,-0.05818388697967712,0.16233835535479638,0.35531948018049153
4766,-1.077851794929546,-1.1580611076509315,0.8389169870202585
8117,-1.077851794929546,-0.796926211786117,1.3225144938600255
4880,-1.052981845955159,-0.4019349194339762,0.8389169870202585
9466,-1.052981845955159,-1.169346573146707,-0.1282780266592754
601,0.6879145822519344,0.8394662851013235,-0.1282780266592754
13084,0.9863539699445792,-0.2326529369973444,-2.062668054018343
13698,0.8371342760982567,1.4263104908816469,-1.0954730403388093
6182,-0.530712917493031,-0.9887791252142997,0.8389169870202585
11173,-1.077851794929546,-0.5373605053832816,1.3225144938600255
15334,-0.20740358082599933,-0.8872099357523205,0.35531948018049153
2431,0.6879145822519344,0.7943244231182217,-0.1282780266592754
8729,-1.0281118969807719,-1.124204711163605,0.8389169870202585
1044,-1.077851794929546,-1.124204711163605,1.3225144938600255
14761,1.7821923371249646,2.0018692311661948,-1.0954730403388093
1557,0.9366140719958048,0.8394662851013235,-0.6118755334990423
5009,-0.40636317262109567,-0.22136747150156896,0.8389169870202585
1487,-0.28201342774916044,-0.8082116772818925,0.8389169870202585
6577,-1.077851794929546,-1.1919175041382577,1.3225144938600255
10739,-1.0281118969807719,-0.28908026447622165,0.8389169870202585
14121,-1.0281118969807719,-0.5599314363748324,1.3225144938600255
9079,-0.580452815441805,-0.8646390047607697,-0.1282780266592754
2115,-1.077851794929546,-1.0000645907100751,0.8389169870202585
5795,-1.077851794929546,-1.124204711163605,0.8389169870202585
13637,1.0360938678933531,1.302170370428117,-1.0954730403388093
9603,1.359403204560385,1.2344575774534643,-0.1282780266592754
8292,1.3096633066116106,0.726611630143569,-0.1282780266592754
5491,0.3148653476361286,-0.7630698152987906,-1.0954730403388093
10772,-0.008443989030902977,0.828180819605548,-0.6118755334990423
618,-0.8788922031344497,-0.4922186434001798,0.8389169870202585
11492,-0.033313938005289936,0.8168953541097725,-0.1282780266592754
8542,1.3345332555859974,1.6633052662929315,-0.1282780266592754
15212,-0.505842968518644,0.6476133716731408,0.35531948018049153
15010,-0.7048025603137403,-0.8646390047607697,0.8389169870202585
3396,-1.052981845955159,-0.5373605053832816,0.8389169870202585
1600,-0.40636317262109567,0.38804766527030543,0.35531948018049153
11450,-1.077851794929546,-0.5035041088959552,1.3225144938600255
14889,-0.9535020500576108,-0.7856407462903415,1.3225144938600255
1615,1.085833765842127,1.5843070078225032,0.8389169870202585
1752,1.0112239189189662,-0.0746564200564881,-0.6118755334990423
10335,1.9811519289200612,1.6068779388140542,-2.54626556085811
2040,0.09103580686664531,0.7153261646477935,0.8389169870202585
2083,-0.38149322364670873,-0.15365467852691625,0.8389169870202585
9193,-0.40636317262109567,-0.4245058504255271,0.8389169870202585
546,0.9863539699445792,1.5391651458394016,-0.1282780266592754
6199,-0.8291523051856755,-1.0903483146762787,1.3225144938600255
10994,-1.077851794929546,-1.1016337801720542,1.3225144938600255
9796,0.9863539699445792,-0.22136747150156896,-0.6118755334990423
11529,-1.052981845955159,-0.4019349194339762,1.3225144938600255
5147,-1.077851794929546,-1.1129192456678296,1.3225144938600255
11748,-0.10792378492845114,-0.3003657299719971,-0.1282780266592754
675,-1.077851794929546,-1.1016337801720542,1.3225144938600255
2545,-1.077851794929546,-1.2032029696340332,0.8389169870202585
4371,-1.077851794929546,-1.2032029696340332,0.8389169870202585
12769,-1.077851794929546,-1.2032029696340332,0.8389169870202585
3999,-1.077851794929546,-1.2032029696340332,0.35531948018049153
14578,0.14077570481541946,-0.796926211786117,-2.062668054018343
6014,0.8620042250726437,1.4714523528647487,0.35531948018049153
5096,-1.077851794929546,-1.2032029696340332,0.8389169870202585
175,1.06096381686774,1.5955924733182787,-0.1282780266592754
14907,-1.077851794929546,-1.0452064526931768,0.8389169870202585
2208,-0.555582866467418,-0.9549227287269733,-0.6118755334990423
3609,-1.077851794929546,-1.146775642155156,0.8389169870202585
12005,-1.077851794929546,-1.1354901766593806,1.3225144938600255
13275,0.2899953986617417,0.8394662851013235,-0.1282780266592754
3787,2.030891826868835,2.0131546966619704,-1.0954730403388093
13904,-1.077851794929546,-1.146775642155156,1.3225144938600255
10944,-0.9783719990319979,-1.146775642155156,0.8389169870202585
6458,1.7821923371249646,1.076461060512608,-1.5790705471785762
2225,-1.077851794929546,-1.1129192456678296,0.8389169870202585
3049,2.428811010459028,2.1485802826112756,-2.54626556085811
296,-0.505842968518644,-0.6840715568283625,0.35531948018049153
1126,-0.8291523051856755,-0.9774936597185242,-0.1282780266592754
11925,-0.8540222541600626,-0.3003657299719971,0.8389169870202585
14611,-1.077851794929546,-1.1919175041382577,0.8389169870202585
11192,1.8319322350737386,1.4940232838562997,-1.5790705471785762
2441,0.7376544802007085,0.5799005786984881,-0.6118755334990423
13186,-1.077851794929546,-1.1016337801720542,-0.1282780266592754
7369,-0.530712917493031,-0.4696477124086289,0.8389169870202585
1322,0.7127845312263216,0.9974628020421797,0.35531948018049153
1603,-0.05818388697967712,0.7040406991520181,0.8389169870202585
4210,1.3096633066116106,1.6971616627802577,-1.5790705471785762
11933,0.3894751945592899,0.45576045824495814,-0.6118755334990423
13219,0.6630446332775474,0.21876568283367365,-1.0954730403388093
9648,-1.052981845955159,-0.35679305745087436,0.8389169870202585
4065,-0.9535020500576108,-0.9323517977354224,1.3225144938600255
6904,-1.077851794929546,-1.169346573146707,1.3225144938600255
1294,0.33973529661051577,1.0200337330337308,-0.6118755334990423
5007,1.3842731535347719,0.6927552336562426,-1.5790705471785762
6069,1.085833765842127,1.2344575774534643,-0.1282780266592754
6386,1.2101835107140624,1.6858761972844822,0.35531948018049153
14353,2.055761775843222,1.6407343353013806,-2.54626556085811
11090,-1.077851794929546,-0.4809331779044043,1.3225144938600255
7379,1.2350534596884497,0.5460441822111617,-0.1282780266592754
4071,0.9614840209701918,-0.09722735104803899,-2.062668054018343
1507,0.14077570481541946,-0.4696477124086289,-0.6118755334990423
12004,0.5138249394312252,-0.5712169018706079,-0.6118755334990423
1559,1.2350534596884497,1.031319198529506,-0.6118755334990423
9113,-0.15766368287722518,-0.9323517977354224,-0.6118755334990423
5577,0.5635648373799991,0.6588988371689163,-0.1282780266592754
9894,-1.077851794929546,-1.1129192456678296,1.3225144938600255
7524,-0.4561030705698698,0.24133661382522456,0.8389169870202585
14455,-0.20740358082599933,0.5234732512196109,0.8389169870202585
8523,1.533492847381094,1.5843070078225032,-1.0954730403388093
1836,-0.9783719990319979,-1.124204711163605,0.8389169870202585
5611,1.2847933576372237,1.5504506113351768,-1.0954730403388093
7614,0.6133047353287733,-0.45836224691285343,-0.6118755334990423
8546,-0.2322735298003864,0.5686151132027126,0.35531948018049153
5335,0.8371342760982567,1.1328883879914853,-0.6118755334990423
1354,1.3096633066116106,0.6814697681604671,-2.54626556085811
14775,-0.15766368287722518,0.7040406991520181,0.8389169870202585
4141,2.3790711125102537,2.0695820241408476,-2.54626556085811
9241,0.36460524558490276,0.7040406991520181,-0.1282780266592754
14771,-0.8788922031344497,-0.029514558073386283,1.3225144938600255
13547,-0.7545424582625144,-0.921066332239647,-0.6118755334990423
4844,-1.077851794929546,-0.6840715568283625,0.8389169870202585
4723,-0.505842968518644,-0.9887791252142997,-0.6118755334990423
6260,0.2651254496873547,-0.36807852294664983,-1.0954730403388093
13754,-0.505842968518644,-0.006943627081835381,0.35531948018049153
6906,-0.3317533256979346,-0.898495401248096,0.8389169870202585
3280,-0.6053227644161921,-1.0339209871974016,-0.1282780266592754
4032,-1.077851794929546,-1.169346573146707,1.3225144938600255
6720,2.4039410614846406,2.3178622650479075,-1.0954730403388093
1235,-1.077851794929546,-0.44707678141707796,1.3225144938600255
8661,-1.077851794929546,-0.8194971427776678,0.35531948018049153
10873,0.9366140719958048,0.08334009688436823,-2.54626556085811
10807,-0.9286321010832237,-0.2326529369973444,0.8389169870202585
13684,0.2651254496873547,1.0426046640252815,0.35531948018049153
10337,1.583232745329868,1.4263104908816469,-2.54626556085811
2251,-0.580452815441805,-0.5599314363748324,0.8389169870202585
1025,0.43921509250806384,-0.3003657299719971,-0.6118755334990423
11934,-0.555582866467418,-0.15365467852691625,0.35531948018049153
7642,0.5635648373799991,-0.7517843498030152,-1.0954730403388093
6649,-0.38149322364670873,-0.2552238679888953,0.8389169870202585
14633,-1.077851794929546,-1.146775642155156,1.3225144938600255
8324,-0.20740358082599933,-0.45836224691285343,0.8389169870202585
9070,0.5386948884056122,-0.4132203849297516,0.35531948018049153
3397,1.3345332555859974,1.2908849049323414,-0.6118755334990423
313,0.7873943781494827,-0.4696477124086289,-2.062668054018343
636,-1.077851794929546,-0.8872099357523205,-0.1282780266592754
6149,-0.008443989030902977,-0.5937878328621589,-0.6118755334990423
8777,0.4143451435336769,-0.7517843498030152,-0.6118755334990423
10292,0.21538555173858054,-0.0746564200564881,-0.6118755334990423
15171,-0.7048025603137403,0.8733226815886498,1.3225144938600255
12722,-1.077851794929546,-1.0790628491805032,0.8389169870202585
7251,-0.8042823562112885,-0.9323517977354224,1.3225144938600255
7765,0.3894751945592899,0.5121877857238354,0.35531948018049153
11900,1.6081026943042553,1.6971616627802577,-0.6118755334990423
1152,-1.077851794929546,-1.0000645907100751,1.3225144938600255
2970,0.04129590891787117,-0.4809331779044043,-0.1282780266592754
12944,2.4039410614846406,2.3855750580225603,-2.062668054018343
2584,0.21538555173858054,-0.6615006258368116,-0.6118755334990423
8842,0.9614840209701918,0.46704592374073356,0.35531948018049153
3885,2.130371622766383,1.674590731788707,-1.5790705471785762
14748,-1.003241948006385,-0.27779479898044623,0.35531948018049153
11826,1.7075824902018033,1.8664436452168895,-2.062668054018343
14636,-0.6053227644161921,-0.9097808667438715,0.35531948018049153
4771,-1.077851794929546,-1.146775642155156,-1.0954730403388093
8028,-1.077851794929546,-1.2032029696340332,1.3225144938600255
10967,-1.077851794929546,-1.1806320386424822,1.3225144938600255
6697,0.7376544802007085,1.0990319915041589,-0.6118755334990423
15341,-0.7048025603137403,-0.9549227287269733,0.35531948018049153
8079,1.1604436127652884,-0.21008200600579352,-1.5790705471785762
11509,0.5386948884056122,1.2118866464619134,-1.5790705471785762
8892,1.9562819799456737,1.877729110712665,-0.1282780266592754
11975,1.3842731535347719,0.11719649337169459,-2.54626556085811
7131,-1.052981845955159,-0.35679305745087436,1.3225144938600255
6058,2.3790711125102537,2.0921529551323985,-1.5790705471785762
1840,0.488954990456838,-0.7179279533156888,-1.5790705471785762
13958,-0.9286321010832237,-0.6163587638537098,0.35531948018049153
1564,-0.4312331215954827,0.06076916589281733,-0.1282780266592754
3673,-0.40636317262109567,-0.8872099357523205,0.35531948018049153
8664,-0.10792378492845114,-0.0746564200564881,0.8389169870202585
13806,-0.7048025603137403,-0.7404988843072398,0.8389169870202585
4698,-1.0281118969807719,-1.0790628491805032,-0.1282780266592754
15305,-0.9783719990319979,-1.0790628491805032,-0.6118755334990423
3320,-0.8042823562112885,-0.9436372632311979,-0.1282780266592754
5192,1.2350534596884497,0.6363279061773653,-1.5790705471785762
2272,-0.8788922031344497,-0.5486459708790571,0.8389169870202585
15328,-0.9535020500576108,-1.169346573146707,-1.0954730403388093
6157,-1.077851794929546,-1.124204711163605,1.3225144938600255
4254,0.7127845312263216,0.8620372160928744,-0.1282780266592754
4773,-0.08305383595406408,-0.7630698152987906,-0.1282780266592754
6575,-1.052981845955159,-1.1806320386424822,0.35531948018049153
13262,0.488954990456838,0.828180819605548,-1.0954730403388093
4709,-0.505842968518644,-0.921066332239647,0.35531948018049153
847,-0.15766368287722518,0.4106185962618563,0.35531948018049153
11057,-1.077851794929546,-0.672786091332587,1.3225144938600255
5544,-0.8291523051856755,-0.6502151603410361,1.3225144938600255
5526,-1.077851794929546,-1.0452064526931768,1.3225144938600255
838,2.0060218778944483,1.5955924733182787,-2.062668054018343
5461,0.09103580686664531,-0.8759244702565452,-0.1282780266592754
8769,0.19051560276419338,-0.8307826082734433,-0.1282780266592754
8748,-1.077851794929546,-1.2032029696340332,1.3225144938600255
7802,-0.05818388697967712,0.6363279061773653,0.8389169870202585
4597,-0.4312331215954827,0.29776394130410183,0.8389169870202585
5916,-0.15766368287722518,-0.15365467852691625,0.8389169870202585
1417,-1.077851794929546,-1.146775642155156,0.8389169870202585
5785,-0.6799326113393532,-0.8420680737692188,0.8389169870202585
8284,0.9863539699445792,0.726611630143569,0.35531948018049153
3848,2.6029006532797374,2.4081459890141113,-2.062668054018343
604,0.7127845312263216,0.8168953541097725,-1.5790705471785762
10753,1.2847933576372237,1.7310180592675841,-1.5790705471785762
13819,-1.077851794929546,-1.0903483146762787,0.35531948018049153
2078,-0.10792378492845114,0.07205463138859278,0.35531948018049153
10210,-1.077851794929546,-1.2032029696340332,1.3225144938600255
2311,-0.033313938005289936,0.5347587167153863,0.35531948018049153
10502,-0.6053227644161921,-0.5035041088959552,-0.1282780266592754
4343,-1.077851794929546,-1.1580611076509315,0.8389169870202585
1471,-0.8788922031344497,-1.0790628491805032,0.8389169870202585
8520,-1.077851794929546,-0.5486459708790571,0.8389169870202585
1982,-0.7048025603137403,0.17362382085057185,0.8389169870202585
8725,-1.052981845955159,-1.124204711163605,0.35531948018049153
4466,1.3842731535347719,0.8056098886139971,-0.6118755334990423
199,-0.9037621521088367,-0.11979828203958989,1.3225144938600255
6676,1.8319322350737386,1.3924540943943207,-1.0954730403388093
485,-0.580452815441805,0.09462556238014368,0.8389169870202585
6975,-0.3317533256979346,-0.7517843498030152,-0.1282780266592754
3270,-1.077851794929546,-1.2032029696340332,1.3225144938600255
4724,0.16564565378980642,-0.8420680737692188,-1.5790705471785762
5728,0.5884347863543863,0.5009023202280599,-0.1282780266592754
2823,-1.052981845955159,-0.796926211786117,0.8389169870202585
4551,-0.530712917493031,0.3654767342787545,0.8389169870202585
10235,-1.077851794929546,-1.1806320386424822,1.3225144938600255
5336,-0.8042823562112885,-0.13108374753536534,0.8389169870202585
3245,-0.40636317262109567,-0.8646390047607697,-0.6118755334990423
4453,-1.077851794929546,-0.8759244702565452,0.8389169870202585
14204,-1.052981845955159,-1.124204711163605,1.3225144938600255
5817,-0.28201342774916044,-0.9323517977354224,-0.6118755334990423
8451,0.2402555007129675,-0.3906494539382007,-0.1282780266592754
3749,1.085833765842127,0.9184645435717517,-0.6118755334990423
2202,-0.8540222541600626,-1.0677773836847277,-0.1282780266592754
8492,-0.3068833767235475,0.01562730390971552,0.8389169870202585
12511,-0.48097301954425686,-0.09722735104803899,-0.1282780266592754
2794,-1.003241948006385,-0.4922186434001798,1.3225144938600255
7600,-0.9286321010832237,-0.8872099357523205,0.35531948018049153
12534,-0.008443989030902977,0.5121877857238354,-0.1282780266592754
10580,0.11590575584103227,-0.8759244702565452,-1.5790705471785762
524,0.8122643271238696,1.4263104908816469,-0.1282780266592754
10741,0.06616585789225812,0.828180819605548,0.35531948018049153
14206,0.2651254496873547,-0.7179279533156888,0.35531948018049153
947,0.5635648373799991,1.0200337330337308,-0.1282780266592754
12687,-0.2322735298003864,-0.21008200600579352,0.8389169870202585
9020,1.085833765842127,0.6588988371689163,0.35531948018049153
12140,1.7573223881505777,1.0651755950168325,-2.54626556085811
1280,-0.7048025603137403,0.17362382085057185,-0.1282780266592754
13264,-1.077851794929546,-0.5712169018706079,0.8389169870202585
122,1.2599234086628366,1.4263104908816469,-1.0954730403388093
4366,-1.0281118969807719,-1.169346573146707,-0.1282780266592754
5885,-1.077851794929546,-1.0790628491805032,0.8389169870202585
7436,0.016425959943484204,0.6814697681604671,0.8389169870202585
14022,-0.05818388697967712,0.7040406991520181,-0.6118755334990423
8237,0.33973529661051577,0.9974628020421797,0.8389169870202585
2302,-0.008443989030902977,0.45576045824495814,-0.1282780266592754
13857,-0.6550626623649661,-1.0339209871974016,0.35531948018049153
11511,0.14077570481541946,0.9184645435717517,-0.6118755334990423
9634,-0.05818388697967712,0.6701843026646918,0.35531948018049153
5820,-0.9286321010832237,-1.124204711163605,0.8389169870202585
10551,-0.033313938005289936,-0.7743552807945661,0.35531948018049153
1005,-0.35662327467232163,-0.35679305745087436,-0.1282780266592754
3460,2.428811010459028,2.4194314545098865,-0.6118755334990423
10220,-1.077851794929546,-1.2032029696340332,1.3225144938600255
11471,-1.052981845955159,-0.3342221264593235,1.3225144938600255
13796,0.2402555007129675,-0.19879654051001805,-0.1282780266592754
3055,0.33973529661051577,0.9410354745633025,0.8389169870202585
13641,0.488954990456838,0.9861773365464044,0.35531948018049153
3566,0.14077570481541946,-0.1875110750142426,0.35531948018049153
7402,0.5884347863543863,0.6588988371689163,-0.1282780266592754
2132,-0.05818388697967712,-0.6163587638537098,-0.1282780266592754
501,2.478550908407802,2.2840058685605813,-1.5790705471785762
13593,-0.7296725092881273,-0.43579131592130255,0.8389169870202585
9857,-0.530712917493031,-1.0113500562058506,-1.0954730403388093
3185,-0.2322735298003864,-0.1423692130311408,0.8389169870202585
6153,0.9117441230214178,-0.3906494539382007,0.35531948018049153
8065,-1.077851794929546,-1.124204711163605,1.3225144938600255
229,-1.052981845955159,-0.5260750398875061,0.8389169870202585
9089,-1.077851794929546,-1.146775642155156,1.3225144938600255
4001,-1.077851794929546,-1.2032029696340332,0.8389169870202585
8203,-0.9535020500576108,-0.1423692130311408,0.8389169870202585
14027,0.43921509250806384,1.0990319915041589,-0.6118755334990423
10742,-1.0281118969807719,-0.27779479898044623,1.3225144938600255
9416,-1.077851794929546,-0.9774936597185242,1.3225144938600255
3007,-0.3317533256979346,-0.08594188555226354,0.8389169870202585
9601,-1.077851794929546,-0.6389296948452606,0.8389169870202585
4587,-0.7545424582625144,0.03819823490126643,0.8389169870202585
4221,1.9811519289200612,2.0018692311661948,-1.0954730403388093
4305,-0.7545424582625144,-0.7179279533156888,0.35531948018049153
9396,-0.9535020500576108,-0.672786091332587,0.8389169870202585
7926,-0.35662327467232163,-0.13108374753536534,0.8389169870202585
2750,-0.18253363185161225,0.6363279061773653,0.35531948018049153
11134,-0.2322735298003864,0.6476133716731408,-0.1282780266592754
595,1.1107037148165144,1.178030249974587,-0.1282780266592754
7210,-1.0281118969807719,-0.796926211786117,0.8389169870202585
4376,-1.077851794929546,-1.2032029696340332,-0.1282780266592754
2944,-1.077851794929546,-1.146775642155156,1.3225144938600255
8035,-1.077851794929546,-1.1919175041382577,0.35531948018049153
7612,-0.40636317262109567,-0.7517843498030152,0.8389169870202585
2718,0.3894751945592899,1.1328883879914853,-0.1282780266592754
3362,-0.6799326113393532,-0.43579131592130255,0.35531948018049153
15047,0.5884347863543863,0.28647847580832636,0.35531948018049153
9675,0.5386948884056122,1.2344575774534643,-0.1282780266592754
5824,-0.8291523051856755,-1.0903483146762787,0.35531948018049153
8994,0.6879145822519344,0.952320940059078,0.35531948018049153
14949,-1.052981845955159,-1.169346573146707,0.8389169870202585
5230,0.3148653476361286,0.7491825611351198,0.35531948018049153
14685,0.488954990456838,0.2300511483294491,-0.6118755334990423
6746,1.2847933576372237,1.7423035247633596,0.35531948018049153
4161,2.354201163535867,2.2840058685605813,-1.0954730403388093
13080,-1.077851794929546,-1.0452064526931768,0.8389169870202585
12587,-0.28201342774916044,0.602471509690039,-0.1282780266592754
6878,1.085833765842127,-0.2552238679888953,-2.062668054018343
11806,-0.38149322364670873,0.252622079321,-0.1282780266592754
14015,0.016425959943484204,0.7153261646477935,0.8389169870202585
5322,0.5635648373799991,1.0990319915041589,0.8389169870202585
5561,1.06096381686774,0.6363279061773653,0.35531948018049153
13756,1.9562819799456737,1.4037395598900961,-2.54626556085811
8600,2.055761775843222,2.0808674896366233,-0.1282780266592754
13483,-0.9535020500576108,-1.1129192456678296,1.3225144938600255
13599,-1.077851794929546,-0.7630698152987906,0.8389169870202585
11306,-1.077851794929546,-1.2032029696340332,0.8389169870202585
7808,0.9614840209701918,1.4037395598900961,-0.1282780266592754
11031,1.1355736637909013,0.4896168547322845,-1.5790705471785762
10585,-1.077851794929546,-1.2032029696340332,0.8389169870202585
4867,0.33973529661051577,0.7943244231182217,-0.6118755334990423
9282,1.583232745329868,1.877729110712665,-0.1282780266592754
13054,0.46408504148245106,0.09462556238014368,-1.5790705471785762
1017,-0.48097301954425686,-0.5599314363748324,0.35531948018049153
10455,0.2402555007129675,0.6701843026646918,-0.6118755334990423
8279,1.4340130514835459,1.031319198529506,0.35531948018049153
9854,0.09103580686664531,-0.8759244702565452,-0.1282780266592754
1928,2.030891826868835,1.5165942148478506,-1.5790705471785762
13289,2.2795913166127058,2.2162930755859285,-2.062668054018343
350,-1.0281118969807719,-1.169346573146707,-0.1282780266592754
6703,0.8620042250726437,1.2457430429492398,0.35531948018049153
13872,-1.077851794929546,-1.2032029696340332,-0.6118755334990423
223,-0.7048025603137403,-0.029514558073386283,0.35531948018049153
6030,1.4340130514835459,1.798730852242237,-0.1282780266592754
14346,-1.077851794929546,-0.6502151603410361,1.3225144938600255
13329,2.57803070430535,2.4871442474845393,-2.54626556085811
14536,1.0360938678933531,-0.06337095456071264,-2.062668054018343
9387,0.3148653476361286,0.252622079321,0.35531948018049153
2500,0.06616585789225812,-0.6050732983579343,0.35531948018049153
8846,1.359403204560385,0.7378970956393444,-1.5790705471785762
9877,-1.077851794929546,-1.169346573146707,1.3225144938600255
564,-1.077851794929546,-0.4696477124086289,0.8389169870202585
1582,-0.9535020500576108,-0.28908026447622165,0.8389169870202585
5545,-1.052981845955159,-0.8533535392649942,1.3225144938600255
2175,-0.2322735298003864,-0.9436372632311979,0.35531948018049153
10156,-1.077851794929546,-1.0339209871974016,-0.1282780266592754
9320,-0.38149322364670873,0.47833138923650903,0.35531948018049153
15312,-1.077851794929546,-1.1129192456678296,0.35531948018049153
3933,0.46408504148245106,-0.0746564200564881,-0.6118755334990423
12224,0.8371342760982567,1.4488814218731978,-0.6118755334990423
7356,-0.40636317262109567,-0.6276442293494852,0.8389169870202585
2707,-1.077851794929546,-0.4132203849297516,1.3225144938600255
15153,1.8070622860993515,2.2840058685605813,-0.1282780266592754
9924,1.0360938678933531,0.21876568283367365,-2.062668054018343
5211,-1.077851794929546,-0.6840715568283625,1.3225144938600255
14921,-1.052981845955159,-1.0790628491805032,-0.1282780266592754
9619,0.2402555007129675,0.7717534921266708,0.35531948018049153
15264,0.14077570481541946,-0.08594188555226354,-1.0954730403388093
3535,0.5138249394312252,0.47833138923650903,0.35531948018049153
9756,1.4837529494323203,0.7378970956393444,-1.5790705471785762
11756,-0.580452815441805,-0.45836224691285343,-0.1282780266592754
2397,1.6827125412274162,1.8213017832337877,-0.6118755334990423
6657,-1.077851794929546,-0.7856407462903415,0.8389169870202585
3739,-0.3317533256979346,-0.06337095456071264,0.8389169870202585
11977,-0.008443989030902977,-0.3906494539382007,-1.0954730403388093
821,-1.077851794929546,-0.7292134188114643,1.3225144938600255
2063,0.5884347863543863,0.7717534921266708,-0.6118755334990423
13070,-1.077851794929546,-0.9887791252142997,1.3225144938600255
10354,-0.08305383595406408,0.5799005786984881,0.35531948018049153
81,1.583232745329868,0.850751750597099,-2.062668054018343
5419,-1.077851794929546,-1.0903483146762787,1.3225144938600255
10119,0.14077570481541946,0.1397674243632455,0.35531948018049153
14223,-1.077851794929546,-1.2032029696340332,1.3225144938600255
14946,-0.35662327467232163,-0.9436372632311979,-0.1282780266592754
2697,-0.580452815441805,0.2300511483294491,-0.1282780266592754
831,0.06616585789225812,0.37676219977452996,0.35531948018049153
4574,1.6081026943042553,1.877729110712665,-1.0954730403388093
3826,2.6029006532797374,2.5097151784760903,-2.062668054018343
5924,1.1853135617396753,0.6588988371689163,-1.0954730403388093
10970,-1.0281118969807719,-1.1354901766593806,-0.1282780266592754
1397,-0.7545424582625144,-0.8420680737692188,1.3225144938600255
10491,-0.3068833767235475,-0.19879654051001805,-0.1282780266592754
2833,1.2101835107140624,0.28647847580832636,-2.062668054018343
10153,-0.7794124072369014,-0.7743552807945661,0.8389169870202585
14274,-0.13279373390283822,-0.7404988843072398,-0.6118755334990423
14631,-0.08305383595406408,-0.796926211786117,-0.1282780266592754
9216,0.36460524558490276,0.3316203377914282,0.35531948018049153
13579,-0.4561030705698698,-0.4132203849297516,-0.1282780266592754
7532,0.2402555007129675,0.6814697681604671,-0.1282780266592754
48,-1.077851794929546,-1.0452064526931768,1.3225144938600255
10515,-0.9783719990319979,-0.8759244702565452,1.3225144938600255
7640,0.11590575584103227,-0.8307826082734433,-0.1282780266592754
13953,0.9863539699445792,0.4219040617576318,-1.0954730403388093
6512,-1.077851794929546,-1.0790628491805032,0.8389169870202585
13169,-1.077851794929546,-1.1580611076509315,0.8389169870202585
13594,-0.8788922031344497,-0.5486459708790571,0.8389169870202585
15135,-0.4561030705698698,1.2457430429492398,0.8389169870202585
6357,-0.580452815441805,0.2639075448167755,0.35531948018049153
4095,-1.077851794929546,-0.8194971427776678,1.3225144938600255
2689,1.085833765842127,1.4263104908816469,-0.6118755334990423
1189,0.4143451435336769,0.4896168547322845,0.8389169870202585
10819,1.533492847381094,1.4488814218731978,-1.5790705471785762
4845,-1.077851794929546,-0.6840715568283625,0.35531948018049153
5210,-1.077851794929546,-0.6840715568283625,0.8389169870202585
3990,-0.7048025603137403,-1.0339209871974016,0.8389169870202585
2373,1.583232745329868,1.9115855071999914,-0.6118755334990423
11297,0.016425959943484204,-0.8759244702565452,-0.6118755334990423
5676,1.9562819799456737,2.0470110931492966,-1.5790705471785762
12425,-1.077851794929546,-1.1919175041382577,1.3225144938600255
2758,0.3148653476361286,0.9748918710506289,0.35531948018049153
10168,0.9614840209701918,-0.3342221264593235,-2.54626556085811
6607,-1.003241948006385,-1.0564919181889523,0.35531948018049153
9976,-1.0281118969807719,-0.45836224691285343,-0.1282780266592754
10118,-0.9286321010832237,-0.5712169018706079,0.8389169870202585
2488,0.7873943781494827,-0.22136747150156896,-2.062668054018343
2579,-0.20740358082599933,-0.8194971427776678,-0.1282780266592754
9004,-0.530712917493031,-0.006943627081835381,0.35531948018049153
13553,-0.3068833767235475,-0.7066424878199133,-0.1282780266592754
3880,0.5138249394312252,0.8620372160928744,0.35531948018049153
10138,0.9117441230214178,0.17362382085057185,-1.0954730403388093
9060,-1.077851794929546,-1.0339209871974016,1.3225144938600255
9727,-1.077851794929546,-0.6163587638537098,0.8389169870202585
4934,-0.6799326113393532,0.19619475184212273,0.8389169870202585
12450,-0.7296725092881273,-0.9323517977354224,0.35531948018049153
14093,-1.077851794929546,-0.5260750398875061,1.3225144938600255
8364,-1.077851794929546,-1.169346573146707,0.8389169870202585
2209,-1.077851794929546,-1.169346573146707,1.3225144938600255
5235,-0.8291523051856755,-0.1423692130311408,0.8389169870202585
3945,0.6381746843031604,-0.21008200600579352,-0.1282780266592754
13237,-0.15766368287722518,0.07205463138859278,-0.6118755334990423
9923,0.11590575584103227,-0.1875110750142426,-0.1282780266592754
2164,-0.9535020500576108,-1.124204711163605,0.35531948018049153
2886,0.2899953986617417,-0.7404988843072398,-1.0954730403388093
8206,2.030891826868835,2.1937221445943775,-0.6118755334990423
11076,2.0060218778944483,1.7874453867464615,-2.062668054018343
15246,-0.6799326113393532,-0.3003657299719971,-1.0954730403388093
516,-1.077851794929546,-0.4132203849297516,1.3225144938600255
11941,0.5884347863543863,0.4444749927491827,-0.1282780266592754
7518,1.2350534596884497,1.4714523528647487,0.35531948018049153
5666,1.7075824902018033,1.956727369183093,-0.1282780266592754
172,2.652640551228511,2.532286109467641,-2.062668054018343
639,-0.9037621521088367,-0.7066424878199133,-0.1282780266592754
7969,0.488954990456838,-0.36807852294664983,-0.6118755334990423
9145,-0.3317533256979346,-0.898495401248096,-0.1282780266592754
13295,1.3345332555859974,1.6971616627802577,-2.062668054018343
7224,1.085833765842127,0.08334009688436823,-0.6118755334990423
8051,-0.008443989030902977,-0.8194971427776678,-0.6118755334990423
5065,0.7376544802007085,-0.5260750398875061,-1.0954730403388093
1143,-1.077851794929546,-1.0452064526931768,1.3225144938600255
12715,0.7376544802007085,-0.24393840249311985,-0.6118755334990423
7435,1.4340130514835459,1.6181634043098296,-0.6118755334990423
10889,-0.13279373390283822,-0.5486459708790571,-0.6118755334990423
12847,0.886874174047031,0.1849092863463473,-1.5790705471785762
11621,-1.077851794929546,-1.0564919181889523,1.3225144938600255
1832,-0.13279373390283822,-0.8872099357523205,-0.6118755334990423
9950,-0.7794124072369014,-0.3793639884424253,1.3225144938600255
9068,0.09103580686664531,-0.5260750398875061,0.8389169870202585
3686,0.016425959943484204,-0.6615006258368116,-0.1282780266592754
6227,-1.077851794929546,-1.1580611076509315,1.3225144938600255
5700,-1.077851794929546,-0.5712169018706079,1.3225144938600255
11612,0.016425959943484204,-0.3906494539382007,-1.0954730403388093
13893,-0.9037621521088367,-1.0790628491805032,-0.6118755334990423
4537,1.8319322350737386,2.0357256276535214,-0.6118755334990423
3515,2.2795913166127058,1.8213017832337877,-2.062668054018343
9896,-1.077851794929546,-1.1129192456678296,0.35531948018049153
834,1.0112239189189662,0.9974628020421797,-0.6118755334990423
2486,0.7873943781494827,-0.19879654051001805,-2.062668054018343
11449,-0.8788922031344497,-0.1649401440226917,1.3225144938600255
8742,-1.077851794929546,-1.1919175041382577,1.3225144938600255
9383,1.2847933576372237,0.7943244231182217,-0.6118755334990423
10414,1.856802184048126,2.0470110931492966,-2.062668054018343
13540,-1.077851794929546,-1.1354901766593806,1.3225144938600255
9532,-0.9286321010832237,-0.9887791252142997,0.8389169870202585
5467,-1.077851794929546,-1.2032029696340332,0.8389169870202585
4915,-0.25714347877477345,0.6250424406815899,0.8389169870202585
65,0.7625244291750957,0.16233835535479638,-1.5790705471785762
8726,-0.530712917493031,-0.921066332239647,0.35531948018049153
12375,0.6630446332775474,-0.5937878328621589,-1.5790705471785762
10419,-0.6550626623649661,0.2074802173378982,0.35531948018049153
2024,0.9863539699445792,1.4488814218731978,-0.6118755334990423
1872,-1.077851794929546,-1.0564919181889523,1.3225144938600255
354,-0.35662327467232163,-0.9774936597185242,-0.1282780266592754
5360,0.8371342760982567,0.6814697681604671,-0.1282780266592754
1767,-0.008443989030902977,-0.6050732983579343,0.8389169870202585
12680,-0.8042823562112885,-0.5035041088959552,-1.5790705471785762
9613,1.2350534596884497,1.3247413014196678,-0.1282780266592754
6405,2.1801115207151573,2.1711512136028266,-1.0954730403388093
4762,-1.077851794929546,-1.169346573146707,1.3225144938600255
1164,0.06616585789225812,-0.09722735104803899,0.35531948018049153
12423,-1.077851794929546,-1.1919175041382577,0.8389169870202585
13576,0.6381746843031604,0.06076916589281733,0.35531948018049153
3395,-0.8291523051856755,-0.24393840249311985,0.8389169870202585
8484,0.5138249394312252,0.37676219977452996,0.35531948018049153
7816,-1.077851794929546,-0.4245058504255271,1.3225144938600255
4568,2.1552415717407705,2.227578541081704,-1.5790705471785762
14449,1.5086228984067072,1.7197325937718086,-1.5790705471785762
3127,0.2899953986617417,0.9297500090675271,-0.1282780266592754
7571,-0.08305383595406408,-0.10851281654381445,-0.1282780266592754
6946,-0.033313938005289936,-0.8646390047607697,-0.1282780266592754
309,-1.052981845955159,-1.0677773836847277,1.3225144938600255
8387,-0.15766368287722518,-0.9323517977354224,-1.0954730403388093
8796,0.4143451435336769,-0.5825023673663834,-0.1282780266592754
14412,-0.7794124072369014,0.09462556238014368,0.8389169870202585
10876,0.6630446332775474,-0.06337095456071264,-2.062668054018343
8736,-0.7296725092881273,-1.0452064526931768,0.8389169870202585
4354,-1.077851794929546,-1.1919175041382577,0.8389169870202585
9586,-1.077851794929546,-0.7404988843072398,1.3225144938600255
14317,-0.15766368287722518,-0.15365467852691625,-0.6118755334990423
8402,0.16564565378980642,-0.8420680737692188,-0.6118755334990423
3587,-0.28201342774916044,-0.6389296948452606,-0.6118755334990423
7563,-0.48097301954425686,-0.2326529369973444,0.35531948018049153
2583,-1.077851794929546,-1.1354901766593806,1.3225144938600255
7764,-1.077851794929546,-0.7066424878199133,1.3225144938600255
2770,1.5086228984067072,1.629448869805605,0.35531948018049153
4812,-1.052981845955159,-0.8646390047607697,0.35531948018049153
11035,1.2350534596884497,0.6137569751858144,-1.5790705471785762
10439,1.4091431025091588,1.5843070078225032,-1.0954730403388093
5087,0.2899953986617417,-0.8194971427776678,-2.062668054018343
324,-1.077851794929546,-1.1580611076509315,4.295208693958647e-16
5171,0.6133047353287733,-0.15365467852691625,-0.1282780266592754
5648,0.2899953986617417,1.0651755950168325,0.8389169870202585
6743,0.7376544802007085,1.3811686288985452,0.8389169870202585
14004,1.06096381686774,1.3247413014196678,-0.1282780266592754
3209,-1.077851794929546,-0.9887791252142997,0.8389169870202585
10663,-0.08305383595406408,-0.13108374753536534,-0.1282780266592754
3905,-1.052981845955159,-0.6953570223241379,1.3225144938600255
13571,-0.8788922031344497,-0.8082116772818925,0.8389169870202585
1292,0.6879145822519344,1.2683139739407907,-0.6118755334990423
5638,-1.052981845955159,-0.3342221264593235,0.8389169870202585
14765,0.06616585789225812,0.8733226815886498,0.35531948018049153
14359,0.9863539699445792,1.1441738534872608,-0.6118755334990423
9371,0.6133047353287733,0.7378970956393444,-0.1282780266592754
2379,2.0060218778944483,2.1372948171155004,-1.0954730403388093
10673,-0.35662327467232163,-0.15365467852691625,0.35531948018049153
9720,-0.28201342774916044,0.3429058032872036,0.35531948018049153
3634,-1.077851794929546,-1.2032029696340332,0.35531948018049153
4169,-0.48097301954425686,0.38804766527030543,0.8389169870202585
8910,0.488954990456838,1.1216029224957098,-0.1282780266592754
6658,-0.8291523051856755,-0.4696477124086289,0.35531948018049153
13049,0.2899953986617417,0.09462556238014368,-2.062668054018343
15052,-0.9286321010832237,-0.34550759195509895,0.8389169870202585
3428,0.46408504148245106,1.0877465260083834,-1.0954730403388093
4421,-1.077851794929546,-1.0903483146762787,1.3225144938600255
1101,-0.008443989030902977,-0.8646390047607697,-0.1282780266592754
8997,2.1552415717407705,1.7084471282760332,-1.0954730403388093
13636,-0.6550626623649661,0.04948370039704188,0.8389169870202585
14638,-0.9783719990319979,-1.0564919181889523,0.8389169870202585
3250,-0.8291523051856755,-1.0339209871974016,0.8389169870202585
4409,-1.077851794929546,-1.1354901766593806,1.3225144938600255
4140,2.2795913166127058,2.0018692311661948,-2.062668054018343
3557,-1.077851794929546,-0.8872099357523205,1.3225144938600255
709,-1.077851794929546,-1.2032029696340332,1.3225144938600255
118,-1.052981845955159,-0.4809331779044043,0.35531948018049153
2022,0.7376544802007085,1.302170370428117,-0.1282780266592754
4598,1.4340130514835459,1.5617360768309523,0.8389169870202585
12465,-0.9535020500576108,-0.9436372632311979,1.3225144938600255
14505,-0.05818388697967712,-0.006943627081835381,0.35531948018049153
6130,-0.555582866467418,-0.6050732983579343,-0.1282780266592754
12354,-1.052981845955159,-1.0339209871974016,0.8389169870202585
6952,-0.48097301954425686,-0.9549227287269733,0.35531948018049153
13301,-0.6799326113393532,0.1849092863463473,0.8389169870202585
2374,1.7573223881505777,2.0131546966619704,-1.0954730403388093
14781,1.359403204560385,1.7874453867464615,-1.0954730403388093
14622,-1.052981845955159,-1.1580611076509315,1.3225144938600255
9571,-0.10792378492845114,-0.09722735104803899,0.8389169870202585
5227,-0.6799326113393532,-0.052085489064937186,1.3225144938600255
14815,1.2847933576372237,1.5843070078225032,-1.5790705471785762
6606,-1.077851794929546,-1.124204711163605,0.8389169870202585
4681,-1.077851794929546,-1.0564919181889523,0.8389169870202585
11286,0.2651254496873547,-0.7292134188114643,-1.0954730403388093
8576,0.8122643271238696,1.4263104908816469,-0.6118755334990423
5003,-0.40636317262109567,-0.15365467852691625,0.35531948018049153
7920,-0.9037621521088367,-0.4922186434001798,0.8389169870202585
7838,2.2049814696895442,2.2840058685605813,-1.5790705471785762
2857,-1.077851794929546,-1.0564919181889523,1.3225144938600255
4273,0.9863539699445792,0.5911860441942636,-1.5790705471785762
5739,-0.9783719990319979,-0.6502151603410361,0.8389169870202585
12893,-1.052981845955159,-0.5373605053832816,-0.1282780266592754
13592,-1.077851794929546,-0.8194971427776678,1.3225144938600255
14058,-1.077851794929546,-0.4245058504255271,1.3225144938600255
5470,-1.077851794929546,-1.2032029696340332,0.35531948018049153
5816,-0.05818388697967712,-0.8759244702565452,-0.6118755334990423
1158,0.09103580686664531,-0.17622560951846716,-0.6118755334990423
14426,1.5086228984067072,1.8664436452168895,-1.5790705471785762
9100,-1.052981845955159,-1.1580611076509315,0.8389169870202585
87,-0.9037621521088367,-0.5035041088959552,1.3225144938600255
8063,0.36460524558490276,-0.6276442293494852,-0.1282780266592754
3382,-0.9535020500576108,-0.4922186434001798,0.8389169870202585
14213,-0.033313938005289936,-0.8307826082734433,-0.6118755334990423
10121,1.1107037148165144,0.5799005786984881,-0.6118755334990423
403,-1.052981845955159,-1.0564919181889523,1.3225144938600255
14936,-1.077851794929546,-1.1580611076509315,0.8389169870202585
3350,0.7127845312263216,0.10591102787591913,-0.6118755334990423
14330,-0.6550626623649661,-0.3116511954677726,0.8389169870202585
7946,-1.077851794929546,-0.921066332239647,1.3225144938600255
14844,1.9562819799456737,1.5504506113351768,-2.54626556085811
6378,1.9314120309712868,2.1372948171155004,-0.1282780266592754
2241,-0.13279373390283822,-0.5373605053832816,-0.1282780266592754
9188,-0.8291523051856755,-0.7743552807945661,-0.1282780266592754
14926,-0.25714347877477345,-0.7743552807945661,-0.6118755334990423
6552,-1.077851794929546,-1.2032029696340332,1.3225144938600255
9380,1.1355736637909013,0.7717534921266708,-0.1282780266592754
10067,1.8816721330225128,1.9341564381915424,-2.062668054018343
6310,-0.40636317262109567,0.06076916589281733,0.8389169870202585
1027,-1.077851794929546,-1.0452064526931768,1.3225144938600255
14890,-0.4561030705698698,-0.4809331779044043,-0.1282780266592754
3803,0.9117441230214178,1.4375959563774223,-0.1282780266592754
5517,0.21538555173858054,-0.5486459708790571,-1.0954730403388093
2436,-0.9037621521088367,-0.43579131592130255,0.8389169870202585
4689,-0.48097301954425686,-0.7630698152987906,0.35531948018049153
10358,-0.25714347877477345,0.46704592374073356,-0.1282780266592754
5298,1.6827125412274162,1.956727369183093,-1.0954730403388093
1278,-0.18253363185161225,0.6814697681604671,0.8389169870202585
12472,-1.052981845955159,-0.9774936597185242,1.3225144938600255
8563,-0.6301927133905793,0.2639075448167755,1.3225144938600255
6856,-0.8540222541600626,-0.7292134188114643,0.8389169870202585
2042,-0.35662327467232163,0.3429058032872036,0.35531948018049153
9906,-0.48097301954425686,-0.7292134188114643,-0.1282780266592754
6654,1.3345332555859974,0.7040406991520181,0.35531948018049153
6074,1.4091431025091588,1.3360267669154433,-1.5790705471785762
5157,-0.6550626623649661,-0.8082116772818925,-0.6118755334990423
1425,0.43921509250806384,-0.7066424878199133,-1.0954730403388093
5027,-0.9286321010832237,-0.7630698152987906,0.8389169870202585
5281,0.6381746843031604,1.3134558359238924,0.8389169870202585
9430,0.36460524558490276,-0.4019349194339762,-0.6118755334990423
1502,-0.9037621521088367,-0.9436372632311979,0.8389169870202585
14947,0.2651254496873547,-0.8082116772818925,-2.062668054018343
13144,-0.580452815441805,-1.022635521701626,-0.1282780266592754
12565,2.1055016737919963,2.1598657481070513,-1.5790705471785762
13310,2.3790711125102537,2.374289592526785,-2.54626556085811
14988,-0.9286321010832237,-1.0339209871974016,1.3225144938600255
6064,1.7324524391761906,1.6633052662929315,-1.5790705471785762
678,-0.9286321010832237,-1.0113500562058506,0.35531948018049153
6673,1.4091431025091588,1.1216029224957098,0.35531948018049153
5851,-1.077851794929546,-1.1919175041382577,0.35531948018049153
7194,0.2402555007129675,0.24133661382522456,-0.1282780266592754
10656,0.6879145822519344,0.11719649337169459,-1.0954730403388093
5265,0.9366140719958048,1.4714523528647487,0.35531948018049153
12105,-1.052981845955159,-0.9774936597185242,1.3225144938600255
14085,1.1107037148165144,1.4714523528647487,-0.6118755334990423
9542,0.5386948884056122,-0.35679305745087436,-0.6118755334990423
5053,-1.077851794929546,-1.0903483146762787,0.8389169870202585
5215,1.7324524391761906,1.3473122324112188,-0.6118755334990423
1850,0.2651254496873547,-0.6840715568283625,-0.6118755334990423
6522,0.04129590891787117,-0.6615006258368116,-0.6118755334990423
1070,-0.40636317262109567,-0.9662081942227487,0.8389169870202585
13366,0.46408504148245106,0.9410354745633025,-0.1282780266592754
6784,2.428811010459028,2.1824366790986023,-0.1282780266592754
7750,0.7873943781494827,0.46704592374073356,-0.1282780266592754
2480,-1.077851794929546,-1.0000645907100751,1.3225144938600255
12754,-1.077851794929546,-1.1919175041382577,1.3225144938600255
3392,-1.077851794929546,-0.6276442293494852,1.3225144938600255
1099,-0.7545424582625144,-1.0564919181889523,0.35531948018049153
5484,-1.077851794929546,-1.1919175041382577,1.3225144938600255
12101,-0.9783719990319979,-0.9436372632311979,0.35531948018049153
9315,1.6578425922530293,1.9454419036873176,-0.6118755334990423
11877,0.5386948884056122,1.2006011809661379,-0.6118755334990423
418,-0.6301927133905793,-0.7066424878199133,-0.1282780266592754
9691,2.503420857382189,2.3630041270310094,-1.0954730403388093
5819,-0.7048025603137403,-1.0452064526931768,0.35531948018049153
9680,-0.35662327467232163,0.5234732512196109,0.35531948018049153
1947,1.2599234086628366,1.4150250253858716,-1.5790705471785762
8653,1.7821923371249646,1.0087482675379553,-1.5790705471785762
3336,0.36460524558490276,-0.35679305745087436,0.35531948018049153
2299,1.2847933576372237,1.2118866464619134,-1.0954730403388093
9375,1.8816721330225128,1.2118866464619134,-2.062668054018343
9378,1.856802184048126,1.1441738534872608,-1.5790705471785762
15006,-0.9783719990319979,-0.898495401248096,-1.5790705471785762
208,0.36460524558490276,0.9636064055548534,-0.1282780266592754
8487,1.6578425922530293,0.9974628020421797,-2.062668054018343
3682,-0.8540222541600626,-0.9887791252142997,-0.1282780266592754
9639,1.7821923371249646,1.9454419036873176,-0.6118755334990423
8420,-1.077851794929546,-1.1580611076509315,0.8389169870202585
14908,-1.077851794929546,-1.0564919181889523,1.3225144938600255
528,0.9863539699445792,1.5504506113351768,0.35531948018049153
5329,-0.555582866467418,0.17362382085057185,0.8389169870202585
779,-0.6550626623649661,-0.7630698152987906,0.8389169870202585
722,-1.052981845955159,-1.1806320386424822,0.8389169870202585
7772,-1.077851794929546,-0.6502151603410361,1.3225144938600255
9735,-0.6053227644161921,-0.06337095456071264,0.8389169870202585
7313,-0.7296725092881273,-1.0339209871974016,0.35531948018049153
1860,-1.052981845955159,-1.0790628491805032,1.3225144938600255
13838,-1.077851794929546,-1.1580611076509315,1.3225144938600255
14672,-0.2322735298003864,-0.3342221264593235,0.35531948018049153
13000,-0.033313938005289936,0.602471509690039,-1.5790705471785762
13933,-0.25714347877477345,-0.5373605053832816,0.8389169870202585
1992,2.503420857382189,2.453287850997213,-1.0954730403388093
2332,-0.13279373390283822,0.6250424406815899,0.35531948018049153
9970,-0.9286321010832237,-0.35679305745087436,0.8389169870202585
6339,0.5635648373799991,1.0651755950168325,-0.6118755334990423
10144,-0.6301927133905793,-0.5937878328621589,0.35531948018049153
8715,0.5884347863543863,-0.5260750398875061,-0.6118755334990423
6117,0.8620042250726437,0.2074802173378982,-0.6118755334990423
3459,-0.505842968518644,0.39933313076608085,0.35531948018049153
7974,0.5635648373799991,-0.4132203849297516,0.35531948018049153
6567,0.4143451435336769,-0.8194971427776678,-2.062668054018343
15238,1.6329726432786424,0.9410354745633025,-2.54626556085811
14421,2.528290806356576,-0.8872099357523205,-2.54626556085811
14604,-1.077851794929546,-1.2032029696340332,1.3225144938600255
9552,-0.8540222541600626,-0.8082116772818925,0.35531948018049153
5492,0.2899953986617417,-0.7630698152987906,-1.0954730403388093
9617,0.9614840209701918,1.2231721119576888,0.35531948018049153
4518,-1.077851794929546,-0.4696477124086289,1.3225144938600255
13764,0.43921509250806384,0.4106185962618563,-0.1282780266592754
8395,0.2651254496873547,-0.8420680737692188,-1.0954730403388093
5138,-0.9783719990319979,-1.0677773836847277,-1.0954730403388093
6755,-0.9535020500576108,-0.1423692130311408,1.3225144938600255
11459,0.8371342760982567,1.302170370428117,-1.0954730403388093
12783,-1.077851794929546,-1.1919175041382577,-0.1282780266592754
257,1.5583627963554811,0.8056098886139971,-1.0954730403388093
11661,-0.13279373390283822,-0.898495401248096,-2.062668054018343
11573,-0.6799326113393532,-0.28908026447622165,0.8389169870202585
13223,-1.077851794929546,-0.8420680737692188,0.35531948018049153
12975,-1.077851794929546,-0.44707678141707796,-0.1282780266592754
6931,-1.0281118969807719,-1.169346573146707,1.3225144938600255
14148,-0.15766368287722518,-0.17622560951846716,-0.1282780266592754
13557,-1.077851794929546,-1.0677773836847277,0.8389169870202585
3625,-1.077851794929546,-1.1919175041382577,0.35531948018049153
702,-0.8788922031344497,-1.0903483146762787,0.35531948018049153
3189,0.9366140719958048,0.3541912687829791,-1.5790705471785762
503,0.7376544802007085,1.2570285084450152,-0.6118755334990423
12061,-0.9535020500576108,-1.1129192456678296,0.8389169870202585
13543,-0.20740358082599933,-0.7630698152987906,0.35531948018049153
5441,-1.077851794929546,-1.1580611076509315,0.8389169870202585
2556,-1.077851794929546,-1.1919175041382577,1.3225144938600255
848,-1.077851794929546,-0.5599314363748324,0.35531948018049153
2248,-0.6301927133905793,-0.672786091332587,-0.1282780266592754
5616,0.11590575584103227,0.8056098886139971,0.8389169870202585
8926,0.46408504148245106,1.178030249974587,0.35531948018049153
372,-1.077851794929546,-1.1919175041382577,0.8389169870202585
13601,0.19051560276419338,0.2639075448167755,0.8389169870202585
5317,-0.18253363185161225,0.5911860441942636,0.8389169870202585
10871,-0.580452815441805,-0.5373605053832816,0.35531948018049153
5487,-1.077851794929546,-1.1806320386424822,1.3225144938600255
5303,-0.8291523051856755,0.01562730390971552,0.8389169870202585
4052,-1.052981845955159,-1.0790628491805032,0.35531948018049153
3937,-0.05818388697967712,-0.34550759195509895,0.8389169870202585
6252,-1.052981845955159,-1.0339209871974016,0.8389169870202585
15180,-0.08305383595406408,1.4263104908816469,0.8389169870202585
8336,-0.25714347877477345,-0.6276442293494852,-0.1282780266592754
12516,-0.033313938005289936,0.2751930103125509,-0.1282780266592754
10977,-0.8540222541600626,-1.0339209871974016,-0.1282780266592754
4076,-1.077851794929546,-0.9887791252142997,0.35531948018049153
997,-1.0281118969807719,-0.7630698152987906,0.8389169870202585
4332,-1.052981845955159,-1.0903483146762787,0.35531948018049153
14094,-0.25714347877477345,0.4444749927491827,0.8389169870202585
1176,1.1853135617396753,0.6588988371689163,-0.6118755334990423
14865,1.856802184048126,0.9748918710506289,-1.5790705471785762
551,0.8620042250726437,1.4375959563774223,-0.1282780266592754
4840,-0.9037621521088367,-0.45836224691285343,0.8389169870202585
12579,-1.052981845955159,-0.3342221264593235,1.3225144938600255
4372,-1.077851794929546,-1.2032029696340332,1.3225144938600255
3497,2.080631724817609,1.979298300174644,-1.0954730403388093
8288,1.3842731535347719,0.8394662851013235,-0.1282780266592754
8075,0.36460524558490276,-0.4922186434001798,-0.1282780266592754
10083,-0.033313938005289936,0.5573296477069372,-0.6118755334990423
1407,-0.9037621521088367,-0.9774936597185242,0.8389169870202585
12767,-1.077851794929546,-1.2032029696340332,0.35531948018049153
12898,-1.077851794929546,-0.5712169018706079,0.35531948018049153
5176,-1.052981845955159,-0.8759244702565452,0.8389169870202585
5829,-1.077851794929546,-1.2032029696340332,0.8389169870202585
6062,-0.580452815441805,0.12848195886747005,0.35531948018049153
8156,-1.077851794929546,-0.5373605053832816,0.8389169870202585
10868,-0.28201342774916044,-0.34550759195509895,0.35531948018049153
6775,2.7023804491772854,2.4194314545098865,-1.5790705471785762
3588,0.7873943781494827,-0.3003657299719971,-0.1282780266592754
11732,0.14077570481541946,-0.5035041088959552,-0.6118755334990423
10506,-1.0281118969807719,-0.8646390047607697,0.35531948018049153
693,-1.052981845955159,-1.1354901766593806,0.8389169870202585
2533,-1.052981845955159,-1.169346573146707,0.8389169870202585
5011,-0.7048025603137403,-0.44707678141707796,0.35531948018049153
3443,-0.3317533256979346,0.5460441822111617,0.35531948018049153
982,1.1853135617396753,0.7604680266308953,-0.6118755334990423
8271,1.7573223881505777,1.4375959563774223,-0.6118755334990423
5943,-0.008443989030902977,0.3203348722956527,0.35531948018049153
14458,2.2298514186639316,2.0244401621577457,-2.54626556085811
4222,2.3293312145614795,2.1824366790986023,-1.5790705471785762
91,-0.2322735298003864,0.06076916589281733,-0.1282780266592754
5652,2.677510500202898,2.554857040459192,-1.5790705471785762
2266,-0.10792378492845114,-0.09722735104803899,0.35531948018049153
10976,-0.9783719990319979,-1.0903483146762787,0.35531948018049153
8298,0.16564565378980642,0.08334009688436823,0.8389169870202585
9736,2.030891826868835,1.4940232838562997,-1.0954730403388093
9799,-0.6799326113393532,-0.8082116772818925,0.35531948018049153
261,-1.077851794929546,-0.8194971427776678,1.3225144938600255
14248,-1.052981845955159,-1.169346573146707,0.35531948018049153
3337,-1.077851794929546,-1.0339209871974016,0.8389169870202585
12660,0.9614840209701918,0.9184645435717517,-1.5790705471785762
5497,0.04129590891787117,-0.7856407462903415,-0.6118755334990423
14507,-0.9535020500576108,-0.6502151603410361,1.3225144938600255
4016,-1.077851794929546,-1.2032029696340332,1.3225144938600255
3626,-0.7048025603137403,-1.0452064526931768,-0.1282780266592754
9384,-0.8042823562112885,-0.4245058504255271,0.35531948018049153
445,-1.052981845955159,-0.7404988843072398,0.8389169870202585
6752,-1.077851794929546,-0.4245058504255271,1.3225144938600255
5111,0.5635648373799991,-0.7743552807945661,-2.54626556085811
5965,1.4837529494323203,1.5391651458394016,-0.1282780266592754
12840,0.8371342760982567,-0.08594188555226354,-2.062668054018343
3555,-0.8042823562112885,-0.5712169018706079,0.8389169870202585
2194,-1.077851794929546,-1.1919175041382577,0.8389169870202585
15018,0.43921509250806384,-0.3116511954677726,-0.6118755334990423
7338,-1.077851794929546,-1.1129192456678296,0.8389169870202585
13115,-0.9535020500576108,-1.0903483146762787,0.35531948018049153
3367,-0.25714347877477345,-0.09722735104803899,0.8389169870202585
10184,0.5635648373799991,-0.6163587638537098,-0.6118755334990423
2867,-1.077851794929546,-1.1016337801720542,1.3225144938600255
2526,-0.38149322364670873,-0.9436372632311979,0.8389169870202585
11482,-0.28201342774916044,0.5911860441942636,0.8389169870202585
7917,1.6578425922530293,1.053890129521057,-0.6118755334990423
10117,-0.20740358082599933,-0.029514558073386283,0.35531948018049153
10460,-1.077851794929546,-0.6389296948452606,1.3225144938600255
1168,-0.7296725092881273,-0.5035041088959552,0.35531948018049153
4144,1.6827125412274162,1.7197325937718086,-1.0954730403388093
5149,-1.077851794929546,-1.1016337801720542,0.8389169870202585
84,-0.7296725092881273,-0.3793639884424253,0.8389169870202585
3149,2.080631724817609,1.7423035247633596,-2.062668054018343
12922,1.6329726432786424,1.8213017832337877,-2.062668054018343
880,-1.077851794929546,-0.4132203849297516,0.8389169870202585
6747,-0.10792378492845114,0.7491825611351198,0.8389169870202585
9716,2.428811010459028,2.0470110931492966,-1.5790705471785762
6535,-1.052981845955159,-1.1354901766593806,0.35531948018049153
7572,0.14077570481541946,-0.006943627081835381,0.35531948018049153
14664,1.1853135617396753,-0.006943627081835381,-2.54626556085811
15225,0.016425959943484204,0.6814697681604671,0.35531948018049153
1467,-0.15766368287722518,-0.898495401248096,-0.6118755334990423
11193,0.11590575584103227,0.5009023202280599,-1.0954730403388093
5641,1.2599234086628366,1.7197325937718086,-0.1282780266592754
6537,-1.077851794929546,-1.169346573146707,0.8389169870202585
9638,0.7873943781494827,1.3134558359238924,-0.1282780266592754
452,-0.4561030705698698,-0.1423692130311408,0.8389169870202585
4326,0.14077570481541946,-0.5825023673663834,-1.0954730403388093
4044,-1.077851794929546,-1.1354901766593806,0.35531948018049153
11845,1.1355736637909013,1.629448869805605,-1.0954730403388093
4137,2.3044612655870926,1.9680128346788686,-1.5790705471785762
3039,1.9065420819969,1.7197325937718086,-2.062668054018343
9308,-1.077851794929546,-0.4245058504255271,0.8389169870202585
13586,0.7376544802007085,0.28647847580832636,-1.0954730403388093
9774,-1.077851794929546,-0.9323517977354224,-0.1282780266592754
5825,-1.003241948006385,-1.1580611076509315,0.8389169870202585
12002,-1.077851794929546,-1.124204711163605,0.35531948018049153
10484,1.7075824902018033,0.8733226815886498,-2.54626556085811
579,0.4143451435336769,0.9410354745633025,0.35531948018049153
5236,-0.9286321010832237,-0.2552238679888953,0.35531948018049153
6571,0.6381746843031604,-0.7743552807945661,-1.0954730403388093
10735,-0.7545424582625144,0.07205463138859278,0.35531948018049153
7174,-1.077851794929546,-0.6389296948452606,0.8389169870202585
7467,-1.052981845955159,-0.3342221264593235,1.3225144938600255
11262,-1.052981845955159,-1.0452064526931768,-0.1282780266592754
12558,-1.077851794929546,-0.44707678141707796,0.8389169870202585
15335,-0.555582866467418,-0.9097808667438715,4.295208693958647e-16
5587,-0.530712917493031,0.03819823490126643,0.8389169870202585
12054,0.488954990456838,-0.7856407462903415,-2.062668054018343
2467,-0.6301927133905793,-0.5260750398875061,0.8389169870202585
4157,0.7127845312263216,1.2457430429492398,-0.1282780266592754
6349,1.359403204560385,1.6633052662929315,-0.6118755334990423
12210,0.2651254496873547,1.031319198529506,-0.1282780266592754
9389,1.4837529494323203,0.7604680266308953,-1.5790705471785762
413,-0.2322735298003864,-0.5825023673663834,0.35531948018049153
402,-1.003241948006385,-1.022635521701626,1.3225144938600255
4428,-1.077851794929546,-1.0564919181889523,1.3225144938600255
2084,-0.35662327467232163,-0.15365467852691625,0.8389169870202585
3057,0.14077570481541946,0.8056098886139971,0.35531948018049153
13352,0.09103580686664531,0.8056098886139971,-0.1282780266592754
11462,-0.38149322364670873,0.4106185962618563,-0.6118755334990423
7060,-1.077851794929546,-0.5373605053832816,1.3225144938600255
164,-0.7794124072369014,0.09462556238014368,0.8389169870202585
13406,-0.8042823562112885,-0.45836224691285343,0.35531948018049153
10993,-1.077851794929546,-1.1016337801720542,1.3225144938600255
14529,-0.580452815441805,-0.5937878328621589,0.8389169870202585
4302,1.06096381686774,0.07205463138859278,-2.062668054018343
10914,-0.6799326113393532,-0.9549227287269733,-0.1282780266592754
14692,1.5583627963554811,0.8620372160928744,-1.5790705471785762
3317,0.5635648373799991,-0.5486459708790571,-0.6118755334990423
12302,1.6827125412274162,1.031319198529506,-2.54626556085811
7865,-0.9037621521088367,-0.10851281654381445,0.35531948018049153
7582,1.4091431025091588,0.3316203377914282,-2.062668054018343
12286,-0.6550626623649661,-0.06337095456071264,0.35531948018049153
3934,-0.7048025603137403,-0.6276442293494852,0.35531948018049153
6851,0.5635648373799991,0.03819823490126643,-1.0954730403388093
1847,-0.9535020500576108,-1.0677773836847277,0.35531948018049153
12088,-1.077851794929546,-1.1016337801720542,1.3225144938600255
1334,1.2847933576372237,1.1441738534872608,-0.6118755334990423
11766,-0.35662327467232163,-0.1875110750142426,0.35531948018049153
13539,-1.077851794929546,-1.146775642155156,0.35531948018049153
10536,0.7873943781494827,-0.4132203849297516,-1.5790705471785762
10289,-1.077851794929546,-0.9323517977354224,0.35531948018049153
753,-1.003241948006385,-1.0903483146762787,1.3225144938600255
3064,-1.077851794929546,-0.43579131592130255,1.3225144938600255
13304,0.2402555007129675,1.0087482675379553,-1.0954730403388093
6997,-1.052981845955159,-0.9549227287269733,0.8389169870202585
7536,1.7821923371249646,1.5165942148478506,-1.5790705471785762
9464,0.3148653476361286,-0.7517843498030152,-0.1282780266592754
706,0.6133047353287733,-0.7630698152987906,-2.062668054018343
3491,-0.9535020500576108,-0.21008200600579352,0.8389169870202585
9801,0.6879145822519344,-0.3793639884424253,-0.6118755334990423
13881,0.16564565378980642,-0.8420680737692188,-2.062668054018343
4573,1.9811519289200612,2.103438420628174,-0.1282780266592754
11885,-0.7545424582625144,0.07205463138859278,1.3225144938600255
7631,-1.052981845955159,-1.1354901766593806,0.35531948018049153
14600,-0.7048025603137403,-1.0564919181889523,-0.6118755334990423
7706,-1.052981845955159,-1.0677773836847277,1.3225144938600255
7054,0.16564565378980642,0.6250424406815899,-0.1282780266592754
5580,-1.0281118969807719,-0.5486459708790571,0.8389169870202585
11282,-0.9535020500576108,-1.0677773836847277,0.8389169870202585
6840,1.5086228984067072,0.6250424406815899,-2.062668054018343
3151,-0.3068833767235475,0.2751930103125509,0.35531948018049153
14706,-1.077851794929546,-0.6840715568283625,0.8389169870202585
6523,-1.077851794929546,-1.124204711163605,0.8389169870202585
14365,0.886874174047031,1.1667447844788115,-0.6118755334990423
3799,2.503420857382189,2.3855750580225603,-1.5790705471785762
4022,-1.077851794929546,-1.1919175041382577,0.8389169870202585
15039,-1.077851794929546,-0.7292134188114643,1.3225144938600255
10869,-0.8540222541600626,-0.6953570223241379,0.8389169870202585
1074,-1.077851794929546,-1.2032029696340332,4.295208693958647e-16
10254,-0.4312331215954827,-0.8533535392649942,0.8389169870202585
10625,-0.7048025603137403,-0.898495401248096,-0.1282780266592754
3438,-0.48097301954425686,0.37676219977452996,0.8389169870202585
9344,1.4588830004579327,1.6068779388140542,-0.1282780266592754
13730,-0.580452815441805,0.15105288985902093,0.35531948018049153
10194,0.06616585789225812,-0.8082116772818925,-2.062668054018343
2429,0.6381746843031604,0.7943244231182217,-0.1282780266592754
246,0.9117441230214178,0.7153261646477935,-0.6118755334990423
3815,1.4340130514835459,1.8325872487295631,-0.6118755334990423
10947,-1.052981845955159,-1.1806320386424822,1.3225144938600255
3632,-1.003241948006385,-1.1580611076509315,1.3225144938600255
10224,-1.077851794929546,-1.2032029696340332,0.8389169870202585
2262,1.359403204560385,0.5121877857238354,-2.062668054018343
2246,0.5884347863543863,-0.21008200600579352,0.35531948018049153
835,2.055761775843222,1.5730215423267278,-1.5790705471785762
5064,0.7127845312263216,-0.5260750398875061,-1.5790705471785762
6202,-0.18253363185161225,-0.9323517977354224,-1.0954730403388093
432,-0.8042823562112885,-0.6163587638537098,-0.1282780266592754
8260,-0.05818388697967712,0.5121877857238354,0.35531948018049153
1173,-1.052981845955159,-0.7630698152987906,0.8389169870202585
10255,-1.052981845955159,-1.1016337801720542,1.3225144938600255
6437,1.6578425922530293,1.5053087493520751,-1.0954730403388093
8665,0.06616585789225812,0.00434183841394007,-0.1282780266592754
4656,0.9863539699445792,0.252622079321,-0.1282780266592754
8857,0.7625244291750957,0.6476133716731408,-1.0954730403388093
7925,0.5884347863543863,0.4106185962618563,-0.1282780266592754
5289,1.9314120309712868,0.0,-0.1282780266592754
3757,1.7075824902018033,1.3924540943943207,-1.0954730403388093
10295,0.6133047353287733,0.16233835535479638,-1.0954730403388093
10111,1.5583627963554811,0.9748918710506289,-1.5790705471785762
250,0.3894751945592899,0.38804766527030543,4.295208693958647e-16
13072,0.09103580686664531,-0.34550759195509895,-0.1282780266592754
7952,-0.9535020500576108,-0.8082116772818925,0.35531948018049153
7897,0.9614840209701918,1.1328883879914853,-0.1282780266592754
15016,-0.3317533256979346,-0.5712169018706079,-1.5790705471785762
7334,-1.077851794929546,-1.124204711163605,1.3225144938600255
11052,-0.05818388697967712,0.21876568283367365,-0.1282780266592754
2793,-1.077851794929546,-0.6502151603410361,1.3225144938600255
8254,-0.7545424582625144,-0.040800023569161736,0.8389169870202585
10504,1.2847933576372237,0.28647847580832636,-2.54626556085811
7795,1.4091431025091588,1.5504506113351768,0.35531948018049153
13082,-1.077851794929546,-1.0564919181889523,0.8389169870202585
3407,0.09103580686664531,0.6363279061773653,0.8389169870202585
2729,-1.077851794929546,-0.4245058504255271,1.3225144938600255
15193,0.6133047353287733,1.7084471282760332,0.8389169870202585
9158,-0.13279373390283822,-0.7630698152987906,-0.1282780266592754
433,0.11590575584103227,-0.0746564200564881,-0.6118755334990423
13439,-0.4561030705698698,-0.5937878328621589,0.8389169870202585
7422,2.3044612655870926,1.9341564381915424,-2.062668054018343
7592,0.2402555007129675,-0.26650933348467076,0.35531948018049153
11592,-1.077851794929546,-0.8759244702565452,1.3225144938600255
13962,-0.008443989030902977,0.07205463138859278,-0.1282780266592754
10786,0.9117441230214178,1.4263104908816469,-0.6118755334990423
14909,0.2402555007129675,-0.43579131592130255,-1.5790705471785762
8760,-1.052981845955159,-1.1806320386424822,0.8389169870202585
12639,0.09103580686664531,0.6588988371689163,-0.1282780266592754
11433,1.8816721330225128,1.5843070078225032,-2.062668054018343
5629,2.6277706022541243,2.4871442474845393,-1.5790705471785762
4002,-1.052981845955159,-1.1806320386424822,0.8389169870202585
8917,-0.7048025603137403,0.16233835535479638,0.8389169870202585
4753,0.2899953986617417,-0.8082116772818925,-0.1282780266592754
1332,-0.2322735298003864,0.252622079321,0.35531948018049153
10085,-0.7545424582625144,-0.0746564200564881,0.35531948018049153
8049,0.8122643271238696,-0.6502151603410361,-1.5790705471785762
8337,-0.7296725092881273,-0.8307826082734433,0.35531948018049153
4196,-0.033313938005289936,0.8056098886139971,-0.1282780266592754
1443,-1.077851794929546,-1.2032029696340332,-0.1282780266592754
3681,-0.3317533256979346,-0.8082116772818925,-1.0954730403388093
14728,-0.40636317262109567,0.2300511483294491,0.8389169870202585
4310,0.09103580686664531,-0.4019349194339762,-0.6118755334990423
7448,-1.003241948006385,-0.2552238679888953,0.8389169870202585
4899,1.533492847381094,1.8438727142253386,-0.1282780266592754
8471,-0.7048025603137403,-0.5147895743917307,0.8389169870202585
3985,0.7127845312263216,-0.672786091332587,-2.062668054018343
10928,-0.6053227644161921,-1.0113500562058506,-0.6118755334990423
13650,1.7821923371249646,1.8890145762084405,-1.5790705471785762
12093,-0.48097301954425686,-0.7630698152987906,-0.1282780266592754
9112,-1.077851794929546,-1.2032029696340332,0.8389169870202585
2569,-1.077851794929546,-1.1806320386424822,0.8389169870202585
15178,2.1552415717407705,2.724139022895824,-0.6118755334990423
4277,-0.6799326113393532,-0.3793639884424253,-0.1282780266592754
3666,0.7376544802007085,-0.672786091332587,-0.1282780266592754
8826,0.8122643271238696,0.09462556238014368,-0.6118755334990423
15197,1.6329726432786424,1.9341564381915424,-1.0954730403388093
2446,1.3096633066116106,0.7604680266308953,-2.062668054018343
6821,1.4837529494323203,0.9974628020421797,-0.6118755334990423
9825,-0.40636317262109567,-0.898495401248096,-0.6118755334990423
6520,0.2402555007129675,-0.5825023673663834,-0.1282780266592754
5802,-1.077851794929546,-1.146775642155156,0.8389169870202585
3657,-1.077851794929546,-1.1919175041382577,-0.1282780266592754
11753,1.4588830004579327,0.4444749927491827,-2.54626556085811
12371,0.21538555173858054,-0.6615006258368116,-1.0954730403388093
3172,1.1604436127652884,0.7717534921266708,-0.6118755334990423
1223,1.3842731535347719,1.5617360768309523,-1.0954730403388093
7272,0.6879145822519344,-0.672786091332587,-1.5790705471785762
3639,-1.0281118969807719,-1.169346573146707,0.35531948018049153
4166,-0.8042823562112885,0.026912769405490974,0.8389169870202585
544,-0.555582866467418,0.3429058032872036,0.8389169870202585
1204,1.359403204560385,1.2683139739407907,-0.6118755334990423
14900,0.06616585789225812,-0.3793639884424253,-0.1282780266592754
9386,0.06616585789225812,0.12848195886747005,-0.1282780266592754
13985,-0.10792378492845114,0.3203348722956527,0.35531948018049153
7242,0.21538555173858054,-0.4922186434001798,-0.1282780266592754
2637,-1.077851794929546,-0.796926211786117,1.3225144938600255
14859,-0.38149322364670873,-0.06337095456071264,0.35531948018049153
8408,-1.077851794929546,-1.1919175041382577,1.3225144938600255
12762,-0.8540222541600626,-1.1016337801720542,-1.0954730403388093
14839,-0.15766368287722518,0.38804766527030543,0.35531948018049153
6758,-0.6799326113393532,0.19619475184212273,0.8389169870202585
13386,-0.2322735298003864,0.24133661382522456,0.35531948018049153
8200,1.3096633066116106,1.753588990259135,0.35531948018049153
877,-0.38149322364670873,0.4444749927491827,0.8389169870202585
12436,-1.077851794929546,-1.169346573146707,1.3225144938600255
196,-0.3068833767235475,0.5234732512196109,0.8389169870202585
14955,-1.077851794929546,-1.2032029696340332,0.35531948018049153
3383,0.8371342760982567,0.7830389576224462,-0.6118755334990423
4379,-1.0281118969807719,-1.169346573146707,0.8389169870202585
10566,-1.077851794929546,-1.1919175041382577,0.8389169870202585
10974,-0.033313938005289936,-0.8194971427776678,0.35531948018049153
2997,-0.8291523051856755,-0.5486459708790571,0.8389169870202585
3908,-0.9535020500576108,-0.5825023673663834,0.8389169870202585
2571,-1.003241948006385,-1.124204711163605,0.35531948018049153
7688,-0.9286321010832237,-1.0677773836847277,0.35531948018049153
1755,1.1355736637909013,-0.08594188555226354,-2.062668054018343
6496,-0.18253363185161225,-0.43579131592130255,0.35531948018049153
13244,1.7573223881505777,1.2344575774534643,-2.062668054018343
14391,1.0112239189189662,1.4827378183605242,-0.6118755334990423
14698,0.9614840209701918,0.7040406991520181,-1.0954730403388093
5721,-1.077851794929546,-0.6953570223241379,1.3225144938600255
6443,1.7573223881505777,1.4488814218731978,-0.1282780266592754
14471,-0.6799326113393532,-0.029514558073386283,0.35531948018049153
4969,-0.40636317262109567,0.2639075448167755,0.8389169870202585
6964,-1.077851794929546,-1.146775642155156,0.35531948018049153
6814,0.43921509250806384,0.6476133716731408,-0.1282780266592754
6479,0.3148653476361286,0.026912769405490974,-1.0954730403388093
4711,-1.077851794929546,-1.169346573146707,1.3225144938600255
4163,2.57803070430535,2.4194314545098865,-1.5790705471785762
8093,-0.6053227644161921,-0.6502151603410361,0.35531948018049153
13831,0.488954990456838,-0.5825023673663834,-1.5790705471785762
11502,0.14077570481541946,0.9410354745633025,-0.6118755334990423
12682,-1.077851794929546,-0.8420680737692188,-0.6118755334990423
2682,0.4143451435336769,0.9184645435717517,0.35531948018049153
8885,0.36460524558490276,0.8168953541097725,0.35531948018049153
2508,0.8620042250726437,-0.4922186434001798,-2.54626556085811
15011,-0.20740358082599933,-0.5712169018706079,-0.6118755334990423
1510,-0.008443989030902977,-0.4922186434001798,-1.0954730403388093
4314,-0.7794124072369014,-0.8082116772818925,0.35531948018049153
9761,0.6630446332775474,0.28647847580832636,-0.1282780266592754
8686,-1.077851794929546,-0.9774936597185242,1.3225144938600255
5356,0.488954990456838,0.6363279061773653,-1.0954730403388093
6639,1.3345332555859974,0.37676219977452996,-0.6118755334990423
5972,0.886874174047031,1.2570285084450152,-0.1282780266592754
1244,2.3293312145614795,2.2952913340563565,-1.5790705471785762
3734,-0.15766368287722518,-0.029514558073386283,-0.1282780266592754
9069,-0.13279373390283822,-0.6163587638537098,0.8389169870202585
13538,-0.48097301954425686,-0.8872099357523205,-1.0954730403388093
4121,0.21538555173858054,0.5234732512196109,-0.1282780266592754
7787,-0.25714347877477345,0.3429058032872036,0.35531948018049153
13093,-0.35662327467232163,-0.7517843498030152,-0.6118755334990423
4995,1.583232745329868,1.0200337330337308,-0.6118755334990423
11742,0.04129590891787117,-0.4019349194339762,-0.6118755334990423
12768,-1.077851794929546,-1.2032029696340332,0.8389169870202585
1876,-0.35662327467232163,-0.6163587638537098,0.8389169870202585
7907,1.6329726432786424,1.3360267669154433,-1.0954730403388093
10696,0.9117441230214178,0.952320940059078,-1.0954730403388093
5262,0.16564565378980642,0.9071790780759762,-0.1282780266592754
254,-0.48097301954425686,-0.1875110750142426,-0.6118755334990423
11513,1.5583627963554811,1.855158179721114,-1.5790705471785762
4511,2.1801115207151573,2.0244401621577457,-1.5790705471785762
9792,-0.35662327467232163,-0.6050732983579343,0.35531948018049153
5159,-1.077851794929546,-1.0564919181889523,1.3225144938600255
12656,0.7127845312263216,0.8394662851013235,-1.0954730403388093
8128,0.6381746843031604,0.602471509690039,-0.1282780266592754
759,-0.9037621521088367,-1.022635521701626,0.35531948018049153
5481,-0.8788922031344497,-1.1016337801720542,0.35531948018049153
654,-0.9286321010832237,-0.8533535392649942,1.3225144938600255
5297,1.5583627963554811,1.8890145762084405,0.35531948018049153
9605,0.5138249394312252,0.7717534921266708,-0.1282780266592754
5812,-1.077851794929546,-1.1806320386424822,1.3225144938600255
5288,1.2847933576372237,1.7423035247633596,-0.1282780266592754
2892,-1.077851794929546,-1.1919175041382577,1.3225144938600255
9488,-0.4561030705698698,-1.0000645907100751,0.35531948018049153
3401,2.1801115207151573,1.8213017832337877,-2.062668054018343
7626,0.5386948884056122,-0.6163587638537098,-0.6118755334990423
5636,-0.05818388697967712,0.7830389576224462,0.8389169870202585
1420,-1.077851794929546,-1.1580611076509315,1.3225144938600255
3044,0.46408504148245106,0.9184645435717517,-0.1282780266592754
2830,-1.077851794929546,-0.898495401248096,0.8389169870202585
10370,0.6133047353287733,1.2006011809661379,-1.0954730403388093
328,-1.077851794929546,-1.169346573146707,0.35531948018049153
10415,1.2350534596884497,1.6633052662929315,-1.0954730403388093
253,1.2847933576372237,0.7717534921266708,-1.5790705471785762
13847,0.43921509250806384,-0.7292134188114643,-2.54626556085811
7318,0.4143451435336769,-0.7404988843072398,-0.1282780266592754
6159,-1.077851794929546,-1.124204711163605,0.8389169870202585
5323,-1.0281118969807719,-0.36807852294664983,1.3225144938600255
8868,0.9863539699445792,0.9636064055548534,0.35531948018049153
10012,1.2847933576372237,1.6858761972844822,-1.5790705471785762
4377,-1.077851794929546,-1.2032029696340332,0.35531948018049153
6022,2.055761775843222,2.1937221445943775,-1.5790705471785762
5092,-1.077851794929546,-1.2032029696340332,-0.1282780266592754
13344,-0.8042823562112885,0.026912769405490974,0.8389169870202585
5377,0.7873943781494827,0.3541912687829791,0.35531948018049153
3019,-1.077851794929546,-0.6840715568283625,0.8389169870202585
3029,0.09103580686664531,0.4896168547322845,-0.6118755334990423
9969,0.6381746843031604,0.8394662851013235,0.35531948018049153
2636,0.4143451435336769,0.2639075448167755,-0.1282780266592754
13486,0.04129590891787117,-0.8533535392649942,-0.1282780266592754
9757,-0.9535020500576108,-0.6276442293494852,0.8389169870202585
1131,-1.003241948006385,-1.0339209871974016,0.8389169870202585
3018,-0.9535020500576108,-0.4809331779044043,0.8389169870202585
2945,-1.077851794929546,-1.146775642155156,1.3225144938600255
3659,-1.077851794929546,-1.1919175041382577,0.8389169870202585
10835,-0.8788922031344497,-0.3793639884424253,-0.1282780266592754
14934,-1.077851794929546,-1.1580611076509315,1.3225144938600255
12073,-0.6053227644161921,-0.9436372632311979,0.35531948018049153
13040,0.19051560276419338,0.1849092863463473,-1.5790705471785762
2663,-0.4561030705698698,0.07205463138859278,0.35531948018049153
14055,-0.555582866467418,0.3429058032872036,0.8389169870202585
5378,-0.9037621521088367,-0.6163587638537098,0.8389169870202585
10468,-1.052981845955159,-0.6050732983579343,-0.1282780266592754
1362,-0.08305383595406408,-0.10851281654381445,-0.1282780266592754
7180,1.3842731535347719,1.1554593189830362,-0.1282780266592754
10999,0.14077570481541946,-0.5373605053832816,-0.6118755334990423
5533,-1.077851794929546,-1.0113500562058506,1.3225144938600255
3481,-0.40636317262109567,0.4444749927491827,0.8389169870202585
14783,-0.8291523051856755,0.03819823490126643,0.35531948018049153
6255,0.19051560276419338,-0.45836224691285343,-0.1282780266592754
11224,1.359403204560385,0.5460441822111617,-2.062668054018343
8952,0.8371342760982567,1.4150250253858716,-0.1282780266592754
13006,1.085833765842127,1.2795994394365662,-2.062668054018343
5112,-0.6799326113393532,-1.0452064526931768,-0.6118755334990423
5940,0.9863539699445792,0.8620372160928744,-0.1282780266592754
8270,-1.003241948006385,-0.4696477124086289,0.8389169870202585
9551,-1.077851794929546,-1.0113500562058506,0.8389169870202585
10379,2.4039410614846406,2.351718661535234,-2.062668054018343
2880,0.5386948884056122,-0.6389296948452606,-0.6118755334990423
5839,-1.077851794929546,-1.2032029696340332,1.3225144938600255
3381,0.16564565378980642,0.3541912687829791,-0.1282780266592754
12844,-0.6301927133905793,-0.5712169018706079,0.35531948018049153
1302,-0.530712917493031,0.2639075448167755,0.35531948018049153
14539,1.1853135617396753,-0.0746564200564881,-2.062668054018343
7442,-1.077851794929546,-0.45836224691285343,1.3225144938600255
4957,1.7573223881505777,1.8213017832337877,-1.0954730403388093
4836,-1.077851794929546,-0.7404988843072398,0.8389169870202585
10897,-1.077851794929546,-1.0903483146762787,0.35531948018049153
8908,-0.2322735298003864,0.5573296477069372,0.35531948018049153
9781,-1.052981845955159,-0.921066332239647,0.8389169870202585
10398,0.3894751945592899,1.1328883879914853,-0.6118755334990423
5720,-0.15766368287722518,0.24133661382522456,0.8389169870202585
3879,1.7324524391761906,1.5730215423267278,-0.1282780266592754
9845,-0.2322735298003864,-0.9436372632311979,-0.1282780266592754
942,-0.6799326113393532,0.08334009688436823,0.35531948018049153
12505,-0.20740358082599933,0.01562730390971552,0.35531948018049153
3235,-1.077851794929546,-1.124204711163605,0.35531948018049153
15168,1.6578425922530293,2.2727204030648056,0.8389169870202585
3257,-1.077851794929546,-1.1919175041382577,0.8389169870202585
11588,-1.052981845955159,-0.796926211786117,0.35531948018049153
11335,-1.077851794929546,-1.1806320386424822,1.3225144938600255
176,0.7873943781494827,1.4150250253858716,0.35531948018049153
435,-0.7296725092881273,-0.5260750398875061,0.35531948018049153
12673,-0.8788922031344497,-0.5035041088959552,0.35531948018049153
7049,0.8122643271238696,0.9748918710506289,0.35531948018049153
308,0.14077570481541946,-0.5825023673663834,-0.6118755334990423
11620,1.2101835107140624,-0.11979828203958989,-2.54626556085811
1565,1.856802184048126,1.4714523528647487,-1.5790705471785762
6727,1.2847933576372237,1.6971616627802577,0.35531948018049153
2135,-0.8291523051856755,-0.9323517977354224,0.8389169870202585
9044,-0.20740358082599933,-0.3342221264593235,0.8389169870202585
13480,-0.7296725092881273,-1.0113500562058506,-0.6118755334990423
8847,1.5583627963554811,0.8394662851013235,-2.54626556085811
14621,-1.077851794929546,-1.1806320386424822,1.3225144938600255
12545,2.055761775843222,1.9341564381915424,-2.54626556085811
7393,-1.077851794929546,-0.7404988843072398,1.3225144938600255
2276,-1.077851794929546,-0.7743552807945661,1.3225144938600255
7072,1.2101835107140624,1.5053087493520751,0.8389169870202585
9459,-1.077851794929546,-1.169346573146707,1.3225144938600255
2623,1.1853135617396753,0.3654767342787545,-0.6118755334990423
9855,-0.2322735298003864,-0.9436372632311979,-0.6118755334990423
14050,1.6827125412274162,1.9905837656704195,-2.062668054018343
231,0.5138249394312252,0.8056098886139971,0.35531948018049153
8223,-1.077851794929546,-0.43579131592130255,1.3225144938600255
737,-0.4561030705698698,-0.9662081942227487,0.8389169870202585
14754,0.04129590891787117,0.7943244231182217,0.8389169870202585
8678,-0.48097301954425686,-0.45836224691285343,-0.1282780266592754
9413,-0.18253363185161225,-0.3793639884424253,0.35531948018049153
8972,-0.7296725092881273,0.06076916589281733,0.35531948018049153
5705,1.6578425922530293,1.5391651458394016,-0.6118755334990423
13631,1.085833765842127,1.2457430429492398,-0.6118755334990423
5935,1.4588830004579327,1.0087482675379553,-1.0954730403388093
6495,1.0360938678933531,0.026912769405490974,-1.0954730403388093
755,-0.18253363185161225,-0.796926211786117,0.35531948018049153
9922,0.8371342760982567,0.10591102787591913,-1.5790705471785762
14400,0.2651254496873547,1.0200337330337308,0.35531948018049153
8119,-1.003241948006385,-0.6502151603410361,1.3225144938600255
11587,0.7376544802007085,0.3203348722956527,-2.062668054018343
6200,-1.077851794929546,-1.2032029696340332,1.3225144938600255
9775,-1.077851794929546,-0.9323517977354224,1.3225144938600255
69,-1.0281118969807719,-0.796926211786117,0.8389169870202585
5367,-0.20740358082599933,0.00434183841394007,0.35531948018049153
8084,-0.18253363185161225,-0.5712169018706079,0.8389169870202585
5682,1.9314120309712868,1.979298300174644,-1.0954730403388093
1680,1.3345332555859974,1.4601668873689733,-0.6118755334990423
14157,0.7873943781494827,0.10591102787591913,-0.6118755334990423
5961,0.4143451435336769,0.828180819605548,0.35531948018049153
2603,-1.077851794929546,-1.0564919181889523,1.3225144938600255
7868,1.8319322350737386,1.9680128346788686,-0.1282780266592754
9033,1.583232745329868,0.6137569751858144,-1.0954730403388093
11892,1.7821923371249646,1.877729110712665,-2.062668054018343
12095,-1.077851794929546,-1.0677773836847277,0.8389169870202585
2283,0.46408504148245106,0.4896168547322845,0.35531948018049153
3732,-1.052981845955159,-0.7517843498030152,0.35531948018049153
9904,-1.077851794929546,-1.0677773836847277,1.3225144938600255
14444,0.7376544802007085,1.2795994394365662,-0.6118755334990423
12911,-1.003241948006385,-0.3342221264593235,0.8389169870202585
6620,1.1107037148165144,-0.1875110750142426,-0.6118755334990423
8651,0.5884347863543863,0.4896168547322845,-0.1282780266592754
5127,0.46408504148245106,-0.7292134188114643,-0.6118755334990423
1545,0.3148653476361286,0.28647847580832636,-0.1282780266592754
739,-1.077851794929546,-1.1806320386424822,0.35531948018049153
11743,-0.9037621521088367,-0.8420680737692188,0.8389169870202585
14229,-0.530712917493031,-1.0113500562058506,-1.0954730403388093
6984,1.0360938678933531,-0.2326529369973444,-2.062668054018343
6795,2.2547213676383184,1.9454419036873176,-2.062668054018343
3518,0.6630446332775474,0.8958936125802007,0.35531948018049153
12952,0.6630446332775474,1.3360267669154433,-0.6118755334990423
773,-1.077851794929546,-1.0677773836847277,0.35531948018049153
865,1.3096633066116106,1.5843070078225032,-0.6118755334990423
5200,-0.2322735298003864,-0.006943627081835381,0.8389169870202585
12114,-0.2322735298003864,-0.34550759195509895,4.295208693958647e-16
641,0.6630446332775474,0.07205463138859278,-1.0954730403388093
10313,0.9117441230214178,0.6363279061773653,-2.062668054018343
8761,-1.077851794929546,-1.2032029696340332,0.8389169870202585
3203,-1.0281118969807719,-0.8759244702565452,1.3225144938600255
7288,-1.077851794929546,-1.2032029696340332,0.8389169870202585
5204,-1.077851794929546,-0.7292134188114643,0.8389169870202585
14683,-0.7794124072369014,-0.5373605053832816,1.3225144938600255
6923,-1.0281118969807719,-1.169346573146707,0.8389169870202585
15170,0.6630446332775474,1.9341564381915424,0.8389169870202585
10605,-0.505842968518644,-0.9549227287269733,0.35531948018049153
11359,-0.555582866467418,-0.8194971427776678,0.8389169870202585
14695,-0.48097301954425686,-0.1875110750142426,0.35531948018049153
11241,-0.7794124072369014,-0.6953570223241379,0.35531948018049153
13447,0.2899953986617417,-0.4132203849297516,-0.1282780266592754
3309,-1.077851794929546,-1.146775642155156,0.35531948018049153
363,-0.530712917493031,-1.0113500562058506,-1.5790705471785762
3723,-1.077851794929546,-0.8759244702565452,0.35531948018049153
7670,-0.9783719990319979,-1.1354901766593806,0.8389169870202585
4726,0.3894751945592899,-0.8082116772818925,-2.54626556085811
2940,-1.077851794929546,-1.1580611076509315,1.3225144938600255
471,-1.077851794929546,-0.6163587638537098,0.8389169870202585
1641,-0.530712917493031,0.3654767342787545,0.8389169870202585
13491,0.2899953986617417,-0.8307826082734433,-1.5790705471785762
14418,1.5086228984067072,1.877729110712665,-1.0954730403388093
1172,0.488954990456838,0.24133661382522456,-0.6118755334990423
9621,0.11590575584103227,0.7040406991520181,-0.1282780266592754
6085,1.085833765842127,0.9861773365464044,-0.6118755334990423
15247,0.36460524558490276,0.4219040617576318,-0.1282780266592754
9376,1.4091431025091588,0.9748918710506289,0.35531948018049153
3364,-0.20740358082599933,-0.10851281654381445,1.3225144938600255
8510,0.8371342760982567,0.9861773365464044,0.35531948018049153
1410,-0.8042823562112885,-0.9549227287269733,0.8389169870202585
14254,-0.4561030705698698,-0.9549227287269733,0.35531948018049153
6666,0.7873943781494827,0.6701843026646918,-1.0954730403388093
815,0.8122643271238696,0.5573296477069372,-0.1282780266592754
6500,-0.580452815441805,-0.6615006258368116,-0.1282780266592754
7322,-0.35662327467232163,-0.8872099357523205,-0.1282780266592754
2131,0.7376544802007085,-0.3793639884424253,-0.6118755334990423
1797,0.2402555007129675,-0.8082116772818925,-1.5790705471785762
7727,-1.077851794929546,-0.9887791252142997,1.3225144938600255
4575,-0.8291523051856755,0.00434183841394007,0.35531948018049153
5190,-0.08305383595406408,-0.052085489064937186,0.35531948018049153
8167,2.528290806356576,2.250149472073255,-2.062668054018343
3122,-0.4312331215954827,0.38804766527030543,0.8389169870202585
5365,0.4143451435336769,0.37676219977452996,0.35531948018049153
4275,0.6879145822519344,0.4219040617576318,-0.1282780266592754
14217,-1.077851794929546,-1.1919175041382577,0.8389169870202585
3089,-0.38149322364670873,0.5121877857238354,0.8389169870202585
9368,0.6381746843031604,0.7943244231182217,0.35531948018049153
15317,-1.0281118969807719,-1.1354901766593806,0.8389169870202585
13774,-1.077851794929546,-0.8194971427776678,1.3225144938600255
5253,-1.0281118969807719,-0.322936660963548,1.3225144938600255
1532,-0.8042823562112885,-0.5712169018706079,1.3225144938600255
8603,0.488954990456838,1.0990319915041589,0.35531948018049153
2831,0.09103580686664531,-0.1423692130311408,0.8389169870202585
8269,1.9065420819969,1.5504506113351768,-0.1282780266592754
14086,-0.9286321010832237,-0.1875110750142426,0.35531948018049153
10949,-1.077851794929546,-1.2032029696340332,1.3225144938600255
13415,0.2402555007129675,0.06076916589281733,0.35531948018049153
8672,1.1853135617396753,0.37676219977452996,0.35531948018049153
1299,-1.003241948006385,-0.28908026447622165,1.3225144938600255
6273,-1.052981845955159,-0.8646390047607697,1.3225144938600255
5499,-0.7545424582625144,-1.0000645907100751,0.8389169870202585
14966,-0.05818388697967712,-0.9097808667438715,-0.6118755334990423
14071,-1.077851794929546,-0.44707678141707796,1.3225144938600255
12283,2.030891826868835,1.6633052662929315,-2.062668054018343
1480,-0.7794124072369014,-1.0113500562058506,-0.6118755334990423
1601,-0.7296725092881273,0.08334009688436823,0.35531948018049153
5091,-1.077851794929546,-1.2032029696340332,0.35531948018049153
7067,0.7625244291750957,1.1667447844788115,0.35531948018049153
9699,-0.05818388697967712,0.6927552336562426,-0.1282780266592754
3661,-1.077851794929546,-1.1806320386424822,1.3225144938600255
11518,-0.008443989030902977,0.7717534921266708,0.35531948018049153
4825,-0.8042823562112885,-0.5147895743917307,1.3225144938600255
5680,1.7324524391761906,1.877729110712665,-0.1282780266592754
397,-0.8540222541600626,-0.9774936597185242,0.8389169870202585
11902,1.2350534596884497,1.4601668873689733,-1.0954730403388093
2506,0.21538555173858054,-0.6276442293494852,-0.1282780266592754
11770,1.1604436127652884,0.6814697681604671,-2.062668054018343
9407,-1.0281118969807719,-0.8420680737692188,0.8389169870202585
3010,-0.35662327467232163,-0.06337095456071264,0.8389169870202585
10463,2.1055016737919963,1.5843070078225032,-2.54626556085811
723,-1.077851794929546,-1.2032029696340332,0.8389169870202585
300,-0.008443989030902977,-0.5373605053832816,-1.0954730403388093
12884,-0.35662327467232163,0.08334009688436823,-0.1282780266592754
9419,-1.0281118969807719,-0.921066332239647,0.8389169870202585
7328,-0.8042823562112885,-1.0000645907100751,0.35531948018049153
4185,0.7127845312263216,1.3698831634027697,0.8389169870202585
13804,0.09103580686664531,-0.36807852294664983,-0.6118755334990423
13795,-0.9535020500576108,-0.8082116772818925,1.3225144938600255
14305,-1.077851794929546,-0.9436372632311979,1.3225144938600255
4582,-0.4561030705698698,0.3654767342787545,0.8389169870202585
15089,2.3044612655870926,2.1711512136028266,-2.062668054018343
7367,-0.9037621521088367,-0.7404988843072398,0.35531948018049153
14549,-1.077851794929546,-1.0790628491805032,0.8389169870202585
15028,-0.6799326113393532,-0.5486459708790571,0.8389169870202585
7433,0.43921509250806384,0.9636064055548534,0.8389169870202585
12569,0.2402555007129675,0.9748918710506289,0.35531948018049153
6965,0.33973529661051577,-0.6502151603410361,-0.1282780266592754
1212,0.8371342760982567,1.0877465260083834,-0.1282780266592754
7055,1.359403204560385,1.3811686288985452,-0.6118755334990423
13474,-0.13279373390283822,-0.8082116772818925,-0.6118755334990423
12909,0.6381746843031604,1.0651755950168325,-0.1282780266592754
11159,-1.052981845955159,-0.3906494539382007,1.3225144938600255
8840,1.5086228984067072,0.6701843026646918,-1.5790705471785762
11007,-1.077851794929546,-1.0339209871974016,1.3225144938600255
5427,-1.003241948006385,-1.0452064526931768,1.3225144938600255
9664,0.6381746843031604,1.3134558359238924,-0.1282780266592754
15073,1.4340130514835459,1.2795994394365662,-0.6118755334990423
7216,-0.38149322364670873,-0.3906494539382007,0.8389169870202585
5994,0.8122643271238696,1.3811686288985452,0.35531948018049153
3767,-0.35662327467232163,0.24133661382522456,0.8389169870202585
4272,1.583232745329868,0.8846081470844253,-0.6118755334990423
14841,1.3842731535347719,1.3134558359238924,-1.5790705471785762
15031,-0.6550626623649661,-0.3906494539382007,-0.1282780266592754
786,-1.077851794929546,-1.0000645907100751,0.8389169870202585
9657,-0.08305383595406408,0.7604680266308953,0.35531948018049153
13482,-1.077851794929546,-1.1806320386424822,1.3225144938600255
15279,-1.077851794929546,-1.0000645907100751,0.8389169870202585
7853,-0.3317533256979346,0.5460441822111617,0.35531948018049153
14194,-0.9535020500576108,-1.022635521701626,1.3225144938600255
2905,-1.077851794929546,-1.2032029696340332,0.8389169870202585
4626,1.4340130514835459,1.031319198529506,-1.0954730403388093
996,1.1107037148165144,0.45576045824495814,-0.6118755334990423
11741,-1.077851794929546,-1.0113500562058506,1.3225144938600255
14847,1.9065420819969,1.4714523528647487,-2.54626556085811
7246,-0.8042823562112885,-0.898495401248096,0.8389169870202585
6250,-0.9286321010832237,-0.9549227287269733,0.8389169870202585
9330,-0.3317533256979346,0.47833138923650903,0.35531948018049153
8055,-0.8540222541600626,-1.0339209871974016,0.35531948018049153
14627,-0.8788922031344497,-1.0564919181889523,0.8389169870202585
5523,-0.7545424582625144,-0.8420680737692188,0.8389169870202585
10540,-0.7048025603137403,-0.9097808667438715,0.8389169870202585
7505,0.8122643271238696,1.3247413014196678,0.35531948018049153
156,0.7376544802007085,1.3585976979069943,-0.1282780266592754
10099,-0.7794124072369014,-0.22136747150156896,0.8389169870202585
3085,0.4143451435336769,1.1554593189830362,-0.1282780266592754
10667,-1.077851794929546,-0.8420680737692188,1.3225144938600255
1552,0.21538555173858054,0.3429058032872036,-0.1282780266592754
8979,2.528290806356576,2.1824366790986023,-1.0954730403388093
9948,0.19051560276419338,0.252622079321,-0.6118755334990423
495,2.1552415717407705,2.0357256276535214,-2.062668054018343
2321,-0.8540222541600626,-0.11979828203958989,0.35531948018049153
912,-0.3317533256979346,0.5460441822111617,0.35531948018049153
12118,-0.8042823562112885,-0.6389296948452606,-0.6118755334990423
151,0.6133047353287733,1.2570285084450152,0.35531948018049153
10192,-0.7048025603137403,-1.0000645907100751,-0.1282780266592754
10703,-1.0281118969807719,-0.4696477124086289,0.35531948018049153
10483,-0.38149322364670873,-0.1423692130311408,-0.6118755334990423
1738,0.4143451435336769,-0.040800023569161736,-0.6118755334990423
3001,-0.2322735298003864,-0.09722735104803899,-0.1282780266592754
13291,0.06616585789225812,0.7943244231182217,0.35531948018049153
6961,-1.077851794929546,-1.1580611076509315,0.35531948018049153
13839,-1.052981845955159,-1.124204711163605,0.8389169870202585
2883,-1.077851794929546,-1.1580611076509315,0.35531948018049153
3720,-1.077851794929546,-0.898495401248096,1.3225144938600255
7127,0.21538555173858054,0.9748918710506289,0.35531948018049153
888,-0.6301927133905793,0.252622079321,0.8389169870202585
5471,-1.052981845955159,-1.1806320386424822,0.8389169870202585
3201,-1.077851794929546,-0.9436372632311979,0.8389169870202585
15053,-1.003241948006385,-0.6050732983579343,1.3225144938600255
4823,-1.077851794929546,-0.8420680737692188,1.3225144938600255
4704,-0.40636317262109567,-0.8533535392649942,0.35531948018049153
343,-0.13279373390283822,-0.9097808667438715,-0.6118755334990423
4136,2.2298514186639316,1.9115855071999914,-2.062668054018343
11044,-0.38149322364670873,-0.09722735104803899,-0.1282780266592754
3188,0.7873943781494827,0.30904940679987725,-1.0954730403388093
4522,0.6381746843031604,1.1893157154703624,-0.6118755334990423
2223,-0.505842968518644,-0.8420680737692188,0.8389169870202585
2121,-1.077851794929546,-1.0339209871974016,1.3225144938600255
6858,-1.077851794929546,-0.9662081942227487,0.8389169870202585
15281,-0.9037621521088367,-0.921066332239647,-0.6118755334990423
12899,0.5635648373799991,0.8958936125802007,-0.6118755334990423
9123,-1.077851794929546,-1.2032029696340332,1.3225144938600255
9698,2.030891826868835,2.0470110931492966,-1.5790705471785762
7366,-0.008443989030902977,-0.24393840249311985,0.35531948018049153
12495,-1.077851794929546,-0.8307826082734433,0.35531948018049153
4734,-0.3068833767235475,-0.9662081942227487,-0.1282780266592754
12923,-0.48097301954425686,0.3203348722956527,-0.1282780266592754
1465,-1.077851794929546,-1.1919175041382577,1.3225144938600255
4593,-1.077851794929546,-0.5147895743917307,1.3225144938600255
3565,-0.25714347877477345,-0.35679305745087436,-0.1282780266592754
5840,-1.077851794929546,-1.2032029696340332,1.3225144938600255
283,0.6879145822519344,-0.040800023569161736,-0.1282780266592754
14235,-1.077851794929546,-1.2032029696340332,1.3225144938600255
6175,-0.6301927133905793,-0.9774936597185242,0.35531948018049153
10530,-0.9783719990319979,-0.9774936597185242,-0.6118755334990423
4151,0.8620042250726437,1.2908849049323414,-0.1282780266592754
14835,-1.052981845955159,-0.5035041088959552,1.3225144938600255
9209,-1.077851794929546,-0.8194971427776678,0.8389169870202585
7376,0.43921509250806384,0.12848195886747005,0.35531948018049153
9301,1.3842731535347719,1.798730852242237,-0.1282780266592754
14258,-1.077851794929546,-1.1806320386424822,1.3225144938600255
8969,-0.2322735298003864,0.5460441822111617,0.8389169870202585
3161,0.9614840209701918,0.952320940059078,-0.6118755334990423
2630,0.33973529661051577,0.11719649337169459,-0.6118755334990423
12128,-1.077851794929546,-0.8420680737692188,1.3225144938600255
13063,0.9366140719958048,0.11719649337169459,-1.5790705471785762
13595,1.3096633066116106,0.726611630143569,-1.5790705471785762
1203,0.7873943781494827,0.9297500090675271,-0.1282780266592754
13996,0.14077570481541946,0.6250424406815899,-0.1282780266592754
10401,-1.052981845955159,-0.3342221264593235,1.3225144938600255
616,0.21538555173858054,0.2751930103125509,-0.1282780266592754
3114,1.3096633066116106,1.6971616627802577,-0.6118755334990423
12409,-1.077851794929546,-1.2032029696340332,1.3225144938600255
7481,1.6578425922530293,1.9680128346788686,-0.1282780266592754
9546,0.9117441230214178,-0.1875110750142426,-0.6118755334990423
2728,1.2350534596884497,1.7084471282760332,0.35531948018049153
12657,1.0360938678933531,1.0087482675379553,-1.5790705471785762
12633,1.359403204560385,1.527879680343626,-2.062668054018343
10126,-0.555582866467418,-0.35679305745087436,-0.1282780266592754
1357,-1.077851794929546,-0.8194971427776678,0.35531948018049153
12494,-1.052981845955159,-0.7856407462903415,0.8389169870202585
7798,-0.10792378492845114,0.5686151132027126,0.35531948018049153
11830,0.16564565378980642,0.8733226815886498,-0.6118755334990423
13726,0.06616585789225812,0.7153261646477935,0.35531948018049153
1590,0.886874174047031,1.2683139739407907,-0.1282780266592754
14901,0.5884347863543863,-0.21008200600579352,-1.0954730403388093
3140,0.8371342760982567,1.178030249974587,-0.1282780266592754
5338,1.9562819799456737,1.7197325937718086,-1.0954730403388093
547,-1.052981845955159,-0.3342221264593235,1.3225144938600255
7118,2.0060218778944483,2.1711512136028266,-0.6118755334990423
11862,0.5635648373799991,1.2570285084450152,-0.6118755334990423
14208,0.43921509250806384,-0.6953570223241379,-1.0954730403388093
26,-0.555582866467418,-0.898495401248096,-0.6118755334990423
1067,-1.077851794929546,-1.1919175041382577,0.35531948018049153
3918,-0.3068833767235475,-0.21008200600579352,0.8389169870202585
6604,-1.077851794929546,-1.124204711163605,1.3225144938600255
5529,-0.20740358082599933,-0.5486459708790571,-0.1282780266592754
6678,-0.8788922031344497,-0.3342221264593235,0.35531948018049153
5398,-0.4561030705698698,-0.5260750398875061,1.3225144938600255
8845,-0.6053227644161921,-0.34550759195509895,-0.1282780266592754
8081,0.36460524558490276,-0.4132203849297516,-0.6118755334990423
9835,-1.077851794929546,-1.1919175041382577,1.3225144938600255
14542,0.3894751945592899,-0.36807852294664983,-0.1282780266592754
437,0.9117441230214178,0.3654767342787545,-0.1282780266592754
9199,0.21538555173858054,-0.029514558073386283,0.35531948018049153
13977,1.9065420819969,1.3585976979069943,-2.54626556085811
5269,1.0112239189189662,1.5391651458394016,-0.6118755334990423
1861,0.19051560276419338,-0.5937878328621589,-0.1282780266592754
10684,-1.077851794929546,-0.7179279533156888,0.8389169870202585
8316,-0.35662327467232163,-0.43579131592130255,-0.6118755334990423
12937,-0.580452815441805,0.29776394130410183,0.8389169870202585
2706,-0.08305383595406408,0.7153261646477935,-0.1282780266592754
12967,2.503420857382189,2.430716920005662,-2.062668054018343
5325,0.5635648373799991,1.076461060512608,-0.1282780266592754
6957,-1.052981845955159,-1.1354901766593806,1.3225144938600255
11797,0.7873943781494827,0.952320940059078,-1.5790705471785762
14081,0.5386948884056122,1.1328883879914853,-0.6118755334990423
9059,0.5138249394312252,-0.26650933348467076,-0.6118755334990423
9338,0.09103580686664531,0.7717534921266708,0.35531948018049153
4011,-1.077851794929546,-1.2032029696340332,0.35531948018049153
13739,0.5138249394312252,0.8846081470844253,-0.1282780266592754
534,0.9366140719958048,1.5165942148478506,-0.1282780266592754
11532,-0.8042823562112885,-0.040800023569161736,0.35531948018049153
585,-1.077851794929546,-0.5599314363748324,0.8389169870202585
13069,-1.077851794929546,-0.9774936597185242,1.3225144938600255
13091,0.21538555173858054,-0.5486459708790571,-0.6118755334990423
10374,-1.077851794929546,-0.4245058504255271,1.3225144938600255
11697,-1.003241948006385,-1.1354901766593806,0.35531948018049153
8762,-0.8042823562112885,-1.0790628491805032,0.35531948018049153
6464,0.43921509250806384,0.3316203377914282,0.35531948018049153
12017,-0.9037621521088367,-1.0677773836847277,-0.6118755334990423
14303,0.2402555007129675,-0.27779479898044623,0.35531948018049153
1916,-1.077851794929546,-0.7292134188114643,1.3225144938600255
13554,-0.8540222541600626,-0.921066332239647,-0.1282780266592754
8107,-0.40636317262109567,-0.3116511954677726,-0.1282780266592754
14581,-0.7048025603137403,-1.0339209871974016,0.35531948018049153
1910,-1.052981845955159,-0.7179279533156888,0.8389169870202585
9758,-0.7545424582625144,-0.45836224691285343,0.8389169870202585
11778,-0.530712917493031,-0.1649401440226917,0.35531948018049153
1133,-1.077851794929546,-1.1016337801720542,1.3225144938600255
9988,-0.7048025603137403,0.026912769405490974,0.8389169870202585
11006,-1.077851794929546,-1.0452064526931768,1.3225144938600255
1317,1.6827125412274162,1.629448869805605,-0.1282780266592754
4368,-1.077851794929546,-1.2032029696340332,0.35531948018049153
8313,0.6133047353287733,0.03819823490126643,0.35531948018049153
11724,-1.077851794929546,-1.1016337801720542,1.3225144938600255
8856,-0.6301927133905793,-0.2326529369973444,0.35531948018049153
7325,-1.052981845955159,-1.1354901766593806,0.8389169870202585
6080,0.5386948884056122,0.7604680266308953,-0.1282780266592754
13516,-1.077851794929546,-1.1919175041382577,0.35531948018049153
2601,-0.8540222541600626,-0.898495401248096,-0.1282780266592754
6568,-0.6799326113393532,-1.0564919181889523,-0.1282780266592754
2173,-1.077851794929546,-1.2032029696340332,1.3225144938600255
3605,-0.008443989030902977,-0.7179279533156888,-1.5790705471785762
6429,0.8620042250726437,1.1667447844788115,0.8389169870202585
7995,-0.9783719990319979,-1.0790628491805032,0.8389169870202585
3768,1.856802184048126,1.6633052662929315,-1.0954730403388093
5077,-0.505842968518644,-0.9323517977354224,0.35531948018049153
8274,2.130371622766383,1.5617360768309523,-0.1282780266592754
4631,1.4091431025091588,0.9184645435717517,-1.0954730403388093
8961,2.6029006532797374,2.4081459890141113,-1.0954730403388093
240,1.9065420819969,1.4150250253858716,-0.6118755334990423
13273,0.09103580686664531,0.6814697681604671,0.35531948018049153
14584,-1.077851794929546,-1.1919175041382577,1.3225144938600255
7602,0.2899953986617417,-0.4019349194339762,-0.1282780266592754
8772,-0.28201342774916044,-0.921066332239647,-0.6118755334990423
1867,-1.077851794929546,-1.0790628491805032,1.3225144938600255
12426,-0.9037621521088367,-1.1016337801720542,0.8389169870202585
15211,0.16564565378980642,1.0087482675379553,0.35531948018049153
2521,-1.077851794929546,-1.169346573146707,0.35531948018049153
10107,0.33973529661051577,0.4331895272534072,-0.1282780266592754
1820,-0.6053227644161921,-1.0339209871974016,-0.6118755334990423
2410,-1.077851794929546,-0.5486459708790571,0.8389169870202585
8243,2.080631724817609,2.0131546966619704,-0.1282780266592754
6637,-1.077851794929546,-0.9323517977354224,1.3225144938600255
5187,1.0112239189189662,0.4331895272534072,-0.6118755334990423
11020,0.11590575584103227,-0.1649401440226917,-0.1282780266592754
4565,-0.3317533256979346,0.5460441822111617,0.8389169870202585
7942,0.6879145822519344,0.15105288985902093,0.8389169870202585
12623,1.06096381686774,1.4488814218731978,-2.062668054018343
6391,0.21538555173858054,0.9974628020421797,0.35531948018049153
2118,-1.052981845955159,-0.9774936597185242,0.35531948018049153
3779,2.354201163535867,2.0921529551323985,-2.062668054018343
4961,1.06096381686774,1.3698831634027697,-0.1282780266592754
2809,0.5138249394312252,0.4219040617576318,-0.1282780266592754
498,2.3790711125102537,2.1937221445943775,-2.062668054018343
14169,-0.6799326113393532,-0.6953570223241379,-0.6118755334990423
10256,-1.077851794929546,-1.124204711163605,1.3225144938600255
4284,1.06096381686774,0.4219040617576318,-1.0954730403388093
10427,-0.033313938005289936,0.726611630143569,0.35531948018049153
13332,1.8319322350737386,2.0470110931492966,-0.6118755334990423
228,-0.9037621521088367,-0.28908026447622165,0.8389169870202585
13705,0.2402555007129675,0.9861773365464044,0.35531948018049153
10024,1.3096633066116106,1.753588990259135,-0.6118755334990423
2741,-0.15766368287722518,0.6927552336562426,0.35531948018049153
10134,0.06616585789225812,-0.11979828203958989,0.35531948018049153
6001,0.2651254496873547,1.031319198529506,0.35531948018049153
5718,1.7573223881505777,1.3585976979069943,-1.5790705471785762
13892,-0.7048025603137403,-1.0113500562058506,-0.6118755334990423
5583,-1.003241948006385,-0.4809331779044043,0.8389169870202585
12931,-1.077851794929546,-0.4245058504255271,1.3225144938600255
13019,0.5138249394312252,0.7604680266308953,-1.0954730403388093
12619,-0.35662327467232163,0.45576045824495814,-0.1282780266592754
1128,0.5386948884056122,-0.5260750398875061,0.8389169870202585
14829,0.2651254496873547,0.7943244231182217,-0.1282780266592754
1706,-0.7296725092881273,-0.27779479898044623,0.8389169870202585
7450,0.6381746843031604,1.2344575774534643,0.35531948018049153
3153,2.080631724817609,1.674590731788707,-1.0954730403388093
9704,-1.077851794929546,-0.5035041088959552,1.3225144938600255
13883,-1.077851794929546,-1.1919175041382577,-0.1282780266592754
14746,-0.9535020500576108,-0.21008200600579352,0.8389169870202585
6240,0.8371342760982567,-0.4696477124086289,-1.5790705471785762
7104,-0.35662327467232163,0.5347587167153863,0.8389169870202585
12543,-0.48097301954425686,0.2300511483294491,0.35531948018049153
2721,2.2298514186639316,2.2952913340563565,-0.6118755334990423
7445,0.21538555173858054,0.8958936125802007,0.35531948018049153
7893,0.7625244291750957,1.0651755950168325,-0.1282780266592754
14796,0.09103580686664531,0.8846081470844253,-0.1282780266592754
11689,-1.052981845955159,-1.169346573146707,1.3225144938600255
8042,0.7625244291750957,-0.7066424878199133,-1.5790705471785762
9006,-0.8291523051856755,-0.3003657299719971,0.35531948018049153
9357,-0.10792378492845114,0.45576045824495814,0.35531948018049153
9622,1.4588830004579327,1.5730215423267278,0.35531948018049153
11853,-0.7794124072369014,0.09462556238014368,0.8389169870202585
11701,-1.077851794929546,-1.1806320386424822,0.35531948018049153
11346,-1.077851794929546,-1.146775642155156,0.8389169870202585
11108,2.2049814696895442,2.2388640065774794,-2.062668054018343
10219,-1.077851794929546,-1.2032029696340332,1.3225144938600255
6054,0.7376544802007085,1.2006011809661379,-1.0954730403388093
10341,-0.505842968518644,0.11719649337169459,-0.6118755334990423
12456,0.016425959943484204,-0.6163587638537098,-1.0954730403388093
2550,-1.052981845955159,-1.1806320386424822,0.35531948018049153
7440,0.886874174047031,1.3247413014196678,-0.1282780266592754
6768,0.8122643271238696,1.3698831634027697,0.35531948018049153
9937,-1.003241948006385,-0.7179279533156888,1.3225144938600255
13611,-0.7048025603137403,-0.22136747150156896,0.35531948018049153
6449,0.3148653476361286,0.5573296477069372,-0.1282780266592754
12791,-0.8540222541600626,-1.0790628491805032,-0.6118755334990423
14920,0.4143451435336769,-0.5260750398875061,-0.6118755334990423
2644,-0.13279373390283822,0.07205463138859278,0.35531948018049153
13420,1.1355736637909013,0.3541912687829791,-2.062668054018343
4487,0.8371342760982567,0.9071790780759762,-0.6118755334990423
2061,-0.40636317262109567,0.12848195886747005,-0.1282780266592754
4645,1.4588830004579327,0.6701843026646918,-2.062668054018343
14409,0.3894751945592899,1.1328883879914853,0.35531948018049153
13263,-0.505842968518644,0.11719649337169459,0.8389169870202585
14836,0.6630446332775474,0.9636064055548534,-0.6118755334990423
13815,-0.25714347877477345,-0.6389296948452606,0.35531948018049153
7265,-0.7794124072369014,-1.0000645907100751,0.35531948018049153
4174,-0.7794124072369014,0.08334009688436823,0.35531948018049153
12778,-0.8291523051856755,-1.0903483146762787,0.35531948018049153
14905,-1.0281118969807719,-0.9662081942227487,0.35531948018049153
8543,1.4837529494323203,1.7648744557549105,-0.1282780266592754
12223,0.6879145822519344,1.3473122324112188,-0.6118755334990423
983,0.9117441230214178,0.6137569751858144,-0.6118755334990423
10407,-1.077851794929546,-0.4245058504255271,1.3225144938600255
5480,0.016425959943484204,-0.8759244702565452,-0.6118755334990423
12021,-0.15766368287722518,-0.8646390047607697,-0.6118755334990423
4797,-1.077851794929546,-1.0339209871974016,0.35531948018049153
9859,-1.052981845955159,-1.1806320386424822,1.3225144938600255
3662,0.33973529661051577,-0.7743552807945661,-0.6118755334990423
14128,0.16564565378980642,0.28647847580832636,-0.1282780266592754
6947,-1.0281118969807719,-1.146775642155156,0.35531948018049153
4657,0.9117441230214178,0.2074802173378982,-1.0954730403388093
6414,-0.033313938005289936,0.6927552336562426,0.35531948018049153
3150,-0.9783719990319979,-0.3906494539382007,0.8389169870202585
9620,-0.9783719990319979,-0.3116511954677726,0.8389169870202585
9121,-0.38149322364670873,-0.9774936597185242,-0.6118755334990423
4813,0.7376544802007085,0.16233835535479638,-0.6118755334990423
5969,2.1055016737919963,1.9454419036873176,-1.5790705471785762
2939,-1.077851794929546,-1.169346573146707,1.3225144938600255
1340,1.9562819799456737,1.2457430429492398,-1.5790705471785762
1391,0.8122643271238696,-0.19879654051001805,-0.6118755334990423
9901,0.9366140719958048,-0.3342221264593235,-1.5790705471785762
13213,0.8620042250726437,0.1849092863463473,-1.0954730403388093
9469,-0.9037621521088367,-1.1016337801720542,0.8389169870202585
11143,0.7625244291750957,1.3698831634027697,-0.6118755334990423
11266,-0.8291523051856755,-0.9323517977354224,0.35531948018049153
9236,-1.003241948006385,-0.4809331779044043,0.35531948018049153
6146,0.488954990456838,-0.4019349194339762,0.35531948018049153
1412,0.04129590891787117,-0.6953570223241379,-0.1282780266592754
2256,1.1355736637909013,0.29776394130410183,-1.5790705471785762
14629,0.33973529661051577,-0.7066424878199133,-1.5790705471785762
10984,0.43921509250806384,-0.6163587638537098,-1.0954730403388093
6120,-0.9535020500576108,-0.7630698152987906,0.8389169870202585
2212,-1.077851794929546,-1.1580611076509315,1.3225144938600255
5603,-1.0281118969807719,-0.3906494539382007,0.8389169870202585
6004,-0.580452815441805,0.30904940679987725,0.8389169870202585
5417,-1.077851794929546,-1.0790628491805032,1.3225144938600255
4938,-1.077851794929546,-0.44707678141707796,1.3225144938600255
3624,-1.003241948006385,-1.146775642155156,0.8389169870202585
3158,-1.077851794929546,-0.6502151603410361,0.8389169870202585
4267,0.8371342760982567,0.6363279061773653,0.35531948018049153
463,1.2847933576372237,1.053890129521057,-0.6118755334990423
1754,0.43921509250806384,-0.28908026447622165,-0.6118755334990423
13233,-0.3317533256979346,-0.09722735104803899,-0.1282780266592754
9234,-0.28201342774916044,0.17362382085057185,-0.1282780266592754
6380,-1.077851794929546,-0.4245058504255271,1.3225144938600255
3829,1.359403204560385,1.7874453867464615,-0.1282780266592754
378,-0.35662327467232163,-0.9097808667438715,0.8389169870202585
10240,0.2651254496873547,-0.7630698152987906,-2.54626556085811
1335,1.7324524391761906,1.3473122324112188,-1.0954730403388093
14872,1.6081026943042553,0.726611630143569,-2.54626556085811
2716,-1.003241948006385,-0.2326529369973444,0.8389169870202585
9838,-1.003241948006385,-1.146775642155156,-0.1282780266592754
10774,2.2049814696895442,2.2727204030648056,-2.062668054018343
13863,-1.077851794929546,-1.2032029696340332,0.8389169870202585
9933,-0.6550626623649661,-0.4696477124086289,0.8389169870202585
6322,-0.9783719990319979,-0.3793639884424253,0.8389169870202585
13238,0.9863539699445792,0.7378970956393444,-1.0954730403388093
10031,-0.9535020500576108,-0.13108374753536534,1.3225144938600255
1894,-0.9286321010832237,-0.7066424878199133,0.8389169870202585
4661,1.4091431025091588,0.30904940679987725,-2.062668054018343
9919,-1.077851794929546,-0.9887791252142997,1.3225144938600255
7769,1.3096633066116106,1.0877465260083834,-0.1282780266592754
7090,1.0360938678933531,1.527879680343626,0.35531948018049153
6221,-0.580452815441805,-0.9774936597185242,0.8389169870202585
9360,1.1355736637909013,1.2006011809661379,-0.1282780266592754
14697,1.7573223881505777,1.0651755950168325,-2.54626556085811
7037,0.09103580686664531,0.3541912687829791,-0.1282780266592754
8816,-0.13279373390283822,-0.5260750398875061,-0.1282780266592754
8887,-0.7048025603137403,-0.006943627081835381,0.8389169870202585
12297,-0.580452815441805,-0.15365467852691625,0.35531948018049153
11418,0.9614840209701918,0.828180819605548,-1.0954730403388093
10563,-0.08305383595406408,-0.8872099357523205,-1.5790705471785762
11415,-0.6053227644161921,-0.19879654051001805,0.8389169870202585
3992,-1.077851794929546,-1.1919175041382577,0.8389169870202585
6691,-0.008443989030902977,0.5234732512196109,0.8389169870202585
1030,0.6133047353287733,-0.322936660963548,-0.6118755334990423
2220,-1.077851794929546,-1.1354901766593806,1.3225144938600255
11909,0.8620042250726437,1.1554593189830362,-0.6118755334990423
14125,-1.052981845955159,-0.6502151603410361,0.35531948018049153
3793,2.0060218778944483,2.0582965586450723,-2.062668054018343
11584,-1.077851794929546,-0.8194971427776678,0.8389169870202585
10725,2.2049814696895442,2.103438420628174,-2.54626556085811
4327,0.2899953986617417,-0.5486459708790571,-1.0954730403388093
13112,-1.077851794929546,-1.169346573146707,0.35531948018049153
8302,-0.008443989030902977,-0.06337095456071264,0.35531948018049153
14560,-0.008443989030902977,-0.6953570223241379,-0.6118755334990423
13494,-1.077851794929546,-1.2032029696340332,1.3225144938600255
5731,1.0360938678933531,0.6701843026646918,-1.0954730403388093
2917,-1.052981845955159,-1.1806320386424822,-0.1282780266592754
5586,-0.505842968518644,0.04948370039704188,0.35531948018049153
12291,0.5884347863543863,0.7604680266308953,-0.6118755334990423
6326,2.2795913166127058,1.922870972695767,-1.5790705471785762
1515,-1.077851794929546,-1.0113500562058506,1.3225144938600255
14510,-0.13279373390283822,-0.11979828203958989,-0.1282780266592754
13916,-0.6301927133905793,-0.8533535392649942,-0.1282780266592754
12895,-0.9037621521088367,-0.3003657299719971,0.8389169870202585
2263,-1.077851794929546,-0.8646390047607697,0.35531948018049153
4479,-0.05818388697967712,0.24133661382522456,-0.1282780266592754
4239,0.5884347863543863,0.9861773365464044,0.35531948018049153
13036,1.3842731535347719,0.8394662851013235,-2.062668054018343
13240,-0.8540222541600626,-0.4245058504255271,0.8389169870202585
893,-0.9783719990319979,-0.17622560951846716,0.8389169870202585
1490,-0.4312331215954827,-0.8307826082734433,-0.1282780266592754
12288,0.46408504148245106,0.726611630143569,0.35531948018049153
11630,-0.20740358082599933,-0.6840715568283625,0.35531948018049153
8516,0.06616585789225812,0.5686151132027126,0.35531948018049153
2933,0.6879145822519344,-0.6953570223241379,-0.6118755334990423
14107,0.09103580686664531,0.5799005786984881,-0.1282780266592754
1129,-1.077851794929546,-1.1129192456678296,-0.1282780266592754
731,0.2402555007129675,-0.8307826082734433,-0.6118755334990423
3084,1.085833765842127,1.6068779388140542,-0.6118755334990423
7297,-0.05818388697967712,-0.9097808667438715,-0.6118755334990423
4588,0.7625244291750957,1.2570285084450152,0.35531948018049153
2795,0.8122643271238696,0.8846081470844253,-0.1282780266592754
7601,-1.0281118969807719,-0.9774936597185242,0.8389169870202585
798,-1.077851794929546,-0.898495401248096,1.3225144938600255
6232,-1.077851794929546,-1.146775642155156,1.3225144938600255
734,0.14077570481541946,-0.8420680737692188,-1.0954730403388093
10734,0.5386948884056122,1.1441738534872608,-1.0954730403388093
2244,-1.077851794929546,-1.022635521701626,1.3225144938600255
178,1.2350534596884497,1.6971616627802577,-0.6118755334990423
1174,-1.077851794929546,-0.8194971427776678,0.35531948018049153
790,-0.8540222541600626,-0.7292134188114643,0.35531948018049153
15311,0.16564565378980642,-0.7630698152987906,0.8389169870202585
198,-0.9286321010832237,-0.15365467852691625,0.35531948018049153
10479,0.5635648373799991,0.4444749927491827,-0.6118755334990423
7675,-0.9286321010832237,-1.1129192456678296,0.35531948018049153
548,0.8620042250726437,1.4488814218731978,-0.1282780266592754
3339,-1.003241948006385,-0.9323517977354224,0.35531948018049153
9511,-0.9037621521088367,-1.0790628491805032,0.8389169870202585
7465,-0.033313938005289936,0.8056098886139971,0.35531948018049153
8903,-0.6799326113393532,0.11719649337169459,0.8389169870202585
11304,-0.7048025603137403,-1.0564919181889523,0.8389169870202585
12642,-0.008443989030902977,0.5573296477069372,-1.5790705471785762
7533,-1.0281118969807719,-0.4696477124086289,0.8389169870202585
66,0.19051560276419338,-0.06337095456071264,-0.6118755334990423
4712,-1.003241948006385,-1.1129192456678296,0.8389169870202585
5214,-0.505842968518644,-0.029514558073386283,0.8389169870202585
12276,1.4091431025091588,1.4488814218731978,-2.062668054018343
5033,-1.077851794929546,-0.9774936597185242,-0.1282780266592754
14716,1.3096633066116106,1.2118866464619134,-1.5790705471785762
2572,-0.10792378492845114,-0.8420680737692188,-0.6118755334990423
10481,0.3894751945592899,0.3203348722956527,-1.5790705471785762
11010,-1.003241948006385,-0.9323517977354224,0.8389169870202585
622,-0.3068833767235475,-0.10851281654381445,0.35531948018049153
6222,-0.05818388697967712,-0.8420680737692188,0.8389169870202585
787,-1.077851794929546,-1.0000645907100751,0.35531948018049153
3332,0.886874174047031,-0.2552238679888953,-0.6118755334990423
14773,-1.077851794929546,-0.4245058504255271,1.3225144938600255
6008,-0.6799326113393532,0.2074802173378982,0.8389169870202585
10804,-1.077851794929546,-0.5260750398875061,0.35531948018049153
8334,-1.003241948006385,-0.9662081942227487,0.8389169870202585
13430,0.488954990456838,-0.08594188555226354,-1.5790705471785762
10768,1.1107037148165144,1.629448869805605,-0.6118755334990423
8900,1.9065420819969,1.9454419036873176,-0.6118755334990423
515,1.3842731535347719,1.753588990259135,-0.6118755334990423
478,-0.8788922031344497,-0.2552238679888953,0.8389169870202585
4476,-0.4561030705698698,-0.0746564200564881,-0.1282780266592754
12567,-0.8042823562112885,0.026912769405490974,0.8389169870202585
9023,1.359403204560385,0.726611630143569,-0.1282780266592754
6899,-0.4561030705698698,-0.8872099357523205,-0.6118755334990423
1033,-0.25714347877477345,-0.6502151603410361,0.35531948018049153
9541,-0.38149322364670873,-0.6840715568283625,-0.1282780266592754
2598,-1.077851794929546,-1.0790628491805032,0.8389169870202585
1514,0.7376544802007085,-0.17622560951846716,-0.6118755334990423
6191,-0.8042823562112885,-1.0903483146762787,0.8389169870202585
11121,0.2899953986617417,1.0651755950168325,0.8389169870202585
7237,0.5138249394312252,-0.322936660963548,-1.0954730403388093
5753,-1.077851794929546,-0.9097808667438715,0.8389169870202585
10385,-0.40636317262109567,0.47833138923650903,0.35531948018049153
13198,-0.8788922031344497,-0.8759244702565452,0.35531948018049153
8236,1.2599234086628366,1.6068779388140542,0.35531948018049153
8536,2.2795913166127058,2.1598657481070513,-0.6118755334990423
5521,1.1355736637909013,-0.2326529369973444,-2.062668054018343
1462,0.2651254496873547,-0.8307826082734433,-0.1282780266592754
7915,-0.033313938005289936,0.2074802173378982,0.35531948018049153
1871,-1.052981845955159,-1.022635521701626,1.3225144938600255
12497,-1.003241948006385,-0.6953570223241379,0.8389169870202585
7209,-0.7794124072369014,-0.5599314363748324,1.3225144938600255
10306,0.7625244291750957,0.4331895272534072,-1.5790705471785762
7349,-0.9037621521088367,-0.921066332239647,-0.1282780266592754
4623,2.030891826868835,1.4714523528647487,-2.062668054018343
9682,-0.2322735298003864,0.6250424406815899,0.35531948018049153
4818,-0.9783719990319979,-0.7292134188114643,0.35531948018049153
220,-0.25714347877477345,0.39933313076608085,0.35531948018049153
12766,-0.580452815441805,-1.022635521701626,-1.0954730403388093
9213,-0.3068833767235475,-0.10851281654381445,0.35531948018049153
2476,0.2651254496873547,-0.22136747150156896,-0.1282780266592754
4248,-1.0281118969807719,-0.4809331779044043,1.3225144938600255
11708,-0.008443989030902977,-0.7856407462903415,-0.1282780266592754
14884,0.886874174047031,0.19619475184212273,-2.062668054018343
12858,1.6827125412274162,0.7378970956393444,-2.54626556085811
6487,0.9863539699445792,0.16233835535479638,-1.0954730403388093
9640,0.19051560276419338,0.8958936125802007,0.35531948018049153
9946,-1.052981845955159,-0.7179279533156888,0.8389169870202585
5650,-1.077851794929546,-0.4245058504255271,1.3225144938600255
13966,0.4143451435336769,0.37676219977452996,0.35531948018049153
11061,0.016425959943484204,0.38804766527030543,0.35531948018049153
8052,0.11590575584103227,-0.7856407462903415,-2.062668054018343
14106,0.8620042250726437,1.0877465260083834,-0.1282780266592754
2881,-0.38149322364670873,-0.8646390047607697,0.8389169870202585
1677,1.9065420819969,1.8100163177380122,-1.0954730403388093
6060,2.2049814696895442,1.979298300174644,-1.0954730403388093
901,-0.6301927133905793,0.2639075448167755,0.8389169870202585
11691,-1.077851794929546,-1.1919175041382577,0.8389169870202585
14623,-0.6301927133905793,-0.9887791252142997,0.35531948018049153
2296,-0.20740358082599933,0.24133661382522456,-0.6118755334990423
15320,-1.077851794929546,-1.1580611076509315,0.35531948018049153
8488,1.6081026943042553,0.9974628020421797,-2.54626556085811
11063,-1.052981845955159,-0.5599314363748324,1.3225144938600255
8956,1.7821923371249646,1.9905837656704195,-1.0954730403388093
12917,2.080631724817609,2.0244401621577457,-2.062668054018343
11330,-0.555582866467418,-0.9887791252142997,-0.6118755334990423
6772,-0.8042823562112885,0.01562730390971552,0.8389169870202585
12122,-0.4312331215954827,-0.34550759195509895,0.8389169870202585
7257,-0.4561030705698698,-0.8420680737692188,0.8389169870202585
2580,0.8371342760982567,-0.5599314363748324,-1.0954730403388093
7966,-0.08305383595406408,-0.5147895743917307,-0.1282780266592754
14557,-0.8042823562112885,-0.9436372632311979,0.35531948018049153
11377,-0.9783719990319979,-0.898495401248096,0.8389169870202585
15127,2.8267301940492207,3.1642721772310662,-2.062668054018343
10009,-0.033313938005289936,0.7491825611351198,-0.6118755334990423
9568,-0.38149322364670873,-0.3003657299719971,-0.1282780266592754
5254,0.9614840209701918,1.4150250253858716,0.35531948018049153
681,0.9117441230214178,-0.4809331779044043,-2.062668054018343
14299,1.1355736637909013,-0.029514558073386283,-2.062668054018343
3159,-0.48097301954425686,0.04948370039704188,0.8389169870202585
11126,-0.15766368287722518,0.7153261646477935,-0.6118755334990423
2987,-1.077851794929546,-0.9097808667438715,1.3225144938600255
4908,1.06096381686774,1.5843070078225032,-0.1282780266592754
1882,-1.077851794929546,-1.0000645907100751,1.3225144938600255
8883,-1.052981845955159,-0.4809331779044043,1.3225144938600255
1940,2.1801115207151573,1.8213017832337877,-2.54626556085811
3296,-1.0281118969807719,-1.146775642155156,0.8389169870202585
3534,1.3842731535347719,0.9297500090675271,-0.1282780266592754
5974,-1.077851794929546,-0.4922186434001798,1.3225144938600255
3729,-1.077851794929546,-0.8307826082734433,0.35531948018049153
490,0.14077570481541946,0.726611630143569,-0.1282780266592754
5708,0.8122643271238696,1.0200337330337308,-0.1282780266592754
1181,1.1355736637909013,0.726611630143569,-2.062668054018343
1375,-1.077851794929546,-0.9436372632311979,1.3225144938600255
5014,-0.6053227644161921,-0.4132203849297516,0.8389169870202585
626,-0.4312331215954827,-0.24393840249311985,0.8389169870202585
4758,0.14077570481541946,-0.8082116772818925,-1.0954730403388093
11147,0.2402555007129675,0.9861773365464044,-0.1282780266592754
11717,0.06616585789225812,-0.6840715568283625,-0.1282780266592754
11219,-0.48097301954425686,-0.26650933348467076,0.35531948018049153
4180,-1.077851794929546,-0.4245058504255271,0.8389169870202585
13311,-0.7794124072369014,0.09462556238014368,-1.0954730403388093
8983,2.080631724817609,1.8890145762084405,-1.5790705471785762
2887,0.09103580686664531,-0.7856407462903415,-1.0954730403388093
8876,0.9863539699445792,1.0877465260083834,-0.1282780266592754
4539,-0.7296725092881273,0.1397674243632455,0.8389169870202585
10942,-1.077851794929546,-1.2032029696340332,1.3225144938600255
6671,1.8070622860993515,1.2795994394365662,-1.0954730403388093
6453,1.5086228984067072,1.0426046640252815,0.8389169870202585
1366,0.14077570481541946,-0.052085489064937186,-0.1282780266592754
2639,0.36460524558490276,0.28647847580832636,0.35531948018049153
14531,-1.077851794929546,-0.9887791252142997,0.8389169870202585
5602,0.09103580686664531,0.6701843026646918,0.35531948018049153
13875,-0.033313938005289936,-0.898495401248096,-2.062668054018343
5730,0.5386948884056122,0.4444749927491827,-0.1282780266592754
7204,-0.8788922031344497,-0.5937878328621589,0.8389169870202585
5296,1.1107037148165144,1.6181634043098296,-0.1282780266592754
11786,1.9065420819969,1.3698831634027697,-2.54626556085811
2938,-1.077851794929546,-1.169346573146707,1.3225144938600255
10477,-0.7048025603137403,-0.3116511954677726,-0.1282780266592754
13292,0.19051560276419338,0.8958936125802007,0.35531948018049153
8890,1.3345332555859974,1.4940232838562997,0.35531948018049153
5979,-1.077851794929546,-0.4696477124086289,1.3225144938600255
4534,-0.4312331215954827,0.4331895272534072,0.8389169870202585
13759,-1.077851794929546,-0.7179279533156888,0.8389169870202585
7669,-1.077851794929546,-1.1919175041382577,1.3225144938600255
7607,-0.7296725092881273,-0.8420680737692188,0.35531948018049153
12293,1.3345332555859974,1.1328883879914853,-0.6118755334990423
10084,-0.4312331215954827,0.2300511483294491,-0.1282780266592754
11480,-0.35662327467232163,0.5234732512196109,0.35531948018049153
14919,-0.25714347877477345,-0.7179279533156888,-0.1282780266592754
6681,0.5884347863543863,0.7943244231182217,-0.1282780266592754
5428,0.33973529661051577,-0.5937878328621589,-1.5790705471785762
5266,0.11590575584103227,0.8958936125802007,0.35531948018049153
10788,0.3894751945592899,1.0651755950168325,-0.1282780266592754
15049,-0.7545424582625144,-0.1649401440226917,0.8389169870202585
1784,-1.077851794929546,-1.146775642155156,0.35531948018049153
7116,-1.003241948006385,-0.22136747150156896,0.8389169870202585
494,1.533492847381094,1.674590731788707,-1.5790705471785762
12084,0.8122643271238696,-0.4696477124086289,-1.0954730403388093
8981,1.9065420819969,1.8325872487295631,-1.0954730403388093
2038,0.6381746843031604,1.1103174569999343,-0.1282780266592754
4041,0.6133047353287733,-0.6050732983579343,-0.6118755334990423
2897,-1.077851794929546,-1.1919175041382577,-0.1282780266592754
8558,-1.077851794929546,-0.43579131592130255,1.3225144938600255
12467,0.8122643271238696,-0.2326529369973444,-2.54626556085811
10075,0.2651254496873547,0.850751750597099,-0.1282780266592754
11864,1.7324524391761906,2.0131546966619704,-1.0954730403388093
2653,-1.077851794929546,-0.6840715568283625,1.3225144938600255
10556,-1.052981845955159,-1.1354901766593806,0.8389169870202585
8514,0.886874174047031,1.076461060512608,-0.6118755334990423
2031,0.43921509250806384,1.0426046640252815,-0.1282780266592754
5089,-0.20740358082599933,-0.921066332239647,0.35531948018049153
813,-1.077851794929546,-0.7856407462903415,0.8389169870202585
7235,-0.6053227644161921,-0.7179279533156888,0.8389169870202585
6280,-1.077851794929546,-0.8646390047607697,1.3225144938600255
14131,0.6381746843031604,0.5009023202280599,-0.6118755334990423
1079,-1.077851794929546,-1.2032029696340332,0.8389169870202585
2226,-0.7794124072369014,-0.9323517977354224,0.35531948018049153
11956,-0.6799326113393532,-0.4809331779044043,0.35531948018049153
14031,1.6827125412274162,1.9341564381915424,-2.062668054018343
12809,-1.052981845955159,-1.1129192456678296,0.35531948018049153
3261,-1.077851794929546,-1.1919175041382577,1.3225144938600255
5649,-1.077851794929546,-0.4245058504255271,0.8389169870202585
3862,1.06096381686774,1.4037395598900961,0.35531948018049153
2936,-1.077851794929546,-1.169346573146707,1.3225144938600255
11499,1.2599234086628366,1.7197325937718086,-1.5790705471785762
7080,0.36460524558490276,1.0087482675379553,0.35531948018049153
3917,-0.6550626623649661,-0.4245058504255271,0.35531948018049153
12485,-1.077851794929546,-0.898495401248096,1.3225144938600255
305,0.8122643271238696,-0.35679305745087436,-0.6118755334990423
4056,1.085833765842127,-0.3116511954677726,-1.0954730403388093
14603,-1.077851794929546,-1.2032029696340332,0.8389169870202585
2999,0.7127845312263216,0.37676219977452996,0.35531948018049153
9767,-0.28201342774916044,-0.26650933348467076,-0.1282780266592754
1231,1.5086228984067072,1.7197325937718086,-1.0954730403388093
2313,1.1107037148165144,1.3247413014196678,-0.1282780266592754
12050,-1.077851794929546,-1.2032029696340332,0.8389169870202585
10509,-0.8291523051856755,-0.7179279533156888,0.35531948018049153
13088,0.06616585789225812,-0.5599314363748324,-1.0954730403388093
4321,0.2651254496873547,-0.4809331779044043,-0.6118755334990423
15215,-0.7794124072369014,-0.15365467852691625,0.8389169870202585
6470,-0.7048025603137403,-0.4245058504255271,-0.1282780266592754
15233,1.856802184048126,1.2118866464619134,-1.0954730403388093
7500,0.8122643271238696,1.3585976979069943,-0.6118755334990423
12938,-0.4312331215954827,0.4444749927491827,0.35531948018049153
3899,0.2899953986617417,0.38804766527030543,0.8389169870202585
3567,0.5386948884056122,-0.040800023569161736,-1.0954730403388093
5452,-0.580452815441805,-1.0113500562058506,-1.0954730403388093
8022,-1.077851794929546,-1.2032029696340332,1.3225144938600255
13274,0.2651254496873547,0.8168953541097725,0.35531948018049153
12134,0.9863539699445792,0.5799005786984881,-2.062668054018343
4270,0.4143451435336769,0.3654767342787545,-0.1282780266592754
8531,-0.8788922031344497,-0.1423692130311408,0.8389169870202585
4086,-0.033313938005289936,-0.1423692130311408,0.8389169870202585
6663,1.583232745329868,1.0087482675379553,-1.5790705471785762
12463,-0.033313938005289936,-0.5599314363748324,0.35531948018049153
588,-1.052981845955159,-0.4922186434001798,0.8389169870202585
3365,-1.077851794929546,-0.8194971427776678,1.3225144938600255
2670,1.3345332555859974,1.3360267669154433,0.35531948018049153
5515,-0.2322735298003864,-0.7066424878199133,-0.1282780266592754
15263,-0.40636317262109567,-0.24393840249311985,-0.6118755334990423
13201,-0.6799326113393532,-0.7404988843072398,-1.0954730403388093
2395,2.553160755330963,2.3178622650479075,-1.5790705471785762
5506,0.9117441230214178,-0.5035041088959552,-1.0954730403388093
2170,-0.3068833767235475,-0.9549227287269733,-1.0954730403388093
14399,-1.003241948006385,-0.24393840249311985,0.35531948018049153
8134,0.36460524558490276,0.5347587167153863,0.35531948018049153
10472,0.46408504148245106,0.5009023202280599,-1.0954730403388093
14431,2.2049814696895442,-0.9436372632311979,-2.062668054018343
9257,0.04129590891787117,0.6588988371689163,0.35531948018049153
12793,-0.10792378492845114,-0.8759244702565452,-1.0954730403388093
5673,1.1604436127652884,1.5843070078225032,-0.1282780266592754
2774,1.359403204560385,1.4940232838562997,-1.0954730403388093
7620,-0.18253363185161225,-0.7404988843072398,-0.1282780266592754
6559,-1.077851794929546,-1.2032029696340332,1.3225144938600255
14060,0.6630446332775474,1.3247413014196678,0.8389169870202585
8456,-1.077851794929546,-1.0000645907100751,1.3225144938600255
12679,-0.05818388697967712,-0.006943627081835381,-0.6118755334990423
14375,0.36460524558490276,0.9297500090675271,-0.6118755334990423
5798,-0.10792378492845114,-0.7630698152987906,0.35531948018049153
5982,0.7376544802007085,1.2570285084450152,0.35531948018049153
5882,-1.077851794929546,-1.0903483146762787,0.8389169870202585
9663,-0.7545424582625144,0.12848195886747005,0.8389169870202585
12137,1.3096633066116106,0.7943244231182217,-2.54626556085811
2181,0.2899953986617417,-0.8420680737692188,-0.6118755334990423
11436,1.583232745329868,1.4827378183605242,-2.062668054018343
1473,-0.08305383595406408,-0.8533535392649942,-0.1282780266592754
6103,-0.530712917493031,-0.27779479898044623,0.35531948018049153
11600,-1.077851794929546,-0.9323517977354224,0.8389169870202585
9363,0.9117441230214178,1.031319198529506,0.35531948018049153
9999,-0.18253363185161225,0.5686151132027126,0.35531948018049153
421,-0.7048025603137403,-0.7179279533156888,-1.0954730403388093
2306,-1.003241948006385,-0.4132203849297516,0.35531948018049153
13101,-0.40636317262109567,-0.8307826082734433,-1.0954730403388093
171,-0.9286321010832237,-0.09722735104803899,0.35531948018049153
3956,0.43921509250806384,-0.43579131592130255,-0.1282780266592754
5606,1.2350534596884497,1.4714523528647487,-0.1282780266592754
14189,0.6381746843031604,-0.45836224691285343,-2.062668054018343
8462,-0.7296725092881273,-0.6276442293494852,0.8389169870202585
1725,0.5884347863543863,0.252622079321,-0.6118755334990423
8938,-0.7296725092881273,0.16233835535479638,0.8389169870202585
15195,1.3842731535347719,1.798730852242237,0.8389169870202585
14357,0.06616585789225812,0.5347587167153863,-0.6118755334990423
13432,0.2651254496873547,-0.19879654051001805,1.3225144938600255
904,-0.18253363185161225,0.6927552336562426,0.8389169870202585
3494,1.0112239189189662,1.3924540943943207,-0.6118755334990423
8346,-1.077851794929546,-1.1016337801720542,1.3225144938600255
9957,1.856802184048126,1.2908849049323414,-1.5790705471785762
7797,0.8122643271238696,1.2006011809661379,0.35531948018049153
7396,0.4143451435336769,0.45576045824495814,0.35531948018049153
12806,-0.35662327467232163,-0.8646390047607697,-0.6118755334990423
2080,-0.7048025603137403,-0.35679305745087436,0.35531948018049153
7928,-0.7545424582625144,-0.43579131592130255,0.8389169870202585
11461,0.488954990456838,1.0877465260083834,-0.6118755334990423
7933,-0.20740358082599933,-0.13108374753536534,-0.6118755334990423
10087,-1.0281118969807719,-0.44707678141707796,-0.1282780266592754
10899,-1.077851794929546,-1.0903483146762787,0.8389169870202585
7211,-1.077851794929546,-0.8872099357523205,0.8389169870202585
4677,-0.9535020500576108,-0.898495401248096,-0.1282780266592754
6533,-0.7048025603137403,-0.9662081942227487,0.35531948018049153
5209,-0.35662327467232163,0.026912769405490974,0.35531948018049153
2646,0.43921509250806384,0.4444749927491827,0.35531948018049153
13241,-1.077851794929546,-0.7179279533156888,1.3225144938600255
11202,-0.9783719990319979,-0.5260750398875061,0.8389169870202585
10110,0.8620042250726437,0.6588988371689163,-0.6118755334990423
11594,-1.077851794929546,-0.8872099357523205,0.8389169870202585
10795,0.5386948884056122,1.1216029224957098,-1.0954730403388093
6365,2.528290806356576,2.4420023855014374,-0.6118755334990423
11851,0.4143451435336769,1.1554593189830362,-0.1282780266592754
2155,-0.40636317262109567,-0.898495401248096,-1.0954730403388093
11179,-0.35662327467232163,0.30904940679987725,0.8389169870202585
7370,-1.077851794929546,-0.9097808667438715,1.3225144938600255
13652,-1.077851794929546,-0.45836224691285343,1.3225144938600255
7837,-0.8291523051856755,0.03819823490126643,0.35531948018049153
3715,-0.8788922031344497,-0.7179279533156888,0.35531948018049153
8111,-1.077851794929546,-0.8420680737692188,1.3225144938600255
13889,-0.7296725092881273,-1.0339209871974016,-0.1282780266592754
12719,-0.10792378492845114,-0.5712169018706079,0.35531948018049153
3622,-1.077851794929546,-1.1919175041382577,-0.1282780266592754
4516,1.2847933576372237,1.5617360768309523,0.35531948018049153
7354,-1.077851794929546,-1.0339209871974016,1.3225144938600255
8750,-1.077851794929546,-1.2032029696340332,1.3225144938600255
1436,-1.077851794929546,-1.1919175041382577,0.8389169870202585
507,-0.35662327467232163,0.45576045824495814,0.35531948018049153
5275,-1.003241948006385,-0.22136747150156896,0.8389169870202585
5663,0.6630446332775474,1.3134558359238924,0.35531948018049153
5402,1.3345332555859974,0.08334009688436823,-2.062668054018343
5930,-1.077851794929546,-0.7630698152987906,1.3225144938600255
8947,-0.7794124072369014,0.09462556238014368,0.8389169870202585
2339,2.2298514186639316,2.2388640065774794,-0.6118755334990423
13253,1.9811519289200612,1.527879680343626,-2.54626556085811
4386,-0.6301927133905793,-1.022635521701626,-1.0954730403388093
11923,0.016425959943484204,0.4331895272534072,0.35531948018049153
7680,-1.052981845955159,-1.1580611076509315,0.8389169870202585
11796,1.8816721330225128,1.5504506113351768,-2.062668054018343
11574,0.7127845312263216,0.5347587167153863,-0.6118755334990423
8693,-1.077851794929546,-1.022635521701626,1.3225144938600255
643,-0.08305383595406408,-0.27779479898044623,0.35531948018049153
1539,-1.077851794929546,-0.8194971427776678,0.35531948018049153
1211,-0.48097301954425686,0.1397674243632455,0.8389169870202585
11285,-1.077851794929546,-1.1580611076509315,0.8389169870202585
14007,-1.077851794929546,-0.5035041088959552,0.8389169870202585
8864,0.16564565378980642,0.4219040617576318,-0.1282780266592754
6106,0.43921509250806384,0.21876568283367365,-0.6118755334990423
5615,-1.077851794929546,-0.45836224691285343,1.3225144938600255
13498,-0.8540222541600626,-1.1016337801720542,1.3225144938600255
1464,0.11590575584103227,-0.8533535392649942,0.35531948018049153
1192,-0.10792378492845114,0.2074802173378982,0.8389169870202585
3590,1.085833765842127,-0.2552238679888953,-1.5790705471785762
9926,0.09103580686664531,-0.1423692130311408,-0.1282780266592754
6360,2.055761775843222,2.1598657481070513,0.35531948018049153
8697,0.2899953986617417,-0.3793639884424253,-0.6118755334990423
12476,-0.25714347877477345,-0.4922186434001798,0.35531948018049153
6719,2.4039410614846406,2.3178622650479075,-1.0954730403388093
506,0.8620042250726437,1.3585976979069943,0.35531948018049153
11345,-1.077851794929546,-1.146775642155156,0.8389169870202585
9463,-0.9535020500576108,-1.0903483146762787,0.8389169870202585
9522,0.19051560276419338,-0.6953570223241379,-0.1282780266592754
9841,-0.6053227644161921,-1.022635521701626,-1.5790705471785762
1773,-0.6550626623649661,-0.8759244702565452,-0.1282780266592754
272,-0.7048025603137403,-0.5373605053832816,0.35531948018049153
12519,-0.7296725092881273,-0.22136747150156896,0.8389169870202585
14385,0.5884347863543863,1.1667447844788115,-0.6118755334990423
3618,0.33973529661051577,-0.7404988843072398,-0.6118755334990423
2381,1.6329726432786424,1.9115855071999914,-0.1282780266592754
7008,-1.077851794929546,-0.8872099357523205,0.8389169870202585
13423,1.533492847381094,0.4444749927491827,-2.54626556085811
4633,1.5583627963554811,0.952320940059078,-1.0954730403388093
8504,-0.48097301954425686,0.026912769405490974,0.35531948018049153
746,-1.077851794929546,-1.169346573146707,-0.1282780266592754
7707,-1.077851794929546,-1.1016337801720542,0.35531948018049153
3569,-0.8042823562112885,-0.7066424878199133,0.8389169870202585
8982,1.4091431025091588,1.5391651458394016,-0.1282780266592754
15300,-1.077851794929546,-1.0339209871974016,0.8389169870202585
8557,-1.077851794929546,-0.43579131592130255,1.3225144938600255
6448,1.1853135617396753,1.0651755950168325,-0.6118755334990423
5599,2.080631724817609,1.8664436452168895,-1.0954730403388093
11235,-1.077851794929546,-0.9323517977354224,1.3225144938600255
11019,-1.052981845955159,-0.8872099357523205,1.3225144938600255
8572,0.5884347863543863,1.2795994394365662,0.8389169870202585
10811,-0.28201342774916044,0.38804766527030543,0.35531948018049153
1912,-0.9783719990319979,-0.5937878328621589,0.35531948018049153
9422,0.6630446332775474,-0.1875110750142426,-0.6118755334990423
599,0.6381746843031604,0.8394662851013235,-0.6118755334990423
3892,2.030891826868835,1.4940232838562997,-1.5790705471785762
5540,-0.08305383595406408,-0.27779479898044623,-0.1282780266592754
1652,2.055761775843222,2.1372948171155004,-2.54626556085811
8106,0.3148653476361286,0.06076916589281733,-0.6118755334990423
1893,-1.077851794929546,-0.898495401248096,0.35531948018049153
11387,0.2651254496873547,-0.06337095456071264,-1.0954730403388093
6502,-1.077851794929546,-1.022635521701626,1.3225144938600255
4362,-0.9286321010832237,-1.124204711163605,0.8389169870202585
14995,-0.13279373390283822,-0.7404988843072398,-2.062668054018343
375,-0.9037621521088367,-1.0903483146762787,0.35531948018049153
1966,-1.077851794929546,-0.44707678141707796,1.3225144938600255
3957,-0.7296725092881273,-0.8533535392649942,0.35531948018049153
14658,-1.077851794929546,-1.0452064526931768,0.35531948018049153
5696,-0.580452815441805,0.1397674243632455,0.8389169870202585
1243,2.080631724817609,2.1485802826112756,-1.0954730403388093
12664,-0.033313938005289936,0.2074802173378982,-1.5790705471785762
12358,-0.10792378492845114,-0.6276442293494852,-0.6118755334990423
9355,1.06096381686774,1.2344575774534643,0.35531948018049153
941,1.9811519289200612,1.9341564381915424,-1.5790705471785762
13377,0.5386948884056122,0.8620372160928744,0.35531948018049153
3346,0.2402555007129675,-0.2552238679888953,-0.6118755334990423
2657,0.7127845312263216,0.7717534921266708,0.35531948018049153
15005,-1.077851794929546,-1.0790628491805032,0.8389169870202585
10008,-1.052981845955159,-0.34550759195509895,1.3225144938600255
5326,0.8371342760982567,1.2344575774534643,-0.6118755334990423
10035,0.9366140719958048,1.5165942148478506,-0.1282780266592754
6578,-1.077851794929546,-1.1919175041382577,1.3225144938600255
2799,1.6081026943042553,1.2344575774534643,-0.6118755334990423
4306,1.1604436127652884,0.026912769405490974,-0.1282780266592754
11099,0.886874174047031,1.3698831634027697,-0.1282780266592754
12422,-1.077851794929546,-1.1919175041382577,1.3225144938600255
7244,0.7376544802007085,-0.35679305745087436,-0.6118755334990423
298,-1.077851794929546,-1.0564919181889523,1.3225144938600255
12518,-0.3068833767235475,0.10591102787591913,-0.1282780266592754
3823,2.553160755330963,2.4871442474845393,-2.062668054018343
10166,0.9863539699445792,-0.3003657299719971,-2.54626556085811
7977,0.46408504148245106,-0.4809331779044043,-1.0954730403388093
2035,2.3790711125102537,2.1598657481070513,-1.5790705471785762
4039,-0.3068833767235475,-0.8533535392649942,0.8389169870202585
13957,-0.9535020500576108,-0.6502151603410361,1.3225144938600255
11971,-0.555582866467418,-0.5712169018706079,0.35531948018049153
1499,0.06616585789225812,-0.5937878328621589,-0.6118755334990423
3512,-0.9535020500576108,-0.3342221264593235,0.35531948018049153
15220,1.583232745329868,1.3585976979069943,-0.1282780266592754
8844,1.0112239189189662,0.5347587167153863,-0.1282780266592754
8362,-0.8291523051856755,-1.022635521701626,0.35531948018049153
6828,-0.555582866467418,-0.2326529369973444,0.8389169870202585
7130,-0.530712917493031,0.3316203377914282,0.8389169870202585
12271,0.09103580686664531,0.6814697681604671,0.8389169870202585
9406,-0.08305383595406408,-0.2326529369973444,-0.1282780266592754
4085,0.2651254496873547,-0.018229092577610833,0.8389169870202585
242,-0.8788922031344497,-0.36807852294664983,0.35531948018049153
13044,0.11590575584103227,0.08334009688436823,-1.5790705471785762
1644,2.528290806356576,2.4420023855014374,-1.5790705471785762
7371,-0.28201342774916044,-0.3003657299719971,0.8389169870202585
9677,-1.052981845955159,-0.3342221264593235,0.8389169870202585
5594,1.583232745329868,1.5053087493520751,0.8389169870202585
11501,2.3790711125102537,2.374289592526785,-2.062668054018343
12982,1.6578425922530293,1.8664436452168895,-1.0954730403388093
5231,0.9117441230214178,1.1441738534872608,-0.6118755334990423
2076,-0.7545424582625144,-0.35679305745087436,0.35531948018049153
4103,0.16564565378980642,0.21876568283367365,-0.1282780266592754
7493,1.856802184048126,2.0470110931492966,-0.1282780266592754
9043,1.359403204560385,0.30904940679987725,-1.0954730403388093
5968,2.3790711125102537,2.0808674896366233,-2.062668054018343
12818,-0.10792378492845114,-0.6953570223241379,-0.1282780266592754
12110,-1.077851794929546,-0.9887791252142997,1.3225144938600255
3966,-1.077851794929546,-1.124204711163605,0.8389169870202585
10623,0.4143451435336769,-0.5712169018706079,-2.062668054018343
15020,-0.3317533256979346,-0.4696477124086289,1.3225144938600255
14678,0.4143451435336769,0.07205463138859278,0.35531948018049153
6754,-1.0281118969807719,-0.27779479898044623,0.8389169870202585
10718,2.1055016737919963,1.956727369183093,-2.54626556085811
12445,0.11590575584103227,-0.7066424878199133,-0.6118755334990423
12759,-1.077851794929546,-1.1919175041382577,0.8389169870202585
4078,1.1355736637909013,0.21876568283367365,-1.5790705471785762
7754,0.5884347863543863,0.4331895272534072,-0.6118755334990423
8832,-1.077851794929546,-0.898495401248096,0.8389169870202585
2778,-0.28201342774916044,0.3654767342787545,0.8389169870202585
4603,1.1853135617396753,1.3585976979069943,0.35531948018049153
4932,-1.077851794929546,-0.43579131592130255,1.3225144938600255
1985,1.6578425922530293,1.956727369183093,-1.0954730403388093
3861,1.2599234086628366,1.5391651458394016,0.35531948018049153
7774,-0.8291523051856755,-0.27779479898044623,0.8389169870202585
325,-1.077851794929546,-1.1580611076509315,1.3225144938600255
14402,-0.9783719990319979,-0.1875110750142426,1.3225144938600255
6394,0.7625244291750957,1.3698831634027697,-0.1282780266592754
11495,2.478550908407802,2.4420023855014374,-2.54626556085811
4054,-0.7545424582625144,-0.898495401248096,-0.1282780266592754
2237,-0.033313938005289936,-0.5486459708790571,-0.1282780266592754
5229,-0.530712917493031,0.09462556238014368,0.35531948018049153
4571,-1.003241948006385,-0.24393840249311985,0.8389169870202585
8976,0.886874174047031,1.2908849049323414,0.35531948018049153
7454,-1.077851794929546,-0.4132203849297516,1.3225144938600255
1268,-0.4312331215954827,0.46704592374073356,0.35531948018049153
864,0.2651254496873547,0.8846081470844253,-0.1282780266592754
4942,-1.077851794929546,-0.45836224691285343,1.3225144938600255
2253,-1.077851794929546,-0.9323517977354224,0.8389169870202585
6010,0.16564565378980642,0.9748918710506289,0.35531948018049153
6911,-1.077851794929546,-1.1919175041382577,0.35531948018049153
10046,1.3842731535347719,1.776159921250686,-1.0954730403388093
6998,0.8371342760982567,-0.052085489064937186,-0.1282780266592754
371,-0.9037621521088367,-1.1016337801720542,0.35531948018049153
12824,-0.4312331215954827,-0.7404988843072398,-0.1282780266592754
7940,-0.25714347877477345,-0.2552238679888953,-0.1282780266592754
609,1.5583627963554811,1.0651755950168325,-1.0954730403388093
4651,-0.2322735298003864,-0.21008200600579352,0.35531948018049153
12835,0.7376544802007085,-0.21008200600579352,-1.5790705471785762
8872,2.1055016737919963,1.629448869805605,-2.54626556085811
15336,-0.8540222541600626,-0.9774936597185242,-2.062668054018343
14808,-0.4561030705698698,0.37676219977452996,0.35531948018049153
11527,0.8620042250726437,1.3247413014196678,0.35531948018049153
2364,-1.003241948006385,-0.22136747150156896,1.3225144938600255
7766,1.9065420819969,1.3360267669154433,-2.062668054018343
7148,-0.6301927133905793,0.15105288985902093,0.8389169870202585
9103,-1.077851794929546,-1.1919175041382577,1.3225144938600255
3789,1.3842731535347719,1.652019800797156,-0.1282780266592754
11194,0.2899953986617417,0.602471509690039,-1.5790705471785762
5581,0.5635648373799991,0.7153261646477935,0.35531948018049153
9453,-1.077851794929546,-1.146775642155156,1.3225144938600255
5060,-1.077851794929546,-1.1129192456678296,0.8389169870202585
15046,0.2651254496873547,0.3203348722956527,-1.5790705471785762
13510,-0.25714347877477345,-0.9436372632311979,-1.5790705471785762
8671,0.2402555007129675,-0.006943627081835381,-0.6118755334990423
662,0.6381746843031604,-0.28908026447622165,-1.0954730403388093
10959,-0.7296725092881273,-1.0564919181889523,0.35531948018049153
12232,1.2599234086628366,1.7197325937718086,-1.0954730403388093
2776,1.06096381686774,1.302170370428117,-0.1282780266592754
4535,-0.15766368287722518,0.6814697681604671,0.8389169870202585
7189,1.3096633066116106,0.8620372160928744,0.35531948018049153
14699,-0.13279373390283822,0.10591102787591913,-0.6118755334990423
5573,0.5386948884056122,0.5799005786984881,0.35531948018049153
6135,-0.25714347877477345,-0.5260750398875061,0.35531948018049153
4427,0.5138249394312252,-0.3793639884424253,-0.1282780266592754
5247,-0.7545424582625144,0.01562730390971552,0.8389169870202585
12336,-0.38149322364670873,-0.4809331779044043,0.8389169870202585
3981,0.886874174047031,-0.6050732983579343,-1.5790705471785762
7825,0.7625244291750957,1.3811686288985452,-0.1282780266592754
2669,-0.8042823562112885,-0.1875110750142426,0.8389169870202585
3977,-1.077851794929546,-1.1580611076509315,1.3225144938600255
279,0.33973529661051577,-0.10851281654381445,-0.1282780266592754
11373,0.5386948884056122,-0.28908026447622165,-2.062668054018343
8718,0.14077570481541946,-0.672786091332587,0.35531948018049153
7452,1.0112239189189662,1.4940232838562997,-0.1282780266592754
5197,1.3345332555859974,0.7830389576224462,-2.062668054018343
13690,0.6630446332775474,1.3247413014196678,-0.1282780266592754
14301,-0.3068833767235475,-0.5260750398875061,0.35531948018049153
4155,0.016425959943484204,0.726611630143569,0.35531948018049153
14321,-1.077851794929546,-0.8307826082734433,1.3225144938600255
4883,0.016425959943484204,0.7153261646477935,-0.1282780266592754
5807,-1.052981845955159,-1.1354901766593806,1.3225144938600255
3809,-1.003241948006385,-0.2326529369973444,0.8389169870202585
8713,-0.530712917493031,-0.8307826082734433,0.8389169870202585
12079,0.6879145822519344,-0.5599314363748324,-2.062668054018343
4683,-1.077851794929546,-1.0564919181889523,1.3225144938600255
11721,-0.18253363185161225,-0.7179279533156888,-1.0954730403388093
14192,-0.8291523051856755,-0.9549227287269733,0.8389169870202585
10972,-1.077851794929546,-1.169346573146707,0.8389169870202585
5593,0.8122643271238696,1.0426046640252815,-0.1282780266592754
14097,1.06096381686774,1.3247413014196678,-1.5790705471785762
6897,-1.003241948006385,-1.0903483146762787,0.35531948018049153
4563,-0.8042823562112885,0.06076916589281733,0.8389169870202585
8376,-0.38149322364670873,-0.9662081942227487,0.35531948018049153
9498,0.6630446332775474,-0.7517843498030152,-1.5790705471785762
12620,0.7873943781494827,1.302170370428117,-0.6118755334990423
1269,-0.7048025603137403,0.1849092863463473,0.35531948018049153
2350,1.1355736637909013,1.629448869805605,-0.1282780266592754
8745,-1.077851794929546,-1.2032029696340332,0.8389169870202585
1384,-1.077851794929546,-1.0000645907100751,1.3225144938600255
12097,-0.9535020500576108,-0.9549227287269733,0.35531948018049153
9036,0.016425959943484204,-0.10851281654381445,-0.1282780266592754
5856,-0.9286321010832237,-1.0903483146762787,0.8389169870202585
297,-1.077851794929546,-1.0452064526931768,1.3225144938600255
8635,0.2402555007129675,0.602471509690039,0.8389169870202585
13507,-1.077851794929546,-1.2032029696340332,0.8389169870202585
12165,0.9366140719958048,1.0877465260083834,-0.6118755334990423
10066,1.2847933576372237,1.5955924733182787,-2.062668054018343
2077,-0.6301927133905793,-0.26650933348467076,0.8389169870202585
9594,-0.38149322364670873,0.03819823490126643,0.35531948018049153
12240,-0.7545424582625144,0.10591102787591913,0.8389169870202585
2229,-1.077851794929546,-1.1016337801720542,1.3225144938600255
2842,-0.530712917493031,-0.5825023673663834,-1.0954730403388093
2537,-0.6053227644161921,-1.022635521701626,0.35531948018049153
194,1.7075824902018033,1.922870972695767,-0.1282780266592754
12721,0.46408504148245106,-0.4132203849297516,-1.0954730403388093
7362,-0.033313938005289936,-0.3906494539382007,0.35531948018049153
6636,-1.077851794929546,-0.9323517977354224,1.3225144938600255
7498,1.0360938678933531,1.5165942148478506,-0.6118755334990423
13902,-0.9783719990319979,-1.0790628491805032,0.8389169870202585
4042,-0.9535020500576108,-1.0564919181889523,0.8389169870202585
6553,-1.077851794929546,-1.2032029696340332,1.3225144938600255
13452,0.16564565378980642,-0.5147895743917307,-0.6118755334990423
5505,-0.8788922031344497,-1.022635521701626,0.35531948018049153
6854,0.16564565378980642,-0.17622560951846716,0.35531948018049153
6761,0.9614840209701918,1.5053087493520751,-0.1282780266592754
5300,2.3790711125102537,0.0,-0.6118755334990423
11839,1.5086228984067072,1.8325872487295631,-2.54626556085811
320,-1.077851794929546,-1.146775642155156,4.295208693958647e-16
7135,-0.2322735298003864,0.5911860441942636,0.8389169870202585
1371,-0.4561030705698698,-0.4245058504255271,-0.1282780266592754
15062,1.9065420819969,1.2683139739407907,-1.0954730403388093
2654,-1.077851794929546,-0.6840715568283625,1.3225144938600255
9099,-0.033313938005289936,-0.8307826082734433,0.35531948018049153
10715,0.19051560276419338,0.7491825611351198,-0.1282780266592754
3398,-0.9535020500576108,-0.36807852294664983,0.35531948018049153
8532,-0.25714347877477345,0.46704592374073356,0.35531948018049153
9819,0.5635648373799991,-0.6163587638537098,-2.54626556085811
12738,0.2651254496873547,-0.6615006258368116,-1.0954730403388093
13988,1.856802184048126,1.5391651458394016,-0.6118755334990423
12883,0.9614840209701918,0.8958936125802007,-0.6118755334990423
926,-0.13279373390283822,0.6701843026646918,0.35531948018049153
244,0.488954990456838,0.5347587167153863,0.35531948018049153
7469,0.8371342760982567,1.4488814218731978,-0.1282780266592754
8207,2.677510500202898,2.554857040459192,-1.0954730403388093
143,1.4091431025091588,1.7197325937718086,-0.6118755334990423
5983,-0.9286321010832237,-0.1649401440226917,0.35531948018049153
8151,0.4143451435336769,0.8056098886139971,0.35531948018049153
2363,-0.9286321010832237,-0.09722735104803899,1.3225144938600255
11228,-0.9037621521088367,-0.672786091332587,-0.6118755334990423
129,-0.9535020500576108,-0.24393840249311985,1.3225144938600255
1161,1.3842731535347719,0.4219040617576318,-1.0954730403388093
14644,-1.077851794929546,-1.1129192456678296,0.8389169870202585
15030,-1.052981845955159,-1.0000645907100751,0.35531948018049153
5953,1.7324524391761906,1.4940232838562997,-1.5790705471785762
287,-0.40636317262109567,-0.5373605053832816,4.295208693958647e-16
9598,-0.555582866467418,-0.06337095456071264,-0.1282780266592754
5308,-0.40636317262109567,0.4444749927491827,0.8389169870202585
8681,-0.7048025603137403,-0.6163587638537098,0.8389169870202585
1170,-0.28201342774916044,-0.19879654051001805,-0.6118755334990423
13341,-1.0281118969807719,-0.3003657299719971,0.8389169870202585
13602,0.33973529661051577,0.3654767342787545,-0.6118755334990423
6792,-0.2322735298003864,0.4444749927491827,0.8389169870202585
11233,-1.0281118969807719,-0.8307826082734433,1.3225144938600255
1859,-0.3317533256979346,-0.7743552807945661,0.35531948018049153
10941,-1.052981845955159,-1.1806320386424822,1.3225144938600255
10141,1.1604436127652884,0.2074802173378982,-2.54626556085811
6781,-0.6301927133905793,0.16233835535479638,-0.1282780266592754
12501,-1.077851794929546,-0.7856407462903415,1.3225144938600255
10421,0.04129590891787117,0.8168953541097725,0.35531948018049153
3121,-0.9286321010832237,-0.15365467852691625,1.3225144938600255
8579,1.3842731535347719,1.798730852242237,-0.6118755334990423
1311,-0.6053227644161921,0.12848195886747005,0.35531948018049153
1032,-0.20740358082599933,-0.6163587638537098,0.8389169870202585
8339,0.9863539699445792,-0.27779479898044623,-1.0954730403388093
13031,-0.7545424582625144,-0.322936660963548,-0.1282780266592754
6382,0.14077570481541946,0.952320940059078,-0.1282780266592754
7910,0.8371342760982567,0.8620372160928744,0.35531948018049153
931,1.0112239189189662,1.4601668873689733,0.35531948018049153
691,-1.077851794929546,-1.1580611076509315,1.3225144938600255
12724,-0.15766368287722518,-0.6389296948452606,-0.1282780266592754
6364,2.3293312145614795,2.329147730543683,-1.0954730403388093
1909,-0.7296725092881273,-0.3906494539382007,0.8389169870202585
9021,1.7573223881505777,0.9410354745633025,-0.1282780266592754
15111,1.8319322350737386,2.1711512136028266,-0.1282780266592754
14503,0.5138249394312252,0.3203348722956527,-0.1282780266592754
44,-0.48097301954425686,-0.7292134188114643,0.35531948018049153
3939,0.2651254496873547,-0.24393840249311985,0.35531948018049153
10373,-1.077851794929546,-0.4245058504255271,1.3225144938600255
7108,-1.077851794929546,-0.4245058504255271,1.3225144938600255
9455,-1.077851794929546,-1.1580611076509315,0.8389169870202585
4319,-0.4561030705698698,-0.7066424878199133,-0.6118755334990423
2965,-1.052981845955159,-1.0339209871974016,0.35531948018049153
3969,-1.077851794929546,-1.124204711163605,-2.54626556085811
9379,1.7821923371249646,1.0877465260083834,-1.0954730403388093
13755,0.488954990456838,0.6476133716731408,-0.6118755334990423
10148,-0.48097301954425686,-0.5599314363748324,-0.6118755334990423
13210,0.33973529661051577,-0.08594188555226354,-1.5790705471785762
7478,0.3894751945592899,1.1328883879914853,0.35531948018049153
6308,-0.8540222541600626,-0.34550759195509895,0.35531948018049153
4159,2.130371622766383,2.1372948171155004,-1.5790705471785762
3092,1.085833765842127,1.6181634043098296,-0.1282780266592754
11982,1.2101835107140624,-0.06337095456071264,-1.5790705471785762
7954,0.19051560276419338,-0.24393840249311985,0.35531948018049153
5555,-1.077851794929546,-0.8307826082734433,1.3225144938600255
3982,0.7625244291750957,-0.6389296948452606,-2.062668054018343
14016,-1.077851794929546,-0.45836224691285343,1.3225144938600255
6940,-0.20740358082599933,-0.9323517977354224,0.35531948018049153
1404,-1.077851794929546,-1.1016337801720542,1.3225144938600255
3195,1.3345332555859974,0.38804766527030543,-1.5790705471785762
9666,2.652640551228511,2.5435715749634165,-1.0954730403388093
10505,-0.8540222541600626,-0.7066424878199133,0.8389169870202585
9975,-1.0281118969807719,-0.45836224691285343,0.35531948018049153
969,1.9811519289200612,1.4940232838562997,-2.062668054018343
12446,-0.8788922031344497,-1.0113500562058506,-0.6118755334990423
6543,-0.3317533256979346,-0.9097808667438715,-0.1282780266592754
9117,0.6381746843031604,-0.7743552807945661,-2.062668054018343
2843,-1.077851794929546,-0.9887791252142997,0.8389169870202585
2851,-0.4561030705698698,-0.6389296948452606,0.35531948018049153
12635,-0.580452815441805,0.15105288985902093,-1.5790705471785762
13060,-0.40636317262109567,-0.4132203849297516,-0.6118755334990423
5956,0.16564565378980642,0.602471509690039,0.8389169870202585
10856,0.9863539699445792,0.4331895272534072,-2.062668054018343
13068,-1.052981845955159,-0.921066332239647,-0.6118755334990423
4471,1.3345332555859974,0.8846081470844253,-0.6118755334990423
9992,2.2547213676383184,2.0921529551323985,-2.54626556085811
12314,1.0360938678933531,0.5121877857238354,-1.5790705471785762
1789,-1.077851794929546,-1.169346573146707,1.3225144938600255
13582,-0.9037621521088367,-0.6840715568283625,1.3225144938600255
2059,1.6578425922530293,1.4263104908816469,-1.5790705471785762
7143,1.06096381686774,1.4601668873689733,-0.1282780266592754
13590,1.4588830004579327,0.6927552336562426,-2.54626556085811
1902,-1.052981845955159,-0.7743552807945661,0.8389169870202585
4686,-1.077851794929546,-1.0790628491805032,1.3225144938600255
11325,-0.10792378492845114,-0.898495401248096,-1.5790705471785762
8090,0.9366140719958048,-0.08594188555226354,-0.1282780266592754
4922,-0.555582866467418,0.3429058032872036,0.8389169870202585
6785,1.2350534596884497,1.5053087493520751,0.35531948018049153
13653,-0.7545424582625144,0.04948370039704188,1.3225144938600255
75,-0.008443989030902977,-0.029514558073386283,-0.1282780266592754
2345,2.453680959433415,2.3855750580225603,-1.5790705471785762
6447,0.9366140719958048,0.952320940059078,-0.1282780266592754
8430,-1.077851794929546,-1.124204711163605,0.8389169870202585
8622,0.04129590891787117,0.6137569751858144,0.35531948018049153
4586,-0.20740358082599933,0.5686151132027126,0.8389169870202585
14772,-0.6550626623649661,0.24133661382522456,1.3225144938600255
12684,-0.7794124072369014,-0.5260750398875061,-0.6118755334990423
9558,1.0360938678933531,0.19619475184212273,-1.0954730403388093
12841,0.14077570481541946,-0.322936660963548,-0.6118755334990423
1553,1.2101835107140624,0.9071790780759762,-0.6118755334990423
5874,-1.077851794929546,-1.124204711163605,1.3225144938600255
8432,-1.077851794929546,-1.124204711163605,0.8389169870202585
8975,-1.0281118969807719,-0.36807852294664983,1.3225144938600255
14182,0.8371342760982567,-0.3003657299719971,-1.5790705471785762
14970,-1.077851794929546,-1.2032029696340332,1.3225144938600255
9169,0.36460524558490276,-0.5035041088959552,-1.0954730403388093
11468,-0.28201342774916044,0.5347587167153863,0.8389169870202585
5695,0.9117441230214178,1.2457430429492398,-0.1282780266592754
2941,-1.077851794929546,-1.1580611076509315,1.3225144938600255
13196,1.1604436127652884,-0.1423692130311408,-2.062668054018343
11368,-1.077851794929546,-1.0564919181889523,0.8389169870202585
7381,-0.008443989030902977,-0.018229092577610833,-0.1282780266592754
12360,0.19051560276419338,-0.5599314363748324,-1.0954730403388093
1620,-0.3317533256979346,0.5460441822111617,0.35531948018049153
15329,-0.25714347877477345,-0.921066332239647,-2.062668054018343
7905,2.1801115207151573,1.6407343353013806,-2.062668054018343
10798,0.8371342760982567,1.2908849049323414,-1.5790705471785762
12438,-1.077851794929546,-1.1580611076509315,0.8389169870202585
6782,1.6329726432786424,1.7648744557549105,0.35531948018049153
12535,0.36460524558490276,0.7830389576224462,-0.6118755334990423
13478,-0.9535020500576108,-1.0903483146762787,0.8389169870202585
14153,-1.077851794929546,-0.898495401248096,1.3225144938600255
1609,-0.8291523051856755,0.00434183841394007,0.8389169870202585
3096,0.9117441230214178,1.4940232838562997,-0.1282780266592754
2415,1.4837529494323203,1.4827378183605242,-0.6118755334990423
13370,-0.8540222541600626,-0.17622560951846716,0.8389169870202585
2017,1.9562819799456737,2.0808674896366233,0.35531948018049153
2971,-0.4312331215954827,-0.6502151603410361,0.35531948018049153
15040,-0.7794124072369014,-0.8759244702565452,-2.062668054018343
3246,-0.580452815441805,-0.9323517977354224,-0.1282780266592754
124,1.1853135617396753,1.4037395598900961,-0.6118755334990423
1106,0.6630446332775474,-0.7066424878199133,-0.6118755334990423
1814,-0.9783719990319979,-1.146775642155156,0.35531948018049153
11963,1.06096381686774,0.24133661382522456,-1.0954730403388093
14713,0.9117441230214178,0.9410354745633025,-1.0954730403388093
8790,-0.3068833767235475,-0.8307826082734433,0.35531948018049153
2123,-1.077851794929546,-1.0452064526931768,0.8389169870202585
14415,-0.033313938005289936,0.8168953541097725,-0.1282780266592754
10727,-1.077851794929546,-0.4696477124086289,1.3225144938600255
10968,-0.35662327467232163,-0.9323517977354224,-0.6118755334990423
8970,0.21538555173858054,0.8846081470844253,0.8389169870202585
14834,1.359403204560385,1.4037395598900961,-0.6118755334990423
2197,-0.7296725092881273,-1.0452064526931768,-1.0954730403388093
4051,-0.6799326113393532,-0.898495401248096,-0.1282780266592754
1216,0.6381746843031604,1.0200337330337308,-0.6118755334990423
7701,-1.077851794929546,-1.124204711163605,1.3225144938600255
725,0.14077570481541946,-0.8646390047607697,-0.6118755334990423
9170,0.3894751945592899,-0.4809331779044043,-0.1282780266592754
808,-1.052981845955159,-0.7630698152987906,0.35531948018049153
11489,1.6827125412274162,1.979298300174644,-1.5790705471785762
10680,-0.4561030705698698,-0.13108374753536534,-0.1282780266592754
4906,-1.077851794929546,-0.43579131592130255,1.3225144938600255
13419,1.4091431025091588,0.47833138923650903,-2.062668054018343
13874,0.04129590891787117,-0.8872099357523205,-1.0954730403388093
3962,0.8371342760982567,-0.4019349194339762,-1.5790705471785762
11879,1.6329726432786424,1.900300041704216,-1.5790705471785762
2671,1.1107037148165144,1.2231721119576888,-0.1282780266592754
9755,0.488954990456838,0.30904940679987725,-0.6118755334990423
9427,-1.052981845955159,-1.0000645907100751,1.3225144938600255
9417,-0.4561030705698698,-0.5486459708790571,0.8389169870202585
1764,-1.077851794929546,-1.0790628491805032,0.35531948018049153
12278,-0.8788922031344497,-0.2326529369973444,0.8389169870202585
607,0.4143451435336769,0.5911860441942636,0.35531948018049153
12613,1.7324524391761906,1.9341564381915424,-2.062668054018343
9938,-0.13279373390283822,-0.08594188555226354,0.35531948018049153
3217,-0.7296725092881273,-0.7743552807945661,-0.1282780266592754
5737,0.2899953986617417,0.2074802173378982,0.35531948018049153
8479,-1.052981845955159,-0.7630698152987906,0.8389169870202585
2053,0.5386948884056122,0.8733226815886498,-0.1282780266592754
3164,0.6133047353287733,0.7040406991520181,-1.0954730403388093
10751,1.583232745329868,1.9115855071999914,-1.0954730403388093
11744,-1.077851794929546,-1.0000645907100751,0.35531948018049153
13651,0.04129590891787117,0.7491825611351198,-0.1282780266592754
1657,1.8319322350737386,1.979298300174644,-0.6118755334990423
8069,-0.28201342774916044,-0.7517843498030152,0.8389169870202585
8644,1.6329726432786424,1.1216029224957098,-1.5790705471785762
2710,-0.8042823562112885,0.04948370039704188,0.35531948018049153
14068,0.8122643271238696,1.3924540943943207,0.35531948018049153
7549,1.9065420819969,1.2231721119576888,-0.1282780266592754
4266,1.2350534596884497,0.8394662851013235,-0.1282780266592754
6715,-1.077851794929546,-0.44707678141707796,1.3225144938600255
422,-1.077851794929546,-0.9887791252142997,1.3225144938600255
5316,1.1355736637909013,1.5165942148478506,0.35531948018049153
8849,0.7376544802007085,0.5009023202280599,-0.6118755334990423
2845,0.7127845312263216,-0.11979828203958989,-1.5790705471785762
4066,0.46408504148245106,-0.3342221264593235,-0.1282780266592754
13520,-0.6550626623649661,-1.022635521701626,-0.1282780266592754
5244,1.6578425922530293,1.753588990259135,-0.1282780266592754
1001,0.9614840209701918,0.29776394130410183,-1.5790705471785762
4198,0.8122643271238696,1.4263104908816469,0.35531948018049153
2418,0.7376544802007085,1.0087482675379553,-0.6118755334990423
14945,0.2899953986617417,-0.796926211786117,-2.062668054018343
3575,-1.077851794929546,-1.0000645907100751,1.3225144938600255
6726,2.7023804491772854,2.5097151784760903,-1.5790705471785762
3847,1.4588830004579327,1.776159921250686,-0.6118755334990423
961,0.016425959943484204,0.5009023202280599,0.8389169870202585
9848,0.2402555007129675,-0.8533535392649942,-1.0954730403388093
12842,-0.8291523051856755,-0.7743552807945661,0.8389169870202585
15224,0.9366140719958048,0.9297500090675271,0.35531948018049153
757,-0.7296725092881273,-0.9549227287269733,-0.1282780266592754
5313,0.5386948884056122,1.1554593189830362,0.35531948018049153
2284,-0.033313938005289936,0.2074802173378982,0.35531948018049153
12885,-0.20740358082599933,0.2074802173378982,-1.0954730403388093
12889,2.130371622766383,1.629448869805605,-2.54626556085811
4827,-1.052981845955159,-0.7517843498030152,0.8389169870202585
13673,-0.033313938005289936,0.8056098886139971,0.35531948018049153
807,-0.7296725092881273,-0.4696477124086289,0.8389169870202585
3907,-0.9286321010832237,-0.5486459708790571,0.8389169870202585
7023,-1.077851794929546,-0.7856407462903415,1.3225144938600255
1956,-0.4312331215954827,0.30904940679987725,0.8389169870202585
9343,1.1853135617396753,1.4488814218731978,-0.1282780266592754
10499,-0.15766368287722518,-0.2326529369973444,0.35531948018049153
12506,-0.08305383595406408,0.10591102787591913,0.35531948018049153
2402,-1.003241948006385,-0.322936660963548,0.8389169870202585
11025,0.7127845312263216,0.1849092863463473,-1.0954730403388093
1073,-0.8540222541600626,-1.0903483146762787,0.35531948018049153
6524,-0.530712917493031,-0.8533535392649942,-0.1282780266592754
13052,-0.6053227644161921,-0.43579131592130255,0.8389169870202585
15333,-0.7545424582625144,-0.9774936597185242,-1.5790705471785762
8095,-0.9037621521088367,-0.7630698152987906,0.8389169870202585
14522,-0.3068833767235475,-0.36807852294664983,0.8389169870202585
12867,-1.052981845955159,-0.7179279533156888,0.35531948018049153
11466,2.428811010459028,2.3178622650479075,-2.54626556085811
12246,0.7127845312263216,1.302170370428117,-0.6118755334990423
1003,-0.9286321010832237,-0.7066424878199133,1.3225144938600255
7658,-0.05818388697967712,-0.9097808667438715,-0.1282780266592754
15000,-1.077851794929546,-1.1016337801720542,0.8389169870202585
7566,-1.077851794929546,-0.8194971427776678,0.8389169870202585
14175,-1.077851794929546,-1.0339209871974016,1.3225144938600255
5368,-1.003241948006385,-0.6389296948452606,0.8389169870202585
13587,1.06096381686774,0.45576045824495814,-0.6118755334990423
6289,-1.077851794929546,-0.796926211786117,1.3225144938600255
11084,-0.9783719990319979,-0.3003657299719971,0.35531948018049153
13519,-1.077851794929546,-1.1919175041382577,0.8389169870202585
9773,-0.2322735298003864,-0.322936660963548,-0.1282780266592754
985,-0.4561030705698698,-0.17622560951846716,0.35531948018049153
12562,-1.0281118969807719,-0.3003657299719971,0.8389169870202585
6169,-0.9535020500576108,-1.0677773836847277,0.8389169870202585
11737,-1.077851794929546,-1.0339209871974016,1.3225144938600255
7384,-0.4312331215954827,-0.22136747150156896,0.8389169870202585
10675,-0.8042823562112885,-0.45836224691285343,0.8389169870202585
14020,2.080631724817609,2.103438420628174,-1.0954730403388093
9955,0.6381746843031604,0.6137569751858144,-1.5790705471785762
14380,-0.555582866467418,0.2300511483294491,0.35531948018049153
9460,-0.8291523051856755,-1.0339209871974016,0.35531948018049153
2462,0.5635648373799991,0.1397674243632455,-2.54626556085811
268,-0.7296725092881273,-0.5147895743917307,0.8389169870202585
7962,1.2101835107140624,-0.029514558073386283,-1.5790705471785762
3580,-0.10792378492845114,-0.4809331779044043,0.35531948018049153
71,-1.077851794929546,-0.8646390047607697,1.3225144938600255
13427,-0.505842968518644,-0.4809331779044043,0.8389169870202585
12461,-1.077851794929546,-1.0677773836847277,1.3225144938600255
11810,2.1801115207151573,1.9454419036873176,-2.54626556085811
2821,0.8371342760982567,0.3654767342787545,-0.6118755334990423
15172,-0.8291523051856755,0.16233835535479638,0.35531948018049153
589,0.11590575584103227,0.6363279061773653,-0.1282780266592754
10709,-0.7794124072369014,-0.11979828203958989,0.35531948018049153
11802,2.080631724817609,1.7648744557549105,-2.54626556085811
13801,-0.8788922031344497,-0.796926211786117,1.3225144938600255
11908,1.2599234086628366,1.4037395598900961,-1.5790705471785762
11075,-0.25714347877477345,0.3429058032872036,-0.6118755334990423
3758,-1.052981845955159,-0.5599314363748324,1.3225144938600255
6845,-0.38149322364670873,-0.322936660963548,0.35531948018049153
2028,1.2101835107140624,1.5617360768309523,-0.6118755334990423
8869,-1.077851794929546,-0.6389296948452606,0.8389169870202585
11167,-0.9286321010832237,-0.19879654051001805,1.3225144938600255
12546,-0.8042823562112885,-0.0746564200564881,0.35531948018049153
5454,-0.2322735298003864,-0.9323517977354224,-0.1282780266592754
10137,0.5138249394312252,0.026912769405490974,-0.6118755334990423
11944,1.3842731535347719,0.7604680266308953,-2.062668054018343
10061,1.9562819799456737,2.0244401621577457,-2.062668054018343
10274,-0.25714347877477345,-0.6050732983579343,-0.6118755334990423
2432,0.9117441230214178,0.9071790780759762,-0.1282780266592754
4647,1.1604436127652884,0.5009023202280599,-0.6118755334990423
8469,-1.052981845955159,-0.8307826082734433,0.35531948018049153
9893,-1.077851794929546,-1.124204711163605,1.3225144938600255
896,0.5884347863543863,1.2795994394365662,-0.1282780266592754
12624,0.5386948884056122,1.1103174569999343,-0.6118755334990423
1587,-0.4561030705698698,0.2639075448167755,0.35531948018049153
6686,1.0360938678933531,1.1328883879914853,0.35531948018049153
1719,-0.05818388697967712,0.01562730390971552,0.8389169870202585
6100,-0.033313938005289936,0.06076916589281733,0.35531948018049153
3806,-0.4561030705698698,0.4219040617576318,0.35531948018049153
8806,-1.077851794929546,-1.0790628491805032,0.8389169870202585
13676,-0.7794124072369014,0.09462556238014368,0.8389169870202585
3961,-0.40636317262109567,-0.7517843498030152,-0.1282780266592754
10245,-0.580452815441805,-0.9549227287269733,0.35531948018049153
7036,0.14077570481541946,0.37676219977452996,0.35531948018049153
12985,0.6630446332775474,1.2231721119576888,-2.062668054018343
890,0.4143451435336769,1.1441738534872608,-0.1282780266592754
13834,-0.033313938005289936,-0.7404988843072398,0.35531948018049153
4006,-0.9037621521088367,-1.124204711163605,0.8389169870202585
4939,-0.28201342774916044,0.5573296477069372,0.8389169870202585
12147,0.09103580686664531,0.30904940679987725,-0.1282780266592754
9942,0.5635648373799991,0.3541912687829791,0.35531948018049153
5898,-1.052981845955159,-0.9662081942227487,1.3225144938600255
11537,-0.10792378492845114,0.5686151132027126,-0.1282780266592754
12242,-0.08305383595406408,0.7378970956393444,0.8389169870202585
11570,-0.4312331215954827,-0.0746564200564881,-0.1282780266592754
584,-0.13279373390283822,0.5009023202280599,0.35531948018049153
3932,-1.077851794929546,-0.9436372632311979,0.8389169870202585
1260,-0.18253363185161225,0.6814697681604671,0.35531948018049153
13195,-1.077851794929546,-1.0564919181889523,0.35531948018049153
310,-1.077851794929546,-1.1016337801720542,0.35531948018049153
1716,-1.077851794929546,-0.7856407462903415,1.3225144938600255
6009,-0.7545424582625144,0.12848195886747005,0.8389169870202585
2052,0.36460524558490276,0.7830389576224462,0.35531948018049153
10652,0.2899953986617417,-0.11979828203958989,-0.1282780266592754
4668,-0.2322735298003864,-0.43579131592130255,-0.1282780266592754
4298,1.2350534596884497,0.2074802173378982,-1.5790705471785762
6646,-0.033313938005289936,-0.09722735104803899,0.8389169870202585
3783,-0.008443989030902977,0.6588988371689163,0.8389169870202585
1008,-0.25714347877477345,-0.34550759195509895,0.35531948018049153
7347,-1.003241948006385,-1.0000645907100751,0.8389169870202585
12796,-0.20740358082599933,-0.8759244702565452,-1.5790705471785762
14384,2.354201163535867,-0.898495401248096,-2.54626556085811
8383,0.6381746843031604,-0.7743552807945661,-1.5790705471785762
11170,-1.077851794929546,-0.5260750398875061,1.3225144938600255
4059,-1.052981845955159,-1.0452064526931768,0.35531948018049153
8721,-1.077851794929546,-1.146775642155156,0.8389169870202585
90,-0.40636317262109567,-0.0746564200564881,0.35531948018049153
1987,1.7573223881505777,2.0244401621577457,-1.0954730403388093
11087,1.4340130514835459,1.6068779388140542,-1.5790705471785762
12731,-1.0281118969807719,-1.0564919181889523,-0.6118755334990423
13644,-1.077851794929546,-0.4922186434001798,1.3225144938600255
7279,0.6381746843031604,-0.7517843498030152,-1.5790705471785762
13438,-1.077851794929546,-1.0000645907100751,1.3225144938600255
11107,2.57803070430535,2.453287850997213,-2.54626556085811
13321,-0.18253363185161225,0.6927552336562426,0.35531948018049153
14566,0.5138249394312252,-0.6163587638537098,-2.54626556085811
9517,-0.7794124072369014,-1.0113500562058506,0.35531948018049153
14422,1.583232745329868,1.922870972695767,-1.5790705471785762
13205,-1.077851794929546,-1.0000645907100751,0.35531948018049153
2925,-1.077851794929546,-1.1919175041382577,1.3225144938600255
10214,-0.9286321010832237,-1.124204711163605,0.8389169870202585
8185,2.553160755330963,2.430716920005662,-1.5790705471785762
5884,-0.7794124072369014,-0.8872099357523205,1.3225144938600255
2341,2.8267301940492207,2.5887134369465183,-2.062668054018343
11618,-0.20740358082599933,-0.5486459708790571,0.35531948018049153
10898,-0.9783719990319979,-1.0000645907100751,0.8389169870202585
627,0.2402555007129675,0.11719649337169459,0.8389169870202585
10299,0.8371342760982567,0.3316203377914282,-1.5790705471785762
7545,0.9117441230214178,0.9071790780759762,-0.1282780266592754
9967,-0.8291523051856755,-0.26650933348467076,0.8389169870202585
4765,-0.3068833767235475,-0.8759244702565452,-0.6118755334990423
14740,0.06616585789225812,0.7153261646477935,0.35531948018049153
12953,0.14077570481541946,0.952320940059078,-1.0954730403388093
128,1.0112239189189662,1.3360267669154433,-0.6118755334990423
12248,-0.7794124072369014,0.04948370039704188,1.3225144938600255
11981,0.09103580686664531,-0.4132203849297516,0.35531948018049153
4182,-1.077851794929546,-0.4245058504255271,1.3225144938600255
7299,-1.077851794929546,-1.2032029696340332,0.35531948018049153
6995,0.9117441230214178,-0.08594188555226354,-1.0954730403388093
2398,-0.35662327467232163,0.4219040617576318,0.35531948018049153
14694,0.9366140719958048,0.6137569751858144,-1.5790705471785762
1186,0.2651254496873547,0.3541912687829791,0.8389169870202585
14104,2.0060218778944483,1.753588990259135,-1.5790705471785762
14911,-1.052981845955159,-1.0339209871974016,1.3225144938600255
5314,-0.7296725092881273,0.09462556238014368,0.8389169870202585
9220,1.6081026943042553,1.0426046640252815,-2.54626556085811
4247,-1.077851794929546,-0.6163587638537098,0.8389169870202585
14660,-0.13279373390283822,-0.5260750398875061,0.35531948018049153
9107,-0.35662327467232163,-0.9549227287269733,-0.6118755334990423
9497,-1.052981845955159,-1.1806320386424822,0.35531948018049153
1096,-1.077851794929546,-1.1919175041382577,1.3225144938600255
6653,1.2101835107140624,0.6250424406815899,-1.0954730403388093
1273,-0.38149322364670873,0.5121877857238354,0.8389169870202585
5698,0.6381746843031604,1.0426046640252815,0.35531948018049153
12001,-0.9037621521088367,-0.9887791252142997,-0.1282780266592754
8728,-0.8788922031344497,-1.0452064526931768,-0.1282780266592754
6797,-0.15766368287722518,0.45576045824495814,0.8389169870202585
9590,-1.0281118969807719,-0.6050732983579343,0.8389169870202585
6615,-0.8788922031344497,-0.9323517977354224,-0.1282780266592754
3358,-0.9286321010832237,-0.672786091332587,1.3225144938600255
7755,0.5386948884056122,0.4331895272534072,-0.6118755334990423
183,0.6879145822519344,1.3247413014196678,-0.1282780266592754
12124,0.11590575584103227,-0.029514558073386283,-0.6118755334990423
13778,0.11590575584103227,0.026912769405490974,0.35531948018049153
6513,-1.077851794929546,-1.0790628491805032,1.3225144938600255
4567,2.0060218778944483,2.1485802826112756,-1.5790705471785762
6603,-1.077851794929546,-1.1354901766593806,1.3225144938600255
12726,0.7625244291750957,-0.4019349194339762,-1.0954730403388093
1961,-1.077851794929546,-0.4696477124086289,1.3225144938600255
4992,0.5138249394312252,0.5460441822111617,-0.1282780266592754
4891,1.1604436127652884,1.5617360768309523,-1.0954730403388093
8039,-1.052981845955159,-1.169346573146707,0.8389169870202585
5869,-1.077851794929546,-1.146775642155156,0.35531948018049153
9570,-1.003241948006385,-0.7292134188114643,0.8389169870202585
14554,-1.003241948006385,-1.0339209871974016,0.8389169870202585
6226,-1.077851794929546,-1.169346573146707,1.3225144938600255
11832,2.080631724817609,2.126009351619725,-2.54626556085811
10857,-0.6053227644161921,-0.4019349194339762,0.8389169870202585
1251,2.130371622766383,2.2162930755859285,-1.5790705471785762
3176,-0.8291523051856755,-0.45836224691285343,0.8389169870202585
3359,-1.052981845955159,-0.8082116772818925,0.8389169870202585
10545,0.8371342760982567,-0.5147895743917307,-2.062668054018343
9851,-0.9783719990319979,-1.146775642155156,1.3225144938600255
12427,-0.25714347877477345,-0.9097808667438715,-0.6118755334990423
13809,-0.6301927133905793,-0.7292134188114643,-0.1282780266592754
7411,1.2350534596884497,1.1667447844788115,-0.6118755334990423
7538,0.33973529661051577,0.6701843026646918,0.35531948018049153
1051,-0.4561030705698698,-0.8646390047607697,0.35531948018049153
9221,0.7873943781494827,0.6476133716731408,-1.0954730403388093
8464,-0.20740358082599933,-0.3116511954677726,0.8389169870202585
4763,-1.077851794929546,-1.169346573146707,0.35531948018049153
15164,-0.13279373390283822,0.9184645435717517,1.3225144938600255
1874,0.9366140719958048,-0.1875110750142426,-2.54626556085811
9278,0.36460524558490276,1.0426046640252815,0.35531948018049153
11606,1.2847933576372237,0.16233835535479638,-1.0954730403388093
7282,-0.6799326113393532,-1.0452064526931768,0.8389169870202585
9008,1.3842731535347719,1.1216029224957098,-0.1282780266592754
11679,-1.077851794929546,-1.2032029696340332,0.8389169870202585
4322,1.1107037148165144,-0.26650933348467076,-1.5790705471785762
9448,1.0112239189189662,-0.4696477124086289,-2.062668054018343
5831,-0.3317533256979346,-0.9662081942227487,-1.5790705471785762
12444,-0.05818388697967712,-0.7517843498030152,-0.1282780266592754
11569,0.04129590891787117,0.24133661382522456,-1.0954730403388093
12736,0.04129590891787117,-0.6953570223241379,-1.5790705471785762
13453,-0.4561030705698698,-0.7404988843072398,1.3225144938600255
11932,1.06096381686774,0.828180819605548,-2.062668054018343
4485,1.4837529494323203,1.2344575774534643,-1.0954730403388093
8615,-0.555582866467418,0.1849092863463473,0.8389169870202585
3924,0.36460524558490276,0.03819823490126643,-0.6118755334990423
14546,0.7127845312263216,-0.322936660963548,-1.5790705471785762
15129,2.1801115207151573,2.5887134369465183,1.3225144938600255
11323,0.5138249394312252,-0.7856407462903415,-1.5790705471785762
7850,-1.052981845955159,-0.3342221264593235,0.8389169870202585
12392,-0.10792378492845114,-0.898495401248096,-1.0954730403388093
3113,0.6630446332775474,1.2795994394365662,0.35531948018049153
3303,-0.3068833767235475,-0.8872099357523205,0.8389169870202585
9536,-1.052981845955159,-1.0564919181889523,0.8389169870202585
1690,1.9314120309712868,1.629448869805605,-2.062668054018343
9862,-0.9286321010832237,-1.124204711163605,0.8389169870202585
5048,-1.052981845955159,-1.022635521701626,0.35531948018049153
12369,-1.077851794929546,-1.124204711163605,1.3225144938600255
3308,-0.505842968518644,-0.9097808667438715,-0.1282780266592754
1504,-0.008443989030902977,-0.5599314363748324,0.35531948018049153
1806,-1.052981845955159,-1.1806320386424822,-0.1282780266592754
3871,0.7127845312263216,1.0990319915041589,0.35531948018049153
10199,-0.35662327467232163,-0.9436372632311979,0.35531948018049153
3791,2.1552415717407705,2.126009351619725,-0.6118755334990423
14615,-1.0281118969807719,-1.1580611076509315,1.3225144938600255
11863,0.2402555007129675,1.0200337330337308,-0.1282780266592754
14913,0.14077570481541946,-0.5260750398875061,-0.1282780266592754
1717,-0.8540222541600626,-0.4922186434001798,1.3225144938600255
2696,-1.077851794929546,-0.44707678141707796,0.8389169870202585
1848,-0.8291523051856755,-1.0113500562058506,0.35531948018049153
4512,0.9366140719958048,1.302170370428117,-0.6118755334990423
15289,-1.077851794929546,-0.9097808667438715,-0.6118755334990423
6622,-1.077851794929546,-1.0452064526931768,0.8389169870202585
3435,1.9562819799456737,2.0808674896366233,-0.6118755334990423
11288,-0.580452815441805,-0.9549227287269733,-0.6118755334990423
142,0.4143451435336769,1.053890129521057,-0.1282780266592754
10744,-0.7296725092881273,0.12848195886747005,0.35531948018049153
6992,0.8620042250726437,-0.15365467852691625,-0.6118755334990423
10346,2.2547213676383184,1.9341564381915424,-2.54626556085811
10109,-0.8540222541600626,-0.4132203849297516,0.35531948018049153
1117,0.016425959943484204,-0.7743552807945661,-0.6118755334990423
1756,0.9366140719958048,-0.1649401440226917,-2.54626556085811
497,2.2795913166127058,2.126009351619725,-1.5790705471785762
6751,-1.052981845955159,-0.3342221264593235,1.3225144938600255
870,-0.4312331215954827,0.3654767342787545,0.35531948018049153
3357,-0.8788922031344497,-0.6389296948452606,0.35531948018049153
9104,-1.077851794929546,-1.1919175041382577,0.35531948018049153
7678,0.6879145822519344,-0.7179279533156888,-2.54626556085811
721,-0.7048025603137403,-1.0564919181889523,0.8389169870202585
886,-0.7048025603137403,0.17362382085057185,0.8389169870202585
14736,0.6381746843031604,1.076461060512608,0.8389169870202585
11898,2.130371622766383,2.0131546966619704,-1.5790705471785762
12744,-0.008443989030902977,-0.7743552807945661,-1.5790705471785762
8347,-0.8042823562112885,-0.9323517977354224,0.35531948018049153
9712,1.2599234086628366,1.4601668873689733,0.35531948018049153
8102,-1.077851794929546,-0.898495401248096,0.35531948018049153
13347,1.5583627963554811,1.8100163177380122,-0.6118755334990423
10466,0.2651254496873547,0.5460441822111617,0.8389169870202585
314,-1.0281118969807719,-1.0677773836847277,0.8389169870202585
13732,2.2547213676383184,1.9680128346788686,-2.062668054018343
11455,0.5386948884056122,1.0651755950168325,-0.6118755334990423
4204,0.14077570481541946,0.9297500090675271,0.35531948018049153
5850,-1.077851794929546,-1.1919175041382577,0.35531948018049153
6129,0.5386948884056122,-0.13108374753536534,-1.0954730403388093
5447,-0.8540222541600626,-1.0564919181889523,0.8389169870202585
3129,1.1355736637909013,1.4714523528647487,0.35531948018049153
1996,0.8371342760982567,1.4488814218731978,-1.0954730403388093
11378,-1.077851794929546,-1.0000645907100751,0.8389169870202585
3968,0.8122643271238696,-0.4922186434001798,-0.6118755334990423
12119,-0.8291523051856755,-0.6389296948452606,-0.1282780266592754
336,-0.3068833767235475,-0.9323517977354224,-0.6118755334990423
12919,1.1604436127652884,1.5053087493520751,-2.062668054018343
12848,0.5138249394312252,0.03819823490126643,-1.0954730403388093
10626,0.2899953986617417,-0.5712169018706079,-1.0954730403388093
2985,-0.6799326113393532,-0.5712169018706079,0.8389169870202585
4620,1.8816721330225128,1.4601668873689733,-1.5790705471785762
6531,0.6381746843031604,-0.6050732983579343,-0.6118755334990423
11602,0.4143451435336769,-0.0746564200564881,-1.0954730403388093
3558,-0.28201342774916044,-0.27779479898044623,-0.1282780266592754
13993,-0.580452815441805,0.03819823490126643,0.35531948018049153
3416,-1.077851794929546,-0.4922186434001798,1.3225144938600255
307,-1.077851794929546,-1.0903483146762787,0.8389169870202585
15232,2.1055016737919963,1.2683139739407907,-2.54626556085811
15327,0.016425959943484204,-0.9097808667438715,1.3225144938600255
348,-0.8788922031344497,-1.1129192456678296,0.35531948018049153
5918,0.21538555173858054,0.07205463138859278,-0.6118755334990423
13740,0.016425959943484204,0.5460441822111617,-0.1282780266592754
7243,-1.077851794929546,-1.0790628491805032,1.3225144938600255
14587,-0.25714347877477345,-0.9436372632311979,-0.1282780266592754
4482,0.46408504148245106,0.6137569751858144,0.8389169870202585
12193,-1.077851794929546,-0.44707678141707796,1.3225144938600255
9421,-0.555582866467418,-0.6389296948452606,0.8389169870202585
8263,1.2847933576372237,1.3134558359238924,-0.1282780266592754
10325,0.6381746843031604,0.7040406991520181,-0.6118755334990423
6855,-1.077851794929546,-0.9436372632311979,1.3225144938600255
12480,-0.48097301954425686,-0.4809331779044043,-0.6118755334990423
12974,-0.40636317262109567,0.45576045824495814,-0.1282780266592754
12500,-1.077851794929546,-0.796926211786117,1.3225144938600255
10304,-0.08305383595406408,-0.040800023569161736,0.35531948018049153
1666,-0.4561030705698698,0.3429058032872036,0.8389169870202585
7579,0.9863539699445792,0.24133661382522456,-0.6118755334990423
5570,0.5884347863543863,0.5573296477069372,-0.6118755334990423
52,-0.4312331215954827,-0.6276442293494852,-0.1282780266592754
11009,1.1107037148165144,-0.08594188555226354,-1.0954730403388093
6263,-1.052981845955159,-0.9662081942227487,1.3225144938600255
1445,-1.003241948006385,-1.1580611076509315,-0.1282780266592754
10074,-0.25714347877477345,0.46704592374073356,0.35531948018049153
10420,-0.580452815441805,0.2751930103125509,0.8389169870202585
1695,-0.08305383595406408,0.37676219977452996,-0.6118755334990423
1574,1.2599234086628366,1.2908849049323414,-0.6118755334990423
11365,-1.077851794929546,-1.0677773836847277,1.3225144938600255
4405,-1.077851794929546,-1.146775642155156,0.8389169870202585
1630,2.57803070430535,2.498429712980315,-1.5790705471785762
12901,-0.4312331215954827,0.2074802173378982,0.35531948018049153
1881,-1.052981845955159,-0.9662081942227487,1.3225144938600255
5074,-1.077851794929546,-1.1580611076509315,1.3225144938600255
5509,-0.9783719990319979,-1.0452064526931768,0.35531948018049153
13551,-0.008443989030902977,-0.6276442293494852,-0.1282780266592754
10387,1.9562819799456737,2.1372948171155004,-1.5790705471785762
9040,-1.052981845955159,-0.8533535392649942,0.8389169870202585
10895,0.11590575584103227,-0.5260750398875061,-0.6118755334990423
10638,1.085833765842127,-0.17622560951846716,-2.54626556085811
186,1.0360938678933531,1.5504506113351768,-0.6118755334990423
5558,0.7376544802007085,0.4219040617576318,0.35531948018049153
7185,0.488954990456838,0.5121877857238354,0.35531948018049153
14198,-1.077851794929546,-1.1354901766593806,1.3225144938600255
13459,-1.052981845955159,-1.0677773836847277,0.35531948018049153
6587,0.11590575584103227,-0.8082116772818925,0.35531948018049153
1234,0.33973529661051577,0.9748918710506289,0.35531948018049153
10721,-0.20740358082599933,0.4896168547322845,-0.1282780266592754
3915,1.6081026943042553,0.726611630143569,-1.0954730403388093
446,1.3345332555859974,0.7378970956393444,-1.5790705471785762
844,-1.077851794929546,-0.5825023673663834,0.8389169870202585
5201,0.06616585789225812,0.19619475184212273,0.8389169870202585
13501,-0.8291523051856755,-1.0903483146762787,0.8389169870202585
14719,2.130371622766383,1.6971616627802577,-2.54626556085811
2440,1.7573223881505777,1.076461060512608,-1.5790705471785762
3103,1.5583627963554811,1.8890145762084405,-0.1282780266592754
7692,0.2651254496873547,-0.6953570223241379,-0.1282780266592754
4774,-0.18253363185161225,-0.7856407462903415,-0.1282780266592754
9718,1.583232745329868,1.5730215423267278,-1.0954730403388093
6974,0.7873943781494827,-0.43579131592130255,-1.0954730403388093
6094,-0.6799326113393532,-0.28908026447622165,0.8389169870202585
9486,-1.077851794929546,-1.2032029696340332,0.35531948018049153
2153,-0.9783719990319979,-1.0903483146762787,0.35531948018049153
5518,0.2651254496873547,-0.5260750398875061,-1.0954730403388093
12678,-0.9535020500576108,-0.6163587638537098,-0.6118755334990423
5067,-1.077851794929546,-1.1354901766593806,1.3225144938600255
12950,-0.6301927133905793,0.2639075448167755,0.8389169870202585
11816,1.9562819799456737,1.900300041704216,-2.062668054018343
12779,-0.8291523051856755,-1.0903483146762787,-0.6118755334990423
776,0.3894751945592899,-0.4019349194339762,-2.062668054018343
8417,-1.077851794929546,-1.169346573146707,0.35531948018049153
14270,-0.6053227644161921,-0.921066332239647,0.35531948018049153
6324,1.4091431025091588,1.4150250253858716,-0.1282780266592754
4920,2.1801115207151573,2.2727204030648056,-0.6118755334990423
13357,0.21538555173858054,0.8620372160928744,0.35531948018049153
9182,-0.580452815441805,-0.7066424878199133,0.35531948018049153
14575,-1.077851794929546,-1.169346573146707,0.8389169870202585
15338,-1.077851794929546,-1.1016337801720542,0.8389169870202585
3136,0.5138249394312252,1.0087482675379553,0.35531948018049153
14747,-0.9037621521088367,-0.1423692130311408,0.8389169870202585
5462,-0.05818388697967712,-0.9097808667438715,-0.1282780266592754
3183,-1.077851794929546,-0.8194971427776678,0.8389169870202585
12739,-1.077851794929546,-1.146775642155156,1.3225144938600255
7522,0.2402555007129675,0.7943244231182217,0.35531948018049153
12179,-1.077851794929546,-0.5035041088959552,0.8389169870202585
3199,-0.4561030705698698,-0.44707678141707796,0.8389169870202585
14212,-1.052981845955159,-1.146775642155156,-0.1282780266592754
1289,0.8371342760982567,1.3924540943943207,-0.6118755334990423
14606,-0.7296725092881273,-1.0677773836847277,1.3225144938600255
14650,-0.8540222541600626,-0.921066332239647,0.35531948018049153
11410,-1.077851794929546,-0.7517843498030152,1.3225144938600255
7542,0.6381746843031604,0.7943244231182217,0.35531948018049153
1879,-1.052981845955159,-0.9774936597185242,0.8389169870202585
13032,-0.580452815441805,-0.1875110750142426,-2.062668054018343
10237,-0.9783719990319979,-1.124204711163605,0.35531948018049153
5457,-0.4561030705698698,-0.9887791252142997,-0.1282780266592754
2148,-0.28201342774916044,-0.8307826082734433,0.8389169870202585
4131,1.7821923371249646,1.5843070078225032,-1.5790705471785762
1036,-1.077851794929546,-1.0903483146762787,0.8389169870202585
8828,-0.9535020500576108,-0.7743552807945661,1.3225144938600255
14626,0.43921509250806384,-0.7066424878199133,-0.6118755334990423
4134,2.130371622766383,1.8213017832337877,-1.0954730403388093
649,0.11590575584103227,-0.27779479898044623,0.35531948018049153
9275,1.8070622860993515,1.9680128346788686,-1.0954730403388093
6711,0.5138249394312252,1.0877465260083834,0.35531948018049153
861,0.33973529661051577,0.9184645435717517,-0.6118755334990423
9095,-0.3068833767235475,-0.8759244702565452,-0.1282780266592754
191,-0.9286321010832237,-0.13108374753536534,0.8389169870202585
8301,-1.003241948006385,-0.7292134188114643,0.35531948018049153
6026,-0.9037621521088367,-0.0746564200564881,0.8389169870202585
1942,2.130371622766383,1.8213017832337877,-2.062668054018343
4331,-0.9535020500576108,-1.022635521701626,0.8389169870202585
13596,-1.077851794929546,-0.7856407462903415,1.3225144938600255
8775,-0.8042823562112885,-1.0564919181889523,0.35531948018049153
7972,0.2651254496873547,-0.4696477124086289,-0.1282780266592754
14532,-1.077851794929546,-0.9887791252142997,1.3225144938600255
14141,0.5386948884056122,0.2751930103125509,-1.0954730403388093
14958,-0.08305383595406408,-0.9097808667438715,-0.6118755334990423
2775,-0.7048025603137403,0.01562730390971552,0.35531948018049153
4145,1.533492847381094,1.6407343353013806,-1.0954730403388093
13207,-1.077851794929546,-0.9887791252142997,1.3225144938600255
2617,1.0112239189189662,0.17362382085057185,-1.0954730403388093
2411,0.9614840209701918,1.2344575774534643,0.35531948018049153
1094,-1.077851794929546,-1.2032029696340332,0.8389169870202585
6065,2.2795913166127058,1.9341564381915424,-2.062668054018343
1546,-1.077851794929546,-0.7630698152987906,1.3225144938600255
4589,1.1604436127652884,1.4940232838562997,-0.1282780266592754
6034,0.5884347863543863,1.2344575774534643,0.35531948018049153
10389,0.46408504148245106,1.1893157154703624,-0.6118755334990423
6953,-0.033313938005289936,-0.8307826082734433,-0.1282780266592754
3135,-0.555582866467418,0.19619475184212273,0.8389169870202585
3856,1.7821923371249646,1.8890145762084405,-1.0954730403388093
14155,0.5386948884056122,0.03819823490126643,-1.0954730403388093
6419,0.7127845312263216,1.178030249974587,0.35531948018049153
3805,1.0112239189189662,1.527879680343626,-0.1282780266592754
13380,-0.9783719990319979,-0.4132203849297516,1.3225144938600255
10151,-1.052981845955159,-0.9549227287269733,-0.6118755334990423
7431,-0.9286321010832237,-0.2326529369973444,0.35531948018049153
6774,1.8319322350737386,1.956727369183093,-1.0954730403388093
13485,-1.077851794929546,-1.1919175041382577,1.3225144938600255
464,0.6133047353287733,0.7040406991520181,0.35531948018049153
1257,0.5138249394312252,1.2231721119576888,0.8389169870202585
2259,-0.6550626623649661,-0.5147895743917307,0.8389169870202585
5630,2.0060218778944483,2.126009351619725,-0.6118755334990423
14866,1.6329726432786424,0.8620372160928744,-2.54626556085811
6231,-1.077851794929546,-1.146775642155156,1.3225144938600255
7382,-0.6301927133905793,-0.3793639884424253,0.35531948018049153
10827,0.6381746843031604,0.828180819605548,-0.6118755334990423
14378,1.6827125412274162,1.798730852242237,-2.062668054018343
1262,1.8319322350737386,2.0695820241408476,-0.6118755334990423
15019,-0.8042823562112885,-0.7066424878199133,0.8389169870202585
7212,0.6133047353287733,0.12848195886747005,0.35531948018049153
975,-0.35662327467232163,0.01562730390971552,-0.6118755334990423
14430,1.2599234086628366,1.6971616627802577,-1.0954730403388093
5866,0.3148653476361286,-0.6840715568283625,-0.6118755334990423
9133,-1.077851794929546,-1.1919175041382577,0.8389169870202585
6582,-1.077851794929546,-1.1919175041382577,1.3225144938600255
2387,0.7873943781494827,1.3473122324112188,-0.1282780266592754
14928,-1.077851794929546,-1.1354901766593806,1.3225144938600255
5021,-0.13279373390283822,-0.2326529369973444,0.35531948018049153
7129,-0.9783719990319979,-0.19879654051001805,0.8389169870202585
12821,0.14077570481541946,-0.5825023673663834,0.35531948018049153
3882,2.1552415717407705,1.7423035247633596,-1.0954730403388093
6055,1.4091431025091588,1.5955924733182787,-2.062668054018343
13951,1.1355736637909013,0.4444749927491827,-1.5790705471785762
14682,-0.08305383595406408,-0.10851281654381445,0.35531948018049153
15131,-0.7794124072369014,0.850751750597099,-0.6118755334990423
3875,0.46408504148245106,0.8958936125802007,0.8389169870202585
2789,-1.0281118969807719,-0.4922186434001798,0.8389169870202585
9136,-0.3068833767235475,-0.9323517977354224,0.8389169870202585
13643,0.09103580686664531,0.726611630143569,-0.1282780266592754
1857,-1.077851794929546,-1.124204711163605,0.35531948018049153
13309,0.7127845312263216,1.3585976979069943,-0.6118755334990423
4108,1.2101835107140624,0.8620372160928744,-1.0954730403388093
5213,0.8122643271238696,0.8168953541097725,-0.1282780266592754
8281,0.36460524558490276,0.4444749927491827,0.8389169870202585
3255,-1.077851794929546,-1.1806320386424822,0.8389169870202585
7323,-1.077851794929546,-1.1580611076509315,1.3225144938600255
2690,1.2350534596884497,1.527879680343626,-0.1282780266592754
7389,-0.555582866467418,-0.24393840249311985,0.8389169870202585
4627,1.3096633066116106,0.952320940059078,-1.0954730403388093
11429,2.080631724817609,1.6181634043098296,-2.54626556085811
1319,0.488954990456838,0.8958936125802007,-0.6118755334990423
11575,-0.530712917493031,-0.19879654051001805,1.3225144938600255
15161,-0.7048025603137403,0.38804766527030543,-1.0954730403388093
5162,-1.077851794929546,-1.0452064526931768,0.35531948018049153
11129,0.9863539699445792,1.5504506113351768,-0.6118755334990423
10936,-0.7296725092881273,-1.0564919181889523,-0.6118755334990423
1135,-0.35662327467232163,-0.7292134188114643,0.35531948018049153
4529,1.1107037148165144,1.5504506113351768,-0.1282780266592754
3505,2.3293312145614795,2.0131546966619704,-2.54626556085811
4749,-1.077851794929546,-1.1919175041382577,0.8389169870202585
7086,-0.9783719990319979,-0.21008200600579352,1.3225144938600255
9941,-1.077851794929546,-0.8082116772818925,1.3225144938600255
10722,-0.20740358082599933,0.5009023202280599,-1.0954730403388093
15142,1.06096381686774,2.0357256276535214,-0.6118755334990423
6336,1.9811519289200612,1.900300041704216,-0.6118755334990423
11523,-0.48097301954425686,0.3429058032872036,-2.062668054018343
6982,-0.6053227644161921,-0.796926211786117,0.8389169870202585
13064,-0.40636317262109567,-0.45836224691285343,-0.6118755334990423
2505,0.46408504148245106,-0.5486459708790571,-0.6118755334990423
2904,-0.033313938005289936,-0.898495401248096,-0.6118755334990423
570,2.478550908407802,2.0582965586450723,-2.062668054018343
1448,-1.077851794929546,-1.2032029696340332,0.35531948018049153
3414,0.5138249394312252,1.0087482675379553,-1.0954730403388093
12363,-0.033313938005289936,-0.6502151603410361,-0.6118755334990423
12956,0.6133047353287733,1.302170370428117,-1.0954730403388093
9290,1.7573223881505777,2.0131546966619704,0.35531948018049153
12195,1.7075824902018033,1.900300041704216,-1.0954730403388093
6837,-0.18253363185161225,-0.10851281654381445,0.8389169870202585
3226,-1.077851794929546,-1.0790628491805032,1.3225144938600255
14952,-0.05818388697967712,-0.898495401248096,-1.0954730403388093
4383,-0.7545424582625144,-1.0677773836847277,-0.1282780266592754
9229,-0.05818388697967712,0.2751930103125509,-0.1282780266592754
7845,-1.052981845955159,-0.3342221264593235,0.35531948018049153
3539,1.359403204560385,0.828180819605548,-0.6118755334990423
10832,-0.8788922031344497,-0.35679305745087436,1.3225144938600255
13760,-0.08305383595406408,0.17362382085057185,-0.1282780266592754
2827,-0.4312331215954827,-0.34550759195509895,0.35531948018049153
5780,-0.9535020500576108,-0.9549227287269733,1.3225144938600255
4996,0.5138249394312252,0.47833138923650903,-0.6118755334990423
1338,0.04129590891787117,0.3654767342787545,-0.1282780266592754
3262,-1.077851794929546,-1.1919175041382577,0.35531948018049153
7876,-0.9037621521088367,-0.15365467852691625,0.8389169870202585
11064,-1.077851794929546,-0.6163587638537098,1.3225144938600255
6838,1.5086228984067072,0.6588988371689163,-0.6118755334990423
5741,-0.505842968518644,-0.3003657299719971,0.8389169870202585
650,1.2350534596884497,0.10591102787591913,-1.5790705471785762
6039,0.488954990456838,1.1441738534872608,0.35531948018049153
2258,0.4143451435336769,0.03819823490126643,-1.5790705471785762
5395,-0.05818388697967712,-0.3116511954677726,-0.1282780266592754
13408,0.7376544802007085,0.4106185962618563,-0.1282780266592754
7082,-0.9037621521088367,-0.11979828203958989,0.8389169870202585
14984,-0.13279373390283822,-0.8533535392649942,-1.0954730403388093
3521,0.8371342760982567,0.9636064055548534,-0.1282780266592754
11524,2.0060218778944483,2.0357256276535214,-1.0954730403388093
4478,-0.28201342774916044,0.08334009688436823,-0.6118755334990423
5660,1.583232745329868,1.9115855071999914,-1.0954730403388093
13359,0.9366140719958048,1.3247413014196678,-0.6118755334990423
67,-0.6799326113393532,-0.5260750398875061,0.35531948018049153
14390,0.9614840209701918,1.4488814218731978,0.35531948018049153
14319,0.19051560276419338,0.06076916589281733,0.35531948018049153
7609,-1.077851794929546,-1.0790628491805032,0.8389169870202585
1258,0.06616585789225812,0.8846081470844253,0.35531948018049153
12243,-1.077851794929546,-0.44707678141707796,1.3225144938600255
13074,-1.003241948006385,-0.9097808667438715,0.35531948018049153
991,-0.3317533256979346,-0.1649401440226917,-0.1282780266592754
3504,1.06096381686774,1.3247413014196678,-0.1282780266592754
8305,-0.40636317262109567,-0.322936660963548,0.8389169870202585
919,0.5884347863543863,1.2457430429492398,-0.6118755334990423
165,-0.28201342774916044,0.602471509690039,0.35531948018049153
10108,-0.008443989030902977,0.21876568283367365,0.35531948018049153
13111,-0.3068833767235475,-0.8646390047607697,-2.54626556085811
9141,-0.38149322364670873,-0.9323517977354224,0.35531948018049153
4594,1.7075824902018033,1.7648744557549105,0.35531948018049153
12435,-0.9535020500576108,-1.0903483146762787,0.8389169870202585
2850,-1.077851794929546,-1.022635521701626,0.8389169870202585
11152,0.3894751945592899,1.076461060512608,-0.6118755334990423
15310,-0.8291523051856755,-1.0903483146762787,-1.5790705471785762
13506,-0.7545424582625144,-1.0677773836847277,-0.1282780266592754
4460,-0.8042823562112885,-0.5147895743917307,0.8389169870202585
11438,-0.3068833767235475,0.28647847580832636,-0.6118755334990423
6623,0.11590575584103227,-0.45836224691285343,-0.6118755334990423
9306,2.4039410614846406,2.3968605235183356,-0.6118755334990423
12868,-0.48097301954425686,-0.19879654051001805,-0.6118755334990423
8490,-1.052981845955159,-0.672786091332587,0.8389169870202585
9867,-1.0281118969807719,-1.1580611076509315,1.3225144938600255
2735,1.9314120309712868,2.126009351619725,-1.5790705471785762
5669,2.57803070430535,2.430716920005662,-0.6118755334990423
4988,0.19051560276419338,0.4896168547322845,0.8389169870202585
13818,0.16564565378980642,-0.5260750398875061,-0.6118755334990423
2378,2.7769902961004465,2.5661425059549674,-1.0954730403388093
12085,0.9366140719958048,-0.4245058504255271,-2.54626556085811
4172,2.1801115207151573,2.2388640065774794,-0.6118755334990423
8092,-0.4561030705698698,-0.5937878328621589,0.8389169870202585
12466,-0.008443989030902977,-0.5147895743917307,-1.5790705471785762
2103,0.5635648373799991,0.01562730390971552,0.35531948018049153
3759,-1.077851794929546,-0.6163587638537098,1.3225144938600255
11955,0.6879145822519344,0.24133661382522456,-1.0954730403388093
1837,0.19051560276419338,-0.796926211786117,-0.6118755334990423
12313,-0.033313938005289936,0.00434183841394007,0.35531948018049153
12745,0.2651254496873547,-0.7179279533156888,-0.6118755334990423
12517,-1.077851794929546,-0.672786091332587,0.8389169870202585
5710,0.4143451435336769,0.7491825611351198,0.8389169870202585
8799,0.488954990456838,-0.5260750398875061,-0.6118755334990423
4500,2.080631724817609,1.8100163177380122,-0.6118755334990423
1093,-1.077851794929546,-1.2032029696340332,1.3225144938600255
10251,0.2402555007129675,-0.6840715568283625,-1.5790705471785762
6718,2.6029006532797374,2.4194314545098865,-1.5790705471785762
11013,-1.077851794929546,-1.0000645907100751,0.8389169870202585
8960,2.7272503981516727,2.4871442474845393,-2.54626556085811
160,-0.4561030705698698,0.4331895272534072,0.8389169870202585
203,-0.9783719990319979,-0.24393840249311985,0.8389169870202585
6483,0.9614840209701918,0.2300511483294491,-0.1282780266592754
3940,0.04129590891787117,-0.34550759195509895,0.8389169870202585
15122,2.1552415717407705,2.532286109467641,0.35531948018049153
4933,-0.38149322364670873,0.4896168547322845,0.8389169870202585
11857,-0.20740358082599933,0.6701843026646918,-0.1282780266592754
7647,0.5884347863543863,-0.7743552807945661,-1.5790705471785762
1230,0.8371342760982567,1.2908849049323414,-0.6118755334990423
9166,-1.077851794929546,-1.1016337801720542,0.8389169870202585
3046,-0.3068833767235475,0.37676219977452996,0.8389169870202585
7957,-1.077851794929546,-0.9887791252142997,0.8389169870202585
2915,-1.077851794929546,-1.2032029696340332,0.8389169870202585
13942,-0.05818388697967712,-0.24393840249311985,0.35531948018049153
4251,1.1853135617396753,1.1667447844788115,-1.0954730403388093
6111,0.19051560276419338,0.01562730390971552,-0.6118755334990423
6204,-1.077851794929546,-1.2032029696340332,0.8389169870202585
2725,2.478550908407802,2.4420023855014374,-1.5790705471785762
4290,-0.9286321010832237,-0.7066424878199133,0.8389169870202585
4334,-1.003241948006385,-1.0677773836847277,0.8389169870202585
383,-1.077851794929546,-1.1580611076509315,1.3225144938600255
7485,0.9117441230214178,1.4940232838562997,0.35531948018049153
4886,1.5583627963554811,1.776159921250686,-1.5790705471785762
857,-0.008443989030902977,0.6250424406815899,0.35531948018049153
370,-0.28201342774916044,-0.9323517977354224,0.35531948018049153
6539,0.14077570481541946,-0.7743552807945661,-0.1282780266592754
2561,-1.077851794929546,-1.1919175041382577,0.8389169870202585
3801,2.3790711125102537,2.329147730543683,-1.0954730403388093
5455,-1.077851794929546,-1.1919175041382577,0.8389169870202585
10397,1.4340130514835459,1.8325872487295631,-1.0954730403388093
12606,2.354201163535867,2.329147730543683,-2.54626556085811
6859,0.886874174047031,0.01562730390971552,0.35531948018049153
12113,0.21538555173858054,-0.15365467852691625,-0.1282780266592754
13322,-0.13279373390283822,0.726611630143569,-0.1282780266592754
14738,-0.6053227644161921,0.1397674243632455,0.35531948018049153
5944,1.6827125412274162,1.302170370428117,-1.5790705471785762
615,1.7324524391761906,1.031319198529506,-2.062668054018343
2575,-1.077851794929546,-1.1580611076509315,0.35531948018049153
53,0.7625244291750957,-0.1649401440226917,-0.6118755334990423
10933,0.488954990456838,-0.7856407462903415,-2.54626556085811
3340,0.2651254496873547,-0.3342221264593235,-0.1282780266592754
11616,0.46408504148245106,-0.27779479898044623,-1.5790705471785762
9897,-0.4312331215954827,-0.7856407462903415,0.35531948018049153
13915,-1.077851794929546,-1.1016337801720542,0.8389169870202585
10333,0.5138249394312252,0.7491825611351198,-0.6118755334990423
10286,0.2651254496873547,-0.15365467852691625,-0.6118755334990423
14130,-0.505842968518644,-0.1649401440226917,0.35531948018049153
5876,0.46408504148245106,-0.5486459708790571,-0.6118755334990423
10432,-0.7794124072369014,0.00434183841394007,0.8389169870202585
8995,0.33973529661051577,0.726611630143569,0.35531948018049153
1812,-1.077851794929546,-1.2032029696340332,0.8389169870202585
990,-1.052981845955159,-0.7517843498030152,0.8389169870202585
10631,1.085833765842127,-0.28908026447622165,-2.54626556085811
12871,1.5086228984067072,0.952320940059078,-1.0954730403388093
8411,-0.9037621521088367,-1.0903483146762787,0.35531948018049153
2942,-1.077851794929546,-1.1580611076509315,1.3225144938600255
9480,-0.9286321010832237,-1.124204711163605,0.8389169870202585
3163,0.14077570481541946,0.4444749927491827,-1.5790705471785762
4678,-1.077851794929546,-1.0339209871974016,0.8389169870202585
2618,0.9117441230214178,0.15105288985902093,-1.0954730403388093
3612,0.14077570481541946,-0.7404988843072398,-0.6118755334990423
8235,-1.0281118969807719,-0.322936660963548,1.3225144938600255
7871,1.8319322350737386,1.9341564381915424,-1.0954730403388093
12262,0.7127845312263216,1.1893157154703624,-0.6118755334990423
3792,1.7573223881505777,1.900300041704216,-0.6118755334990423
9695,0.9863539699445792,1.4488814218731978,-0.6118755334990423
10365,0.9117441230214178,1.3698831634027697,-1.5790705471785762
10045,2.4039410614846406,2.374289592526785,-2.062668054018343
3439,0.46408504148245106,1.1554593189830362,0.35531948018049153
1892,-1.052981845955159,-0.8533535392649942,0.8389169870202585
14797,-0.3317533256979346,0.5347587167153863,0.8389169870202585
14324,1.3345332555859974,0.7040406991520181,-1.5790705471785762
5255,-0.3317533256979346,0.46704592374073356,0.35531948018049153
13909,-1.077851794929546,-1.124204711163605,1.3225144938600255
5167,0.6630446332775474,-0.19879654051001805,-0.1282780266592754
6460,-0.40636317262109567,-0.09722735104803899,0.35531948018049153
1505,0.06616585789225812,-0.5260750398875061,-0.1282780266592754
10596,-0.7048025603137403,-1.0452064526931768,-0.6118755334990423
670,-0.6301927133905793,-0.8194971427776678,0.35531948018049153
9471,-0.7794124072369014,-1.0677773836847277,-0.1282780266592754
14472,-0.505842968518644,0.12848195886747005,-0.1282780266592754
897,0.7127845312263216,1.3698831634027697,-0.6118755334990423
3306,-0.6053227644161921,-0.9549227287269733,-0.1282780266592754
8026,-1.077851794929546,-1.2032029696340332,-0.1282780266592754
6239,0.6133047353287733,-0.5373605053832816,-1.0954730403388093
2890,-1.077851794929546,-1.1806320386424822,1.3225144938600255
6003,-0.48097301954425686,0.4106185962618563,0.8389169870202585
7739,-0.40636317262109567,-0.3342221264593235,0.8389169870202585
11684,-1.077851794929546,-1.2032029696340332,1.3225144938600255
14899,-0.40636317262109567,-0.5599314363748324,-0.1282780266592754
8397,-0.08305383595406408,-0.9097808667438715,0.8389169870202585
2,-1.077851794929546,-1.1919175041382577,-0.1282780266592754
9961,1.0360938678933531,0.9410354745633025,-0.6118755334990423
13048,1.4837529494323203,0.6363279061773653,-2.54626556085811
6079,0.488954990456838,0.7378970956393444,-0.1282780266592754
531,0.36460524558490276,1.1216029224957098,0.35531948018049153
14994,0.46408504148245106,-0.5937878328621589,-1.0954730403388093
8181,1.2847933576372237,1.652019800797156,0.8389169870202585
13282,-1.077851794929546,-0.4696477124086289,0.8389169870202585
6476,0.5884347863543863,0.19619475184212273,-0.1282780266592754
13697,1.4340130514835459,1.8100163177380122,-1.0954730403388093
13007,0.7376544802007085,1.053890129521057,-1.5790705471785762
8923,0.7127845312263216,1.3473122324112188,0.8389169870202585
3406,-1.077851794929546,-0.5486459708790571,1.3225144938600255
5991,0.6630446332775474,1.2570285084450152,-0.1282780266592754
6328,-0.2322735298003864,0.37676219977452996,0.35531948018049153
10615,-0.3317533256979346,-0.8533535392649942,-0.6118755334990423
2565,-1.077851794929546,-1.1806320386424822,1.3225144938600255
2581,0.9117441230214178,-0.5373605053832816,-2.54626556085811
12525,-0.38149322364670873,0.1397674243632455,-0.1282780266592754
8385,-1.077851794929546,-1.2032029696340332,0.8389169870202585
2607,-0.008443989030902977,-0.4809331779044043,-0.6118755334990423
10726,0.9117441230214178,1.3360267669154433,-1.0954730403388093
14543,-0.28201342774916044,-0.6163587638537098,-0.1282780266592754
9447,-0.35662327467232163,-0.8082116772818925,0.35531948018049153
2104,-1.077851794929546,-0.9323517977354224,1.3225144938600255
14279,-0.8042823562112885,-0.9436372632311979,0.35531948018049153
10931,-0.580452815441805,-1.0113500562058506,-0.1282780266592754
14049,1.4091431025091588,1.8213017832337877,-2.062668054018343
4994,0.43921509250806384,0.46704592374073356,0.35531948018049153
11467,1.5583627963554811,1.8213017832337877,-1.5790705471785762
5057,0.3148653476361286,-0.5486459708790571,0.35531948018049153
658,-1.077851794929546,-1.022635521701626,0.8389169870202585
4434,-1.077851794929546,-1.022635521701626,0.8389169870202585
14576,-1.077851794929546,-1.169346573146707,1.3225144938600255
3816,1.9314120309712868,2.126009351619725,-0.1282780266592754
6773,0.36460524558490276,1.031319198529506,-0.6118755334990423
12973,0.2402555007129675,0.9861773365464044,-1.0954730403388093
9813,-0.530712917493031,-0.8646390047607697,-0.6118755334990423
14475,0.2899953986617417,0.6814697681604671,0.35531948018049153
7260,0.5386948884056122,-0.6050732983579343,0.35531948018049153
3904,-1.077851794929546,-0.7517843498030152,1.3225144938600255
10945,-0.6053227644161921,-1.0339209871974016,-0.6118755334990423
13670,1.1853135617396753,1.652019800797156,-1.0954730403388093
9288,-0.10792378492845114,0.7378970956393444,0.35531948018049153
6811,-0.6550626623649661,-0.09722735104803899,0.8389169870202585
11043,-0.580452815441805,-0.2552238679888953,-1.0954730403388093
9359,-0.20740358082599933,0.3541912687829791,0.35531948018049153
3700,-1.052981845955159,-1.0113500562058506,1.3225144938600255
11702,-1.077851794929546,-1.169346573146707,1.3225144938600255
1788,-1.077851794929546,-1.1580611076509315,0.35531948018049153
13033,0.19051560276419338,0.28647847580832636,-1.5790705471785762
6314,-0.28201342774916044,0.19619475184212273,0.35531948018049153
3645,-1.077851794929546,-1.2032029696340332,0.35531948018049153
1776,-1.003241948006385,-1.0564919181889523,0.8389169870202585
192,2.1552415717407705,2.0921529551323985,-0.6118755334990423
9012,1.856802184048126,1.1667447844788115,-2.54626556085811
10501,-1.077851794929546,-0.9097808667438715,1.3225144938600255
13202,-0.05818388697967712,-0.45836224691285343,-1.0954730403388093
14684,-1.077851794929546,-0.8420680737692188,1.3225144938600255
5388,-0.7296725092881273,-0.5712169018706079,0.8389169870202585
10547,-1.077851794929546,-1.146775642155156,0.8389169870202585
4951,2.2298514186639316,2.1372948171155004,-1.5790705471785762
2687,-0.6550626623649661,0.10591102787591913,0.8389169870202585
4390,-1.077851794929546,-1.1919175041382577,0.35531948018049153
4927,1.856802184048126,2.0808674896366233,-0.1282780266592754
5552,-0.28201342774916044,-0.21008200600579352,0.35531948018049153
11966,0.6381746843031604,0.026912769405490974,-1.0954730403388093
238,0.9863539699445792,0.9748918710506289,-0.6118755334990423
14234,-1.077851794929546,-1.2032029696340332,1.3225144938600255
10497,-1.052981845955159,-0.8307826082734433,0.8389169870202585
6901,-0.05818388697967712,-0.796926211786117,-0.1282780266592754
11208,1.1355736637909013,0.7604680266308953,-0.6118755334990423
15204,-0.6301927133905793,0.37676219977452996,0.35531948018049153
9137,-0.8540222541600626,-1.0790628491805032,0.8389169870202585
11085,0.36460524558490276,0.9071790780759762,-0.1282780266592754
8640,1.7075824902018033,1.3360267669154433,-0.1282780266592754
5097,-1.077851794929546,-1.2032029696340332,1.3225144938600255
11082,-0.48097301954425686,0.2300511483294491,-0.1282780266592754
11437,-0.6550626623649661,-0.018229092577610833,0.8389169870202585
10575,-1.052981845955159,-1.1806320386424822,0.35531948018049153
3552,-0.505842968518644,-0.3342221264593235,0.8389169870202585
15296,-0.9783719990319979,-0.9436372632311979,0.8389169870202585
3360,-1.077851794929546,-0.8533535392649942,1.3225144938600255
8328,-1.0281118969807719,-0.9549227287269733,0.8389169870202585
5628,2.2298514186639316,2.250149472073255,-1.0954730403388093
7751,0.016425959943484204,0.07205463138859278,0.35531948018049153
5783,1.0112239189189662,-0.28908026447622165,-1.5790705471785762
4507,-0.8540222541600626,-0.15365467852691625,0.8389169870202585
14463,0.9366140719958048,1.2344575774534643,-1.0954730403388093
146,-0.25714347877477345,0.5573296477069372,-0.6118755334990423
11300,-1.077851794929546,-1.1919175041382577,0.8389169870202585
2294,0.7376544802007085,0.828180819605548,-0.1282780266592754
7178,1.6329726432786424,1.3134558359238924,-1.5790705471785762
9928,-1.052981845955159,-0.8533535392649942,1.3225144938600255
14637,0.6630446332775474,-0.5599314363748324,-2.54626556085811
11017,-1.003241948006385,-0.8420680737692188,0.8389169870202585
14550,0.886874174047031,-0.3342221264593235,-2.062668054018343
12735,0.5635648373799991,-0.5599314363748324,-1.5790705471785762
8690,0.6381746843031604,-0.1649401440226917,-0.6118755334990423
7081,0.7376544802007085,1.2795994394365662,0.35531948018049153
4733,-1.077851794929546,-1.2032029696340332,1.3225144938600255
8912,-1.052981845955159,-0.34550759195509895,1.3225144938600255
4384,-0.9535020500576108,-1.124204711163605,0.8389169870202585
10513,-0.3068833767235475,-0.4809331779044043,0.35531948018049153
14080,-0.3317533256979346,0.47833138923650903,0.35531948018049153
11843,-0.8042823562112885,0.04948370039704188,0.35531948018049153
4545,0.5884347863543863,1.2795994394365662,0.8389169870202585
596,0.886874174047031,1.031319198529506,-0.6118755334990423
13960,-0.3068833767235475,-0.13108374753536534,0.35531948018049153
10783,0.5635648373799991,1.2118866464619134,-1.0954730403388093
5164,-0.3317533256979346,-0.6050732983579343,-0.1282780266592754
14040,1.4340130514835459,1.8213017832337877,-0.6118755334990423
1647,-0.580452815441805,0.29776394130410183,0.35531948018049153
6815,0.7127845312263216,0.7943244231182217,0.35531948018049153
2700,1.2847933576372237,1.6407343353013806,-0.1282780266592754
1700,0.016425959943484204,0.38804766527030543,-0.1282780266592754
2773,1.4588830004579327,1.5617360768309523,-0.1282780266592754
6968,-0.8540222541600626,-1.0000645907100751,0.8389169870202585
8143,0.7625244291750957,0.9184645435717517,0.35531948018049153
6219,-1.077851794929546,-1.1806320386424822,1.3225144938600255
86,-0.3068833767235475,-0.052085489064937186,0.8389169870202585
12573,2.428811010459028,2.374289592526785,-2.54626556085811
12541,2.1552415717407705,1.9341564381915424,-2.54626556085811
15209,0.2651254496873547,1.0200337330337308,-1.0954730403388093
2594,-1.077851794929546,-1.1016337801720542,1.3225144938600255
10654,0.43921509250806384,-0.018229092577610833,-1.0954730403388093
1029,0.7873943781494827,-0.2552238679888953,-0.6118755334990423
136,1.4091431025091588,1.6633052662929315,-0.1282780266592754
6972,0.46408504148245106,-0.5486459708790571,-0.6118755334990423
11460,0.4143451435336769,1.0200337330337308,-1.0954730403388093
7024,-1.077851794929546,-0.7743552807945661,1.3225144938600255
2854,-0.9037621521088367,-0.8872099357523205,-0.1282780266592754
1200,1.6081026943042553,1.3360267669154433,-2.062668054018343
6121,1.2847933576372237,0.28647847580832636,-1.0954730403388093
9763,0.6879145822519344,0.2639075448167755,-0.1282780266592754
8758,-0.6301927133905793,-1.0339209871974016,0.8389169870202585
11807,2.1055016737919963,1.855158179721114,-2.54626556085811
6296,0.14077570481541946,0.24133661382522456,0.35531948018049153
3927,-0.18253363185161225,-0.26650933348467076,-0.1282780266592754
10105,-0.08305383595406408,0.2074802173378982,0.35531948018049153
13560,0.9863539699445792,-0.21008200600579352,-2.062668054018343
8468,1.2847933576372237,0.4219040617576318,-1.0954730403388093
3606,-1.052981845955159,-1.1129192456678296,-0.6118755334990423
13691,-1.077851794929546,-0.4245058504255271,0.8389169870202585
2330,-1.077851794929546,-0.45836224691285343,1.3225144938600255
2187,0.016425959943484204,-0.8872099357523205,-0.6118755334990423
195,0.04129590891787117,0.8056098886139971,0.8389169870202585
5059,-1.077851794929546,-1.1129192456678296,1.3225144938600255
802,-0.505842968518644,-0.36807852294664983,0.8389169870202585
2668,0.6630446332775474,0.9071790780759762,-0.1282780266592754
241,1.5583627963554811,1.2231721119576888,-1.0954730403388093
2068,0.6381746843031604,0.726611630143569,0.35531948018049153
14116,1.8070622860993515,1.4375959563774223,-1.5790705471785762
13436,-0.6550626623649661,-0.6615006258368116,0.8389169870202585
644,-0.6550626623649661,-0.5825023673663834,1.3225144938600255
9116,0.6879145822519344,-0.7743552807945661,-2.062668054018343
5103,0.16564565378980642,-0.8646390047607697,-1.5790705471785762
1637,1.0360938678933531,1.5730215423267278,-0.6118755334990423
7552,1.1604436127652884,0.828180819605548,-1.5790705471785762
8312,0.21538555173858054,-0.10851281654381445,0.35531948018049153
3074,-1.077851794929546,-0.44707678141707796,1.3225144938600255
9014,0.6133047353287733,0.5347587167153863,-0.6118755334990423
7296,-1.077851794929546,-1.2032029696340332,1.3225144938600255
3278,-0.8042823562112885,-1.0903483146762787,0.35531948018049153
8003,-1.0281118969807719,-1.1354901766593806,0.35531948018049153
10327,-0.40636317262109567,0.04948370039704188,-0.1282780266592754
4970,0.3894751945592899,0.8394662851013235,0.8389169870202585
10904,-0.7794124072369014,-0.9323517977354224,0.35531948018049153
8326,-0.008443989030902977,-0.4132203849297516,-0.1282780266592754
6915,-1.0281118969807719,-1.1580611076509315,0.8389169870202585
10710,0.19051560276419338,0.6814697681604671,-0.1282780266592754
7829,1.6578425922530293,1.956727369183093,-0.1282780266592754
62,1.085833765842127,0.24133661382522456,-0.6118755334990423
12131,1.6578425922530293,0.8168953541097725,-2.54626556085811
12186,1.2847933576372237,1.5617360768309523,-1.5790705471785762
14281,-0.20740358082599933,-0.7066424878199133,0.35531948018049153
11209,-0.4561030705698698,-0.13108374753536534,0.35531948018049153
11100,1.2101835107140624,1.5843070078225032,-2.062668054018343
679,0.7376544802007085,-0.4922186434001798,-1.0954730403388093
2041,1.085833765842127,1.3585976979069943,0.35531948018049153
8933,-0.10792378492845114,0.7491825611351198,0.35531948018049153
5307,-1.003241948006385,-0.2552238679888953,0.8389169870202585
11384,-0.9286321010832237,-0.7630698152987906,0.8389169870202585
3641,-1.0281118969807719,-1.169346573146707,0.35531948018049153
12663,2.055761775843222,1.2908849049323414,-2.54626556085811
12491,0.4143451435336769,0.1397674243632455,-1.0954730403388093
3258,-1.077851794929546,-1.1919175041382577,0.8389169870202585
1873,-1.052981845955159,-1.0113500562058506,0.8389169870202585
4744,-1.077851794929546,-1.2032029696340332,-0.6118755334990423
9909,-0.13279373390283822,-0.5599314363748324,-0.1282780266592754
2912,-0.8788922031344497,-1.1129192456678296,-0.6118755334990423
4027,-1.003241948006385,-1.1354901766593806,0.8389169870202585
5488,-1.077851794929546,-1.1806320386424822,0.8389169870202585
13256,2.030891826868835,1.6181634043098296,-2.062668054018343
8024,-1.077851794929546,-1.2032029696340332,1.3225144938600255
7786,0.11590575584103227,0.6137569751858144,0.8389169870202585
14209,0.2402555007129675,-0.7517843498030152,-1.5790705471785762
6864,0.3894751945592899,-0.24393840249311985,0.8389169870202585
489,1.856802184048126,1.798730852242237,-1.0954730403388093
8685,0.3148653476361286,-0.19879654051001805,-0.1282780266592754
690,-1.077851794929546,-1.1580611076509315,0.8389169870202585
602,1.5583627963554811,1.302170370428117,-1.0954730403388093
10103,1.085833765842127,0.9861773365464044,-1.0954730403388093
1014,1.085833765842127,0.09462556238014368,-0.1282780266592754
869,-0.555582866467418,0.252622079321,0.8389169870202585
1993,0.36460524558490276,1.1216029224957098,-0.6118755334990423
7610,0.6630446332775474,-0.4019349194339762,-0.6118755334990423
5283,-0.18253363185161225,0.6927552336562426,0.8389169870202585
4370,-0.6550626623649661,-1.0452064526931768,-0.1282780266592754
11597,-0.48097301954425686,-0.4245058504255271,-0.6118755334990423
1361,-0.3317533256979346,-0.2326529369973444,-0.6118755334990423
10731,-0.05818388697967712,0.6814697681604671,-0.6118755334990423
1526,-0.20740358082599933,-0.27779479898044623,-0.1282780266592754
12792,-0.25714347877477345,-0.9097808667438715,-0.6118755334990423
1629,2.354201163535867,2.374289592526785,-1.5790705471785762
1551,-1.0281118969807719,-0.6276442293494852,0.8389169870202585
10962,-0.6053227644161921,-1.0113500562058506,0.35531948018049153
14867,1.4091431025091588,0.7491825611351198,-2.54626556085811
1337,-0.05818388697967712,0.30904940679987725,0.35531948018049153
3901,1.7324524391761906,1.0651755950168325,-2.062668054018343
5041,-0.9286321010832237,-0.8759244702565452,0.8389169870202585
8252,2.080631724817609,1.9115855071999914,-0.6118755334990423
10442,2.3790711125102537,2.0808674896366233,-2.062668054018343
11198,0.9366140719958048,0.9184645435717517,-1.5790705471785762
5039,-0.48097301954425686,-0.6163587638537098,0.35531948018049153
2346,-0.18253363185161225,0.6701843026646918,0.8389169870202585
14263,0.2651254496873547,-0.7292134188114643,-2.062668054018343
5485,-0.08305383595406408,-0.8759244702565452,-0.6118755334990423
13620,-0.7296725092881273,-0.1649401440226917,0.35531948018049153
5694,-0.9783719990319979,-0.3116511954677726,0.8389169870202585
5119,-1.077851794929546,-1.1919175041382577,1.3225144938600255
5166,-0.48097301954425686,-0.6502151603410361,0.35531948018049153
1134,-0.505842968518644,-0.7856407462903415,0.35531948018049153
8342,0.5138249394312252,-0.44707678141707796,-0.1282780266592754
10643,-0.9783719990319979,-0.921066332239647,0.8389169870202585
10278,0.3894751945592899,-0.322936660963548,-0.1282780266592754
10451,0.2899953986617417,0.7491825611351198,-0.6118755334990423
4017,-1.077851794929546,-1.1919175041382577,1.3225144938600255
10409,-0.555582866467418,0.3316203377914282,0.8389169870202585
14917,-0.7794124072369014,-0.898495401248096,-0.6118755334990423
2424,1.8319322350737386,1.527879680343626,-1.0954730403388093
4138,2.354201163535867,2.0018692311661948,-2.062668054018343
859,-0.9286321010832237,-0.22136747150156896,0.8389169870202585
2962,0.5386948884056122,-0.4245058504255271,0.35531948018049153
8089,0.3148653476361286,-0.322936660963548,-0.1282780266592754
12460,-1.077851794929546,-1.0790628491805032,1.3225144938600255
13530,-1.077851794929546,-1.169346573146707,1.3225144938600255
13139,-1.077851794929546,-1.2032029696340332,0.8389169870202585
13021,-1.077851794929546,-0.6615006258368116,-0.1282780266592754
1364,0.7873943781494827,0.2639075448167755,-0.1282780266592754
13572,-0.6301927133905793,-0.6615006258368116,0.35531948018049153
1779,-0.7545424582625144,-0.9549227287269733,-0.6118755334990423
10639,1.0360938678933531,-0.17622560951846716,-2.54626556085811
2101,-0.18253363185161225,-0.27779479898044623,-0.6118755334990423
1818,-1.077851794929546,-1.2032029696340332,1.3225144938600255
369,-0.8291523051856755,-1.0790628491805032,-0.6118755334990423
4937,-1.077851794929546,-0.44707678141707796,1.3225144938600255
5285,1.7324524391761906,2.0131546966619704,-1.0954730403388093
8367,-0.580452815441805,-0.9662081942227487,0.35531948018049153
12429,-0.505842968518644,-0.9662081942227487,0.35531948018049153
7071,0.886874174047031,1.2908849049323414,0.8389169870202585
2093,-0.6053227644161921,-0.4245058504255271,0.35531948018049153
7817,1.4588830004579327,1.776159921250686,0.35531948018049153
1920,0.8122643271238696,0.7378970956393444,-0.1282780266592754
82,0.6630446332775474,0.4444749927491827,-0.1282780266592754
7331,-0.10792378492845114,-0.7630698152987906,-0.1282780266592754
7304,-1.077851794929546,-1.1919175041382577,0.8389169870202585
816,0.14077570481541946,0.2074802173378982,0.35531948018049153
11881,-0.7794124072369014,0.06076916589281733,1.3225144938600255
4396,0.7376544802007085,-0.672786091332587,-1.0954730403388093
8475,-0.505842968518644,-0.3342221264593235,0.8389169870202585
6124,1.2599234086628366,0.21876568283367365,-1.0954730403388093
4120,-0.3317533256979346,0.12848195886747005,0.35531948018049153
12591,-0.8042823562112885,0.07205463138859278,0.8389169870202585
13621,1.2599234086628366,1.2006011809661379,-1.5790705471785762
1813,-1.052981845955159,-1.1806320386424822,0.8389169870202585
1271,-0.505842968518644,0.38804766527030543,0.35531948018049153
8751,-1.077851794929546,-1.2032029696340332,0.35531948018049153
2994,0.6630446332775474,0.252622079321,-1.0954730403388093
11676,-0.9783719990319979,-1.146775642155156,0.8389169870202585
6409,1.9314120309712868,2.0018692311661948,0.35531948018049153
11882,1.2350534596884497,1.6407343353013806,-1.0954730403388093
2642,0.11590575584103227,0.19619475184212273,0.8389169870202585
9280,-1.052981845955159,-0.3342221264593235,0.8389169870202585
10645,-1.077851794929546,-1.0113500562058506,0.35531948018049153
2305,2.1801115207151573,1.798730852242237,-1.5790705471785762
11169,0.5884347863543863,1.0877465260083834,0.8389169870202585
12854,0.8371342760982567,0.29776394130410183,-2.062668054018343
4195,0.6879145822519344,1.3473122324112188,0.35531948018049153
12814,-1.077851794929546,-1.124204711163605,1.3225144938600255
3849,0.6879145822519344,1.2683139739407907,-0.1282780266592754
15110,2.1801115207151573,2.5435715749634165,-1.0954730403388093
12872,-0.18253363185161225,0.06076916589281733,-1.5790705471785762
14693,1.6827125412274162,0.9410354745633025,-1.5790705471785762
3554,-1.077851794929546,-0.8646390047607697,1.3225144938600255
2195,-0.8291523051856755,-1.0790628491805032,0.35531948018049153
2600,1.06096381686774,-0.2326529369973444,-2.54626556085811
6163,-0.9783719990319979,-1.0564919181889523,0.35531948018049153
1518,-0.40636317262109567,-0.5599314363748324,0.35531948018049153
10790,-1.052981845955159,-0.3793639884424253,1.3225144938600255
11647,-1.077851794929546,-1.1580611076509315,1.3225144938600255
6309,-1.052981845955159,-0.5937878328621589,0.8389169870202585
5755,1.5583627963554811,0.4106185962618563,-2.062668054018343
5633,-1.077851794929546,-0.43579131592130255,0.8389169870202585
8399,0.11590575584103227,-0.8646390047607697,-1.0954730403388093
14293,-0.7545424582625144,-0.8082116772818925,0.35531948018049153
7162,2.3044612655870926,1.9341564381915424,-0.6118755334990423
11562,0.7873943781494827,0.850751750597099,-0.6118755334990423
11269,-1.077851794929546,-1.1129192456678296,0.35531948018049153
1988,-0.4312331215954827,0.46704592374073356,0.35531948018049153
9533,-0.9037621521088367,-0.9774936597185242,0.35531948018049153
7737,-1.077851794929546,-0.898495401248096,0.8389169870202585
517,0.04129590891787117,0.8394662851013235,0.35531948018049153
6160,-0.20740358082599933,-0.7630698152987906,0.8389169870202585
14551,0.2899953986617417,-0.5147895743917307,-1.0954730403388093
13947,0.8620042250726437,0.252622079321,0.35531948018049153
12372,-0.7545424582625144,-0.9662081942227487,0.35531948018049153
11086,-0.505842968518644,0.2300511483294491,-0.6118755334990423
9607,1.4340130514835459,1.3473122324112188,-1.0954730403388093
4456,-1.0281118969807719,-0.7630698152987906,0.8389169870202585
2761,1.8816721330225128,1.9341564381915424,-1.0954730403388093
6481,-1.077851794929546,-0.898495401248096,1.3225144938600255
5911,0.3894751945592899,0.03819823490126643,-0.6118755334990423
13867,-1.077851794929546,-1.2032029696340332,1.3225144938600255
6547,0.6630446332775474,-0.7404988843072398,-2.062668054018343
4855,-1.0281118969807719,-0.5035041088959552,0.8389169870202585
7644,-1.077851794929546,-1.1919175041382577,1.3225144938600255
13607,0.16564565378980642,0.3429058032872036,0.35531948018049153
14864,-0.25714347877477345,-0.040800023569161736,0.35531948018049153
6358,-0.9783719990319979,-0.19879654051001805,0.8389169870202585
9741,0.9863539699445792,0.7943244231182217,-1.0954730403388093
2438,-1.0281118969807719,-0.6163587638537098,0.8389169870202585
3765,-0.9783719990319979,-0.3906494539382007,1.3225144938600255
6432,0.36460524558490276,0.8168953541097725,0.8389169870202585
8643,1.4588830004579327,1.1554593189830362,-0.1282780266592754
7846,-0.28201342774916044,0.602471509690039,0.8389169870202585
10918,-0.4312331215954827,-0.898495401248096,-0.1282780266592754
9665,2.503420857382189,2.453287850997213,-2.062668054018343
13781,0.14077570481541946,-0.006943627081835381,-1.0954730403388093
6340,-0.6301927133905793,0.1397674243632455,0.8389169870202585
4821,-1.0281118969807719,-0.7630698152987906,0.8389169870202585
18,-1.077851794929546,-1.1580611076509315,1.3225144938600255
3560,1.4091431025091588,0.4106185962618563,-2.062668054018343
3951,-1.077851794929546,-1.0564919181889523,0.8389169870202585
49,-1.077851794929546,-1.0339209871974016,1.3225144938600255
15188,1.5583627963554811,2.103438420628174,-0.6118755334990423
887,-0.25714347877477345,0.602471509690039,-0.1282780266592754
6261,-0.9783719990319979,-0.921066332239647,0.8389169870202585
7236,-1.077851794929546,-1.0452064526931768,0.35531948018049153
6989,-1.077851794929546,-1.0339209871974016,1.3225144938600255
6043,-0.9037621521088367,-0.11979828203958989,0.8389169870202585
8708,0.5884347863543863,-0.44707678141707796,-0.6118755334990423
3168,1.0112239189189662,0.7717534921266708,-1.0954730403388093
2949,-0.13279373390283822,-0.7630698152987906,-0.1282780266592754
1424,-0.6053227644161921,-0.9549227287269733,-0.6118755334990423
139,-1.077851794929546,-0.44707678141707796,0.8389169870202585
10116,-1.077851794929546,-0.7743552807945661,0.8389169870202585
10570,-0.8042823562112885,-1.0790628491805032,-0.1282780266592754
3197,0.2402555007129675,-0.08594188555226354,0.8389169870202585
5131,0.3894751945592899,-0.7179279533156888,-0.6118755334990423
112,-0.9783719990319979,-0.3906494539382007,0.8389169870202585
8160,1.3842731535347719,1.5165942148478506,-1.0954730403388093
13320,-0.18253363185161225,0.6927552336562426,-0.1282780266592754
4559,0.5386948884056122,1.2457430429492398,0.35531948018049153
4595,1.1107037148165144,1.4037395598900961,-0.6118755334990423
4690,0.04129590891787117,-0.6050732983579343,0.35531948018049153
7951,0.43921509250806384,-0.09722735104803899,0.35531948018049153
13979,0.33973529661051577,0.5347587167153863,-0.1282780266592754
3277,0.16564565378980642,-0.8646390047607697,-0.6118755334990423
4068,-1.077851794929546,-1.0339209871974016,1.3225144938600255
4408,-1.077851794929546,-1.146775642155156,1.3225144938600255
10865,-1.077851794929546,-0.898495401248096,1.3225144938600255
13175,-0.18253363185161225,-0.7856407462903415,-0.1282780266592754
9729,1.3345332555859974,1.2683139739407907,-0.6118755334990423
451,-1.052981845955159,-0.6953570223241379,1.3225144938600255
7262,-1.077851794929546,-1.146775642155156,0.8389169870202585
3731,0.6381746843031604,0.3541912687829791,0.35531948018049153
7256,-1.077851794929546,-1.124204711163605,0.8389169870202585
13748,-0.20740358082599933,0.28647847580832636,0.35531948018049153
4986,-0.8788922031344497,-0.3342221264593235,0.35531948018049153
3663,0.3148653476361286,-0.7743552807945661,-0.1282780266592754
2763,-0.40636317262109567,0.37676219977452996,0.35531948018049153
8850,1.0112239189189662,0.6476133716731408,-0.1282780266592754
11278,0.14077570481541946,-0.7066424878199133,-1.0954730403388093
1855,-0.8291523051856755,-0.9774936597185242,-0.1282780266592754
999,-0.28201342774916044,-0.24393840249311985,0.35531948018049153
389,0.5635648373799991,-0.6163587638537098,-1.5790705471785762
6426,2.080631724817609,1.8890145762084405,-0.6118755334990423
1476,-1.003241948006385,-1.1129192456678296,0.8389169870202585
2240,0.7376544802007085,-0.2552238679888953,-0.6118755334990423
14520,0.21538555173858054,-0.09722735104803899,-0.6118755334990423
14035,-0.4312331215954827,0.4444749927491827,0.8389169870202585
8112,-0.9037621521088367,-0.6050732983579343,0.8389169870202585
992,-0.20740358082599933,-0.10851281654381445,0.35531948018049153
7032,0.6630446332775474,0.6137569751858144,0.35531948018049153
4997,-1.077851794929546,-0.7404988843072398,0.35531948018049153
3922,-0.8291523051856755,-0.5937878328621589,0.8389169870202585
2972,0.7625244291750957,-0.21008200600579352,-1.5790705471785762
6871,0.46408504148245106,-0.322936660963548,-0.1282780266592754
11560,-1.077851794929546,-0.6615006258368116,1.3225144938600255
4769,0.6630446332775474,-0.6163587638537098,-2.54626556085811
1293,2.2049814696895442,2.1824366790986023,-1.5790705471785762
14379,2.3293312145614795,2.1824366790986023,-2.54626556085811
4173,-0.9535020500576108,-0.15365467852691625,-0.1282780266592754
2535,-1.077851794929546,-1.2032029696340332,0.8389169870202585
14023,1.6827125412274162,1.8890145762084405,-2.062668054018343
1907,-1.003241948006385,-0.672786091332587,0.35531948018049153
12714,0.2651254496873547,-0.3793639884424253,-0.6118755334990423
14574,-1.077851794929546,-1.169346573146707,0.8389169870202585
8560,-0.555582866467418,0.3316203377914282,0.8389169870202585
6033,1.359403204560385,1.7423035247633596,-0.6118755334990423
7619,-1.052981845955159,-1.0903483146762787,0.35531948018049153
1151,-1.077851794929546,-1.0000645907100751,0.8389169870202585
1567,-1.077851794929546,-0.6163587638537098,1.3225144938600255
3171,0.2899953986617417,0.3429058032872036,-0.1282780266592754
9689,2.2049814696895442,2.2162930755859285,-1.0954730403388093
7106,-0.008443989030902977,0.828180819605548,0.35531948018049153
4160,1.0112239189189662,1.4601668873689733,-0.6118755334990423
4287,0.8371342760982567,0.2751930103125509,-0.1282780266592754
2230,-1.077851794929546,-1.0903483146762787,1.3225144938600255
11358,-0.20740358082599933,-0.7066424878199133,-0.6118755334990423
174,0.2899953986617417,1.0651755950168325,-0.1282780266592754
1903,-1.077851794929546,-0.8194971427776678,0.8389169870202585
9291,0.2651254496873547,1.031319198529506,0.8389169870202585
8752,0.6381746843031604,-0.7743552807945661,-1.0954730403388093
15128,2.8018602450748333,3.107844849752189,-0.6118755334990423
3408,0.3148653476361286,0.8056098886139971,0.8389169870202585
1538,-0.4561030705698698,-0.26650933348467076,0.8389169870202585
2292,-1.003241948006385,-0.5147895743917307,0.35531948018049153
9523,-1.077851794929546,-1.1354901766593806,0.8389169870202585
1363,0.2651254496873547,0.04948370039704188,-0.1282780266592754
4357,-1.077851794929546,-1.1919175041382577,0.35531948018049153
5260,-1.077851794929546,-0.4245058504255271,1.3225144938600255
11444,-1.077851794929546,-0.5373605053832816,1.3225144938600255
11633,-0.6550626623649661,-0.8646390047607697,0.8389169870202585
680,-1.0281118969807719,-1.0790628491805032,0.8389169870202585
12462,-1.077851794929546,-1.0677773836847277,1.3225144938600255
3664,-0.8540222541600626,-1.0677773836847277,-0.1282780266592754
1661,-0.9286321010832237,-0.1649401440226917,0.8389169870202585
508,-0.3068833767235475,0.5009023202280599,0.35531948018049153
166,0.36460524558490276,1.1216029224957098,0.35531948018049153
12705,-1.0281118969807719,-0.9097808667438715,0.8389169870202585
9198,-0.25714347877477345,-0.27779479898044623,0.35531948018049153
12794,0.5884347863543863,-0.7179279533156888,-1.0954730403388093
7365,-0.9535020500576108,-0.796926211786117,1.3225144938600255
1914,0.2899953986617417,0.3429058032872036,-0.1282780266592754
7263,-0.8540222541600626,-1.022635521701626,-0.1282780266592754
14791,0.7625244291750957,1.3811686288985452,-1.0954730403388093
14961,-0.7794124072369014,-1.0790628491805032,-0.1282780266592754
7361,-1.077851794929546,-1.0000645907100751,1.3225144938600255
1104,-1.077851794929546,-1.1806320386424822,1.3225144938600255
12013,-1.077851794929546,-1.1580611076509315,0.8389169870202585
9944,-0.9535020500576108,-0.6050732983579343,1.3225144938600255
5310,-0.7545424582625144,0.08334009688436823,0.8389169870202585
11567,1.8319322350737386,1.1893157154703624,-2.54626556085811
5754,-0.6550626623649661,-0.5373605053832816,0.35531948018049153
152,0.3894751945592899,1.0990319915041589,0.8389169870202585
12167,-0.4561030705698698,0.15105288985902093,0.35531948018049153
5679,1.9314120309712868,2.0018692311661948,-1.0954730403388093
14028,-1.077851794929546,-0.4245058504255271,1.3225144938600255
3551,-1.077851794929546,-0.8420680737692188,0.8389169870202585
3722,-0.6053227644161921,-0.45836224691285343,0.8389169870202585
11293,-0.4312331215954827,-0.9549227287269733,0.8389169870202585
14483,-0.6053227644161921,-0.06337095456071264,0.35531948018049153
4538,0.19051560276419338,0.9636064055548534,0.35531948018049153
11413,0.2899953986617417,0.37676219977452996,-0.6118755334990423
10014,0.8371342760982567,1.4150250253858716,-1.0954730403388093
8463,-1.077851794929546,-0.9323517977354224,1.3225144938600255
1991,0.886874174047031,1.4827378183605242,0.8389169870202585
13525,-0.7545424582625144,-1.0339209871974016,-0.6118755334990423
8501,0.36460524558490276,0.5686151132027126,-0.6118755334990423
5141,-1.077851794929546,-1.1354901766593806,0.8389169870202585
3811,-1.052981845955159,-0.3342221264593235,0.8389169870202585
14790,1.1355736637909013,1.629448869805605,-1.0954730403388093
3450,1.0360938678933531,1.5730215423267278,-0.1282780266592754
4591,1.4340130514835459,1.6407343353013806,-1.0954730403388093
7352,-0.4561030705698698,-0.6840715568283625,0.8389169870202585
205,0.36460524558490276,0.9861773365464044,-0.1282780266592754
9327,-0.48097301954425686,0.3654767342787545,0.8389169870202585
6680,1.7573223881505777,1.4375959563774223,-1.0954730403388093
2749,-1.0281118969807719,-0.3003657299719971,1.3225144938600255
8497,1.856802184048126,1.3134558359238924,-2.062668054018343
1849,-1.077851794929546,-1.146775642155156,0.8389169870202585
13925,-1.052981845955159,-1.022635521701626,0.8389169870202585
10180,-0.7545424582625144,-0.9549227287269733,0.35531948018049153
3240,-1.077851794929546,-1.1354901766593806,0.8389169870202585
12163,0.5884347863543863,0.850751750597099,-0.1282780266592754
3109,1.0112239189189662,1.527879680343626,0.35531948018049153
10179,-1.077851794929546,-1.1354901766593806,0.8389169870202585
5934,0.5138249394312252,0.5009023202280599,-0.1282780266592754
12552,-0.7048025603137403,0.07205463138859278,1.3225144938600255
5810,-1.052981845955159,-1.146775642155156,0.8389169870202585
8575,2.6029006532797374,2.5097151784760903,-1.5790705471785762
5634,1.6827125412274162,1.956727369183093,-0.6118755334990423
4307,-1.003241948006385,-0.9097808667438715,0.35531948018049153
3156,1.2599234086628366,1.1893157154703624,-1.0954730403388093
6534,0.9117441230214178,-0.5712169018706079,-2.062668054018343
15183,-0.25714347877477345,0.8733226815886498,0.8389169870202585
15125,2.8267301940492207,3.1417012462395153,-2.54626556085811
12711,-0.25714347877477345,-0.5373605053832816,0.35531948018049153
8891,2.130371622766383,1.956727369183093,-1.5790705471785762
3832,0.2651254496873547,1.0426046640252815,0.35531948018049153
13374,-0.9783719990319979,-0.36807852294664983,1.3225144938600255
4776,0.4143451435336769,-0.6050732983579343,-0.6118755334990423
7997,-1.077851794929546,-1.1580611076509315,0.35531948018049153
4276,-0.9286321010832237,-0.5825023673663834,0.8389169870202585
14959,-1.077851794929546,-1.2032029696340332,0.8389169870202585
10883,-0.4312331215954827,-0.5937878328621589,-0.6118755334990423
14731,0.09103580686664531,0.6476133716731408,0.35531948018049153
278,0.2651254496873547,-0.11979828203958989,0.35531948018049153
6771,-0.6053227644161921,0.24133661382522456,0.8389169870202585
7415,-0.10792378492845114,0.38804766527030543,0.35531948018049153
3252,0.6381746843031604,-0.672786091332587,-2.062668054018343
10951,-0.9535020500576108,-1.1354901766593806,1.3225144938600255
10672,0.3148653476361286,0.2300511483294491,-0.1282780266592754
14885,-1.0281118969807719,-0.8307826082734433,-0.1282780266592754
289,-0.6550626623649661,-0.6840715568283625,0.8389169870202585
3075,-0.40636317262109567,0.46704592374073356,0.8389169870202585
11078,1.4588830004579327,1.5165942148478506,-1.0954730403388093
9582,-1.077851794929546,-0.7630698152987906,0.8389169870202585
10842,-1.052981845955159,-0.6840715568283625,1.3225144938600255
270,0.7625244291750957,0.21876568283367365,-0.6118755334990423
4570,1.7821923371249646,2.0018692311661948,-0.6118755334990423
13477,-1.0281118969807719,-1.124204711163605,0.35531948018049153
9583,0.6630446332775474,0.5121877857238354,-0.1282780266592754
6696,2.354201163535867,2.0244401621577457,-2.062668054018343
4316,-0.48097301954425686,-0.6953570223241379,0.35531948018049153
3180,-1.077851794929546,-0.8082116772818925,1.3225144938600255
1422,-1.077851794929546,-1.1580611076509315,0.8389169870202585
8275,1.8319322350737386,1.4037395598900961,-0.6118755334990423
9065,1.1107037148165144,-0.17622560951846716,-1.5790705471785762
12594,0.886874174047031,1.4827378183605242,-0.1282780266592754
4557,-1.077851794929546,-0.4245058504255271,1.3225144938600255
7812,1.9314120309712868,2.0244401621577457,-0.1282780266592754
6297,1.2350534596884497,0.8394662851013235,-0.1282780266592754
14024,2.1055016737919963,2.1485802826112756,-2.062668054018343
11222,-0.6550626623649661,-0.4245058504255271,0.35531948018049153
14875,-0.25714347877477345,-0.1875110750142426,0.35531948018049153
1132,-0.3317533256979346,-0.7404988843072398,0.8389169870202585
10642,-1.077851794929546,-1.0339209871974016,0.8389169870202585
10521,-0.9535020500576108,-0.898495401248096,0.35531948018049153
6242,0.04129590891787117,-0.6502151603410361,-0.6118755334990423
11624,-1.077851794929546,-1.0677773836847277,0.35531948018049153
14386,2.3044612655870926,-0.898495401248096,-1.5790705471785762
7423,1.359403204560385,1.4263104908816469,-0.1282780266592754
11158,0.09103580686664531,0.8168953541097725,-0.6118755334990423
10152,-0.530712917493031,-0.6276442293494852,0.8389169870202585
11037,1.2847933576372237,0.6814697681604671,-2.54626556085811
12544,1.9562819799456737,1.8664436452168895,-1.0954730403388093
5520,-1.077851794929546,-1.0790628491805032,0.8389169870202585
9408,0.46408504148245106,-0.029514558073386283,-0.1282780266592754
13360,1.4340130514835459,1.6068779388140542,-1.5790705471785762
11487,-0.15766368287722518,0.7040406991520181,0.35531948018049153
9256,0.6133047353287733,1.053890129521057,-0.1282780266592754
3786,-0.6550626623649661,0.11719649337169459,0.8389169870202585
11401,-1.077851794929546,-0.8194971427776678,1.3225144938600255
8345,-0.033313938005289936,-0.6502151603410361,0.35531948018049153
2161,-0.9037621521088367,-1.1016337801720542,0.35531948018049153
3008,-0.6799326113393532,-0.322936660963548,-0.1282780266592754
1105,-0.38149322364670873,-0.9436372632311979,-0.1282780266592754
11305,-1.052981845955159,-1.1806320386424822,0.8389169870202585
692,-1.077851794929546,-1.1580611076509315,1.3225144938600255
12006,0.3894751945592899,-0.6163587638537098,-0.6118755334990423
4956,2.4039410614846406,2.1824366790986023,-1.0954730403388093
8307,-0.4312331215954827,-0.35679305745087436,0.35531948018049153
4369,-1.077851794929546,-1.2032029696340332,1.3225144938600255
2765,-1.052981845955159,-0.4132203849297516,1.3225144938600255
3929,1.2350534596884497,0.28647847580832636,-0.1282780266592754
13845,-1.0281118969807719,-1.124204711163605,0.8389169870202585
15074,0.016425959943484204,0.7491825611351198,-1.0954730403388093
7778,-0.9286321010832237,-0.35679305745087436,0.8389169870202585
11073,1.9811519289200612,1.7310180592675841,-2.54626556085811
628,-1.0281118969807719,-0.7404988843072398,1.3225144938600255
2451,-0.10792378492845114,-0.018229092577610833,0.35531948018049153
10943,0.46408504148245106,-0.8082116772818925,-1.0954730403388093
3824,1.6081026943042553,1.9454419036873176,-0.6118755334990423
13788,-0.530712917493031,-0.45836224691285343,0.35531948018049153
15280,-0.9037621521088367,-1.0113500562058506,1.3225144938600255
3743,0.7625244291750957,0.6363279061773653,-0.1282780266592754
2176,-1.0281118969807719,-1.169346573146707,0.8389169870202585
6689,-1.077851794929546,-0.5712169018706079,1.3225144938600255
8858,1.06096381686774,0.828180819605548,-0.1282780266592754
3318,-0.7794124072369014,-0.9436372632311979,0.8389169870202585
13492,-1.052981845955159,-1.1806320386424822,1.3225144938600255
9653,-0.8291523051856755,0.026912769405490974,0.35531948018049153
7432,-0.35662327467232163,0.3541912687829791,0.35531948018049153
2787,-0.48097301954425686,0.11719649337169459,0.8389169870202585
1196,-0.13279373390283822,0.24133661382522456,-0.1282780266592754
1676,-0.48097301954425686,0.252622079321,-0.1282780266592754
3947,-0.8788922031344497,-0.8533535392649942,0.8389169870202585
7618,-0.8042823562112885,-0.9436372632311979,0.35531948018049153
4444,0.7127845312263216,0.07205463138859278,-0.1282780266592754
5722,-1.052981845955159,-0.6276442293494852,0.8389169870202585
11946,0.2899953986617417,0.2074802173378982,-0.1282780266592754
10695,0.04129590891787117,0.39933313076608085,-0.1282780266592754
13010,-0.38149322364670873,0.24133661382522456,0.35531948018049153
2369,0.46408504148245106,1.1893157154703624,0.35531948018049153
4967,-0.10792378492845114,0.5234732512196109,0.35531948018049153
2217,-1.077851794929546,-1.146775642155156,0.35531948018049153
8148,0.2402555007129675,0.6476133716731408,-0.1282780266592754
10410,-0.08305383595406408,0.7604680266308953,0.35531948018049153
3326,0.14077570481541946,-0.5599314363748324,-0.1282780266592754
11376,-1.052981845955159,-0.9774936597185242,1.3225144938600255
3583,-0.9535020500576108,-0.921066332239647,0.8389169870202585
15004,0.36460524558490276,-0.5486459708790571,1.3225144938600255
15075,2.0060218778944483,1.6407343353013806,-0.6118755334990423
3619,-1.077851794929546,-1.169346573146707,1.3225144938600255
6217,-1.003241948006385,-1.1354901766593806,0.8389169870202585
2468,0.6630446332775474,0.07205463138859278,-0.6118755334990423
8277,-1.052981845955159,-0.6050732983579343,0.8389169870202585
12986,2.1801115207151573,2.126009351619725,-2.54626556085811
5973,1.0360938678933531,1.3698831634027697,0.35531948018049153
3667,-1.077851794929546,-1.169346573146707,0.8389169870202585
5158,-1.077851794929546,-1.0677773836847277,1.3225144938600255
7594,1.2599234086628366,0.03819823490126643,-0.6118755334990423
6976,-1.077851794929546,-1.1016337801720542,0.8389169870202585
10211,0.14077570481541946,-0.8646390047607697,-1.0954730403388093
3423,2.130371622766383,2.0921529551323985,-2.062668054018343
10717,0.46408504148245106,0.952320940059078,0.8389169870202585
8199,0.8122643271238696,1.4263104908816469,-0.1282780266592754
2409,0.8371342760982567,1.1893157154703624,-0.1282780266592754
3212,0.2651254496873547,-0.3116511954677726,0.8389169870202585
13137,-0.15766368287722518,-0.9323517977354224,-1.5790705471785762
5366,-0.7794124072369014,-0.3906494539382007,0.35531948018049153
11402,-0.38149322364670873,-0.1875110750142426,-0.1282780266592754
6593,-1.077851794929546,-1.1580611076509315,1.3225144938600255
2895,-1.077851794929546,-1.1919175041382577,1.3225144938600255
13433,0.2651254496873547,-0.22136747150156896,-0.1282780266592754
14149,-0.8042823562112885,-0.5825023673663834,0.8389169870202585
3642,-1.077851794929546,-1.2032029696340332,1.3225144938600255
13362,1.8816721330225128,1.8438727142253386,-1.0954730403388093
11289,0.09103580686664531,-0.796926211786117,-0.1282780266592754
12870,-0.8540222541600626,-0.4696477124086289,-1.0954730403388093
9475,-1.077851794929546,-1.2032029696340332,0.35531948018049153
10193,-0.6301927133905793,-0.9774936597185242,-0.6118755334990423
13220,-0.8042823562112885,-0.5712169018706079,-1.5790705471785762
9061,0.9614840209701918,-0.15365467852691625,-0.6118755334990423
14868,-1.077851794929546,-0.8082116772818925,1.3225144938600255
13768,1.8816721330225128,1.0087482675379553,-2.54626556085811
8548,-0.20740358082599933,0.602471509690039,0.35531948018049153
15205,0.488954990456838,1.178030249974587,-0.6118755334990423
5451,-0.580452815441805,-1.0000645907100751,-0.1282780266592754
7160,0.9366140719958048,1.2118866464619134,-1.5790705471785762
10685,-1.052981845955159,-0.6502151603410361,0.8389169870202585
7866,0.7625244291750957,1.3247413014196678,-0.6118755334990423
2743,0.6133047353287733,1.2683139739407907,0.8389169870202585
15234,1.2350534596884497,0.8620372160928744,-0.1282780266592754
10082,0.6381746843031604,1.031319198529506,-0.1282780266592754
9797,-0.9037621521088367,-0.9097808667438715,0.8389169870202585
4958,1.8319322350737386,1.8438727142253386,-0.1282780266592754
14053,0.6879145822519344,1.3473122324112188,-0.1282780266592754
10572,0.4143451435336769,-0.8082116772818925,-2.54626556085811
6474,-1.077851794929546,-0.8533535392649942,0.8389169870202585
7888,-0.05818388697967712,0.5686151132027126,-0.1282780266592754
8811,-0.08305383595406408,-0.5599314363748324,-0.6118755334990423
492,-1.077851794929546,-0.5035041088959552,0.35531948018049153
12252,-0.9783719990319979,-0.2326529369973444,1.3225144938600255
1116,0.14077570481541946,-0.7517843498030152,-0.6118755334990423
5637,0.488954990456838,1.2006011809661379,-0.1282780266592754
13484,-0.8042823562112885,-1.0677773836847277,0.8389169870202585
15147,0.6630446332775474,1.8213017832337877,-0.6118755334990423
11351,-0.6301927133905793,-0.9097808667438715,-0.1282780266592754
13895,-1.077851794929546,-1.169346573146707,1.3225144938600255
13215,-0.3068833767235475,-0.322936660963548,-0.6118755334990423
6589,-1.077851794929546,-1.169346573146707,-2.54626556085811
13932,-1.077851794929546,-1.022635521701626,1.3225144938600255
7557,1.2847933576372237,0.7943244231182217,-1.5790705471785762
10692,0.3148653476361286,0.5347587167153863,-1.5790705471785762
12268,1.359403204560385,1.5165942148478506,-1.5790705471785762
5241,0.36460524558490276,0.9071790780759762,-0.6118755334990423
14197,-1.077851794929546,-1.1354901766593806,1.3225144938600255
2783,1.6329726432786424,1.527879680343626,-1.5790705471785762
11275,-0.8042823562112885,-0.9662081942227487,0.35531948018049153
10661,-0.6799326113393532,-0.5035041088959552,0.8389169870202585
1696,-0.9783719990319979,-0.43579131592130255,-0.1282780266592754
5685,-1.003241948006385,-0.3003657299719971,0.8389169870202585
2295,0.43921509250806384,0.6588988371689163,-0.1282780266592754
5939,0.3148653476361286,0.46704592374073356,0.8389169870202585
7763,-1.077851794929546,-0.7066424878199133,1.3225144938600255
10244,-1.052981845955159,-1.1354901766593806,0.8389169870202585
9968,0.5138249394312252,0.7491825611351198,-1.0954730403388093
3313,-1.003241948006385,-1.0790628491805032,0.8389169870202585
4781,-0.7545424582625144,-0.921066332239647,0.8389169870202585
8350,-1.003241948006385,-1.0564919181889523,0.8389169870202585
11416,-0.05818388697967712,0.2074802173378982,-0.1282780266592754
9784,0.488954990456838,-0.17622560951846716,-0.6118755334990423
9915,-1.077851794929546,-1.0113500562058506,1.3225144938600255
7605,0.6630446332775474,-0.322936660963548,0.35531948018049153
215,0.7127845312263216,1.1328883879914853,0.35531948018049153
6707,1.4091431025091588,1.629448869805605,-0.1282780266592754
12634,0.43921509250806384,0.952320940059078,-1.5790705471785762
8682,0.8620042250726437,0.06076916589281733,-0.1282780266592754
14026,0.7873943781494827,1.3360267669154433,-1.0954730403388093
3483,0.5635648373799991,1.1893157154703624,-0.1282780266592754
7006,0.016425959943484204,-0.15365467852691625,0.35531948018049153
5102,-1.077851794929546,-1.2032029696340332,0.8389169870202585
6599,0.8620042250726437,-0.5486459708790571,-1.5790705471785762
3764,-0.6799326113393532,-0.0746564200564881,0.8389169870202585
14649,-0.15766368287722518,-0.6502151603410361,-0.6118755334990423
6410,2.354201163535867,2.227578541081704,-1.5790705471785762
11609,-1.077851794929546,-0.9887791252142997,1.3225144938600255
25,-0.4312331215954827,-0.8646390047607697,-0.1282780266592754
10601,-1.077851794929546,-1.1806320386424822,1.3225144938600255
7659,-1.077851794929546,-1.2032029696340332,1.3225144938600255
13383,-0.15766368287722518,0.3316203377914282,-1.0954730403388093
9744,-0.6550626623649661,-0.24393840249311985,0.8389169870202585
14136,0.3148653476361286,0.252622079321,-0.6118755334990423
13230,-0.10792378492845114,0.00434183841394007,0.35531948018049153
6683,-0.555582866467418,0.01562730390971552,0.8389169870202585
9171,-0.48097301954425686,-0.7630698152987906,0.8389169870202585
10847,-0.555582866467418,-0.2552238679888953,0.35531948018049153
10039,-0.530712917493031,0.3654767342787545,0.8389169870202585
12615,1.2101835107140624,1.6068779388140542,-2.062668054018343
8584,-0.580452815441805,0.30904940679987725,0.8389169870202585
14003,-1.003241948006385,-0.35679305745087436,1.3225144938600255
13188,0.04129590891787117,-0.5937878328621589,-0.6118755334990423
11759,-0.8540222541600626,-0.6163587638537098,0.35531948018049153
14812,0.6879145822519344,1.2344575774534643,-0.1282780266592754
12700,-0.7545424582625144,-0.6615006258368116,0.35531948018049153
1102,-1.052981845955159,-1.169346573146707,0.8389169870202585
3276,-1.077851794929546,-1.2032029696340332,1.3225144938600255
5345,0.488954990456838,0.7943244231182217,-0.6118755334990423
14034,0.5635648373799991,1.2344575774534643,-0.6118755334990423
13940,0.6381746843031604,0.026912769405490974,-1.0954730403388093
13511,-0.25714347877477345,-0.9436372632311979,-0.1282780266592754
8386,-1.077851794929546,-1.2032029696340332,-0.1282780266592754
8835,-1.052981845955159,-0.8307826082734433,0.35531948018049153
13878,-1.077851794929546,-1.1919175041382577,1.8061120006997924
15330,-0.10792378492845114,-0.921066332239647,1.3225144938600255
2207,-1.077851794929546,-1.169346573146707,1.3225144938600255
4552,-0.10792378492845114,0.7491825611351198,0.35531948018049153
4402,-1.077851794929546,-1.1580611076509315,0.8389169870202585
7395,1.5086228984067072,1.0087482675379553,0.35531948018049153
3718,-1.052981845955159,-0.8533535392649942,0.35531948018049153
972,1.583232745329868,1.2344575774534643,-0.6118755334990423
4579,-0.18253363185161225,0.6250424406815899,0.8389169870202585
6516,-0.9037621521088367,-0.9549227287269733,0.8389169870202585
719,-1.003241948006385,-1.1580611076509315,0.35531948018049153
6155,-1.003241948006385,-1.0339209871974016,0.8389169870202585
14488,1.9562819799456737,1.2683139739407907,-2.54626556085811
2803,1.5583627963554811,1.031319198529506,-1.0954730403388093
2566,-0.9037621521088367,-1.0903483146762787,0.8389169870202585
4025,0.43921509250806384,-0.7630698152987906,0.35531948018049153
6198,-1.077851794929546,-1.2032029696340332,1.3225144938600255
8224,-0.8540222541600626,-0.018229092577610833,0.8389169870202585
13566,-0.8788922031344497,-0.8533535392649942,1.3225144938600255
4063,0.6879145822519344,-0.3116511954677726,-0.1282780266592754
9889,0.2899953986617417,-0.6502151603410361,-1.5790705471785762
2792,0.886874174047031,0.9748918710506289,0.35531948018049153
2222,-0.7545424582625144,-0.9436372632311979,0.8389169870202585
5818,0.16564565378980642,-0.8420680737692188,-0.6118755334990423
3866,1.2101835107140624,1.4601668873689733,-0.6118755334990423
11089,0.3148653476361286,0.9071790780759762,-0.6118755334990423
13298,1.0112239189189662,1.5053087493520751,-1.0954730403388093
13959,0.8371342760982567,0.46704592374073356,-1.0954730403388093
11654,0.3148653476361286,-0.7404988843072398,-0.6118755334990423
3227,-1.077851794929546,-1.0903483146762787,-1.5790705471785762
4214,-0.18253363185161225,0.6250424406815899,-0.1282780266592754
3923,-0.6799326113393532,-0.5035041088959552,0.35531948018049153
10469,-0.48097301954425686,-0.006943627081835381,0.35531948018049153
11441,-1.052981845955159,-0.4809331779044043,0.8389169870202585
1401,-1.077851794929546,-1.0903483146762787,0.8389169870202585
8931,2.652640551228511,2.532286109467641,-0.6118755334990423
7703,-0.9535020500576108,-1.022635521701626,0.8389169870202585
4979,-0.7048025603137403,-0.09722735104803899,0.8389169870202585
3253,-0.6799326113393532,-0.9887791252142997,-1.0954730403388093
13250,1.2101835107140624,1.076461060512608,-1.5790705471785762
2661,0.2651254496873547,0.5686151132027126,0.8389169870202585
2158,-0.05818388697967712,-0.8307826082734433,-0.1282780266592754
8578,1.4340130514835459,1.8325872487295631,-0.6118755334990423
8088,-0.28201342774916044,-0.5599314363748324,0.35531948018049153
674,-1.077851794929546,-1.1016337801720542,0.8389169870202585
11659,-1.077851794929546,-1.1919175041382577,-0.1282780266592754
7011,-1.077851794929546,-0.8646390047607697,1.3225144938600255
11255,0.6381746843031604,-0.28908026447622165,-1.5790705471785762
10197,-0.7296725092881273,-1.0452064526931768,-0.1282780266592754
3841,-0.6301927133905793,0.24133661382522456,0.8389169870202585
1815,-0.6053227644161921,-1.0339209871974016,-0.1282780266592754
12770,-0.8042823562112885,-1.0903483146762787,0.35531948018049153
15097,0.886874174047031,1.5843070078225032,-1.5790705471785762
2100,0.6381746843031604,0.09462556238014368,-0.1282780266592754
13533,0.5884347863543863,-0.6502151603410361,-2.54626556085811
6708,2.3044612655870926,2.1598657481070513,-1.5790705471785762
1673,-0.3068833767235475,0.4219040617576318,0.8389169870202585
10293,0.886874174047031,0.24133661382522456,-0.6118755334990423
4213,1.6081026943042553,1.855158179721114,-0.6118755334990423
11558,1.4837529494323203,1.2908849049323414,-1.5790705471785762
11149,-1.0281118969807719,-0.3003657299719971,1.3225144938600255
1548,-0.35662327467232163,-0.0746564200564881,0.8389169870202585
15284,0.6381746843031604,-0.36807852294664983,-0.6118755334990423
8547,1.2847933576372237,1.6633052662929315,-0.6118755334990423
5184,-0.033313938005289936,-0.11979828203958989,-0.6118755334990423
1461,-1.077851794929546,-1.1919175041382577,0.8389169870202585
14414,-0.555582866467418,0.3429058032872036,0.8389169870202585
3220,-1.077851794929546,-1.0564919181889523,0.8389169870202585
12940,1.9811519289200612,2.1372948171155004,-2.062668054018343
14066,1.4837529494323203,1.8325872487295631,-0.1282780266592754
7170,1.6329726432786424,1.4601668873689733,-0.1282780266592754
7430,0.21538555173858054,0.7830389576224462,-0.1282780266592754
14642,0.33973529661051577,-0.5825023673663834,0.35531948018049153
1751,-0.6799326113393532,-0.7066424878199133,0.8389169870202585
3976,-1.077851794929546,-1.146775642155156,0.8389169870202585
8353,0.6630446332775474,-0.5486459708790571,-2.062668054018343
1772,-0.7048025603137403,-0.8872099357523205,0.35531948018049153
9388,0.7127845312263216,0.4331895272534072,-0.6118755334990423
10070,1.0360938678933531,1.4037395598900961,-1.0954730403388093
10860,-0.18253363185161225,-0.1875110750142426,0.35531948018049153
2016,-0.6550626623649661,0.2074802173378982,0.35531948018049153
2005,-0.530712917493031,0.3654767342787545,0.35531948018049153
3893,-1.077851794929546,-0.6840715568283625,0.8389169870202585
3237,-0.033313938005289936,-0.7066424878199133,-0.1282780266592754
4424,0.5884347863543863,-0.4019349194339762,-1.5790705471785762
10270,-0.555582866467418,-0.7630698152987906,-0.1282780266592754
8588,-0.35662327467232163,0.5121877857238354,1.3225144938600255
10980,-0.8788922031344497,-1.0339209871974016,-0.1282780266592754
2257,-1.0281118969807719,-0.8307826082734433,0.8389169870202585
4072,-1.077851794929546,-1.0113500562058506,0.8389169870202585
5574,1.5086228984067072,1.1103174569999343,-0.1282780266592754
9083,0.19051560276419338,-0.6615006258368116,0.35531948018049153
14597,-0.6301927133905793,-1.0452064526931768,-0.1282780266592754
5355,0.5635648373799991,0.6927552336562426,-0.1282780266592754
8418,-0.38149322364670873,-0.898495401248096,-0.1282780266592754
6093,-0.8042823562112885,-0.3906494539382007,0.8389169870202585
7935,1.0360938678933531,0.4331895272534072,0.8389169870202585
12421,-1.077851794929546,-1.1919175041382577,1.3225144938600255
1519,-0.9037621521088367,-0.8194971427776678,-0.1282780266592754
14284,-0.8042823562112885,-0.9097808667438715,0.35531948018049153
1378,-0.7296725092881273,-0.6615006258368116,-0.1282780266592754
5672,-0.8540222541600626,-0.029514558073386283,0.8389169870202585
9215,-0.15766368287722518,0.01562730390971552,-0.1282780266592754
2587,-1.077851794929546,-1.124204711163605,1.3225144938600255
14986,-0.9535020500576108,-1.0339209871974016,-1.0954730403388093
5621,-0.8540222541600626,-0.052085489064937186,0.8389169870202585
12100,-1.052981845955159,-1.0113500562058506,0.8389169870202585
11049,0.46408504148245106,0.4896168547322845,-0.6118755334990423
12632,0.16564565378980642,0.7830389576224462,-1.0954730403388093
5842,-0.9783719990319979,-1.146775642155156,-0.1282780266592754
7122,-1.052981845955159,-0.3342221264593235,0.8389169870202585
5832,0.5138249394312252,-0.796926211786117,-1.0954730403388093
9821,0.33973529661051577,-0.6840715568283625,-2.54626556085811
4888,2.3044612655870926,2.227578541081704,-2.062668054018343
5904,0.5138249394312252,-0.029514558073386283,0.35531948018049153
522,2.1055016737919963,1.5843070078225032,-1.0954730403388093
8043,-0.25714347877477345,-0.921066332239647,0.35531948018049153
3607,0.36460524558490276,-0.6502151603410361,-0.6118755334990423
9120,0.21538555173858054,-0.8533535392649942,-0.6118755334990423
234,0.2651254496873547,0.6137569751858144,-0.6118755334990423
3796,-0.15766368287722518,0.6250424406815899,-0.1282780266592754
6318,-1.0281118969807719,-0.4922186434001798,0.8389169870202585
7094,-0.9535020500576108,-0.15365467852691625,0.8389169870202585
10202,-0.530712917493031,-1.0000645907100751,0.35531948018049153
1948,0.016425959943484204,0.602471509690039,-0.1282780266592754
6361,1.4588830004579327,1.8100163177380122,-0.1282780266592754
14435,1.3842731535347719,1.753588990259135,-0.6118755334990423
12036,-0.25714347877477345,-0.9549227287269733,-0.6118755334990423
6091,0.5138249394312252,0.5009023202280599,0.35531948018049153
10863,1.359403204560385,0.4331895272534072,-2.062668054018343
13955,-0.3317533256979346,-0.21008200600579352,0.35531948018049153
2224,-0.6301927133905793,-0.8872099357523205,0.8389169870202585
9298,2.354201163535867,2.374289592526785,-1.0954730403388093
13891,-1.077851794929546,-1.1806320386424822,1.3225144938600255
9010,-0.505842968518644,-0.09722735104803899,0.8389169870202585
5571,-0.25714347877477345,0.06076916589281733,0.35531948018049153
4523,1.2599234086628366,1.6068779388140542,-0.6118755334990423
5793,-1.077851794929546,-1.124204711163605,1.3225144938600255
13493,-1.077851794929546,-1.2032029696340332,0.8389169870202585
5738,-0.8291523051856755,-0.5035041088959552,0.35531948018049153
2624,-0.9286321010832237,-0.7179279533156888,1.3225144938600255
4728,-1.077851794929546,-1.2032029696340332,-2.062668054018343
7818,0.5138249394312252,1.1554593189830362,0.8389169870202585
8859,1.085833765842127,0.8620372160928744,-1.0954730403388093
15216,-0.18253363185161225,0.6476133716731408,0.8389169870202585
14002,-1.052981845955159,-0.44707678141707796,1.3225144938600255
9080,-1.077851794929546,-1.124204711163605,1.3225144938600255
11403,-0.505842968518644,-0.2552238679888953,-0.1282780266592754
2437,0.5635648373799991,0.5573296477069372,0.35531948018049153
6056,1.9811519289200612,1.9115855071999914,-1.5790705471785762
9009,0.6133047353287733,0.6137569751858144,0.35531948018049153
6352,-0.20740358082599933,0.5799005786984881,0.8389169870202585
10533,0.33973529661051577,-0.5035041088959552,-0.6118755334990423
3167,-0.6053227644161921,-0.17622560951846716,-0.1282780266592754
1809,-1.0281118969807719,-1.169346573146707,0.35531948018049153
12416,-1.077851794929546,-1.2032029696340332,0.8389169870202585
7161,1.8816721330225128,1.7310180592675841,-0.1282780266592754
9456,-1.077851794929546,-1.1580611076509315,1.3225144938600255
5086,-1.0281118969807719,-1.1580611076509315,-0.6118755334990423
12357,-0.7048025603137403,-0.8420680737692188,0.35531948018049153
7016,0.6381746843031604,0.3203348722956527,-0.1282780266592754
11950,-0.9037621521088367,-0.5937878328621589,1.3225144938600255
4945,0.7625244291750957,1.3134558359238924,0.35531948018049153
6046,2.677510500202898,2.3855750580225603,-1.5790705471785762
12850,0.5386948884056122,0.09462556238014368,-1.5790705471785762
14225,0.016425959943484204,-0.8872099357523205,-1.0954730403388093
6919,-0.530712917493031,-1.0113500562058506,0.8389169870202585
5590,1.533492847381094,1.4150250253858716,0.35531948018049153
7226,-0.6053227644161921,-0.6276442293494852,0.8389169870202585
1228,2.3293312145614795,2.1598657481070513,-1.5790705471785762
11813,1.533492847381094,1.6181634043098296,-2.062668054018343
6846,-0.15766368287722518,-0.21008200600579352,0.8389169870202585
8244,1.533492847381094,1.6971616627802577,-0.6118755334990423
11860,-0.20740358082599933,0.6701843026646918,0.35531948018049153
6555,-1.077851794929546,-1.2032029696340332,1.3225144938600255
159,-1.003241948006385,-0.2326529369973444,0.8389169870202585
8851,1.0360938678933531,0.6814697681604671,-0.1282780266592754
9779,0.9863539699445792,0.08334009688436823,-0.6118755334990423
1589,-0.38149322364670873,0.3429058032872036,-0.6118755334990423
15101,-0.48097301954425686,2.678997160912722,-2.54626556085811
14563,-1.052981845955159,-1.1016337801720542,1.3225144938600255
14540,-0.25714347877477345,-0.5712169018706079,-1.5790705471785762
14333,-1.0281118969807719,-0.6389296948452606,1.3225144938600255
6687,-0.08305383595406408,0.4219040617576318,0.8389169870202585
14348,1.06096381686774,1.0200337330337308,-0.6118755334990423
13120,-0.7048025603137403,-1.0339209871974016,-0.6118755334990423
10576,0.3894751945592899,-0.8194971427776678,-1.0954730403388093
12146,0.04129590891787117,0.2639075448167755,-0.6118755334990423
7480,2.7769902961004465,2.599998902442294,-2.062668054018343
14228,-0.05818388697967712,-0.9097808667438715,-0.6118755334990423
1556,0.8122643271238696,0.7491825611351198,-0.6118755334990423
2828,-1.077851794929546,-0.8872099357523205,1.3225144938600255
436,-1.077851794929546,-0.8646390047607697,0.8389169870202585
5789,-0.18253363185161225,-0.6953570223241379,-0.1282780266592754
13375,0.2402555007129675,0.6927552336562426,0.8389169870202585
1588,-0.4561030705698698,0.2751930103125509,0.8389169870202585
7398,-0.6799326113393532,-0.24393840249311985,0.8389169870202585
2780,-1.0281118969807719,-0.43579131592130255,0.8389169870202585
13794,-1.077851794929546,-0.9436372632311979,1.3225144938600255
9242,-0.8540222541600626,-0.24393840249311985,0.8389169870202585
5686,0.6879145822519344,1.1893157154703624,0.8389169870202585
3965,-0.505842968518644,-0.8194971427776678,-0.1282780266592754
4727,0.43921509250806384,-0.8082116772818925,-2.062668054018343
9165,-0.7048025603137403,-0.898495401248096,0.8389169870202585
1238,-0.20740358082599933,0.5799005786984881,0.35531948018049153
2951,1.0112239189189662,-0.44707678141707796,-2.54626556085811
10534,0.11590575584103227,-0.5825023673663834,-1.5790705471785762
12239,-0.033313938005289936,0.7830389576224462,0.8389169870202585
11847,0.3894751945592899,1.1216029224957098,-0.1282780266592754
14133,0.16564565378980642,0.21876568283367365,-0.1282780266592754
1497,-1.052981845955159,-1.0677773836847277,0.8389169870202585
6465,1.4091431025091588,0.7717534921266708,-1.5790705471785762
7355,0.5635648373799991,-0.27779479898044623,0.8389169870202585
7823,-0.9783719990319979,-0.19879654051001805,0.8389169870202585
7547,0.43921509250806384,0.602471509690039,0.35531948018049153
7913,0.488954990456838,0.6250424406815899,0.35531948018049153
10614,-1.077851794929546,-1.146775642155156,0.8389169870202585
14372,1.7573223881505777,1.776159921250686,-1.5790705471785762
5185,1.1355736637909013,0.4444749927491827,-1.0954730403388093
5647,1.1853135617396753,1.674590731788707,0.35531948018049153
14427,2.453680959433415,-0.8872099357523205,-2.062668054018343
5242,-0.6053227644161921,0.1397674243632455,0.8389169870202585
2130,-0.13279373390283822,-0.6276442293494852,-0.1282780266592754
2092,-0.8042823562112885,-0.5486459708790571,-0.1282780266592754
5409,-0.8291523051856755,-0.8307826082734433,0.8389169870202585
10207,-0.6799326113393532,-1.0452064526931768,-0.6118755334990423
187,0.2899953986617417,1.031319198529506,0.35531948018049153
11481,-0.40636317262109567,0.47833138923650903,0.35531948018049153
7938,0.09103580686664531,-0.052085489064937186,-0.1282780266592754
3655,-1.077851794929546,-1.1919175041382577,1.3225144938600255
3426,1.0360938678933531,1.4601668873689733,-0.1282780266592754
11751,-0.9535020500576108,-0.7743552807945661,1.3225144938600255
1381,-0.05818388697967712,-0.35679305745087436,0.35531948018049153
15174,1.856802184048126,2.622569833433845,-0.1282780266592754
8605,0.19051560276419338,0.8733226815886498,0.8389169870202585
7427,1.4091431025091588,1.5165942148478506,-1.0954730403388093
5037,1.1107037148165144,-0.006943627081835381,-2.062668054018343
4897,-0.4561030705698698,0.38804766527030543,1.3225144938600255
3175,-0.033313938005289936,0.10591102787591913,0.35531948018049153
13062,-1.077851794929546,-0.9323517977354224,0.8389169870202585
12226,-0.9037621521088367,-0.06337095456071264,0.8389169870202585
8448,-0.48097301954425686,-0.6953570223241379,0.8389169870202585
15191,1.4091431025091588,1.922870972695767,-1.0954730403388093
13664,-1.077851794929546,-0.4132203849297516,1.3225144938600255
2235,-1.052981845955159,-1.0339209871974016,-0.1282780266592754
8068,-1.077851794929546,-1.1129192456678296,1.3225144938600255
9959,1.3096633066116106,1.053890129521057,-0.6118755334990423
4236,0.6133047353287733,1.031319198529506,-0.1282780266592754
13646,1.8070622860993515,1.8664436452168895,-1.0954730403388093
14025,2.478550908407802,0.0,-2.54626556085811
11726,1.0360938678933531,-0.322936660963548,-2.062668054018343
9764,0.5138249394312252,0.16233835535479638,-0.6118755334990423
24,-1.077851794929546,-1.146775642155156,1.3225144938600255
3363,-0.033313938005289936,-0.029514558073386283,1.3225144938600255
1088,-1.0281118969807719,-1.169346573146707,0.8389169870202585
10886,0.7127845312263216,-0.22136747150156896,-1.5790705471785762
8733,-0.9535020500576108,-1.0903483146762787,0.8389169870202585
14059,-0.9535020500576108,-0.1423692130311408,1.3225144938600255
2841,-0.7794124072369014,-0.7066424878199133,-0.6118755334990423
10503,0.6879145822519344,0.08334009688436823,-1.5790705471785762
7537,2.2795913166127058,1.753588990259135,-2.062668054018343
7470,2.3293312145614795,2.351718661535234,-0.6118755334990423
14312,-1.077851794929546,-0.898495401248096,0.8389169870202585
4152,1.9811519289200612,1.979298300174644,0.35531948018049153
9501,-1.077851794929546,-1.1919175041382577,-0.6118755334990423
695,0.6381746843031604,-0.672786091332587,-0.6118755334990423
14762,0.6879145822519344,1.3134558359238924,0.35531948018049153
6337,2.428811010459028,2.1598657481070513,-2.062668054018343
1227,-0.8291523051856755,-0.0746564200564881,-0.1282780266592754
1999,-0.4561030705698698,0.4444749927491827,0.35531948018049153
276,-0.6301927133905793,-0.5373605053832816,0.8389169870202585
11651,-0.8540222541600626,-1.0452064526931768,0.35531948018049153
5929,0.7376544802007085,0.5347587167153863,0.35531948018049153
2953,0.2402555007129675,-0.6163587638537098,-0.1282780266592754
3637,-1.077851794929546,-1.2032029696340332,0.8389169870202585
3906,-1.077851794929546,-0.7743552807945661,1.3225144938600255
4778,-1.077851794929546,-1.124204711163605,1.3225144938600255
5845,0.6879145822519344,-0.7517843498030152,-2.54626556085811
14881,-1.003241948006385,-0.7743552807945661,0.8389169870202585
4117,-0.008443989030902977,0.3203348722956527,0.35531948018049153
11611,0.19051560276419338,-0.3003657299719971,-1.5790705471785762
1137,-1.077851794929546,-1.0790628491805032,0.35531948018049153
2767,-0.35662327467232163,0.38804766527030543,0.35531948018049153
8182,-0.7545424582625144,0.08334009688436823,0.8389169870202585
13499,-1.077851794929546,-1.2032029696340332,-0.1282780266592754
13119,-1.077851794929546,-1.1919175041382577,1.3225144938600255
7661,0.2651254496873547,-0.8420680737692188,-0.1282780266592754
9134,-1.077851794929546,-1.1919175041382577,0.8389169870202585
11395,0.3148653476361286,0.09462556238014368,-1.0954730403388093
2490,-0.6301927133905793,-0.7517843498030152,0.35531948018049153
14858,-0.9037621521088367,-0.4696477124086289,-0.6118755334990423
7742,-0.8291523051856755,-0.5825023673663834,0.35531948018049153
3935,-0.3068833767235475,-0.43579131592130255,0.35531948018049153
2384,-0.20740358082599933,0.6250424406815899,0.35531948018049153
8016,-1.077851794929546,-1.2032029696340332,1.3225144938600255
7084,-0.4312331215954827,0.39933313076608085,0.8389169870202585
115,0.2899953986617417,0.7153261646477935,0.35531948018049153
1863,-0.48097301954425686,-0.7856407462903415,-0.1282780266592754
10750,1.1853135617396753,1.6633052662929315,-0.6118755334990423
3119,-1.077851794929546,-0.4696477124086289,1.3225144938600255
4258,1.1853135617396753,1.053890129521057,0.35531948018049153
14177,0.3148653476361286,-0.3906494539382007,0.35531948018049153
12983,0.14077570481541946,0.8620372160928744,-1.0954730403388093
2819,1.5086228984067072,0.6814697681604671,-2.062668054018343
11685,-1.077851794929546,-1.2032029696340332,1.3225144938600255
11507,1.06096381686774,1.5730215423267278,-1.0954730403388093
14067,1.9065420819969,2.0808674896366233,-0.6118755334990423
4699,0.36460524558490276,-0.6050732983579343,-1.0954730403388093
3802,1.0360938678933531,1.5165942148478506,-0.1282780266592754
6068,1.1107037148165144,1.2570285084450152,0.35531948018049153
3536,0.8371342760982567,0.6363279061773653,-1.0954730403388093
3825,0.21538555173858054,1.0087482675379553,-0.1282780266592754
6642,0.2899953986617417,-0.006943627081835381,0.35531948018049153
13272,0.6381746843031604,1.053890129521057,-0.1282780266592754
1946,2.080631724817609,1.855158179721114,-0.1282780266592754
14810,0.6381746843031604,1.2118866464619134,-0.1282780266592754
11696,0.5884347863543863,-0.7292134188114643,-2.54626556085811
12789,-0.7794124072369014,-1.0564919181889523,-0.1282780266592754
9802,-1.077851794929546,-1.0903483146762787,0.8389169870202585
7269,-1.077851794929546,-1.169346573146707,0.35531948018049153
11962,1.5583627963554811,0.4444749927491827,-2.54626556085811
7929,-0.8540222541600626,-0.5260750398875061,0.8389169870202585
7166,1.4340130514835459,1.4150250253858716,-0.1282780266592754
6963,0.19051560276419338,-0.7066424878199133,0.35531948018049153
5867,-1.077851794929546,-1.146775642155156,0.8389169870202585
10859,-1.077851794929546,-0.8646390047607697,1.3225144938600255
4761,-1.077851794929546,-1.1806320386424822,1.3225144938600255
10386,-0.8291523051856755,0.026912769405490974,-0.1282780266592754
882,0.7376544802007085,1.3473122324112188,0.35531948018049153
557,0.3894751945592899,1.0877465260083834,0.35531948018049153
12440,-1.077851794929546,-1.1580611076509315,-0.1282780266592754
1207,0.7376544802007085,0.952320940059078,-1.0954730403388093
11614,0.09103580686664531,-0.3793639884424253,-0.6118755334990423
7684,-0.8540222541600626,-1.0564919181889523,0.35531948018049153
11846,-0.15766368287722518,0.6927552336562426,-0.6118755334990423
9702,-1.0281118969807719,-0.34550759195509895,1.3225144938600255
6538,-0.28201342774916044,-0.8759244702565452,0.35531948018049153
10485,0.7127845312263216,0.4106185962618563,-0.6118755334990423
3211,0.3148653476361286,-0.27779479898044623,-0.1282780266592754
3630,-1.077851794929546,-1.2032029696340332,0.8389169870202585
1708,1.4837529494323203,0.9748918710506289,-1.0954730403388093
12655,0.14077570481541946,0.5121877857238354,-0.1282780266592754
8458,0.6133047353287733,-0.15365467852691625,-0.6118755334990423
1140,-0.6550626623649661,-0.796926211786117,-0.6118755334990423
3162,-0.7296725092881273,-0.19879654051001805,0.35531948018049153
6207,-1.077851794929546,-1.2032029696340332,1.3225144938600255
14854,0.6879145822519344,0.6363279061773653,-0.6118755334990423
3730,-0.8042823562112885,-0.5147895743917307,0.8389169870202585
10101,0.6630446332775474,0.7830389576224462,-0.1282780266592754
15090,2.478550908407802,2.1824366790986023,-2.54626556085811
2660,-0.7048025603137403,-0.1649401440226917,0.8389169870202585
8848,0.8620042250726437,0.5347587167153863,-1.0954730403388093
1307,0.2402555007129675,0.850751750597099,0.8389169870202585
2567,-0.28201342774916044,-0.9097808667438715,-1.0954730403388093
9190,-0.18253363185161225,-0.43579131592130255,-0.6118755334990423
2834,-1.077851794929546,-0.9323517977354224,-0.1282780266592754
14690,-1.077851794929546,-0.796926211786117,1.3225144938600255
9429,0.7376544802007085,-0.27779479898044623,-1.0954730403388093
2151,-0.008443989030902977,-0.7743552807945661,0.35531948018049153
11959,1.6081026943042553,0.5347587167153863,-2.54626556085811
3835,1.1853135617396753,1.6633052662929315,-0.6118755334990423
14876,-0.6301927133905793,-0.4245058504255271,0.8389169870202585
11746,-1.077851794929546,-0.9887791252142997,0.8389169870202585
12602,-1.0281118969807719,-0.27779479898044623,0.8389169870202585
10378,0.9863539699445792,1.5053087493520751,-1.0954730403388093
9326,-0.505842968518644,0.3429058032872036,0.8389169870202585
5004,-1.077851794929546,-0.7856407462903415,0.8389169870202585
6626,-0.28201342774916044,-0.5712169018706079,0.35531948018049153
9495,-0.8291523051856755,-1.0903483146762787,0.35531948018049153
1627,-0.8291523051856755,0.03819823490126643,0.8389169870202585
12277,0.8620042250726437,1.1103174569999343,-1.0954730403388093
9714,-0.48097301954425686,0.2300511483294491,0.35531948018049153
15050,-0.7545424582625144,-0.5147895743917307,-0.6118755334990423
358,0.2651254496873547,-0.8420680737692188,-2.062668054018343
138,2.478550908407802,2.0808674896366233,-2.062668054018343
8491,-0.6550626623649661,-0.2552238679888953,0.8389169870202585
9748,0.5635648373799991,0.45576045824495814,-0.1282780266592754
382,-1.077851794929546,-1.169346573146707,0.8389169870202585
11181,-0.9535020500576108,-0.322936660963548,0.35531948018049153
11550,0.8371342760982567,1.0651755950168325,-0.6118755334990423
4857,-0.18253363185161225,0.3203348722956527,0.8389169870202585
14276,-0.20740358082599933,-0.7517843498030152,0.35531948018049153
1439,-1.052981845955159,-1.1806320386424822,0.35531948018049153
9569,-0.7296725092881273,-0.5035041088959552,0.35531948018049153
946,0.7873943781494827,1.178030249974587,-1.0954730403388093
12712,-1.077851794929546,-1.022635521701626,0.8389169870202585
5498,-0.6053227644161921,-0.9549227287269733,0.35531948018049153
4916,1.359403204560385,1.7874453867464615,-1.0954730403388093
8556,-1.077851794929546,-0.43579131592130255,0.8389169870202585
10913,-1.077851794929546,-1.146775642155156,0.35531948018049153
1932,1.3345332555859974,1.2231721119576888,-1.5790705471785762
2352,0.7873943781494827,1.4037395598900961,-0.1282780266592754
3236,-1.077851794929546,-1.124204711163605,1.3225144938600255
14569,-0.28201342774916044,-0.8420680737692188,-0.1282780266592754
9493,0.6630446332775474,-0.7630698152987906,-1.5790705471785762
12689,-0.9037621521088367,-0.672786091332587,0.35531948018049153
3807,2.055761775843222,2.1711512136028266,-0.6118755334990423
14135,0.9366140719958048,0.5686151132027126,-0.6118755334990423
1936,0.7127845312263216,0.9297500090675271,0.35531948018049153
13677,-0.8042823562112885,0.06076916589281733,0.8389169870202585
4154,2.055761775843222,2.0470110931492966,-0.6118755334990423
8988,1.5086228984067072,1.5165942148478506,-0.1282780266592754
2416,-0.40636317262109567,0.24133661382522456,0.35531948018049153
11728,-1.077851794929546,-1.0790628491805032,1.3225144938600255
6139,-0.8788922031344497,-0.8646390047607697,-0.1282780266592754
785,-0.9286321010832237,-0.8646390047607697,-0.1282780266592754
6789,-0.8540222541600626,-0.13108374753536534,1.3225144938600255
11350,-1.003241948006385,-1.0790628491805032,0.8389169870202585
8036,-0.580452815441805,-1.0113500562058506,0.8389169870202585
8315,-0.8540222541600626,-0.7066424878199133,0.35531948018049153
14530,0.016425959943484204,-0.3342221264593235,-0.1282780266592754
5668,1.4340130514835459,1.7874453867464615,0.35531948018049153
2172,-0.7545424582625144,-1.0677773836847277,0.8389169870202585
2169,0.488954990456838,-0.796926211786117,-0.6118755334990423
6628,-0.4561030705698698,-0.6276442293494852,0.8389169870202585
4009,-0.4561030705698698,-1.0000645907100751,0.35531948018049153
4340,-1.003241948006385,-1.0903483146762787,0.35531948018049153
910,0.8620042250726437,1.4601668873689733,-0.1282780266592754
6268,1.3096633066116106,0.11719649337169459,-1.5790705471785762
2309,1.0360938678933531,1.2231721119576888,-0.6118755334990423
10033,0.5635648373799991,1.2683139739407907,-0.1282780266592754
9449,0.9366140719958048,-0.4922186434001798,-1.5790705471785762
6591,-1.077851794929546,-1.169346573146707,0.35531948018049153
4458,-0.8291523051856755,-0.5486459708790571,0.8389169870202585
7597,-1.077851794929546,-1.022635521701626,0.8389169870202585
9370,-0.7296725092881273,-0.1875110750142426,0.8389169870202585
11782,-1.077851794929546,-0.7066424878199133,1.3225144938600255
14334,-0.8042823562112885,-0.3906494539382007,1.3225144938600255
4652,-1.052981845955159,-0.8194971427776678,0.8389169870202585
6218,-0.8788922031344497,-1.0790628491805032,0.8389169870202585
442,-1.077851794929546,-0.8194971427776678,1.3225144938600255
3415,-0.7048025603137403,0.03819823490126643,0.35531948018049153
9591,-0.008443989030902977,0.252622079321,0.8389169870202585
13424,-0.35662327467232163,-0.36807852294664983,-0.6118755334990423
13681,-1.0281118969807719,-0.26650933348467076,1.3225144938600255
9649,-0.9783719990319979,-0.19879654051001805,0.8389169870202585
12014,-0.580452815441805,-0.9436372632311979,0.8389169870202585
5744,-0.9037621521088367,-0.6276442293494852,0.35531948018049153
1054,-1.077851794929546,-1.146775642155156,0.8389169870202585
13391,-1.077851794929546,-0.6953570223241379,1.3225144938600255
3699,-0.28201342774916044,-0.6276442293494852,-1.0954730403388093
929,0.886874174047031,1.3924540943943207,-0.1282780266592754
6468,1.6578425922530293,0.8056098886139971,-2.062668054018343
8767,-1.052981845955159,-1.169346573146707,0.8389169870202585
1829,0.2899953986617417,-0.8194971427776678,-1.0954730403388093
14078,0.7376544802007085,1.2908849049323414,0.35531948018049153
13965,0.9117441230214178,0.6250424406815899,-1.0954730403388093
11854,-0.6799326113393532,0.21876568283367365,0.8389169870202585
13763,-1.0281118969807719,-0.6389296948452606,1.3225144938600255
2011,1.8319322350737386,2.0470110931492966,-1.0954730403388093
913,0.11590575584103227,0.9184645435717517,0.35531948018049153
7611,-0.40636317262109567,-0.7404988843072398,-0.1282780266592754
13099,-0.28201342774916044,-0.7743552807945661,-0.1282780266592754
11808,1.3842731535347719,1.4714523528647487,-2.062668054018343
15017,0.5386948884056122,-0.22136747150156896,-0.6118755334990423
2606,-0.7048025603137403,-0.7743552807945661,0.8389169870202585
4928,1.3096633066116106,1.7423035247633596,0.35531948018049153
9783,-1.077851794929546,-0.9887791252142997,0.8389169870202585
6564,-1.077851794929546,-1.2032029696340332,1.3225144938600255
12484,-1.077851794929546,-0.9097808667438715,0.8389169870202585
6,-1.077851794929546,-1.1919175041382577,1.3225144938600255
11172,0.7376544802007085,1.1554593189830362,-0.1282780266592754
7835,-0.7545424582625144,0.12848195886747005,1.3225144938600255
6583,-1.077851794929546,-1.1806320386424822,1.3225144938600255
3361,-0.6799326113393532,-0.44707678141707796,0.35531948018049153
10135,0.04129590891787117,-0.1423692130311408,-0.1282780266592754
13976,1.9314120309712868,1.3473122324112188,-2.54626556085811
1635,-1.077851794929546,-0.4245058504255271,1.3225144938600255
1141,-0.6053227644161921,-0.7630698152987906,-0.1282780266592754
13398,1.359403204560385,0.8846081470844253,-2.062668054018343
359,-0.9535020500576108,-1.1354901766593806,-0.1282780266592754
2070,0.09103580686664531,0.29776394130410183,-0.6118755334990423
3134,0.7625244291750957,1.1893157154703624,0.8389169870202585
5160,-0.4312331215954827,-0.6840715568283625,0.35531948018049153
6990,-0.8042823562112885,-0.8194971427776678,0.8389169870202585
3243,-0.9286321010832237,-1.0452064526931768,0.35531948018049153
2242,-1.077851794929546,-1.0339209871974016,1.3225144938600255
1474,-0.8788922031344497,-1.0677773836847277,0.35531948018049153
13178,-1.077851794929546,-1.124204711163605,-0.6118755334990423
10081,1.6578425922530293,1.6407343353013806,-0.6118755334990423
3259,-1.052981845955159,-1.169346573146707,0.8389169870202585
10213,-1.077851794929546,-1.2032029696340332,0.35531948018049153
4020,-1.077851794929546,-1.1919175041382577,0.8389169870202585
13565,-1.0281118969807719,-0.9662081942227487,1.3225144938600255
8566,0.886874174047031,1.4827378183605242,0.35531948018049153
3500,-0.4561030705698698,0.28647847580832636,0.8389169870202585
2658,-0.9535020500576108,-0.44707678141707796,0.8389169870202585
12966,1.6827125412274162,1.9680128346788686,-2.062668054018343
1130,0.2402555007129675,-0.5825023673663834,-0.1282780266592754
14109,0.7127845312263216,0.9636064055548534,-0.1282780266592754
1819,-1.0281118969807719,-1.169346573146707,0.35531948018049153
7461,0.8620042250726437,1.4488814218731978,0.35531948018049153
12025,-1.077851794929546,-1.1919175041382577,0.35531948018049153
11984,-0.08305383595406408,-0.5147895743917307,-0.6118755334990423
12520,-0.7545424582625144,-0.2326529369973444,0.35531948018049153
7064,-0.7794124072369014,-0.06337095456071264,0.8389169870202585
4318,-0.8042823562112885,-0.8533535392649942,0.35531948018049153
9342,1.6578425922530293,1.7423035247633596,0.35531948018049153
4669,-0.530712917493031,-0.5937878328621589,0.35531948018049153
9428,-0.555582866467418,-0.7179279533156888,0.35531948018049153
5476,-0.9037621521088367,-1.1129192456678296,0.8389169870202585
15093,-0.3317533256979346,0.6927552336562426,1.3225144938600255
13470,-0.38149322364670873,-0.8533535392649942,-0.1282780266592754
1856,0.11590575584103227,-0.6615006258368116,-0.6118755334990423
2282,-0.6550626623649661,-0.2552238679888953,1.3225144938600255
13356,-0.7794124072369014,-0.006943627081835381,1.3225144938600255
4008,-0.18253363185161225,-0.9323517977354224,-0.6118755334990423
6401,0.14077570481541946,0.8958936125802007,-0.1282780266592754
15231,1.3096633066116106,1.0651755950168325,-1.5790705471785762
14245,-1.0281118969807719,-1.1580611076509315,0.35531948018049153
386,0.11590575584103227,-0.7404988843072398,-0.6118755334990423
1628,-1.0281118969807719,-0.26650933348467076,1.3225144938600255
10906,-1.077851794929546,-1.124204711163605,0.8389169870202585
11729,-1.052981845955159,-1.0452064526931768,0.8389169870202585
12924,0.3894751945592899,1.031319198529506,-1.5790705471785762
14320,-1.077851794929546,-0.8420680737692188,1.3225144938600255
7718,-0.20740358082599933,-0.5712169018706079,0.35531948018049153
11773,0.5138249394312252,0.4106185962618563,-0.1282780266592754
11381,-1.0281118969807719,-0.921066332239647,1.3225144938600255
15295,-0.6053227644161921,-0.8307826082734433,0.8389169870202585
9101,-0.8788922031344497,-1.0903483146762787,0.8389169870202585
13293,-0.40636317262109567,0.4219040617576318,0.35531948018049153
10058,2.428811010459028,2.3065767995521322,-2.54626556085811
1842,0.2899953986617417,-0.7404988843072398,-1.5790705471785762
2497,0.9863539699445792,-0.3116511954677726,-1.0954730403388093
201,-0.20740358082599933,0.5799005786984881,0.35531948018049153
14181,-0.38149322364670873,-0.6840715568283625,-0.1282780266592754
3868,2.2795913166127058,2.0244401621577457,-2.062668054018343
5054,-0.7794124072369014,-0.8872099357523205,0.35531948018049153
5889,-0.15766368287722518,-0.5937878328621589,-0.1282780266592754
2702,0.4143451435336769,1.076461060512608,-0.1282780266592754
7922,-0.530712917493031,-0.19879654051001805,0.8389169870202585
331,-0.48097301954425686,-0.9323517977354224,-0.6118755334990423
3808,0.8620042250726437,1.4375959563774223,-0.1282780266592754
935,-0.9286321010832237,-0.17622560951846716,1.3225144938600255
10651,-1.0281118969807719,-0.9097808667438715,0.35531948018049153
1774,0.33973529661051577,-0.5825023673663834,-0.6118755334990423
12066,0.488954990456838,-0.7179279533156888,-2.062668054018343
8611,-0.555582866467418,0.21876568283367365,0.35531948018049153
10878,-0.9286321010832237,-0.8194971427776678,-1.0954730403388093
14046,1.3842731535347719,1.798730852242237,-1.5790705471785762
989,-1.077851794929546,-0.8082116772818925,0.8389169870202585
5443,-1.077851794929546,-1.169346573146707,0.8389169870202585
12787,-1.077851794929546,-1.1919175041382577,0.35531948018049153
6993,-1.077851794929546,-1.0113500562058506,0.35531948018049153
13118,-1.077851794929546,-1.1806320386424822,1.3225144938600255
5806,-1.077851794929546,-1.1580611076509315,0.8389169870202585
14768,0.8122643271238696,1.4150250253858716,-0.1282780266592754
13680,0.6133047353287733,1.302170370428117,0.35531948018049153
6574,0.33973529661051577,-0.8194971427776678,-0.1282780266592754
3052,-1.052981845955159,-0.4132203849297516,0.8389169870202585
13265,0.7873943781494827,1.053890129521057,-2.062668054018343
8365,0.7127845312263216,-0.6502151603410361,-2.062668054018343
4615,1.06096381686774,1.1216029224957098,-0.1282780266592754
3321,-0.38149322364670873,-0.7743552807945661,-0.1282780266592754
13871,-1.077851794929546,-1.2032029696340332,0.35531948018049153
6246,-1.077851794929546,-1.1016337801720542,0.8389169870202585
6048,2.528290806356576,2.2952913340563565,-2.062668054018343
3311,-0.9286321010832237,-1.0452064526931768,0.8389169870202585
11926,0.5635648373799991,0.7378970956393444,-0.1282780266592754
12059,-0.530712917493031,-0.9887791252142997,0.35531948018049153
14403,0.488954990456838,1.2006011809661379,0.35531948018049153
11196,0.2402555007129675,0.5460441822111617,0.8389169870202585
8210,2.1801115207151573,2.2727204030648056,-1.0954730403388093
11431,0.09103580686664531,0.5009023202280599,-0.1282780266592754
3628,-0.35662327467232163,-0.9549227287269733,-1.0954730403388093
13610,0.09103580686664531,0.3429058032872036,-0.6118755334990423
10366,0.8371342760982567,1.3247413014196678,-1.0954730403388093
1356,1.3345332555859974,0.6588988371689163,-1.0954730403388093
5002,0.9366140719958048,0.5911860441942636,-1.0954730403388093
11906,0.16564565378980642,0.726611630143569,-0.6118755334990423
5823,-1.003241948006385,-1.1580611076509315,0.8389169870202585
14588,-1.077851794929546,-1.2032029696340332,0.8389169870202585
5670,2.652640551228511,2.4645733164929884,-2.062668054018343
3112,-0.10792378492845114,0.7153261646477935,-0.1282780266592754
182,0.09103580686664531,0.8958936125802007,-0.1282780266592754
13604,0.5635648373799991,0.5234732512196109,-0.6118755334990423
10004,0.7625244291750957,1.302170370428117,-0.1282780266592754
855,0.6133047353287733,1.0426046640252815,0.35531948018049153
12932,-0.6550626623649661,0.19619475184212273,0.8389169870202585
4912,2.2298514186639316,2.2952913340563565,-1.5790705471785762
13961,-0.6301927133905793,-0.3342221264593235,0.35531948018049153
1800,0.19051560276419338,-0.8307826082734433,-1.0954730403388093
14218,-1.077851794929546,-1.1919175041382577,1.3225144938600255
10621,0.5386948884056122,-0.5599314363748324,-0.1282780266592754
5482,-1.077851794929546,-1.1919175041382577,0.35531948018049153
12785,0.21538555173858054,-0.8307826082734433,-0.6118755334990423
1968,-1.077851794929546,-0.43579131592130255,1.3225144938600255
12776,-1.003241948006385,-1.1580611076509315,0.35531948018049153
12492,-1.003241948006385,-0.7292134188114643,1.3225144938600255
4697,-1.052981845955159,-1.0903483146762787,0.35531948018049153
4987,-1.052981845955159,-0.5937878328621589,1.3225144938600255
4650,-0.18253363185161225,-0.17622560951846716,0.8389169870202585
1159,1.1107037148165144,0.2639075448167755,-2.062668054018343
9405,-1.052981845955159,-0.8533535392649942,-0.1282780266592754
11868,0.8122643271238696,1.4263104908816469,-0.6118755334990423
1325,-0.8540222541600626,-0.2326529369973444,0.35531948018049153
10288,0.488954990456838,-0.018229092577610833,-0.6118755334990423
12056,-0.9783719990319979,-1.1354901766593806,-0.6118755334990423
4796,-1.003241948006385,-0.9662081942227487,0.8389169870202585
6796,1.8319322350737386,1.7084471282760332,-1.0954730403388093
5808,-1.077851794929546,-1.169346573146707,1.3225144938600255
15143,1.1355736637909013,1.7423035247633596,0.8389169870202585
1455,-1.077851794929546,-1.2032029696340332,0.8389169870202585
5410,-1.003241948006385,-0.9549227287269733,0.8389169870202585
8333,-0.6799326113393532,-0.7743552807945661,0.35531948018049153
2800,-1.077851794929546,-0.7066424878199133,0.8389169870202585
9836,-1.052981845955159,-1.169346573146707,-0.6118755334990423
10332,1.085833765842127,1.0651755950168325,-2.062668054018343
7616,-1.077851794929546,-1.1129192456678296,0.8389169870202585
13745,-0.8291523051856755,-0.22136747150156896,0.35531948018049153
7815,1.9562819799456737,2.0695820241408476,-0.6118755334990423
4378,0.488954990456838,-0.796926211786117,-1.0954730403388093
8921,2.3293312145614795,2.329147730543683,-0.6118755334990423
12189,0.9117441230214178,1.3473122324112188,-0.6118755334990423
6716,-0.7794124072369014,0.026912769405490974,0.8389169870202585
10128,0.5884347863543863,0.21876568283367365,-0.6118755334990423
3736,0.16564565378980642,0.19619475184212273,-0.1282780266592754
2261,0.9117441230214178,0.30904940679987725,-0.1282780266592754
7429,-0.15766368287722518,0.4896168547322845,0.8389169870202585
4005,-0.6053227644161921,-1.0339209871974016,0.8389169870202585
9302,0.46408504148245106,1.1893157154703624,0.35531948018049153
13787,0.6133047353287733,0.10591102787591913,-0.1282780266592754
11190,0.5635648373799991,0.828180819605548,-1.0954730403388093
2394,-0.8540222541600626,-0.06337095456071264,1.3225144938600255
1185,0.7625244291750957,0.6137569751858144,-0.1282780266592754
2007,1.5086228984067072,1.8664436452168895,-1.0954730403388093
193,1.4837529494323203,1.798730852242237,-1.0954730403388093
13675,-0.3068833767235475,0.5686151132027126,0.8389169870202585
8770,-0.10792378492845114,-0.898495401248096,-1.5790705471785762
5525,-1.0281118969807719,-0.9887791252142997,0.8389169870202585
771,0.2402555007129675,-0.5147895743917307,-1.0954730403388093
10587,-1.077851794929546,-1.2032029696340332,0.8389169870202585
1478,-0.530712917493031,-0.9436372632311979,-0.6118755334990423
1846,0.6381746843031604,-0.6276442293494852,-0.1282780266592754
3740,-0.9535020500576108,-0.5599314363748324,0.8389169870202585
12250,-1.077851794929546,-0.4696477124086289,1.3225144938600255
7986,0.16564565378980642,-0.6615006258368116,-0.6118755334990423
405,1.0112239189189662,-0.3003657299719971,-1.0954730403388093
14641,-1.077851794929546,-1.124204711163605,1.3225144938600255
10265,-1.077851794929546,-1.0903483146762787,1.3225144938600255
10088,-0.48097301954425686,0.15105288985902093,-0.6118755334990423
13123,0.488954990456838,-0.7743552807945661,-2.54626556085811
6317,-1.003241948006385,-0.45836224691285343,0.35531948018049153
6581,-1.077851794929546,-1.1919175041382577,1.3225144938600255
10571,0.3148653476361286,-0.8307826082734433,-1.5790705471785762
1447,-0.13279373390283822,-0.921066332239647,-1.5790705471785762
342,-0.9783719990319979,-1.1354901766593806,0.8389169870202585
7468,1.6081026943042553,1.9341564381915424,0.35531948018049153
14377,0.33973529661051577,0.9297500090675271,-0.1282780266592754
10719,2.1055016737919963,1.9680128346788686,-2.54626556085811
727,-1.0281118969807719,-1.169346573146707,0.35531948018049153
4577,1.2350534596884497,1.6407343353013806,-0.1282780266592754
9168,0.43921509250806384,-0.4922186434001798,-1.0954730403388093
9250,-1.077851794929546,-0.5486459708790571,1.3225144938600255
3516,1.7573223881505777,1.5391651458394016,-1.0954730403388093
13654,-0.35662327467232163,0.4444749927491827,0.8389169870202585
12370,-0.8291523051856755,-0.9774936597185242,0.35531948018049153
7156,2.453680959433415,2.103438420628174,-2.062668054018343
7851,-0.8042823562112885,0.06076916589281733,0.8389169870202585
10178,-0.6053227644161921,-0.8872099357523205,0.35531948018049153
9491,0.33973529661051577,-0.8307826082734433,-2.062668054018343
1348,1.2101835107140624,0.7604680266308953,-0.6118755334990423
660,-1.052981845955159,-1.0000645907100751,1.3225144938600255
1492,0.09103580686664531,-0.6615006258368116,0.35531948018049153
12559,-0.8042823562112885,-0.006943627081835381,0.8389169870202585
13750,1.2101835107140624,1.1328883879914853,-1.0954730403388093
5154,-1.077851794929546,-1.0790628491805032,1.3225144938600255
10507,-1.077851794929546,-0.9436372632311979,0.8389169870202585
9885,0.21538555173858054,-0.7066424878199133,-2.54626556085811
14705,-0.9535020500576108,-0.4922186434001798,0.35531948018049153
9277,-0.15766368287722518,0.6363279061773653,0.8389169870202585
2524,-1.052981845955159,-1.146775642155156,0.8389169870202585
11805,0.43921509250806384,0.8394662851013235,-0.6118755334990423
13002,1.4091431025091588,1.5165942148478506,-2.062668054018343
5374,1.085833765842127,0.5460441822111617,-0.1282780266592754
3198,-0.033313938005289936,-0.22136747150156896,0.35531948018049153
5717,1.3345332555859974,1.1667447844788115,-0.1282780266592754
11672,-1.077851794929546,-1.2032029696340332,0.8389169870202585
13975,1.9065420819969,1.3134558359238924,-2.062668054018343
12610,2.030891826868835,2.126009351619725,-1.0954730403388093
8259,-1.052981845955159,-0.4922186434001798,0.8389169870202585
12954,0.7873943781494827,1.4150250253858716,-0.6118755334990423
40,-1.077851794929546,-1.0790628491805032,1.3225144938600255
10461,-1.077851794929546,-0.6389296948452606,1.3225144938600255
12865,0.8371342760982567,0.5121877857238354,-1.0954730403388093
13227,0.14077570481541946,0.09462556238014368,0.35531948018049153
13723,0.11590575584103227,0.7717534921266708,0.35531948018049153
11639,-1.077851794929546,-1.124204711163605,0.8389169870202585
6816,-0.20740358082599933,0.2074802173378982,0.8389169870202585
10559,-0.18253363185161225,-0.8646390047607697,-0.6118755334990423
11777,-0.4561030705698698,-0.11979828203958989,0.35531948018049153
12512,-1.077851794929546,-0.7066424878199133,0.8389169870202585
10704,0.6879145822519344,0.9410354745633025,-1.5790705471785762
2723,1.9562819799456737,2.1485802826112756,-2.062668054018343
14111,0.488954990456838,0.7943244231182217,-0.6118755334990423
13157,-0.40636317262109567,-0.9436372632311979,0.35531948018049153
9335,2.453680959433415,2.250149472073255,-1.0954730403388093
14938,-1.077851794929546,-1.169346573146707,1.3225144938600255
7155,2.478550908407802,2.126009351619725,-1.0954730403388093
11771,1.533492847381094,0.8733226815886498,-2.54626556085811
14165,-1.077851794929546,-0.9774936597185242,0.8389169870202585
12041,-0.3068833767235475,-0.9662081942227487,-0.1282780266592754
7230,1.1853135617396753,0.00434183841394007,-1.5790705471785762
10412,-0.6799326113393532,0.19619475184212273,0.8389169870202585
5075,-0.8540222541600626,-1.0339209871974016,0.8389169870202585
10523,-1.0281118969807719,-0.9774936597185242,0.8389169870202585
7880,1.1604436127652884,1.4601668873689733,-0.1282780266592754
5394,-0.6053227644161921,-0.5599314363748324,0.35531948018049153
9641,-0.3068833767235475,0.5009023202280599,0.8389169870202585
14792,1.3096633066116106,1.7423035247633596,-1.0954730403388093
7789,2.2298514186639316,1.922870972695767,-1.0954730403388093
14343,-1.077851794929546,-0.672786091332587,1.3225144938600255
4088,0.9863539699445792,0.3654767342787545,-0.1282780266592754
1967,-0.9535020500576108,-0.1875110750142426,1.3225144938600255
13805,-0.15766368287722518,-0.4809331779044043,-1.0954730403388093
13523,-0.35662327467232163,-0.9323517977354224,-0.6118755334990423
14726,-0.7794124072369014,-0.13108374753536534,0.8389169870202585
6999,0.09103580686664531,-0.22136747150156896,0.35531948018049153
423,0.5138249394312252,-0.17622560951846716,0.35531948018049153
14239,-0.505842968518644,-1.0113500562058506,-0.1282780266592754
10096,-1.052981845955159,-0.5599314363748324,1.3225144938600255
14592,-0.580452815441805,-1.022635521701626,0.35531948018049153
13161,-0.08305383595406408,-0.8533535392649942,-0.1282780266592754
6142,-1.077851794929546,-1.0564919181889523,1.3225144938600255
5661,0.09103580686664531,0.8958936125802007,0.8389169870202585
9031,1.3842731535347719,0.5686151132027126,-1.5790705471785762
4596,1.7573223881505777,1.776159921250686,-0.6118755334990423
2659,-0.08305383595406408,0.30904940679987725,-0.1282780266592754
141,1.085833765842127,1.5053087493520751,0.35531948018049153
2597,0.7625244291750957,-0.36807852294664983,-2.54626556085811
6701,1.6329726432786424,1.6971616627802577,-0.6118755334990423
1377,-0.580452815441805,-0.5599314363748324,0.8389169870202585
3674,0.7873943781494827,-0.5937878328621589,-0.6118755334990423
9658,0.5635648373799991,1.2570285084450152,0.35531948018049153
15185,0.8620042250726437,1.5504506113351768,0.35531948018049153
6362,0.7625244291750957,1.3698831634027697,0.35531948018049153
14383,2.354201163535867,-0.898495401248096,-2.062668054018343
4741,-0.6301927133905793,-1.0339209871974016,0.35531948018049153
1138,-1.0281118969807719,-1.022635521701626,0.35531948018049153
10449,2.030891826868835,1.798730852242237,-2.54626556085811
7374,-1.0281118969807719,-0.796926211786117,0.35531948018049153
1787,-0.7545424582625144,-1.0000645907100751,-2.062668054018343
13556,-0.8042823562112885,-0.8872099357523205,0.35531948018049153
4646,0.8620042250726437,0.38804766527030543,-0.1282780266592754
7568,0.8122643271238696,0.3654767342787545,0.35531948018049153
459,1.7573223881505777,1.2231721119576888,-1.5790705471785762
6115,1.2101835107140624,0.37676219977452996,-1.0954730403388093
8179,2.2547213676383184,2.227578541081704,-1.5790705471785762
11565,1.856802184048126,1.3473122324112188,-2.54626556085811
948,-1.077851794929546,-0.5486459708790571,0.35531948018049153
9528,-1.0281118969807719,-1.0677773836847277,1.3225144938600255
6370,0.5884347863543863,1.2683139739407907,-0.1282780266592754
4628,1.3096633066116106,0.9297500090675271,-2.062668054018343
7358,0.7127845312263216,-0.17622560951846716,-0.1282780266592754
5925,1.6578425922530293,0.8846081470844253,-2.54626556085811
6040,-0.38149322364670873,0.45576045824495814,0.35531948018049153
441,-1.052981845955159,-0.7743552807945661,0.8389169870202585
6659,-1.077851794929546,-0.7743552807945661,0.8389169870202585
9794,0.04129590891787117,-0.4809331779044043,-0.1282780266592754
10430,-1.077851794929546,-0.4922186434001798,1.3225144938600255
8831,-0.7296725092881273,-0.5825023673663834,0.35531948018049153
9046,-0.4561030705698698,-0.4809331779044043,0.35531948018049153
3830,0.3148653476361286,1.076461060512608,0.8389169870202585
14428,2.2795913166127058,-0.898495401248096,-2.062668054018343
6144,0.6381746843031604,-0.3342221264593235,-0.1282780266592754
13905,-1.077851794929546,-1.146775642155156,0.35531948018049153
6344,1.0112239189189662,1.4037395598900961,-0.6118755334990423
14322,0.2651254496873547,0.15105288985902093,-0.1282780266592754
1958,2.030891826868835,1.9905837656704195,-0.6118755334990423
9262,-0.033313938005289936,0.6476133716731408,0.8389169870202585
155,0.46408504148245106,1.1667447844788115,0.35531948018049153
10487,1.583232745329868,0.7604680266308953,-1.5790705471785762
12211,-1.003241948006385,-0.2326529369973444,0.8389169870202585
4578,0.16564565378980642,0.9071790780759762,0.35531948018049153
1089,-0.05818388697967712,-0.9097808667438715,-2.062668054018343
6049,2.3790711125102537,2.2050076100901532,-2.54626556085811
11132,2.0060218778944483,2.1711512136028266,-2.54626556085811
14062,2.055761775843222,-0.8759244702565452,-1.0954730403388093
9122,-1.077851794929546,-1.2032029696340332,1.3225144938600255
7950,-1.077851794929546,-0.9436372632311979,1.3225144938600255
11101,2.428811010459028,2.3178622650479075,-2.062668054018343
1674,0.488954990456838,1.0087482675379553,-0.1282780266592754
6763,0.7625244291750957,1.3585976979069943,-0.1282780266592754
12853,-1.077851794929546,-0.8759244702565452,0.35531948018049153
6416,0.9614840209701918,1.3698831634027697,-0.1282780266592754
14676,-0.2322735298003864,-0.27779479898044623,-0.6118755334990423
11439,1.2101835107140624,1.3134558359238924,-2.062668054018343
2326,-0.6053227644161921,0.17362382085057185,0.8389169870202585
7096,0.33973529661051577,1.076461060512608,0.8389169870202585
13180,-1.077851794929546,-1.124204711163605,-0.1282780266592754
12728,-1.077851794929546,-1.1016337801720542,1.3225144938600255
6450,-1.077851794929546,-0.6840715568283625,1.3225144938600255
14759,0.06616585789225812,0.828180819605548,0.8389169870202585
1715,0.09103580686664531,0.16233835535479638,-0.1282780266592754
9890,0.886874174047031,-0.4922186434001798,-1.5790705471785762
9172,-1.077851794929546,-1.0790628491805032,0.8389169870202585
8381,-1.077851794929546,-1.2032029696340332,-0.1282780266592754
9433,-1.003241948006385,-0.9887791252142997,0.8389169870202585
3831,0.33973529661051577,1.0990319915041589,0.35531948018049153
6299,-1.077851794929546,-0.7292134188114643,0.8389169870202585
3348,0.8620042250726437,0.12848195886747005,-0.6118755334990423
14613,0.09103580686664531,-0.8533535392649942,-0.1282780266592754
9177,-1.077851794929546,-1.0564919181889523,0.8389169870202585
10013,-1.003241948006385,-0.24393840249311985,0.35531948018049153
587,1.6329726432786424,1.5843070078225032,-0.6118755334990423
9346,-0.505842968518644,0.2300511483294491,0.35531948018049153
10964,-1.077851794929546,-1.1919175041382577,0.8389169870202585
14618,-0.3068833767235475,-0.921066332239647,-1.0954730403388093
10091,-0.3068833767235475,0.2751930103125509,0.35531948018049153
2990,1.2101835107140624,0.4106185962618563,-2.54626556085811
14260,-0.08305383595406408,-0.8307826082734433,-0.1282780266592754
12109,1.0360938678933531,-0.018229092577610833,-2.062668054018343
13624,2.1552415717407705,1.7310180592675841,-2.54626556085811
11749,-1.003241948006385,-0.8307826082734433,0.8389169870202585
9587,0.2899953986617417,0.37676219977452996,0.8389169870202585
264,1.2350534596884497,0.5347587167153863,-1.5790705471785762
11739,-1.077851794929546,-1.022635521701626,1.3225144938600255
12092,-0.9783719990319979,-1.0000645907100751,1.3225144938600255
6788,1.3096633066116106,1.5165942148478506,0.35531948018049153
14639,0.488954990456838,-0.5712169018706079,-1.5790705471785762
13065,0.14077570481541946,-0.22136747150156896,-1.5790705471785762
10131,-0.8788922031344497,-0.6389296948452606,0.35531948018049153
3864,0.33973529661051577,0.9184645435717517,-0.1282780266592754
10435,0.6879145822519344,1.178030249974587,-0.1282780266592754
10592,-1.077851794929546,-1.1919175041382577,1.3225144938600255
6274,-0.7794124072369014,-0.6163587638537098,0.8389169870202585
13324,1.2847933576372237,1.7423035247633596,-1.5790705471785762
15041,1.1355736637909013,0.5234732512196109,0.8389169870202585
3711,1.06096381686774,0.01562730390971552,-1.0954730403388093
8438,-1.077851794929546,-1.1016337801720542,0.35531948018049153
9786,-0.35662327467232163,-0.5373605053832816,0.35531948018049153
1529,1.085833765842127,0.3654767342787545,-1.5790705471785762
12584,0.488954990456838,1.2118866464619134,0.35531948018049153
923,-0.555582866467418,0.30904940679987725,0.8389169870202585
12035,-0.4312331215954827,-0.9887791252142997,-0.1282780266592754
7329,-0.9037621521088367,-1.0339209871974016,0.8389169870202585
4364,-0.28201342774916044,-0.9549227287269733,-0.6118755334990423
669,0.33973529661051577,-0.4809331779044043,-0.6118755334990423
3604,0.8122643271238696,-0.5147895743917307,-0.6118755334990423
5108,-1.077851794929546,-1.2032029696340332,1.3225144938600255
10102,1.1107037148165144,1.0087482675379553,-0.6118755334990423
13836,-0.38149322364670873,-0.8533535392649942,-0.6118755334990423
5248,1.2101835107140624,1.527879680343626,-1.0954730403388093
7183,0.3148653476361286,0.4444749927491827,0.8389169870202585
10888,-1.003241948006385,-0.9549227287269733,0.8389169870202585
2591,-1.077851794929546,-1.1129192456678296,1.3225144938600255
5906,0.9614840209701918,0.1849092863463473,-1.0954730403388093
9973,1.2599234086628366,1.2683139739407907,-0.6118755334990423
6509,-1.077851794929546,-1.0564919181889523,1.3225144938600255
11205,0.43921509250806384,0.45576045824495814,-0.6118755334990423
7133,2.1055016737919963,2.1598657481070513,-0.6118755334990423
2307,1.2350534596884497,1.3134558359238924,-0.6118755334990423
8804,-1.077851794929546,-1.0903483146762787,1.3225144938600255
3690,0.21538555173858054,-0.5599314363748324,-0.6118755334990423
687,0.7376544802007085,-0.5825023673663834,-1.5790705471785762
612,-0.9037621521088367,-0.4696477124086289,-0.6118755334990423
7167,1.7324524391761906,1.5617360768309523,0.35531948018049153
12104,-0.7794124072369014,-0.796926211786117,1.3225144938600255
3200,-0.3317533256979346,-0.3906494539382007,-0.6118755334990423
10459,-1.077851794929546,-0.6276442293494852,1.3225144938600255
11168,1.1107037148165144,1.4263104908816469,-1.0954730403388093
6629,-0.9037621521088367,-0.8533535392649942,0.8389169870202585
4135,2.1801115207151573,1.8664436452168895,-1.5790705471785762
1898,-0.9535020500576108,-0.6953570223241379,0.8389169870202585
282,-1.077851794929546,-0.9662081942227487,1.3225144938600255
258,1.7075824902018033,0.850751750597099,-2.062668054018343
11116,-0.6550626623649661,0.2300511483294491,0.35531948018049153
14478,-0.9286321010832237,-0.35679305745087436,0.35531948018049153
4943,-0.9286321010832237,-0.1423692130311408,1.3225144938600255
2822,0.04129590891787117,-0.029514558073386283,-0.6118755334990423
11531,0.6381746843031604,1.1441738534872608,-0.1282780266592754
3525,-0.8042823562112885,-0.2552238679888953,0.8389169870202585
14827,0.3894751945592899,0.8958936125802007,-0.1282780266592754
5223,2.055761775843222,1.6633052662929315,-0.6118755334990423
2285,-0.9783719990319979,-0.5373605053832816,0.8389169870202585
6063,0.11590575584103227,0.6814697681604671,-0.1282780266592754
8078,-1.077851794929546,-1.0677773836847277,0.35531948018049153
4654,-1.0281118969807719,-0.796926211786117,0.8389169870202585
5000,-0.8540222541600626,-0.45836224691285343,0.35531948018049153
6710,-0.8291523051856755,-0.052085489064937186,0.8389169870202585
14326,-0.3068833767235475,-0.11979828203958989,0.8389169870202585
8676,0.5635648373799991,0.04948370039704188,0.35531948018049153
10403,0.04129590891787117,0.8733226815886498,0.35531948018049153
5416,-1.077851794929546,-1.0677773836847277,1.3225144938600255
475,-0.505842968518644,0.07205463138859278,-0.1282780266592754
2555,-0.8788922031344497,-1.1016337801720542,0.8389169870202585
8087,-0.9535020500576108,-0.9097808667438715,0.8389169870202585
7,-1.052981845955159,-1.169346573146707,1.3225144938600255
11849,0.7625244291750957,1.3924540943943207,-0.1282780266592754
6411,2.528290806356576,2.3065767995521322,-1.0954730403388093
14076,-0.7296725092881273,0.10591102787591913,0.8389169870202585
13694,-0.6550626623649661,0.2300511483294491,0.8389169870202585
5546,-1.077851794929546,-0.898495401248096,1.3225144938600255
2426,-0.9535020500576108,-0.3906494539382007,0.8389169870202585
6744,-0.9037621521088367,-0.06337095456071264,0.8389169870202585
10006,0.4143451435336769,1.0651755950168325,0.35531948018049153
14780,0.5386948884056122,1.2457430429492398,0.35531948018049153
2274,-0.28201342774916044,-0.08594188555226354,0.35531948018049153
9203,0.5138249394312252,0.1849092863463473,0.35531948018049153
1577,-0.4312331215954827,0.19619475184212273,0.8389169870202585
7264,-0.7794124072369014,-1.0000645907100751,-0.6118755334990423
9259,-1.077851794929546,-0.4922186434001798,1.3225144938600255
10183,0.7625244291750957,-0.5599314363748324,-2.062668054018343
3970,-1.077851794929546,-1.1354901766593806,4.295208693958647e-16
5879,-1.077851794929546,-1.1016337801720542,0.8389169870202585
12916,-0.3068833767235475,0.4331895272534072,0.35531948018049153
14331,-0.6799326113393532,-0.322936660963548,0.8389169870202585
7193,0.5635648373799991,0.4219040617576318,0.35531948018049153
3867,0.488954990456838,0.9974628020421797,-0.6118755334990423
14465,-1.0281118969807719,-0.4245058504255271,0.8389169870202585
6823,1.4837529494323203,0.952320940059078,-1.0954730403388093
11240,-0.13279373390283822,-0.35679305745087436,0.35531948018049153
7548,0.9863539699445792,0.8056098886139971,-0.1282780266592754
781,-0.7296725092881273,-0.7856407462903415,0.35531948018049153
15107,0.8371342760982567,1.798730852242237,-0.1282780266592754
1749,0.6381746843031604,-0.1423692130311408,-1.0954730403388093
10983,-0.033313938005289936,-0.7517843498030152,-0.6118755334990423
6519,0.5635648373799991,-0.4922186434001798,-0.6118755334990423
5774,0.6879145822519344,-0.24393840249311985,-0.1282780266592754
9283,-1.077851794929546,-0.44707678141707796,1.3225144938600255
9369,1.0360938678933531,1.0087482675379553,-0.1282780266592754
2324,-0.48097301954425686,0.28647847580832636,0.8389169870202585
10271,-0.4561030705698698,-0.7179279533156888,-0.1282780266592754
5055,0.46408504148245106,-0.4809331779044043,-1.0954730403388093
10800,0.33973529661051577,0.9410354745633025,-1.0954730403388093
13851,-0.40636317262109567,-0.9549227287269733,-0.1282780266592754
10482,1.6578425922530293,0.8958936125802007,-2.54626556085811
1727,-0.38149322364670873,-0.26650933348467076,-0.6118755334990423
610,1.9314120309712868,1.2231721119576888,-0.6118755334990423
4666,-0.3068833767235475,-0.44707678141707796,0.8389169870202585
5413,-1.0281118969807719,-0.9887791252142997,0.8389169870202585
8103,-0.6799326113393532,-0.5260750398875061,0.8389169870202585
8174,-1.0281118969807719,-0.322936660963548,0.35531948018049153
8535,1.5086228984067072,1.7084471282760332,0.35531948018049153
11349,-1.052981845955159,-1.1129192456678296,0.35531948018049153
3750,1.7324524391761906,1.2683139739407907,-1.5790705471785762
11407,-0.15766368287722518,0.01562730390971552,0.35531948018049153
97,-1.077851794929546,-0.6840715568283625,1.3225144938600255
6985,-0.18253363185161225,-0.6050732983579343,0.35531948018049153
3137,1.2599234086628366,1.4601668873689733,-1.0954730403388093
1537,-1.077851794929546,-0.8307826082734433,1.3225144938600255
11780,0.16564565378980642,0.3316203377914282,-0.6118755334990423
3648,0.3148653476361286,-0.8307826082734433,0.35531948018049153
13645,-0.6799326113393532,0.08334009688436823,0.8389169870202585
1517,-0.8788922031344497,-0.8194971427776678,0.8389169870202585
14910,-0.20740358082599933,-0.6050732983579343,-0.6118755334990423
4624,1.8319322350737386,1.3585976979069943,-1.5790705471785762
11861,0.6133047353287733,1.302170370428117,-0.1282780266592754
6566,0.6879145822519344,-0.7743552807945661,-1.5790705471785762
2090,0.46408504148245106,0.19619475184212273,-0.1282780266592754
7097,1.4588830004579327,1.8325872487295631,-0.6118755334990423
6171,-1.052981845955159,-1.1354901766593806,1.3225144938600255
7521,1.533492847381094,1.6068779388140542,-0.1282780266592754
572,-1.003241948006385,-0.3116511954677726,0.35531948018049153
14608,-1.077851794929546,-1.2032029696340332,1.3225144938600255
13935,-1.077851794929546,-1.0000645907100751,1.3225144938600255
3062,-0.18253363185161225,0.5911860441942636,0.35531948018049153
597,0.7376544802007085,0.9297500090675271,-0.6118755334990423
6633,-0.8540222541600626,-0.7856407462903415,0.8389169870202585
14482,-1.077851794929546,-0.6615006258368116,1.3225144938600255
7875,-1.052981845955159,-0.4019349194339762,1.3225144938600255
7345,0.5635648373799991,-0.4245058504255271,-1.0954730403388093
6304,1.2599234086628366,0.9861773365464044,-1.0954730403388093
12311,1.6329726432786424,0.8168953541097725,-2.062668054018343
15283,-0.18253363185161225,-0.5260750398875061,-2.062668054018343
12526,0.488954990456838,0.7491825611351198,-1.0954730403388093
5976,1.06096381686774,1.4150250253858716,0.35531948018049153
8562,1.3345332555859974,1.7648744557549105,0.35531948018049153
1938,-0.2322735298003864,0.30904940679987725,0.35531948018049153
12878,-0.530712917493031,-0.10851281654381445,0.35531948018049153
8100,0.6879145822519344,0.11719649337169459,-0.1282780266592754
1753,0.2402555007129675,-0.34550759195509895,-0.1282780266592754
3670,0.43921509250806384,-0.7066424878199133,-2.54626556085811
11844,-1.0281118969807719,-0.28908026447622165,1.3225144938600255
12318,1.3096633066116106,0.5460441822111617,-2.062668054018343
2361,-0.3317533256979346,0.5573296477069372,0.8389169870202585
4260,-0.08305383595406408,0.28647847580832636,0.35531948018049153
5432,0.5386948884056122,-0.5825023673663834,-1.0954730403388093
6285,0.3894751945592899,0.19619475184212273,-0.6118755334990423
12070,-1.077851794929546,-1.169346573146707,0.8389169870202585
14538,1.085833765842127,-0.08594188555226354,-1.5790705471785762
11929,-1.077851794929546,-0.6840715568283625,1.3225144938600255
12011,-1.077851794929546,-1.146775642155156,4.295208693958647e-16
13133,0.14077570481541946,-0.8646390047607697,-1.5790705471785762
13270,-0.9037621521088367,-0.2326529369973444,0.35531948018049153
13514,-1.077851794929546,-1.1919175041382577,0.35531948018049153
5591,0.488954990456838,0.8168953541097725,0.35531948018049153
1171,0.19051560276419338,0.07205463138859278,-1.0954730403388093
7927,-0.3317533256979346,-0.13108374753536534,0.8389169870202585
13752,1.9314120309712868,1.4714523528647487,-1.5790705471785762
9614,-1.0281118969807719,-0.43579131592130255,1.3225144938600255
11333,-1.077851794929546,-1.1806320386424822,1.3225144938600255
14363,-1.077851794929546,-0.5486459708790571,1.3225144938600255
12402,-0.25714347877477345,-0.9549227287269733,-0.6118755334990423
14074,-0.008443989030902977,0.7717534921266708,0.35531948018049153
874,1.085833765842127,1.5165942148478506,-0.6118755334990423
2297,0.6630446332775474,0.828180819605548,0.35531948018049153
14292,0.7376544802007085,-0.26650933348467076,-0.1282780266592754
2643,0.2899953986617417,0.30904940679987725,0.35531948018049153
14240,-1.077851794929546,-1.2032029696340332,0.35531948018049153
5347,-0.555582866467418,0.026912769405490974,0.8389169870202585
9032,1.583232745329868,0.6250424406815899,-1.5790705471785762
15245,0.16564565378980642,0.30904940679987725,0.8389169870202585
581,-0.9535020500576108,-0.27779479898044623,0.8389169870202585
204,-0.505842968518644,0.29776394130410183,0.35531948018049153
7896,-0.7296725092881273,-0.0746564200564881,0.8389169870202585
9833,-0.555582866467418,-1.0000645907100751,0.35531948018049153
2014,2.354201163535867,2.329147730543683,-2.062668054018343
11445,0.3148653476361286,0.8168953541097725,-0.1282780266592754
11663,-1.0281118969807719,-1.1580611076509315,0.8389169870202585
905,-0.9783719990319979,-0.17622560951846716,1.3225144938600255
631,-0.20740358082599933,-0.17622560951846716,0.35531948018049153
8461,0.8371342760982567,0.10591102787591913,-1.0954730403388093
12788,-0.8291523051856755,-1.0790628491805032,-0.6118755334990423
1974,-1.077851794929546,-0.4245058504255271,1.3225144938600255
162,-1.077851794929546,-0.4245058504255271,0.8389169870202585
4998,1.5583627963554811,0.952320940059078,-1.0954730403388093
12645,-0.555582866467418,0.09462556238014368,-1.0954730403388093
9557,-1.077851794929546,-0.9436372632311979,1.3225144938600255
14931,-0.13279373390283822,-0.7856407462903415,-1.0954730403388093
4713,-1.077851794929546,-1.169346573146707,0.8389169870202585
9067,-0.8291523051856755,-0.8759244702565452,0.8389169870202585
1431,-1.077851794929546,-1.1919175041382577,1.3225144938600255
6868,1.2599234086628366,-0.029514558073386283,-1.5790705471785762
14033,1.4340130514835459,1.798730852242237,-0.1282780266592754
7710,-0.580452815441805,-0.796926211786117,-0.1282780266592754
7736,-0.580452815441805,-0.4809331779044043,0.8389169870202585
4283,-0.6301927133905793,-0.4132203849297516,-0.1282780266592754
7531,0.7376544802007085,1.0087482675379553,-0.1282780266592754
12934,0.19051560276419338,0.9297500090675271,-0.1282780266592754
11048,1.3096633066116106,0.9184645435717517,-2.062668054018343
10053,1.4091431025091588,1.7648744557549105,-1.0954730403388093
10851,-1.077851794929546,-0.8082116772818925,1.3225144938600255
3384,-0.6053227644161921,-0.1423692130311408,0.35531948018049153
14992,-0.40636317262109567,-0.8533535392649942,-1.5790705471785762
12455,-0.8042823562112885,-0.921066332239647,0.35531948018049153
12786,-0.35662327467232163,-0.9549227287269733,-1.0954730403388093
7462,0.09103580686664531,0.8958936125802007,0.35531948018049153
3331,-0.505842968518644,-0.7292134188114643,0.35531948018049153
14795,1.0360938678933531,1.5504506113351768,0.35531948018049153
10595,-1.077851794929546,-1.1919175041382577,1.3225144938600255
6404,-0.530712917493031,0.3203348722956527,0.35531948018049153
8895,0.14077570481541946,0.7604680266308953,-0.6118755334990423
2096,-1.052981845955159,-0.8307826082734433,0.35531948018049153
10195,-0.9286321010832237,-1.0903483146762787,-0.6118755334990423
12882,1.3345332555859974,1.0877465260083834,-1.5790705471785762
7999,-1.077851794929546,-1.169346573146707,0.35531948018049153
5017,0.6630446332775474,0.19619475184212273,-0.6118755334990423
8738,-0.8540222541600626,-1.0903483146762787,-0.1282780266592754
1449,-0.033313938005289936,-0.9097808667438715,-1.0954730403388093
6900,-0.033313938005289936,-0.7856407462903415,-0.6118755334990423
2610,-1.077851794929546,-1.0113500562058506,0.8389169870202585
1900,-1.077851794929546,-0.8420680737692188,0.8389169870202585
8186,0.886874174047031,1.4263104908816469,-0.6118755334990423
3920,0.5386948884056122,0.17362382085057185,-0.6118755334990423
2757,-0.20740358082599933,0.5799005786984881,0.8389169870202585
6397,0.8620042250726437,1.4263104908816469,-0.1282780266592754
10077,-0.35662327467232163,0.3541912687829791,0.35531948018049153
11888,-0.7545424582625144,0.06076916589281733,0.8389169870202585
13306,2.1801115207151573,2.250149472073255,-2.54626556085811
2097,0.09103580686664531,-0.09722735104803899,-0.1282780266592754
8329,-1.077851794929546,-1.022635521701626,0.8389169870202585
14514,1.6578425922530293,0.5911860441942636,-2.062668054018343
5624,-1.077851794929546,-0.4245058504255271,1.3225144938600255
9028,1.3096633066116106,0.602471509690039,-1.5790705471785762
3471,-0.6053227644161921,0.2751930103125509,0.35531948018049153
8266,-0.20740358082599933,0.3316203377914282,0.8389169870202585
2171,-1.077851794929546,-1.2032029696340332,-2.54626556085811
14179,0.9614840209701918,-0.22136747150156896,-1.5790705471785762
14108,0.11590575584103227,0.5911860441942636,-0.1282780266592754
8590,0.09103580686664531,0.8733226815886498,0.35531948018049153
2010,1.9811519289200612,2.1372948171155004,-0.6118755334990423
15026,-0.8291523051856755,-0.8646390047607697,-0.1282780266592754
1283,0.9614840209701918,1.4940232838562997,-1.0954730403388093
15126,2.7272503981516727,3.1529867117352905,-2.54626556085811
10028,1.7821923371249646,2.0470110931492966,-1.5790705471785762
14742,2.3293312145614795,2.1598657481070513,-2.54626556085811
1019,0.7127845312263216,-0.11979828203958989,-1.0954730403388093
9518,-0.40636317262109567,-0.8872099357523205,0.35531948018049153
11002,-0.38149322364670873,-0.6840715568283625,-0.6118755334990423
8667,0.6381746843031604,0.24133661382522456,-1.0954730403388093
2810,0.4143451435336769,0.3541912687829791,-0.1282780266592754
13251,-0.40636317262109567,0.07205463138859278,-0.1282780266592754
1651,1.0112239189189662,1.5165942148478506,-0.6118755334990423
14763,0.6133047353287733,1.2683139739407907,-1.0954730403388093
1169,-1.077851794929546,-0.8533535392649942,1.3225144938600255
10720,2.055761775843222,1.956727369183093,-2.062668054018343
9398,0.7625244291750957,0.2751930103125509,-0.6118755334990423
6256,-0.505842968518644,-0.7066424878199133,0.8389169870202585
5469,-0.6301927133905793,-1.0452064526931768,0.8389169870202585
14744,2.130371622766383,2.0695820241408476,-2.54626556085811
10258,-0.6550626623649661,-0.898495401248096,-0.1282780266592754
867,0.43921509250806384,1.031319198529506,-0.6118755334990423
11166,0.36460524558490276,0.9636064055548534,-0.1282780266592754
5093,-1.077851794929546,-1.2032029696340332,1.3225144938600255
5433,-0.9535020500576108,-1.0452064526931768,0.8389169870202585
541,1.2847933576372237,1.7423035247633596,-0.1282780266592754
9324,-0.6301927133905793,0.2300511483294491,0.8389169870202585
15094,-1.077851794929546,-0.7630698152987906,0.8389169870202585
6354,0.9614840209701918,1.4488814218731978,0.35531948018049153
14339,1.1604436127652884,0.9184645435717517,-0.6118755334990423
3390,2.1055016737919963,1.5730215423267278,-2.062668054018343
11154,0.06616585789225812,0.828180819605548,0.35531948018049153
11451,-1.052981845955159,-0.4132203849297516,1.3225144938600255
12325,1.085833765842127,0.30904940679987725,-2.062668054018343
15244,0.46408504148245106,0.5121877857238354,-0.6118755334990423
10775,-0.4312331215954827,0.45576045824495814,-0.1282780266592754
11005,-1.052981845955159,-1.0113500562058506,0.8389169870202585
3959,0.7376544802007085,-0.3906494539382007,-1.0954730403388093
14241,0.2651254496873547,-0.8420680737692188,-2.54626556085811
6643,0.2899953986617417,0.01562730390971552,-0.1282780266592754
6841,-0.3317533256979346,-0.24393840249311985,0.35531948018049153
12703,-0.3317533256979346,-0.4696477124086289,0.8389169870202585
3586,-0.8788922031344497,-0.8872099357523205,0.8389169870202585
12380,-0.4312331215954827,-0.898495401248096,-1.0954730403388093
2563,-1.077851794929546,-1.1919175041382577,0.35531948018049153
10822,-0.7048025603137403,-0.08594188555226354,0.8389169870202585
13687,-0.8042823562112885,0.07205463138859278,1.3225144938600255
12212,-0.8291523051856755,0.026912769405490974,0.8389169870202585
5036,0.886874174047031,-0.06337095456071264,-1.5790705471785762
1080,-0.7048025603137403,-1.0564919181889523,-0.6118755334990423
5891,0.6133047353287733,-0.3116511954677726,-1.0954730403388093
10277,-1.077851794929546,-1.0339209871974016,1.3225144938600255
10644,-1.077851794929546,-1.022635521701626,0.8389169870202585
4966,1.533492847381094,1.5843070078225032,-0.6118755334990423
2023,1.3345332555859974,1.674590731788707,-1.0954730403388093
13802,-0.530712917493031,-0.6050732983579343,-0.1282780266592754
7909,0.04129590891787117,0.39933313076608085,-0.1282780266592754
13397,1.8070622860993515,1.0990319915041589,-2.062668054018343
7321,0.43921509250806384,-0.7066424878199133,-1.0954730403388093
226,1.1853135617396753,1.2795994394365662,-0.6118755334990423
1013,-1.077851794929546,-0.9662081942227487,0.35531948018049153
1929,1.9811519289200612,1.5165942148478506,-1.5790705471785762
12862,-0.6301927133905793,-0.36807852294664983,0.8389169870202585
5251,1.9562819799456737,2.0018692311661948,-0.1282780266592754
9596,0.8122643271238696,0.8168953541097725,-0.1282780266592754
2179,-0.7545424582625144,-1.0790628491805032,0.8389169870202585
697,0.016425959943484204,-0.8194971427776678,-0.6118755334990423
1124,-1.077851794929546,-1.1354901766593806,1.3225144938600255
7378,0.8371342760982567,0.3541912687829791,-0.1282780266592754
12087,-0.033313938005289936,-0.672786091332587,-1.0954730403388093
12574,1.1853135617396753,1.652019800797156,-1.0954730403388093
5110,0.488954990456838,-0.796926211786117,-1.5790705471785762
7902,0.5138249394312252,0.7943244231182217,-0.1282780266592754
1778,0.7127845312263216,-0.5373605053832816,-2.062668054018343
12217,0.7376544802007085,1.3811686288985452,-0.6118755334990423
2634,-1.077851794929546,-0.8194971427776678,0.35531948018049153
7544,1.7821923371249646,1.3698831634027697,-0.6118755334990423
7604,0.8122643271238696,-0.26650933348467076,-1.0954730403388093
3489,-0.6301927133905793,0.1849092863463473,1.3225144938600255
1037,-1.077851794929546,-1.0903483146762787,0.8389169870202585
10448,2.1552415717407705,1.877729110712665,-2.54626556085811
12527,-0.35662327467232163,0.17362382085057185,-0.1282780266592754
15253,-0.8540222541600626,-0.7292134188114643,0.35531948018049153
8505,-1.003241948006385,-0.4809331779044043,0.35531948018049153
2649,-0.580452815441805,-0.17622560951846716,0.8389169870202585
10473,1.1355736637909013,0.828180819605548,-1.0954730403388093
2979,-1.077851794929546,-0.9887791252142997,0.8389169870202585
2547,-1.077851794929546,-1.2032029696340332,0.8389169870202585
5132,-0.48097301954425686,-0.921066332239647,0.35531948018049153
2159,-1.052981845955159,-1.146775642155156,-0.1282780266592754
11329,-0.3317533256979346,-0.9323517977354224,-1.0954730403388093
9114,0.6879145822519344,-0.7630698152987906,-1.0954730403388093
6445,0.19051560276419338,0.5347587167153863,0.35531948018049153
3967,-0.008443989030902977,-0.6840715568283625,-0.1282780266592754
1428,0.46408504148245106,-0.7179279533156888,-2.54626556085811
12904,-1.077851794929546,-0.5373605053832816,1.3225144938600255
2520,-1.052981845955159,-1.1354901766593806,0.35531948018049153
12258,2.503420857382189,2.2727204030648056,-2.54626556085811
8033,0.3148653476361286,-0.8307826082734433,-1.5790705471785762
13153,-1.077851794929546,-1.1919175041382577,1.3225144938600255
13254,0.5138249394312252,0.7378970956393444,-1.0954730403388093
15148,0.8371342760982567,1.956727369183093,-1.0954730403388093
448,-0.9037621521088367,-0.5486459708790571,0.8389169870202585
13022,-0.4312331215954827,0.07205463138859278,-0.1282780266592754
9476,-0.08305383595406408,-0.9097808667438715,-0.6118755334990423
5995,-0.580452815441805,0.28647847580832636,0.35531948018049153
12310,0.16564565378980642,0.16233835535479638,-0.1282780266592754
3727,-1.077851794929546,-0.8420680737692188,1.3225144938600255
7353,-0.9783719990319979,-0.9436372632311979,0.8389169870202585
8553,1.3842731535347719,1.7648744557549105,0.35531948018049153
6279,-0.008443989030902977,-0.10851281654381445,-0.1282780266592754
13729,0.09103580686664531,0.7040406991520181,0.35531948018049153
7295,-1.077851794929546,-1.2032029696340332,0.8389169870202585
9496,-0.6799326113393532,-1.0452064526931768,0.35531948018049153
6251,-0.7048025603137403,-0.8420680737692188,0.8389169870202585
5926,1.1853135617396753,0.6927552336562426,0.35531948018049153
2460,0.7625244291750957,0.252622079321,-0.1282780266592754
22,-1.077851794929546,-1.146775642155156,0.8389169870202585
2066,0.8371342760982567,0.8620372160928744,-1.0954730403388093
1653,2.3044612655870926,2.2727204030648056,-2.54626556085811
8894,1.856802184048126,1.8438727142253386,-0.6118755334990423
8706,-1.0281118969807719,-1.022635521701626,0.8389169870202585
10935,-0.6550626623649661,-1.0339209871974016,-0.6118755334990423
1376,-1.052981845955159,-0.898495401248096,0.8389169870202585
1724,-1.077851794929546,-0.8420680737692188,0.8389169870202585
10660,-0.3317533256979346,-0.3003657299719971,-0.1282780266592754
3754,0.5635648373799991,0.7040406991520181,-0.6118755334990423
10517,0.9117441230214178,-0.08594188555226354,-2.54626556085811
8652,-1.077851794929546,-0.7517843498030152,0.35531948018049153
4183,-0.7048025603137403,0.1849092863463473,0.35531948018049153
4082,-0.8042823562112885,-0.6389296948452606,0.8389169870202585
9678,0.2899953986617417,1.053890129521057,0.35531948018049153
11870,0.6133047353287733,1.2795994394365662,-0.6118755334990423
8474,-1.077851794929546,-0.8533535392649942,0.8389169870202585
6579,-1.0281118969807719,-1.1580611076509315,0.8389169870202585
4558,-1.077851794929546,-0.4245058504255271,1.3225144938600255
3537,1.7075824902018033,1.0200337330337308,-2.54626556085811
12839,-0.580452815441805,-0.6615006258368116,-0.1282780266592754
7003,0.6133047353287733,0.07205463138859278,-0.6118755334990423
10773,1.9314120309712868,2.1147238861239495,-2.062668054018343
9560,0.3148653476361286,-0.06337095456071264,0.35531948018049153
14545,-0.15766368287722518,-0.5825023673663834,-1.0954730403388093
12614,2.055761775843222,2.1147238861239495,-2.54626556085811
8789,0.04129590891787117,-0.7517843498030152,-0.1282780266592754
9951,-0.3317533256979346,-0.029514558073386283,0.8389169870202585
646,0.3894751945592899,-0.11979828203958989,-0.6118755334990423
6381,0.6381746843031604,1.3134558359238924,0.8389169870202585
7527,0.5884347863543863,0.9748918710506289,0.35531948018049153
14879,-0.05818388697967712,-0.13108374753536534,-1.0954730403388093
12356,0.3148653476361286,-0.4696477124086289,-0.6118755334990423
7165,0.9117441230214178,1.1328883879914853,0.35531948018049153
11660,-1.077851794929546,-1.1919175041382577,0.8389169870202585
12227,0.16564565378980642,0.9748918710506289,-0.1282780266592754
7697,-1.052981845955159,-1.1129192456678296,0.8389169870202585
11182,0.3894751945592899,0.8168953541097725,-0.1282780266592754
14446,0.4143451435336769,1.053890129521057,0.35531948018049153
4875,1.583232745329868,1.674590731788707,-0.1282780266592754
10736,0.7376544802007085,1.2908849049323414,-0.1282780266592754
13185,0.21538555173858054,-0.5712169018706079,-1.5790705471785762
5341,0.886874174047031,1.0877465260083834,-0.1282780266592754
13094,-0.580452815441805,-0.8420680737692188,-0.1282780266592754
12180,-0.38149322364670873,0.3316203377914282,0.35531948018049153
7031,-0.20740358082599933,0.08334009688436823,0.8389169870202585
2160,-0.35662327467232163,-0.9097808667438715,-0.1282780266592754
685,-0.6053227644161921,-0.9097808667438715,0.35531948018049153
14129,-0.40636317262109567,-0.0746564200564881,1.3225144938600255
11435,2.080631724817609,1.7310180592675841,-2.062668054018343
2461,1.085833765842127,0.37676219977452996,-1.0954730403388093
11029,-0.9286321010832237,-0.672786091332587,1.3225144938600255
11889,-1.077851794929546,-0.4809331779044043,1.3225144938600255
7128,0.3894751945592899,1.0990319915041589,0.8389169870202585
6267,0.886874174047031,-0.040800023569161736,-1.5790705471785762
4941,0.8122643271238696,1.3698831634027697,-0.1282780266592754
5946,2.080631724817609,1.5391651458394016,-2.062668054018343
4583,1.1355736637909013,1.527879680343626,0.35531948018049153
5784,0.16564565378980642,-0.5373605053832816,0.35531948018049153
10422,-0.7545424582625144,0.08334009688436823,0.35531948018049153
7569,-0.48097301954425686,-0.3003657299719971,0.35531948018049153
13075,0.2899953986617417,-0.3116511954677726,-0.6118755334990423
10512,-0.3317533256979346,-0.4809331779044043,0.8389169870202585
521,1.3096633066116106,1.7310180592675841,-0.1282780266592754
8714,-1.077851794929546,-1.124204711163605,0.8389169870202585
13508,-1.077851794929546,-1.2032029696340332,1.3225144938600255
13719,0.14077570481541946,0.828180819605548,0.35531948018049153
3983,0.5884347863543863,-0.6840715568283625,-2.062668054018343
14675,-0.08305383595406408,-0.22136747150156896,0.35531948018049153
13281,2.4039410614846406,2.1937221445943775,-2.062668054018343
780,-1.077851794929546,-1.0339209871974016,1.3225144938600255
10613,-0.18253363185161225,-0.8194971427776678,-0.6118755334990423
12598,1.1853135617396753,1.6633052662929315,-0.6118755334990423
5607,0.7127845312263216,1.1441738534872608,-0.1282780266592754
5978,1.2101835107140624,1.527879680343626,0.35531948018049153
8843,1.2599234086628366,0.6250424406815899,-1.0954730403388093
3747,-1.077851794929546,-0.7066424878199133,1.3225144938600255
2196,-0.15766368287722518,-0.9097808667438715,-1.0954730403388093
8561,0.09103580686664531,0.9071790780759762,0.35531948018049153
15166,-0.9783719990319979,0.03819823490126643,0.35531948018049153
4285,1.3842731535347719,0.5347587167153863,-0.1282780266592754
8569,0.9863539699445792,1.5504506113351768,0.35531948018049153
10408,0.43921509250806384,1.1554593189830362,0.35531948018049153
9832,-0.555582866467418,-0.9887791252142997,0.8389169870202585
9805,-0.3317533256979346,-0.7292134188114643,-0.6118755334990423
6979,-0.4561030705698698,-0.7630698152987906,0.8389169870202585
1827,-1.077851794929546,-1.1919175041382577,0.35531948018049153
11824,-0.555582866467418,0.24133661382522456,1.3225144938600255
9154,0.7376544802007085,-0.5825023673663834,-1.0954730403388093
14528,-0.6550626623649661,-0.6276442293494852,0.8389169870202585
14849,-0.25714347877477345,0.19619475184212273,0.8389169870202585
2376,1.2847933576372237,1.7197325937718086,-1.0954730403388093
8551,2.055761775843222,2.1598657481070513,-0.1282780266592754
3839,0.9614840209701918,1.5053087493520751,-0.6118755334990423
14519,-0.48097301954425686,-0.4245058504255271,0.35531948018049153
1246,1.085833765842127,1.5617360768309523,0.35531948018049153
7504,0.7625244291750957,1.302170370428117,0.35531948018049153
11483,-1.052981845955159,-0.3342221264593235,0.8389169870202585
6511,0.6381746843031604,-0.35679305745087436,-0.1282780266592754
11886,-0.8042823562112885,0.01562730390971552,0.8389169870202585
14052,-0.6799326113393532,0.21876568283367365,-0.1282780266592754
5439,-0.8540222541600626,-1.0339209871974016,-0.6118755334990423
10759,1.0360938678933531,1.5843070078225032,-1.0954730403388093
11615,1.3096633066116106,0.00434183841394007,-2.54626556085811
10229,-1.077851794929546,-1.1919175041382577,0.8389169870202585
14201,-1.077851794929546,-1.146775642155156,0.8389169870202585
8964,0.9863539699445792,1.4488814218731978,-0.1282780266592754
10681,0.46408504148245106,0.45576045824495814,-0.6118755334990423
11754,1.2350534596884497,0.37676219977452996,-2.062668054018343
14914,-1.077851794929546,-1.0790628491805032,1.3225144938600255
14648,-1.077851794929546,-1.0903483146762787,0.8389169870202585
5510,-1.077851794929546,-1.124204711163605,0.35531948018049153
5330,1.359403204560385,1.5053087493520751,-0.1282780266592754
4531,-0.3317533256979346,0.5009023202280599,0.8389169870202585
9866,-0.8042823562112885,-1.0677773836847277,0.8389169870202585
365,-1.052981845955159,-1.1806320386424822,-0.6118755334990423
12401,-1.077851794929546,-1.2032029696340332,0.35531948018049153
12089,-1.077851794929546,-1.1016337801720542,1.3225144938600255
15315,-0.48097301954425686,-0.921066332239647,0.8389169870202585
147,-0.7545424582625144,0.08334009688436823,0.35531948018049153
1668,0.5138249394312252,1.076461060512608,-1.0954730403388093
11280,-0.4561030705698698,-0.8759244702565452,-0.6118755334990423
14595,-0.008443989030902977,-0.898495401248096,-1.0954730403388093
7650,-1.052981845955159,-1.1806320386424822,0.8389169870202585
8599,0.488954990456838,1.1216029224957098,0.35531948018049153
11698,-1.052981845955159,-1.1580611076509315,0.8389169870202585
7788,-1.077851794929546,-0.5486459708790571,1.3225144938600255
3456,1.4340130514835459,1.8325872487295631,-0.6118755334990423
11768,-0.8291523051856755,-0.5035041088959552,-0.1282780266592754
3271,-1.0281118969807719,-1.169346573146707,0.8389169870202585
4940,-1.0281118969807719,-0.3003657299719971,1.3225144938600255
9223,0.6133047353287733,0.5911860441942636,0.35531948018049153
12384,-1.077851794929546,-1.169346573146707,1.3225144938600255
6230,-1.077851794929546,-1.1580611076509315,0.8389169870202585
13679,-0.9037621521088367,-0.06337095456071264,1.3225144938600255
12431,-0.8042823562112885,-1.0452064526931768,0.35531948018049153
9047,0.7873943781494827,0.026912769405490974,-0.1282780266592754
3926,-1.077851794929546,-0.898495401248096,1.3225144938600255
13113,-1.077851794929546,-1.169346573146707,1.3225144938600255
8080,1.1604436127652884,-0.19879654051001805,-1.5790705471785762
78,-0.08305383595406408,-0.029514558073386283,0.35531948018049153
7088,2.080631724817609,2.1598657481070513,-0.6118755334990423
2247,-1.077851794929546,-1.0000645907100751,0.35531948018049153
12646,-0.48097301954425686,0.15105288985902093,-1.0954730403388093
14382,2.030891826868835,2.0470110931492966,-1.5790705471785762
15265,-0.40636317262109567,-0.4922186434001798,0.8389169870202585
14745,1.8319322350737386,1.9115855071999914,-0.6118755334990423
12697,1.2847933576372237,0.2639075448167755,-0.6118755334990423
7451,1.6081026943042553,1.8664436452168895,-0.1282780266592754
8980,2.3790711125102537,2.0921529551323985,-1.5790705471785762
2279,-1.077851794929546,-0.7517843498030152,1.3225144938600255
8123,0.7376544802007085,0.5686151132027126,0.35531948018049153
12287,0.6381746843031604,0.8394662851013235,-0.6118755334990423
3897,1.2350534596884497,0.9184645435717517,-0.1282780266592754
12346,-1.003241948006385,-0.9323517977354224,0.8389169870202585
7177,-1.052981845955159,-0.5825023673663834,0.8389169870202585
9312,0.06616585789225812,0.8846081470844253,0.35531948018049153
14523,-1.077851794929546,-0.9323517977354224,0.8389169870202585
3631,0.46408504148245106,-0.796926211786117,-0.1282780266592754
13235,-1.052981845955159,-0.6953570223241379,0.8389169870202585
6272,-1.0281118969807719,-0.8420680737692188,1.3225144938600255
8616,0.14077570481541946,0.7378970956393444,0.35531948018049153
392,-1.052981845955159,-1.1129192456678296,0.8389169870202585
3191,0.3148653476361286,0.03819823490126643,-0.1282780266592754
16,-1.077851794929546,-1.169346573146707,1.3225144938600255
4200,1.2847933576372237,1.7197325937718086,-0.1282780266592754
2672,1.4837529494323203,1.4488814218731978,-0.6118755334990423
14653,-0.40636317262109567,-0.7066424878199133,-0.6118755334990423
6164,0.46408504148245106,-0.6276442293494852,-1.5790705471785762
12583,0.19051560276419338,0.9861773365464044,-0.1282780266592754
3493,-0.20740358082599933,0.5460441822111617,0.35531948018049153
9651,0.6133047353287733,1.2683139739407907,0.8389169870202585
13005,0.06616585789225812,0.6363279061773653,-0.1282780266592754
7394,1.3096633066116106,0.8958936125802007,-0.1282780266592754
4839,1.0360938678933531,0.7943244231182217,-0.1282780266592754
593,0.6381746843031604,0.9297500090675271,-0.6118755334990423
12027,-0.9037621521088367,-1.1016337801720542,-1.5790705471785762
14308,-0.7296725092881273,-0.6050732983579343,0.35531948018049153
8737,-0.8291523051856755,-1.0790628491805032,0.8389169870202585
5827,0.3148653476361286,-0.8307826082734433,-1.0954730403388093
10749,-0.10792378492845114,0.7378970956393444,-0.1282780266592754
7961,-1.052981845955159,-0.9662081942227487,1.3225144938600255
5887,-0.9535020500576108,-0.9549227287269733,0.8389169870202585
2355,-0.8291523051856755,0.03819823490126643,0.35531948018049153
6036,1.9065420819969,2.0470110931492966,-0.1282780266592754
4798,-0.8788922031344497,-0.8646390047607697,-0.1282780266592754
10634,0.14077570481541946,-0.5260750398875061,-2.54626556085811
13276,-1.052981845955159,-0.4245058504255271,0.8389169870202585
4592,1.8319322350737386,1.855158179721114,-0.6118755334990423
11234,-0.18253363185161225,-0.3003657299719971,0.8389169870202585
8656,1.7324524391761906,0.9297500090675271,-2.062668054018343
163,-0.9286321010832237,-0.09722735104803899,1.3225144938600255
14233,-1.077851794929546,-1.2032029696340332,1.3225144938600255
14492,0.43921509250806384,0.45576045824495814,0.35531948018049153
15008,-0.9783719990319979,-0.796926211786117,0.8389169870202585
7380,1.359403204560385,0.6250424406815899,-0.1282780266592754
15277,-0.8291523051856755,-0.6840715568283625,1.3225144938600255
10201,0.06616585789225812,-0.8646390047607697,-1.0954730403388093
6356,-0.505842968518644,0.3316203377914282,0.35531948018049153
11276,0.3148653476361286,-0.6389296948452606,-0.1282780266592754
9092,-1.077851794929546,-1.1580611076509315,1.3225144938600255
5542,-0.4561030705698698,-0.43579131592130255,0.35531948018049153
6007,-0.9535020500576108,-0.1423692130311408,0.8389169870202585
7993,-0.8042823562112885,-1.0000645907100751,0.8389169870202585
7638,-1.052981845955159,-1.146775642155156,-0.1282780266592754
6793,0.5386948884056122,0.9861773365464044,0.8389169870202585
10900,-1.077851794929546,-1.1016337801720542,0.8389169870202585
7758,-1.077851794929546,-0.7404988843072398,1.3225144938600255
4837,-1.003241948006385,-0.6050732983579343,0.35531948018049153
2293,0.7873943781494827,0.8394662851013235,-0.1282780266592754
6548,-0.10792378492845114,-0.898495401248096,-1.0954730403388093
7898,0.886874174047031,1.076461060512608,0.35531948018049153
4481,0.3148653476361286,0.5121877857238354,0.35531948018049153
3716,0.3894751945592899,-0.029514558073386283,0.8389169870202585
10837,-0.555582866467418,-0.1423692130311408,0.35531948018049153
6140,0.6381746843031604,-0.26650933348467076,-0.6118755334990423
9956,1.9562819799456737,1.3134558359238924,-2.54626556085811
1549,-0.4312331215954827,-0.10851281654381445,0.35531948018049153
11221,0.04129590891787117,0.00434183841394007,-0.6118755334990423
10331,1.9314120309712868,1.5053087493520751,-2.54626556085811
2044,1.3345332555859974,1.4714523528647487,0.35531948018049153
767,-0.9286321010832237,-0.9887791252142997,0.8389169870202585
5693,1.085833765842127,1.3698831634027697,0.35531948018049153
7870,2.553160755330963,2.3404331960394584,-1.5790705471785762
9700,-0.9037621521088367,-0.1423692130311408,0.8389169870202585
7857,-0.15766368287722518,0.6814697681604671,0.8389169870202585
3302,-1.077851794929546,-1.169346573146707,1.3225144938600255
4517,0.5138249394312252,1.0651755950168325,0.8389169870202585
13941,-1.077851794929546,-0.9323517977354224,0.8389169870202585
12381,-1.077851794929546,-1.169346573146707,0.35531948018049153
3292,-0.7545424582625144,-1.0564919181889523,0.35531948018049153
9011,-0.9535020500576108,-0.5035041088959552,0.35531948018049153
1403,-1.077851794929546,-1.0903483146762787,1.3225144938600255
1382,-0.8540222541600626,-0.7743552807945661,0.35531948018049153
10340,-0.20740358082599933,0.3429058032872036,0.8389169870202585
6928,-1.077851794929546,-1.2032029696340332,1.3225144938600255
5671,2.1801115207151573,2.2050076100901532,-1.5790705471785762
1638,-0.9037621521088367,-0.06337095456071264,0.8389169870202585
15033,0.04129590891787117,-0.3116511954677726,1.3225144938600255
6907,-0.15766368287722518,-0.8533535392649942,0.35531948018049153
8591,1.583232745329868,1.8664436452168895,-0.6118755334990423
6406,2.080631724817609,2.1147238861239495,-1.0954730403388093
9074,0.7127845312263216,-0.4245058504255271,-0.6118755334990423
11757,-0.18253363185161225,-0.21008200600579352,-0.1282780266592754
1179,1.533492847381094,0.8733226815886498,-2.54626556085811
5448,-0.4312331215954827,-0.9549227287269733,0.8389169870202585
12644,0.33973529661051577,0.7717534921266708,-1.0954730403388093
10322,1.7573223881505777,1.2344575774534643,-2.54626556085811
5078,0.46408504148245106,-0.7066424878199133,-1.0954730403388093
8648,0.8122643271238696,0.6476133716731408,0.35531948018049153
5175,-0.9037621521088367,-0.7404988843072398,0.8389169870202585
10142,0.2651254496873547,-0.15365467852691625,-1.0954730403388093
689,-0.555582866467418,-0.921066332239647,0.35531948018049153
13597,-1.077851794929546,-0.7856407462903415,1.3225144938600255
6525,-1.077851794929546,-1.124204711163605,0.8389169870202585
15068,-0.38149322364670873,0.21876568283367365,0.35531948018049153
6488,-1.077851794929546,-0.9436372632311979,0.8389169870202585
10145,-0.8788922031344497,-0.7630698152987906,0.8389169870202585
7154,-1.077851794929546,-0.5373605053832816,0.8389169870202585
12906,2.2049814696895442,1.956727369183093,-2.54626556085811
6610,0.488954990456838,-0.5035041088959552,-0.1282780266592754
10902,-1.077851794929546,-1.1016337801720542,1.3225144938600255
13143,-1.077851794929546,-1.2032029696340332,-0.6118755334990423
13177,-1.077851794929546,-1.1354901766593806,-1.5790705471785762
4349,-0.8042823562112885,-1.0339209871974016,-0.1282780266592754
14256,-1.077851794929546,-1.1806320386424822,1.3225144938600255
1884,-1.077851794929546,-0.9887791252142997,1.3225144938600255
13268,1.359403204560385,1.4375959563774223,-1.5790705471785762
2494,-1.077851794929546,-1.0677773836847277,0.35531948018049153
5947,1.0360938678933531,1.0087482675379553,0.8389169870202585
3036,0.2651254496873547,0.6927552336562426,-0.6118755334990423
5777,0.09103580686664531,-0.4809331779044043,-0.6118755334990423
11795,0.6630446332775474,0.850751750597099,-1.5790705471785762
845,-1.077851794929546,-0.5712169018706079,1.3225144938600255
8734,-1.077851794929546,-1.1806320386424822,1.3225144938600255
11916,-0.9037621521088367,-0.28908026447622165,0.8389169870202585
12379,-0.8540222541600626,-1.0339209871974016,0.35531948018049153
11871,0.8122643271238696,1.4150250253858716,-0.6118755334990423
12415,-1.077851794929546,-1.2032029696340332,1.3225144938600255
7967,-1.077851794929546,-1.0452064526931768,0.8389169870202585
13017,0.3148653476361286,0.6588988371689163,-0.1282780266592754
7340,-0.8540222541600626,-0.9549227287269733,0.35531948018049153
13835,-0.7794124072369014,-0.9774936597185242,0.8389169870202585
12690,0.04129590891787117,-0.11979828203958989,0.35531948018049153
7137,0.9366140719958048,1.4263104908816469,-0.1282780266592754
2964,-1.003241948006385,-1.0000645907100751,1.3225144938600255
2529,-1.077851794929546,-1.1919175041382577,1.3225144938600255
5772,-0.35662327467232163,-0.5825023673663834,0.35531948018049153
1048,-1.077851794929546,-1.1354901766593806,-0.1282780266592754
7045,-0.7048025603137403,-0.15365467852691625,0.8389169870202585
1960,-1.052981845955159,-0.3906494539382007,0.8389169870202585
2530,-1.077851794929546,-1.1919175041382577,0.8389169870202585
11138,1.9314120309712868,2.1147238861239495,-1.5790705471785762
8429,-0.8540222541600626,-1.0000645907100751,0.35531948018049153
4917,0.5386948884056122,1.2457430429492398,0.35531948018049153
9325,1.1355736637909013,1.5730215423267278,-0.1282780266592754
5901,-1.077851794929546,-0.9887791252142997,0.8389169870202585
8286,0.6381746843031604,0.5121877857238354,0.35531948018049153
4259,1.8319322350737386,1.3585976979069943,-1.0954730403388093
13151,-1.077851794929546,-1.1919175041382577,0.35531948018049153
13255,0.7127845312263216,0.8733226815886498,-1.5790705471785762
5656,1.4091431025091588,1.8100163177380122,-0.6118755334990423
6097,0.7625244291750957,0.5234732512196109,0.35531948018049153
5907,-0.25714347877477345,-0.3342221264593235,0.35531948018049153
7373,-0.2322735298003864,-0.2552238679888953,-0.1282780266592754
2978,-1.077851794929546,-1.0000645907100751,1.3225144938600255
13609,1.1355736637909013,0.9184645435717517,-0.6118755334990423
14289,-0.9535020500576108,-0.9549227287269733,0.8389169870202585
6721,1.9065420819969,2.0470110931492966,-1.0954730403388093
7842,0.21538555173858054,1.0087482675379553,0.35531948018049153
8264,1.9065420819969,1.629448869805605,-0.6118755334990423
13475,-0.4561030705698698,-0.898495401248096,0.35531948018049153
12111,-1.077851794929546,-0.9887791252142997,1.3225144938600255
3138,0.8371342760982567,1.2006011809661379,-0.1282780266592754
8325,-0.20740358082599933,-0.4809331779044043,0.8389169870202585
15236,1.8816721330225128,1.1441738534872608,-1.0954730403388093
12265,-0.9535020500576108,-0.2552238679888953,0.35531948018049153
14591,0.19051560276419338,-0.8533535392649942,-2.54626556085811
11421,1.06096381686774,0.9410354745633025,-0.6118755334990423
1826,-1.0281118969807719,-1.1580611076509315,1.3225144938600255
5548,0.5884347863543863,0.16233835535479638,0.35531948018049153
8785,-1.077851794929546,-1.1580611076509315,0.8389169870202585
10917,-0.505842968518644,-0.9097808667438715,-0.1282780266592754
12329,-0.6799326113393532,-0.5599314363748324,0.8389169870202585
560,-0.9783719990319979,-0.22136747150156896,0.8389169870202585
13532,0.2899953986617417,-0.7292134188114643,-1.0954730403388093
8435,-1.077851794929546,-1.1129192456678296,0.35531948018049153
5435,0.5138249394312252,-0.6163587638537098,-0.6118755334990423
4437,-1.0281118969807719,-0.9436372632311979,0.8389169870202585
10382,2.1552415717407705,2.227578541081704,-2.062668054018343
8597,1.6081026943042553,1.8438727142253386,-0.1282780266592754
1442,0.2402555007129675,-0.8420680737692188,-0.6118755334990423
8453,0.2899953986617417,-0.34550759195509895,0.35531948018049153
4406,-1.077851794929546,-1.146775642155156,1.3225144938600255
14634,-0.38149322364670873,-0.8533535392649942,0.35531948018049153
1689,-0.6550626623649661,-0.018229092577610833,0.35531948018049153
15145,-0.38149322364670873,0.3429058032872036,0.8389169870202585
9917,1.1853135617396753,0.00434183841394007,-1.0954730403388093
13814,-0.38149322364670873,-0.672786091332587,0.35531948018049153
5962,-1.077851794929546,-0.5486459708790571,1.3225144938600255
2496,-0.9535020500576108,-0.9662081942227487,0.35531948018049153
12548,-1.077851794929546,-0.4922186434001798,0.8389169870202585
340,-1.077851794929546,-1.1919175041382577,0.8389169870202585
2408,-0.20740358082599933,0.46704592374073356,0.35531948018049153
9793,-1.077851794929546,-1.0452064526931768,1.3225144938600255
12804,-0.6550626623649661,-0.9662081942227487,-0.1282780266592754
5782,-0.7296725092881273,-0.8420680737692188,0.35531948018049153
4576,-1.077851794929546,-0.45836224691285343,1.3225144938600255
3725,-1.077851794929546,-0.8533535392649942,0.8389169870202585
15266,-1.077851794929546,-0.7630698152987906,0.8389169870202585
2785,-0.6053227644161921,0.026912769405490974,0.8389169870202585
9715,2.080631724817609,1.877729110712665,-1.0954730403388093
13203,0.14077570481541946,-0.36807852294664983,-1.0954730403388093
14429,0.886874174047031,1.4601668873689733,-0.1282780266592754
1012,-0.3068833767235475,-0.4245058504255271,0.35531948018049153
5280,-0.9286321010832237,-0.09722735104803899,0.8389169870202585
4895,2.1801115207151573,2.2050076100901532,-2.062668054018343
9958,-0.40636317262109567,0.00434183841394007,-0.1282780266592754
7121,1.2599234086628366,1.7084471282760332,0.8389169870202585
6549,-1.003241948006385,-1.146775642155156,0.8389169870202585
4037,-0.7545424582625144,-1.0000645907100751,0.35531948018049153
148,-0.25714347877477345,0.5686151132027126,0.8389169870202585
285,-0.48097301954425686,-0.5486459708790571,0.35531948018049153
15146,-0.555582866467418,0.8168953541097725,-0.6118755334990423
8555,-0.9286321010832237,-0.11979828203958989,0.8389169870202585
12135,1.3096633066116106,0.7491825611351198,-2.062668054018343
12886,1.9811519289200612,1.4940232838562997,-2.062668054018343
9732,-0.9535020500576108,-0.4019349194339762,0.8389169870202585
6770,0.2899953986617417,0.9974628020421797,0.8389169870202585
4443,-1.003241948006385,-0.8420680737692188,0.35531948018049153
7446,2.130371622766383,2.1372948171155004,-0.1282780266592754
236,-0.4561030705698698,0.08334009688436823,0.35531948018049153
14725,0.14077570481541946,0.6137569751858144,-0.1282780266592754
10754,0.09103580686664531,0.9071790780759762,-0.1282780266592754
7123,-0.15766368287722518,0.6927552336562426,-0.1282780266592754
12801,-0.8540222541600626,-1.0452064526931768,0.8389169870202585
14671,-1.077851794929546,-0.9323517977354224,0.8389169870202585
3083,-0.25714347877477345,0.6137569751858144,0.8389169870202585
14708,-1.077851794929546,-0.672786091332587,0.8389169870202585
10294,0.7873943781494827,0.21876568283367365,-0.6118755334990423
632,1.1107037148165144,0.4219040617576318,-0.6118755334990423
6813,-0.4561030705698698,0.06076916589281733,-0.1282780266592754
2493,-0.9286321010832237,-0.9323517977354224,-0.1282780266592754
2665,-0.8788922031344497,-0.3003657299719971,0.8389169870202585
13029,0.488954990456838,0.5121877857238354,-1.0954730403388093
13114,-0.6550626623649661,-0.9774936597185242,0.35531948018049153
12907,1.6081026943042553,1.6407343353013806,-2.54626556085811
10526,-1.0281118969807719,-0.9887791252142997,0.8389169870202585
10060,2.57803070430535,2.374289592526785,-2.54626556085811
11811,2.1055016737919963,1.922870972695767,-2.54626556085811
12075,-1.077851794929546,-1.146775642155156,0.35531948018049153
12995,1.085833765842127,1.4037395598900961,-1.5790705471785762
4211,2.6277706022541243,2.4420023855014374,-2.062668054018343
9686,0.2899953986617417,1.031319198529506,0.35531948018049153
10593,-0.25714347877477345,-0.9323517977354224,-0.1282780266592754
3874,-0.8788922031344497,-0.21008200600579352,0.8389169870202585
9424,-1.052981845955159,-0.9774936597185242,1.3225144938600255
10853,0.5386948884056122,0.2751930103125509,-0.6118755334990423
2817,1.2599234086628366,0.6250424406815899,-1.5790705471785762
12653,0.46408504148245106,0.7378970956393444,-2.54626556085811
14645,-1.077851794929546,-1.1016337801720542,1.3225144938600255
15058,2.2547213676383184,1.4150250253858716,-1.0954730403388093
13793,-0.505842968518644,-0.4922186434001798,0.35531948018049153
7426,0.43921509250806384,0.8958936125802007,-0.1282780266592754
12345,-1.077851794929546,-1.022635521701626,1.3225144938600255
13204,-0.505842968518644,-0.6276442293494852,0.35531948018049153
13899,0.488954990456838,-0.672786091332587,-2.54626556085811
11253,0.11590575584103227,-0.4245058504255271,-0.6118755334990423
14137,0.21538555173858054,0.1849092863463473,-0.1282780266592754
9777,-1.0281118969807719,-0.8646390047607697,0.8389169870202585
1735,-0.6550626623649661,-0.5260750398875061,0.8389169870202585
7397,-1.077851794929546,-0.7179279533156888,0.8389169870202585
11015,0.8122643271238696,-0.08594188555226354,-0.1282780266592754
4255,0.14077570481541946,0.4896168547322845,-0.1282780266592754
15165,-1.052981845955159,0.11719649337169459,0.8389169870202585
2475,-0.6301927133905793,-0.6050732983579343,0.8389169870202585
10756,0.2402555007129675,1.0200337330337308,0.35531948018049153
15316,-0.8291523051856755,-1.0677773836847277,1.3225144938600255
3713,-0.580452815441805,-0.5486459708790571,-0.1282780266592754
13789,0.6630446332775474,0.09462556238014368,-0.6118755334990423
1804,0.14077570481541946,-0.8533535392649942,-0.6118755334990423
707,0.6133047353287733,-0.7630698152987906,-1.5790705471785762
11238,1.2350534596884497,0.2074802173378982,-2.062668054018343
14210,-1.0281118969807719,-1.124204711163605,0.8389169870202585
5189,0.6630446332775474,0.30904940679987725,0.35531948018049153
13358,-0.05818388697967712,0.6476133716731408,0.35531948018049153
5472,-0.9783719990319979,-1.146775642155156,0.8389169870202585
72,-1.077851794929546,-0.8533535392649942,1.3225144938600255
7843,0.016425959943484204,0.850751750597099,0.8389169870202585
14823,0.5635648373799991,1.053890129521057,-0.6118755334990423
5101,-1.077851794929546,-1.2032029696340332,1.3225144938600255
6764,2.57803070430535,2.4420023855014374,-1.0954730403388093
9382,1.8319322350737386,1.053890129521057,-1.5790705471785762
10793,0.2651254496873547,0.9410354745633025,-0.6118755334990423
1125,-1.003241948006385,-1.0677773836847277,0.8389169870202585
1241,0.5138249394312252,1.1441738534872608,-0.1282780266592754
12631,2.2298514186639316,2.0357256276535214,-2.062668054018343
14495,-0.8540222541600626,-0.44707678141707796,0.8389169870202585
2349,-0.8540222541600626,-0.006943627081835381,0.8389169870202585
11543,0.9366140719958048,1.2118866464619134,-1.0954730403388093
6602,-0.008443989030902977,-0.7292134188114643,-0.6118755334990423
12200,2.428811010459028,2.351718661535234,-2.54626556085811
6780,1.9314120309712868,1.956727369183093,-0.6118755334990423
9769,-1.077851794929546,-0.898495401248096,1.3225144938600255
12098,-0.35662327467232163,-0.6615006258368116,0.35531948018049153
11921,1.1604436127652884,1.1554593189830362,-1.5790705471785762
4358,-0.13279373390283822,-0.9097808667438715,0.35531948018049153
1343,-0.40636317262109567,-0.052085489064937186,-0.1282780266592754
15322,-1.077851794929546,-1.0339209871974016,1.3225144938600255
13330,1.5086228984067072,1.8664436452168895,-0.1282780266592754
14700,1.7573223881505777,1.1328883879914853,-1.5790705471785762
8632,-0.4312331215954827,0.15105288985902093,0.8389169870202585
6652,0.36460524558490276,0.19619475184212273,0.8389169870202585
1100,-1.052981845955159,-1.169346573146707,0.35531948018049153
10829,-0.7296725092881273,-0.17622560951846716,0.35531948018049153
9160,-1.052981845955159,-1.1016337801720542,0.35531948018049153
8841,1.4091431025091588,0.6476133716731408,-1.5790705471785762
9738,1.9811519289200612,1.4263104908816469,-1.5790705471785762
7327,-0.9535020500576108,-1.0677773836847277,0.8389169870202585
7622,-1.003241948006385,-1.0677773836847277,1.3225144938600255
987,-0.8540222541600626,-0.4922186434001798,0.35531948018049153
10658,0.886874174047031,0.24133661382522456,-0.6118755334990423
2852,0.9117441230214178,-0.17622560951846716,-1.5790705471785762
11695,-0.6301927133905793,-1.0113500562058506,-0.1282780266592754
8853,-0.9286321010832237,-0.5373605053832816,0.8389169870202585
630,0.3894751945592899,0.1397674243632455,-0.6118755334990423
1249,-0.4312331215954827,0.4444749927491827,0.35531948018049153
3179,-0.08305383595406408,0.01562730390971552,0.35531948018049153
482,-1.0281118969807719,-0.43579131592130255,1.3225144938600255
9776,-1.077851794929546,-0.9436372632311979,1.3225144938600255
9654,2.553160755330963,2.4645733164929884,-0.6118755334990423
3040,0.5138249394312252,0.9071790780759762,-0.1282780266592754
5010,-1.052981845955159,-0.7743552807945661,1.3225144938600255
13410,0.9366140719958048,0.46704592374073356,-1.0954730403388093
7000,-0.8788922031344497,-0.7404988843072398,0.8389169870202585
3273,-0.9535020500576108,-1.1354901766593806,1.3225144938600255
7227,1.06096381686774,0.01562730390971552,0.35531948018049153
3683,-1.052981845955159,-1.0903483146762787,0.35531948018049153
6674,1.7573223881505777,1.3247413014196678,-1.5790705471785762
6807,-0.28201342774916044,0.252622079321,0.8389169870202585
12337,-1.077851794929546,-0.9774936597185242,1.3225144938600255
14940,-0.7794124072369014,-1.022635521701626,1.3225144938600255
1316,1.1355736637909013,1.3247413014196678,-0.1282780266592754
3225,-1.077851794929546,-1.0790628491805032,1.3225144938600255
1072,-0.48097301954425686,-0.9887791252142997,-0.1282780266592754
4815,-0.505842968518644,-0.4245058504255271,0.8389169870202585
12969,-0.8788922031344497,-0.040800023569161736,0.8389169870202585
10823,-0.7794124072369014,-0.1649401440226917,0.8389169870202585
9852,-1.003241948006385,-1.1580611076509315,0.8389169870202585
5752,-1.052981845955159,-0.8533535392649942,0.8389169870202585
10617,0.06616585789225812,-0.7292134188114643,-2.062668054018343
14042,-0.28201342774916044,0.602471509690039,-0.1282780266592754
4616,-0.2322735298003864,0.28647847580832636,0.8389169870202585
3097,-1.0281118969807719,-0.27779479898044623,0.8389169870202585
12168,-0.8540222541600626,-0.22136747150156896,0.8389169870202585
14489,2.0060218778944483,1.2683139739407907,-2.54626556085811
6869,1.1604436127652884,-0.08594188555226354,-1.5790705471785762
1300,-0.9535020500576108,-0.21008200600579352,0.8389169870202585
7285,-1.003241948006385,-1.1580611076509315,0.8389169870202585
6284,-1.077851794929546,-0.8420680737692188,1.3225144938600255
12920,1.2847933576372237,1.5843070078225032,-1.5790705471785762
13617,0.886874174047031,0.9297500090675271,-1.0954730403388093
5495,-0.8042823562112885,-1.0339209871974016,0.35531948018049153
5291,2.6277706022541243,0.0,-1.5790705471785762
9600,-0.4561030705698698,0.03819823490126643,0.8389169870202585
10037,-0.9037621521088367,-0.06337095456071264,-0.1282780266592754
1798,0.36460524558490276,-0.796926211786117,-1.5790705471785762
12149,0.7873943781494827,0.7491825611351198,-1.0954730403388093
9667,0.33973529661051577,1.0990319915041589,0.35531948018049153
5203,-1.077851794929546,-0.7404988843072398,0.8389169870202585
8227,1.1355736637909013,1.5955924733182787,-0.1282780266592754
5047,-0.20740358082599933,-0.5937878328621589,-0.1282780266592754
6441,-0.48097301954425686,0.09462556238014368,-0.1282780266592754
8636,0.6879145822519344,0.8620372160928744,0.35531948018049153
8105,-1.003241948006385,-0.7630698152987906,0.8389169870202585
2359,1.06096381686774,1.5955924733182787,0.35531948018049153
14407,-0.25714347877477345,0.6250424406815899,-0.6118755334990423
3654,-1.077851794929546,-1.1919175041382577,0.35531948018049153
7052,-0.7545424582625144,-0.13108374753536534,0.8389169870202585
11371,-1.077851794929546,-1.0452064526931768,0.8389169870202585
1286,0.9863539699445792,1.5053087493520751,-0.1282780266592754
14012,0.11590575584103227,0.7717534921266708,0.35531948018049153
4445,-1.077851794929546,-0.9323517977354224,1.3225144938600255
11608,-1.077851794929546,-0.9774936597185242,1.3225144938600255
2137,-0.4561030705698698,-0.796926211786117,0.35531948018049153
6787,-0.530712917493031,0.21876568283367365,0.8389169870202585
10828,-0.38149322364670873,0.1397674243632455,0.35531948018049153
12208,-0.3068833767235475,0.5573296477069372,0.35531948018049153
15069,0.5386948884056122,0.726611630143569,-2.062668054018343
9873,-0.7545424582625144,-1.0339209871974016,-0.6118755334990423
14963,-0.9535020500576108,-1.1354901766593806,0.35531948018049153
13055,-1.052981845955159,-0.8307826082734433,-1.0954730403388093
13770,1.4091431025091588,0.7717534921266708,-2.062668054018343
6894,-1.077851794929546,-1.1354901766593806,0.8389169870202585
9884,-1.077851794929546,-1.146775642155156,0.8389169870202585
13145,0.4143451435336769,-0.8082116772818925,-2.54626556085811
10733,1.4091431025091588,1.7084471282760332,-2.062668054018343
11827,0.7127845312263216,1.2457430429492398,0.35531948018049153
8564,-0.505842968518644,0.38804766527030543,1.3225144938600255
7151,0.6879145822519344,1.1554593189830362,0.35531948018049153
963,0.43921509250806384,0.7491825611351198,-0.1282780266592754
6012,1.8070622860993515,2.0582965586450723,0.35531948018049153
4882,2.1055016737919963,2.0582965586450723,-2.062668054018343
140,0.488954990456838,1.0990319915041589,0.35531948018049153
12611,0.9366140719958048,1.4601668873689733,-1.5790705471785762
12046,-1.077851794929546,-1.2032029696340332,1.3225144938600255
13868,-0.18253363185161225,-0.9323517977354224,-0.1282780266592754
8906,0.11590575584103227,0.828180819605548,0.8389169870202585
6936,-1.0281118969807719,-1.169346573146707,-0.1282780266592754
6542,-1.052981845955159,-1.146775642155156,0.8389169870202585
5243,0.2899953986617417,0.8733226815886498,-0.1282780266592754
11380,-0.8042823562112885,-0.7630698152987906,0.8389169870202585
10030,-0.008443989030902977,0.828180819605548,-0.6118755334990423
4431,-0.555582866467418,-0.7179279533156888,0.35531948018049153
12817,-0.8291523051856755,-0.9549227287269733,-1.0954730403388093
406,-0.10792378492845114,-0.6163587638537098,0.35531948018049153
8212,1.9314120309712868,2.126009351619725,0.35531948018049153
9196,-1.0281118969807719,-0.8307826082734433,0.35531948018049153
12834,-0.7296725092881273,-0.7856407462903415,0.35531948018049153
10603,0.43921509250806384,-0.7404988843072398,-0.6118755334990423
10737,-0.9037621521088367,-0.10851281654381445,1.3225144938600255
13243,-0.7048025603137403,-0.2552238679888953,0.35531948018049153
10582,-1.0281118969807719,-1.169346573146707,0.8389169870202585
9135,-1.077851794929546,-1.1919175041382577,1.3225144938600255
8234,0.33973529661051577,1.0200337330337308,0.8389169870202585
11022,1.1853135617396753,0.3203348722956527,-1.5790705471785762
11563,0.04129590891787117,0.38804766527030543,-0.1282780266592754
11214,-0.3068833767235475,-0.09722735104803899,0.35531948018049153
11556,-0.9037621521088367,-0.322936660963548,0.8389169870202585
4399,-1.077851794929546,-1.169346573146707,1.3225144938600255
5252,1.7324524391761906,1.877729110712665,-0.1282780266592754
11,0.5138249394312252,-0.7292134188114643,-1.0954730403388093
4760,-1.0281118969807719,-1.1354901766593806,0.35531948018049153
1177,1.0360938678933531,0.602471509690039,-1.5790705471785762
10139,-1.052981845955159,-0.8759244702565452,0.35531948018049153
10693,1.2350534596884497,1.0877465260083834,-0.6118755334990423
2863,-1.052981845955159,-1.0564919181889523,0.35531948018049153
6471,-0.9783719990319979,-0.672786091332587,0.8389169870202585
12057,-0.20740358082599933,-0.921066332239647,-0.6118755334990423
6228,-1.077851794929546,-1.1580611076509315,0.8389169870202585
9218,-1.077851794929546,-0.7517843498030152,1.3225144938600255
12040,-1.077851794929546,-1.2032029696340332,0.8389169870202585
2989,0.7376544802007085,0.19619475184212273,-1.0954730403388093
9153,-1.077851794929546,-1.146775642155156,1.3225144938600255
11081,-0.9535020500576108,-0.27779479898044623,0.35531948018049153
7117,0.6630446332775474,1.3247413014196678,0.35531948018049153
11207,-1.003241948006385,-0.5937878328621589,0.8389169870202585
7010,-0.3317533256979346,-0.27779479898044623,0.35531948018049153
11530,-1.052981845955159,-0.4132203849297516,0.35531948018049153
13130,0.21538555173858054,-0.8533535392649942,-1.5790705471785762
11760,0.886874174047031,0.3541912687829791,-1.0954730403388093
8927,1.4091431025091588,1.8100163177380122,-0.1282780266592754
12592,-0.6053227644161921,0.29776394130410183,0.8389169870202585
1440,0.3894751945592899,-0.8082116772818925,-2.062668054018343
14956,-0.580452815441805,-1.022635521701626,0.8389169870202585
2875,0.2899953986617417,-0.6502151603410361,-0.6118755334990423
12178,-0.9783719990319979,-0.3003657299719971,1.3225144938600255
9108,0.488954990456838,-0.7856407462903415,-0.1282780266592754
14450,1.8070622860993515,1.8890145762084405,-2.062668054018343
13505,0.11590575584103227,-0.8759244702565452,-1.0954730403388093
12281,-0.10792378492845114,0.4331895272534072,-0.6118755334990423
11339,0.46408504148245106,-0.7066424878199133,-2.062668054018343
7232,-0.6301927133905793,-0.6953570223241379,0.35531948018049153
3726,-0.15766368287722518,-0.1423692130311408,0.8389169870202585
2772,-0.20740358082599933,0.47833138923650903,0.8389169870202585
9816,-0.10792378492845114,-0.7630698152987906,-0.6118755334990423
454,0.016425959943484204,0.19619475184212273,-0.1282780266592754
9013,0.3148653476361286,0.38804766527030543,-0.1282780266592754
8189,2.7023804491772854,2.5210006439718655,-1.0954730403388093
1367,-1.077851794929546,-0.8872099357523205,1.3225144938600255
3712,-0.9783719990319979,-0.8194971427776678,0.35531948018049153
15120,1.0360938678933531,2.103438420628174,-1.5790705471785762
1388,-1.077851794929546,-1.022635521701626,1.3225144938600255
9042,-0.48097301954425686,-0.44707678141707796,-0.1282780266592754
1000,0.2402555007129675,0.00434183841394007,-0.6118755334990423
7761,-0.38149322364670873,-0.040800023569161736,0.8389169870202585
3553,1.1107037148165144,0.4444749927491827,-0.6118755334990423
4114,1.3345332555859974,1.0426046640252815,-1.0954730403388093
9829,-0.2322735298003864,-0.8759244702565452,0.35531948018049153
1667,0.2402555007129675,0.8958936125802007,-0.6118755334990423
3173,0.488954990456838,0.4219040617576318,0.8389169870202585
13338,2.3293312145614795,2.3065767995521322,-2.062668054018343
9539,0.06616585789225812,-0.5486459708790571,-0.1282780266592754
14433,2.1801115207151573,-0.9662081942227487,-2.062668054018343
488,-0.9037621521088367,-0.21008200600579352,0.8389169870202585
3230,0.016425959943484204,-0.6163587638537098,-0.6118755334990423
3828,2.7023804491772854,2.5661425059549674,-2.062668054018343
10824,-0.7545424582625144,-0.15365467852691625,1.3225144938600255
14723,-0.505842968518644,0.10591102787591913,0.8389169870202585
5208,0.11590575584103227,0.3316203377914282,0.35531948018049153
7848,1.085833765842127,1.6068779388140542,0.35531948018049153
11424,-0.033313938005289936,0.3316203377914282,-0.1282780266592754
5704,1.9065420819969,1.6858761972844822,-1.0954730403388093
14801,0.886874174047031,1.4263104908816469,0.8389169870202585
8133,0.6381746843031604,0.6814697681604671,0.35531948018049153
703,-0.25714347877477345,-0.9323517977354224,0.35531948018049153
5105,-0.4561030705698698,-1.0000645907100751,-1.5790705471785762
13658,1.3345332555859974,1.6858761972844822,-1.5790705471785762
3291,-1.077851794929546,-1.1919175041382577,1.3225144938600255
8125,-0.28201342774916044,0.00434183841394007,0.8389169870202585
11865,0.886874174047031,1.4827378183605242,-1.5790705471785762
10600,-0.2322735298003864,-0.9097808667438715,-0.1282780266592754
9519,0.9366140719958048,-0.5486459708790571,-1.0954730403388093
14786,-0.20740358082599933,0.6701843026646918,1.3225144938600255
13852,0.3894751945592899,-0.796926211786117,-2.54626556085811
4909,0.9614840209701918,1.527879680343626,-0.6118755334990423
4440,-1.077851794929546,-0.9887791252142997,1.3225144938600255
13981,0.19051560276419338,0.47833138923650903,-0.1282780266592754
986,1.2101835107140624,0.7040406991520181,-1.5790705471785762
14594,-0.7296725092881273,-1.0677773836847277,-1.0954730403388093
14187,-0.9535020500576108,-0.9887791252142997,0.8389169870202585
14099,-1.003241948006385,-0.36807852294664983,1.3225144938600255
7705,-0.6301927133905793,-0.8646390047607697,0.8389169870202585
12241,-0.6301927133905793,0.24133661382522456,0.8389169870202585
6257,0.5386948884056122,-0.3116511954677726,0.35531948018049153
11677,-1.077851794929546,-1.2032029696340332,1.3225144938600255
6089,1.1604436127652884,0.8620372160928744,-0.6118755334990423
10666,-1.003241948006385,-0.7292134188114643,0.8389169870202585
5238,2.354201163535867,2.0695820241408476,-1.5790705471785762
12065,0.43921509250806384,-0.7404988843072398,-2.54626556085811
1198,0.7625244291750957,0.8394662851013235,-0.6118755334990423
12373,-1.077851794929546,-1.146775642155156,1.3225144938600255
9710,1.7324524391761906,1.753588990259135,-1.5790705471785762
13930,-0.530712917493031,-0.6840715568283625,0.35531948018049153
7519,-0.505842968518644,0.2300511483294491,0.8389169870202585
6812,1.3096633066116106,1.1667447844788115,-0.1282780266592754
9991,0.2651254496873547,0.850751750597099,-1.0954730403388093
9206,0.36460524558490276,0.16233835535479638,0.8389169870202585
8320,0.9366140719958048,0.026912769405490974,-0.6118755334990423
9556,-1.0281118969807719,-0.8759244702565452,1.3225144938600255
10225,-0.3068833767235475,-0.9549227287269733,-0.1282780266592754
7175,-0.3068833767235475,0.2074802173378982,-0.6118755334990423
4470,0.3148653476361286,0.3429058032872036,-0.1282780266592754
891,0.21538555173858054,0.9974628020421797,-0.1282780266592754
10985,-1.077851794929546,-1.1354901766593806,1.3225144938600255
1969,1.3096633066116106,1.6633052662929315,0.35531948018049153
12595,0.2899953986617417,1.0651755950168325,-0.1282780266592754
5757,0.9863539699445792,0.16233835535479638,0.35531948018049153
6527,0.36460524558490276,-0.6276442293494852,-1.0954730403388093
6294,-1.077851794929546,-0.7630698152987906,1.3225144938600255
14960,-1.077851794929546,-1.2032029696340332,1.3225144938600255
7595,1.1853135617396753,0.00434183841394007,-0.6118755334990423
9110,-1.077851794929546,-1.2032029696340332,1.3225144938600255
3249,-0.9286321010832237,-1.0677773836847277,0.8389169870202585
6570,-0.9535020500576108,-1.1354901766593806,0.8389169870202585
6638,-0.6053227644161921,-0.5260750398875061,1.3225144938600255
7351,0.33973529661051577,-0.4132203849297516,0.35531948018049153
14088,-0.7794124072369014,-0.006943627081835381,0.8389169870202585
9400,-0.10792378492845114,-0.1649401440226917,-0.1282780266592754
12060,-1.052981845955159,-1.169346573146707,0.8389169870202585
7473,2.7272503981516727,2.577427971450743,-1.0954730403388093
12504,-0.25714347877477345,-0.029514558073386283,1.3225144938600255
12257,2.503420857382189,2.2840058685605813,-2.54626556085811
14145,-0.7794124072369014,-0.5260750398875061,0.35531948018049153
13317,1.4837529494323203,1.8664436452168895,-1.0954730403388093
1239,-0.555582866467418,0.2751930103125509,0.35531948018049153
2289,-0.6799326113393532,-0.19879654051001805,0.8389169870202585
2740,2.2547213676383184,2.2952913340563565,-1.0954730403388093
8467,-0.8540222541600626,-0.6615006258368116,0.8389169870202585
4585,0.7873943781494827,1.2908849049323414,-0.1282780266592754
9227,0.4143451435336769,0.5347587167153863,-0.6118755334990423
1229,2.2795913166127058,2.1372948171155004,-1.5790705471785762
9200,-0.10792378492845114,-0.17622560951846716,0.35531948018049153
6980,-0.6301927133905793,-0.8194971427776678,0.8389169870202585
5178,-1.077851794929546,-0.9097808667438715,0.8389169870202585
12020,-1.077851794929546,-1.169346573146707,0.35531948018049153
10724,1.9562819799456737,1.9454419036873176,-2.062668054018343
4293,-0.9037621521088367,-0.7179279533156888,0.35531948018049153
1058,0.46408504148245106,-0.6840715568283625,-1.0954730403388093
6262,0.06616585789225812,-0.4132203849297516,0.8389169870202585
11036,1.3345332555859974,0.6814697681604671,-2.062668054018343
281,-0.10792378492845114,-0.322936660963548,0.8389169870202585
9235,1.5086228984067072,1.2795994394365662,-1.5790705471785762
9508,0.5138249394312252,-0.7292134188114643,-1.0954730403388093
968,2.055761775843222,1.5504506113351768,-1.5790705471785762
10573,-0.28201342774916044,-0.9549227287269733,-1.5790705471785762
3953,-0.4561030705698698,-0.6953570223241379,0.8389169870202585
1939,2.030891826868835,1.7197325937718086,-2.54626556085811
12978,1.6827125412274162,1.9115855071999914,-1.5790705471785762
1274,1.1107037148165144,1.6181634043098296,-0.6118755334990423
619,-0.9037621521088367,-0.5260750398875061,0.8389169870202585
13047,0.5386948884056122,0.24133661382522456,-0.6118755334990423
1742,-1.077851794929546,-0.9549227287269733,1.3225144938600255
1390,-1.077851794929546,-1.0339209871974016,1.3225144938600255
2203,-0.530712917493031,-0.9662081942227487,0.8389169870202585
9771,0.886874174047031,0.19619475184212273,-0.6118755334990423
9847,0.488954990456838,-0.8082116772818925,-2.54626556085811
3568,-1.052981845955159,-0.9097808667438715,0.35531948018049153
10544,-0.18253363185161225,-0.7630698152987906,-0.6118755334990423
10404,-0.7296725092881273,0.15105288985902093,0.8389169870202585
6116,-0.3317533256979346,-0.322936660963548,0.35531948018049153
15297,-0.7794124072369014,-0.8759244702565452,0.8389169870202585
6052,-0.505842968518644,0.2751930103125509,0.35531948018049153
3178,1.2350534596884497,0.6927552336562426,-1.0954730403388093
3192,-0.8788922031344497,-0.6502151603410361,0.8389169870202585
9499,-0.6301927133905793,-1.022635521701626,0.35531948018049153
6099,0.6879145822519344,0.45576045824495814,-0.6118755334990423
7029,-0.05818388697967712,0.15105288985902093,0.8389169870202585
575,-0.505842968518644,0.2639075448167755,0.8389169870202585
10552,-0.13279373390283822,-0.8082116772818925,0.35531948018049153
6656,-0.7296725092881273,-0.4132203849297516,0.8389169870202585
7115,0.5386948884056122,1.2457430429492398,0.35531948018049153
13527,-0.8042823562112885,-1.0452064526931768,-0.6118755334990423
6276,-0.8042823562112885,-0.6163587638537098,0.8389169870202585
9472,-1.077851794929546,-1.1919175041382577,0.35531948018049153
13797,0.6879145822519344,-0.040800023569161736,-1.5790705471785762
11083,0.3894751945592899,0.9071790780759762,-0.1282780266592754
5897,0.11590575584103227,-0.3906494539382007,0.35531948018049153
5724,-0.9286321010832237,-0.4809331779044043,0.8389169870202585
10185,-0.9286321010832237,-1.0564919181889523,0.8389169870202585
10831,-1.077851794929546,-0.672786091332587,1.3225144938600255
269,0.5386948884056122,0.1397674243632455,0.35531948018049153
629,-0.033313938005289936,-0.052085489064937186,0.35531948018049153
11970,-0.8291523051856755,-0.7179279533156888,0.8389169870202585
3081,-1.0281118969807719,-0.27779479898044623,0.8389169870202585
3466,-1.077851794929546,-0.4245058504255271,1.3225144938600255
6430,-0.9286321010832237,-0.26650933348467076,0.8389169870202585
14306,-1.077851794929546,-0.9323517977354224,1.3225144938600255
7062,0.5386948884056122,0.9748918710506289,0.35531948018049153
12588,0.14077570481541946,0.952320940059078,-0.1282780266592754
12215,-1.077851794929546,-0.4245058504255271,1.3225144938600255
14925,-0.40636317262109567,-0.8194971427776678,-0.1282780266592754
5543,-1.0281118969807719,-0.8307826082734433,0.35531948018049153
10238,-1.077851794929546,-1.1806320386424822,0.8389169870202585
4356,0.43921509250806384,-0.7856407462903415,-1.5790705471785762
13997,-0.7296725092881273,-0.0746564200564881,1.3225144938600255
2113,1.1853135617396753,0.06076916589281733,-1.5790705471785762
8219,2.0060218778944483,2.1485802826112756,-1.0954730403388093
10232,-1.077851794929546,-1.1919175041382577,-0.1282780266592754
12120,0.19051560276419338,-0.052085489064937186,-1.0954730403388093
14916,-0.6301927133905793,-0.8194971427776678,-0.6118755334990423
3216,1.1107037148165144,-0.09722735104803899,-1.5790705471785762
3814,1.3842731535347719,1.798730852242237,0.35531948018049153
8321,0.06616585789225812,-0.3116511954677726,0.35531948018049153
13176,-1.077851794929546,-1.1354901766593806,-0.1282780266592754
2278,0.3148653476361286,0.3203348722956527,-0.1282780266592754
4599,-0.18253363185161225,0.4896168547322845,0.8389169870202585
13,-1.077851794929546,-1.1806320386424822,0.8389169870202585
14170,-1.077851794929546,-1.0113500562058506,1.3225144938600255
12668,0.43921509250806384,0.4219040617576318,-1.5790705471785762
1525,-0.40636317262109567,-0.4019349194339762,0.35531948018049153
2365,0.16564565378980642,0.9748918710506289,0.8389169870202585
4648,-1.052981845955159,-0.796926211786117,0.35531948018049153
11244,-1.077851794929546,-0.9887791252142997,1.3225144938600255
12197,1.9811519289200612,2.0695820241408476,-2.062668054018343
10532,-0.18253363185161225,-0.6502151603410361,0.35531948018049153
374,-1.077851794929546,-1.1806320386424822,0.35531948018049153
13071,-1.077851794929546,-0.9887791252142997,1.3225144938600255
6477,-0.25714347877477345,-0.22136747150156896,0.8389169870202585
525,-0.20740358082599933,0.6588988371689163,-0.1282780266592754
9131,-1.077851794929546,-1.1919175041382577,1.3225144938600255
14997,-1.077851794929546,-1.146775642155156,1.3225144938600255
12765,-1.077851794929546,-1.2032029696340332,0.8389169870202585
6895,-1.077851794929546,-1.146775642155156,1.3225144938600255
10339,-1.052981845955159,-0.5147895743917307,0.35531948018049153
3591,1.1107037148165144,-0.26650933348467076,-2.062668054018343
11106,2.428811010459028,2.3630041270310094,-2.062668054018343
7904,0.9117441230214178,0.9974628020421797,-0.1282780266592754
2958,-1.077851794929546,-1.1016337801720542,1.3225144938600255
11815,0.3148653476361286,0.8733226815886498,0.8389169870202585
529,1.4091431025091588,1.8100163177380122,0.35531948018049153
3714,-0.48097301954425686,-0.4809331779044043,0.35531948018049153
4732,-0.48097301954425686,-1.0000645907100751,0.8389169870202585
9461,-0.555582866467418,-0.9549227287269733,0.35531948018049153
12473,-1.077851794929546,-1.0113500562058506,1.3225144938600255
1394,-1.052981845955159,-1.0113500562058506,0.8389169870202585
12201,1.8816721330225128,2.0357256276535214,-2.062668054018343
12582,-0.7048025603137403,0.1849092863463473,0.8389169870202585
9989,-0.9783719990319979,-0.28908026447622165,0.8389169870202585
11171,0.886874174047031,1.2570285084450152,-0.6118755334990423
9633,1.2599234086628366,1.5730215423267278,0.35531948018049153
10574,-1.077851794929546,-1.2032029696340332,1.3225144938600255
15132,0.2651254496873547,1.302170370428117,0.8389169870202585
12003,-0.6799326113393532,-0.9097808667438715,0.35531948018049153
5631,-0.08305383595406408,0.7378970956393444,0.35531948018049153
9465,-1.052981845955159,-1.146775642155156,-0.1282780266592754
6563,-1.077851794929546,-1.2032029696340332,1.3225144938600255
4703,-1.077851794929546,-1.146775642155156,1.3225144938600255
1712,-1.0281118969807719,-0.6502151603410361,0.8389169870202585
14971,-1.077851794929546,-1.2032029696340332,1.3225144938600255
955,0.6133047353287733,0.9636064055548534,-0.1282780266592754
6675,0.06616585789225812,0.37676219977452996,-0.1282780266592754
3453,1.0112239189189662,1.5617360768309523,-0.1282780266592754
9579,-0.25714347877477345,-0.0746564200564881,0.35531948018049153
14413,0.7873943781494827,1.4150250253858716,0.35531948018049153
12803,-0.10792378492845114,-0.8194971427776678,0.35531948018049153
8595,2.7023804491772854,2.475858781988764,-1.0954730403388093
2071,0.6879145822519344,0.6250424406815899,-0.6118755334990423
14944,-0.7545424582625144,-1.0452064526931768,-1.0954730403388093
10169,0.6630446332775474,-0.4245058504255271,-2.54626556085811
158,-0.13279373390283822,0.7153261646477935,0.35531948018049153
7005,0.3148653476361286,-0.029514558073386283,0.35531948018049153
12080,-0.7794124072369014,-0.9662081942227487,-0.1282780266592754
9094,-0.9783719990319979,-1.0903483146762787,1.3225144938600255
352,-0.2322735298003864,-0.9436372632311979,-0.1282780266592754
6078,-1.0281118969807719,-0.5147895743917307,-0.1282780266592754
6236,-1.077851794929546,-1.1354901766593806,1.3225144938600255
12732,0.886874174047031,-0.44707678141707796,-1.5790705471785762
12322,-0.505842968518644,-0.3793639884424253,0.8389169870202585
8946,-0.38149322364670873,0.5009023202280599,0.8389169870202585
11163,1.3096633066116106,1.5955924733182787,-1.5790705471785762
15306,-0.8788922031344497,-0.9549227287269733,0.8389169870202585
2920,-1.077851794929546,-1.2032029696340332,0.8389169870202585
8503,0.488954990456838,0.6701843026646918,-0.1282780266592754
4644,0.9863539699445792,0.4896168547322845,-0.1282780266592754
661,-0.08305383595406408,-0.5147895743917307,-0.6118755334990423
7057,0.8122643271238696,1.076461060512608,-0.6118755334990423
10181,-1.052981845955159,-1.1129192456678296,0.8389169870202585
3665,-0.8042823562112885,-1.0452064526931768,-0.1282780266592754
7979,-0.8291523051856755,-0.9323517977354224,0.8389169870202585
306,-1.077851794929546,-1.0903483146762787,1.3225144938600255
10527,-1.077851794929546,-1.0564919181889523,0.8389169870202585
4790,-1.077851794929546,-1.0677773836847277,0.8389169870202585
2356,1.583232745329868,1.922870972695767,-0.1282780266592754
11894,-0.9535020500576108,-0.22136747150156896,0.8389169870202585
11996,-1.077851794929546,-1.1016337801720542,0.8389169870202585
1927,-0.8788922031344497,-0.35679305745087436,0.8389169870202585
14336,-1.052981845955159,-0.6615006258368116,1.3225144938600255
3427,1.1107037148165144,1.5165942148478506,-0.6118755334990423
8941,1.5086228984067072,1.877729110712665,-0.1282780266592754
3638,-0.48097301954425686,-1.0000645907100751,0.35531948018049153
13058,-0.033313938005289936,-0.19879654051001805,-0.6118755334990423
1266,1.5583627963554811,1.9115855071999914,-0.6118755334990423
1560,-0.7545424582625144,-0.2552238679888953,0.8389169870202585
14398,1.1604436127652884,1.629448869805605,-1.5790705471785762
11787,1.9562819799456737,1.4150250253858716,-2.062668054018343
10326,0.5386948884056122,0.6588988371689163,0.35531948018049153
7179,0.6133047353287733,0.7604680266308953,-0.6118755334990423
4109,-0.6550626623649661,-0.24393840249311985,0.8389169870202585
7867,0.8122643271238696,1.3473122324112188,0.35531948018049153
4904,-1.077851794929546,-0.43579131592130255,1.3225144938600255
7294,-0.8788922031344497,-1.1129192456678296,-0.1282780266592754
514,-0.3068833767235475,0.5234732512196109,0.35531948018049153
894,1.5583627963554811,1.900300041704216,0.35531948018049153
8601,0.7873943781494827,1.3134558359238924,0.35531948018049153
21,-1.077851794929546,-1.1580611076509315,1.3225144938600255
11577,1.583232745329868,0.8846081470844253,-2.062668054018343
15254,-0.15766368287722518,0.06076916589281733,-0.1282780266592754
899,0.8122643271238696,1.4375959563774223,-0.6118755334990423
207,1.7324524391761906,1.8213017832337877,-0.1282780266592754
458,1.6827125412274162,1.1554593189830362,-1.5790705471785762
10246,-0.13279373390283822,-0.8194971427776678,-0.1282780266592754
2430,0.04129590891787117,0.4106185962618563,-0.1282780266592754
8442,-1.052981845955159,-1.0452064526931768,1.3225144938600255
12398,0.09103580686664531,-0.8759244702565452,-0.6118755334990423
9299,0.09103580686664531,0.9071790780759762,-0.1282780266592754
3389,1.4340130514835459,1.2118866464619134,-1.5790705471785762
9905,-0.8788922031344497,-0.921066332239647,0.8389169870202585
3911,-0.6799326113393532,-0.3793639884424253,0.35531948018049153
5383,-1.077851794929546,-0.8759244702565452,1.3225144938600255
8907,-0.9783719990319979,-0.22136747150156896,1.3225144938600255
552,-0.40636317262109567,0.46704592374073356,0.8389169870202585
9631,1.9314120309712868,1.956727369183093,-0.6118755334990423
10462,-0.9037621521088367,-0.34550759195509895,0.35531948018049153
3144,0.016425959943484204,0.5799005786984881,0.35531948018049153
6917,-0.9286321010832237,-1.124204711163605,0.8389169870202585
2056,1.0360938678933531,1.1328883879914853,-0.1282780266592754
1925,-0.48097301954425686,-0.018229092577610833,0.8389169870202585
634,0.4143451435336769,0.08334009688436823,-0.1282780266592754
6082,1.1355736637909013,1.0651755950168325,0.35531948018049153
8508,0.886874174047031,0.9861773365464044,-0.6118755334990423
14247,-0.7545424582625144,-1.0564919181889523,0.35531948018049153
14857,1.0360938678933531,0.7604680266308953,-1.0954730403388093
8619,1.1604436127652884,1.3698831634027697,0.35531948018049153
13183,-0.7048025603137403,-0.898495401248096,-0.1282780266592754
105,1.3842731535347719,1.2344575774534643,-0.1282780266592754
3041,-1.052981845955159,-0.4696477124086289,0.8389169870202585
12430,-1.077851794929546,-1.1806320386424822,0.8389169870202585
10361,-0.7794124072369014,-0.006943627081835381,0.35531948018049153
1709,0.6133047353287733,0.5347587167153863,-0.1282780266592754
89,-1.0281118969807719,-0.6389296948452606,0.8389169870202585
7014,-1.077851794929546,-0.8420680737692188,0.8389169870202585
10433,-0.8788922031344497,-0.11979828203958989,0.35531948018049153
3174,0.9863539699445792,0.6476133716731408,0.8389169870202585
917,1.3345332555859974,1.7423035247633596,-0.1282780266592754
7833,1.9314120309712868,2.126009351619725,-0.1282780266592754
6732,0.6630446332775474,1.3134558359238924,-0.1282780266592754
1949,-1.0281118969807719,-0.3906494539382007,0.8389169870202585
12236,-1.077851794929546,-0.43579131592130255,0.8389169870202585
11040,1.0360938678933531,0.6250424406815899,-0.6118755334990423
6368,-0.033313938005289936,0.8056098886139971,0.8389169870202585
1,-0.6550626623649661,-1.0339209871974016,0.35531948018049153
8032,-0.05818388697967712,-0.898495401248096,-1.5790705471785762
12529,0.886874174047031,1.031319198529506,-1.5790705471785762
6047,2.2795913166127058,2.1711512136028266,-1.0954730403388093
9127,-0.4561030705698698,-0.9887791252142997,-0.1282780266592754
14152,-0.48097301954425686,-0.4019349194339762,0.8389169870202585
2720,2.055761775843222,2.1937221445943775,-0.6118755334990423
8783,-0.8042823562112885,-1.0339209871974016,0.35531948018049153
15054,-1.077851794929546,-0.9436372632311979,0.8389169870202585
3117,-0.40636317262109567,0.4331895272534072,0.8389169870202585
11128,-0.40636317262109567,0.4896168547322845,0.35531948018049153
15262,-0.9286321010832237,-0.5599314363748324,-0.1282780266592754
10640,1.1604436127652884,-0.13108374753536534,-2.54626556085811
9768,0.6133047353287733,0.1397674243632455,-0.1282780266592754
3762,0.11590575584103227,0.5347587167153863,0.8389169870202585
213,0.2402555007129675,0.828180819605548,-0.1282780266592754
778,-0.2322735298003864,-0.5937878328621589,-1.0954730403388093
3496,-1.077851794929546,-0.5147895743917307,0.8389169870202585
13546,0.2402555007129675,-0.6050732983579343,-0.6118755334990423
2043,-0.008443989030902977,0.6137569751858144,0.35531948018049153
8920,-0.05818388697967712,0.7717534921266708,0.35531948018049153
5420,-0.9535020500576108,-0.9774936597185242,0.8389169870202585
6154,-1.052981845955159,-1.0677773836847277,0.8389169870202585
9759,-0.18253363185161225,-0.10851281654381445,0.35531948018049153
8357,-1.077851794929546,-1.146775642155156,1.3225144938600255
12894,0.6381746843031604,0.8846081470844253,-1.0954730403388093
11758,-0.3317533256979346,-0.27779479898044623,0.8389169870202585
13378,-1.077851794929546,-0.6163587638537098,1.3225144938600255
12625,0.886874174047031,1.3247413014196678,-1.0954730403388093
10205,-0.555582866467418,-1.0113500562058506,-0.6118755334990423
8465,-1.077851794929546,-0.9097808667438715,0.8389169870202585
12052,-1.077851794929546,-1.1919175041382577,1.3225144938600255
4167,-1.052981845955159,-0.3342221264593235,0.8389169870202585
10960,0.5138249394312252,-0.7743552807945661,-2.54626556085811
3788,1.8070622860993515,1.8890145762084405,-0.1282780266592754
8586,-0.8540222541600626,-0.006943627081835381,1.3225144938600255
583,-0.505842968518644,0.19619475184212273,0.35531948018049153
15210,1.2847933576372237,1.5165942148478506,-0.1282780266592754
15318,-0.7545424582625144,-0.9662081942227487,0.8389169870202585
116,-0.38149322364670873,0.2300511483294491,0.35531948018049153
6644,1.2350534596884497,0.4444749927491827,-2.54626556085811
13869,-1.077851794929546,-1.2032029696340332,1.3225144938600255
15268,-0.35662327467232163,-0.24393840249311985,0.8389169870202585
14990,-0.48097301954425686,-0.9097808667438715,0.8389169870202585
13757,0.14077570481541946,0.4106185962618563,-1.0954730403388093
8712,-1.077851794929546,-1.1129192456678296,1.3225144938600255
1763,-1.077851794929546,-1.0677773836847277,-0.1282780266592754
1875,0.8620042250726437,-0.19879654051001805,-2.54626556085811
12157,0.5386948884056122,0.7378970956393444,0.35531948018049153
11536,-0.580452815441805,0.17362382085057185,0.8389169870202585
10445,1.2847933576372237,1.4375959563774223,-1.0954730403388093
3224,-1.077851794929546,-1.0677773836847277,0.8389169870202585
526,-1.077851794929546,-0.4245058504255271,0.8389169870202585
7725,1.2350534596884497,0.026912769405490974,-1.5790705471785762
2946,-1.077851794929546,-1.146775642155156,1.3225144938600255
4473,-1.077851794929546,-0.7292134188114643,0.8389169870202585
12091,-1.077851794929546,-1.0903483146762787,1.3225144938600255
5655,0.46408504148245106,1.1893157154703624,-0.1282780266592754
8884,1.2847933576372237,1.3811686288985452,-0.6118755334990423
6059,1.8816721330225128,1.8100163177380122,-1.5790705471785762
959,2.1801115207151573,1.776159921250686,-1.5790705471785762
12636,1.1853135617396753,1.3924540943943207,-2.062668054018343
6342,2.2298514186639316,2.1147238861239495,-1.0954730403388093
3633,0.36460524558490276,-0.8194971427776678,-1.0954730403388093
1050,-1.077851794929546,-1.1354901766593806,0.8389169870202585
8782,-1.077851794929546,-1.169346573146707,0.35531948018049153
8711,0.7625244291750957,-0.43579131592130255,-2.062668054018343
3380,0.5635648373799991,0.5799005786984881,-1.0954730403388093
3676,-0.35662327467232163,-0.8533535392649942,0.8389169870202585
5776,-0.4561030705698698,-0.672786091332587,0.35531948018049153
13887,-1.077851794929546,-1.1919175041382577,1.3225144938600255
6573,-0.580452815441805,-1.022635521701626,0.35531948018049153
5179,-1.077851794929546,-0.9097808667438715,0.8389169870202585
1607,-0.530712917493031,0.30904940679987725,0.35531948018049153
3610,-1.077851794929546,-1.146775642155156,0.35531948018049153
14974,-1.077851794929546,-1.1919175041382577,0.8389169870202585
6635,-0.033313938005289936,-0.26650933348467076,0.8389169870202585
15339,-0.9783719990319979,-1.0903483146762787,0.35531948018049153
10001,-0.13279373390283822,0.6250424406815899,0.8389169870202585
791,-1.0281118969807719,-0.8646390047607697,0.8389169870202585
8984,2.130371622766383,1.9115855071999914,-1.0954730403388093
3056,0.7873943781494827,1.2570285084450152,0.35531948018049153
10047,-0.8788922031344497,-0.040800023569161736,-0.1282780266592754
1980,0.5635648373799991,1.2344575774534643,0.8389169870202585
11425,1.9314120309712868,1.4714523528647487,-2.062668054018343
3598,-0.033313938005289936,-0.6615006258368116,0.8389169870202585
933,-0.40636317262109567,0.39933313076608085,0.35531948018049153
12155,0.016425959943484204,0.37676219977452996,-0.6118755334990423
13194,-0.555582866467418,-0.7517843498030152,-0.6118755334990423
7424,2.080631724817609,1.8438727142253386,-1.5790705471785762
5626,-0.8540222541600626,-0.029514558073386283,0.8389169870202585
1682,1.3345332555859974,1.4263104908816469,-0.6118755334990423
4179,-1.077851794929546,-0.4245058504255271,0.8389169870202585
12218,0.2651254496873547,1.0426046640252815,-0.6118755334990423
13156,-0.555582866467418,-0.9887791252142997,-0.1282780266592754
6446,0.6133047353287733,0.7830389576224462,0.8389169870202585
4116,1.7821923371249646,1.3134558359238924,-1.5790705471785762
988,0.11590575584103227,0.12848195886747005,0.35531948018049153
11703,-1.003241948006385,-1.1129192456678296,1.3225144938600255
11645,0.3148653476361286,-0.672786091332587,0.35531948018049153
2896,0.46408504148245106,-0.7856407462903415,-1.5790705471785762
3778,2.2049814696895442,2.0018692311661948,-0.1282780266592754
5658,2.6029006532797374,2.498429712980315,-0.6118755334990423
11722,-1.077851794929546,-1.1129192456678296,1.3225144938600255
3093,0.06616585789225812,0.8958936125802007,0.35531948018049153
3155,-0.2322735298003864,0.28647847580832636,0.35531948018049153
11393,-0.8291523051856755,-0.6050732983579343,0.8389169870202585
1823,-1.077851794929546,-1.2032029696340332,1.3225144938600255
14777,1.2350534596884497,1.7084471282760332,-0.6118755334990423
1098,-1.077851794929546,-1.1919175041382577,0.8389169870202585
10396,0.7376544802007085,1.3811686288985452,-1.0954730403388093
2844,-0.08305383595406408,-0.4019349194339762,-0.1282780266592754
9078,-0.9535020500576108,-1.0113500562058506,0.8389169870202585
3342,0.16564565378980642,-0.34550759195509895,-0.1282780266592754
38,-0.6053227644161921,-0.8307826082734433,0.35531948018049153
6540,-0.7545424582625144,-1.0113500562058506,0.35531948018049153
14360,1.1355736637909013,1.2457430429492398,-1.0954730403388093
8707,0.09103580686664531,-0.5712169018706079,-0.6118755334990423
3356,-0.20740358082599933,-0.22136747150156896,0.35531948018049153
13025,-0.2322735298003864,0.19619475184212273,-0.1282780266592754
9645,-0.530712917493031,0.3203348722956527,0.8389169870202585
11745,-0.2322735298003864,-0.4809331779044043,-1.0954730403388093
11801,1.7324524391761906,1.5617360768309523,-2.062668054018343
12857,0.6879145822519344,0.28647847580832636,-1.5790705471785762
10698,-0.25714347877477345,0.2300511483294491,-0.1282780266592754
11186,0.9117441230214178,1.0877465260083834,-1.0954730403388093
12191,-0.9037621521088367,-0.13108374753536534,0.35531948018049153
7813,-1.077851794929546,-0.43579131592130255,1.3225144938600255
14927,-0.4312331215954827,-0.8420680737692188,0.8389169870202585
9098,-1.077851794929546,-1.169346573146707,0.8389169870202585
8220,1.6827125412274162,1.956727369183093,-0.6118755334990423
14953,-1.077851794929546,-1.2032029696340332,0.35531948018049153
10699,1.1853135617396753,1.1554593189830362,-1.0954730403388093
2428,1.2599234086628366,1.1667447844788115,-0.6118755334990423
5043,-0.7794124072369014,-0.8082116772818925,0.8389169870202585
5346,0.46408504148245106,0.7717534921266708,-0.6118755334990423
8954,-0.7296725092881273,0.12848195886747005,0.8389169870202585
11939,-1.077851794929546,-0.7517843498030152,0.8389169870202585
4811,0.2402555007129675,-0.09722735104803899,0.35531948018049153
8476,-0.3068833767235475,-0.19879654051001805,0.8389169870202585
686,-1.077851794929546,-1.146775642155156,0.8389169870202585
4799,-0.9037621521088367,-0.8759244702565452,-0.6118755334990423
7437,0.016425959943484204,0.6927552336562426,0.8389169870202585
2353,-1.0281118969807719,-0.27779479898044623,1.3225144938600255
6353,-1.077851794929546,-0.43579131592130255,1.3225144938600255
13862,-0.10792378492845114,-0.921066332239647,-1.5790705471785762
4569,2.1801115207151573,2.2388640065774794,-0.6118755334990423
8213,0.7127845312263216,1.3585976979069943,0.35531948018049153
2752,1.3842731535347719,1.7197325937718086,-0.1282780266592754
9077,-0.8042823562112885,-0.9323517977354224,1.3225144938600255
8073,-0.3068833767235475,-0.7292134188114643,-0.1282780266592754
9109,-1.077851794929546,-1.2032029696340332,1.3225144938600255
1040,-0.18253363185161225,-0.6953570223241379,-0.1282780266592754
14174,0.04129590891787117,-0.44707678141707796,0.35531948018049153
7491,1.085833765842127,1.5843070078225032,-0.1282780266592754
1265,-0.8788922031344497,-0.029514558073386283,0.8389169870202585
12771,0.19051560276419338,-0.8646390047607697,-1.0954730403388093
14237,-1.077851794929546,-1.2032029696340332,1.3225144938600255
7059,-0.20740358082599933,0.39933313076608085,1.3225144938600255
277,1.1853135617396753,0.252622079321,-1.0954730403388093
5084,-0.9286321010832237,-1.1129192456678296,0.8389169870202585
10276,-1.077851794929546,-1.0339209871974016,1.3225144938600255
9437,-1.077851794929546,-1.0903483146762787,1.3225144938600255
2382,1.3096633066116106,1.7084471282760332,-0.1282780266592754
571,2.3790711125102537,2.1937221445943775,-2.062668054018343
1435,0.16564565378980642,-0.8420680737692188,-0.6118755334990423
12094,0.9614840209701918,-0.3003657299719971,-2.062668054018343
9439,0.16564565378980642,-0.5712169018706079,-0.6118755334990423
5352,1.2101835107140624,1.0990319915041589,-0.6118755334990423
12873,-0.9286321010832237,-0.5147895743917307,-0.1282780266592754
11718,-0.10792378492845114,-0.7292134188114643,-0.6118755334990423
10706,0.46408504148245106,0.828180819605548,-1.5790705471785762
5445,-0.7048025603137403,-1.0000645907100751,0.35531948018049153
1007,-0.7794124072369014,-0.6276442293494852,0.8389169870202585
12962,-0.10792378492845114,0.7491825611351198,-0.1282780266592754
4543,-0.033313938005289936,0.8056098886139971,0.35531948018049153
12987,1.6329726432786424,1.8100163177380122,-2.062668054018343
15096,-0.033313938005289936,0.602471509690039,0.35531948018049153
14242,-0.8291523051856755,-1.0903483146762787,0.35531948018049153
2064,0.33973529661051577,0.602471509690039,-1.0954730403388093
1136,-0.08305383595406408,-0.6163587638537098,0.35531948018049153
9882,0.21538555173858054,-0.7292134188114643,-2.54626556085811
14215,-1.077851794929546,-1.1919175041382577,1.3225144938600255
5343,1.3345332555859974,1.3134558359238924,0.35531948018049153
10177,-0.555582866467418,-0.8646390047607697,-0.6118755334990423
294,-0.10792378492845114,-0.5035041088959552,-0.6118755334990423
9739,1.2101835107140624,1.031319198529506,-0.6118755334990423
10204,0.3148653476361286,-0.8194971427776678,-2.062668054018343
8780,-0.9535020500576108,-1.1016337801720542,0.35531948018049153
11521,0.488954990456838,1.1216029224957098,-0.6118755334990423
2403,0.886874174047031,1.2795994394365662,0.35531948018049153
10321,1.856802184048126,1.2683139739407907,-2.54626556085811
3998,-1.077851794929546,-1.2032029696340332,0.8389169870202585
14325,-0.033313938005289936,0.03819823490126643,0.8389169870202585
3741,1.4091431025091588,0.9297500090675271,-1.5790705471785762
11700,-1.077851794929546,-1.1806320386424822,1.3225144938600255
14167,-0.20740358082599933,-0.44707678141707796,-1.5790705471785762
2719,2.1552415717407705,2.250149472073255,-1.0954730403388093
14138,-0.38149322364670873,-0.1649401440226917,0.8389169870202585
12713,-1.077851794929546,-1.0339209871974016,0.8389169870202585
5150,-1.0281118969807719,-1.0452064526931768,0.8389169870202585
2808,1.2350534596884497,0.7830389576224462,-1.5790705471785762
9017,0.6381746843031604,0.5009023202280599,0.35531948018049153
556,-1.052981845955159,-0.35679305745087436,0.8389169870202585
13707,0.43921509250806384,1.1103174569999343,0.35531948018049153
4795,0.7873943781494827,-0.2552238679888953,-1.5790705471785762
2469,1.0112239189189662,0.1849092863463473,-1.5790705471785762
3738,0.6381746843031604,0.47833138923650903,0.35531948018049153
4286,0.9366140719958048,0.3316203377914282,-0.6118755334990423
12643,-0.008443989030902977,0.5460441822111617,-2.062668054018343
9908,-0.05818388697967712,-0.5486459708790571,-0.1282780266592754
2604,-1.077851794929546,-1.0452064526931768,1.3225144938600255
362,0.2899953986617417,-0.8307826082734433,-0.6118755334990423
6924,-1.077851794929546,-1.2032029696340332,1.3225144938600255
1704,-0.9783719990319979,-0.5147895743917307,0.35531948018049153
2139,-0.9535020500576108,-1.022635521701626,1.3225144938600255
3239,0.7873943781494827,-0.5147895743917307,-1.5790705471785762
2383,-0.10792378492845114,0.7040406991520181,0.8389169870202585
7314,-0.25714347877477345,-0.9097808667438715,0.35531948018049153
4311,-1.052981845955159,-0.9774936597185242,0.8389169870202585
9477,-1.077851794929546,-1.2032029696340332,1.3225144938600255
1312,-1.052981845955159,-0.45836224691285343,0.8389169870202585
14477,1.085833765842127,1.1328883879914853,-0.6118755334990423
3930,0.09103580686664531,-0.1875110750142426,-1.0954730403388093
6183,-1.077851794929546,-1.1919175041382577,1.3225144938600255
13303,2.503420857382189,2.4194314545098865,-2.54626556085811
1591,0.6133047353287733,1.0990319915041589,-0.1282780266592754
14416,1.9314120309712868,-0.8872099357523205,-1.5790705471785762
2162,-1.077851794929546,-1.1919175041382577,0.8389169870202585
2396,1.4091431025091588,1.6633052662929315,-1.0954730403388093
317,-1.052981845955159,-1.1016337801720542,1.3225144938600255
9516,-1.077851794929546,-1.1580611076509315,0.35531948018049153
11303,-0.3068833767235475,-0.9549227287269733,-1.0954730403388093
5233,0.7127845312263216,1.0426046640252815,-1.0954730403388093
13672,-0.008443989030902977,0.8168953541097725,-0.6118755334990423
5068,-1.077851794929546,-1.146775642155156,0.8389169870202585
4036,-1.077851794929546,-1.1580611076509315,0.35531948018049153
8987,2.030891826868835,1.8100163177380122,-2.062668054018343
3020,-0.25714347877477345,0.1397674243632455,0.8389169870202585
9903,-0.7048025603137403,-0.8420680737692188,-0.6118755334990423
11579,-1.077851794929546,-0.7856407462903415,0.35531948018049153
8228,1.4588830004579327,1.7874453867464615,-0.6118755334990423
12741,0.6879145822519344,-0.5937878328621589,-2.062668054018343
9105,-1.077851794929546,-1.1919175041382577,0.8389169870202585
5295,2.030891826868835,0.0,-1.0954730403388093
3972,0.8620042250726437,-0.5260750398875061,-2.54626556085811
5370,-0.8788922031344497,-0.5147895743917307,0.8389169870202585
4133,-1.003241948006385,-0.4019349194339762,0.8389169870202585
974,-0.6550626623649661,-0.19879654051001805,0.35531948018049153
7291,-0.505842968518644,-1.0113500562058506,0.35531948018049153
9175,-0.35662327467232163,-0.672786091332587,0.8389169870202585
954,1.7573223881505777,1.6407343353013806,-1.0954730403388093
9610,0.016425959943484204,0.5121877857238354,-0.1282780266592754
9752,1.2101835107140624,0.7040406991520181,-0.6118755334990423
12327,-0.40636317262109567,-0.3793639884424253,0.35531948018049153
13660,1.533492847381094,1.8213017832337877,-0.6118755334990423
12457,0.06616585789225812,-0.5937878328621589,-0.1282780266592754
9547,-0.10792378492845114,-0.5147895743917307,-0.6118755334990423
14296,-0.6550626623649661,-0.7404988843072398,0.8389169870202585
5016,-1.077851794929546,-0.8759244702565452,1.3225144938600255
14930,-0.555582866467418,-0.898495401248096,0.8389169870202585
9179,-0.505842968518644,-0.6953570223241379,0.35531948018049153
10874,1.1604436127652884,0.1397674243632455,-2.54626556085811
7490,0.886874174047031,1.4601668873689733,0.35531948018049153
13239,0.06616585789225812,0.24133661382522456,-0.6118755334990423
1640,-1.003241948006385,-0.22136747150156896,0.8389169870202585
1290,-0.9037621521088367,-0.09722735104803899,0.8389169870202585
11873,0.8122643271238696,1.4037395598900961,-0.6118755334990423
1380,-1.077851794929546,-0.9774936597185242,-0.1282780266592754
1933,1.3096633066116106,1.2231721119576888,-0.6118755334990423
4675,-0.6550626623649661,-0.7179279533156888,0.35531948018049153
14029,-0.3317533256979346,0.5009023202280599,0.8389169870202585
11352,0.7127845312263216,-0.5260750398875061,-1.5790705471785762
10222,-1.052981845955159,-1.1806320386424822,0.8389169870202585
892,-0.580452815441805,0.30904940679987725,1.3225144938600255
7287,-1.052981845955159,-1.1806320386424822,1.3225144938600255
4876,0.9366140719958048,1.2908849049323414,0.35531948018049153
12261,-0.9783719990319979,-0.26650933348467076,0.35531948018049153
7906,2.0060218778944483,1.5391651458394016,-2.062668054018343
12447,-1.077851794929546,-1.1354901766593806,1.3225144938600255
8194,2.0060218778944483,2.1598657481070513,-1.0954730403388093
14406,1.9314120309712868,-0.921066332239647,-1.0954730403388093
10301,0.9863539699445792,0.4444749927491827,-0.1282780266592754
9041,-1.052981845955159,-0.8646390047607697,0.8389169870202585
10929,-0.38149322364670873,-0.9549227287269733,-1.0954730403388093
2466,-0.13279373390283822,-0.24393840249311985,0.35531948018049153
7657,0.7625244291750957,-0.7630698152987906,-2.062668054018343
10106,-1.077851794929546,-0.7066424878199133,0.8389169870202585
9788,-0.6550626623649661,-0.7066424878199133,0.8389169870202585
1913,-1.077851794929546,-0.7517843498030152,-0.1282780266592754
13331,0.2651254496873547,1.031319198529506,-0.6118755334990423
11362,-0.28201342774916044,-0.6953570223241379,-0.1282780266592754
2736,1.1355736637909013,1.6407343353013806,-0.1282780266592754
726,0.33973529661051577,-0.8307826082734433,-1.0954730403388093
7214,-1.0281118969807719,-0.8194971427776678,-0.1282780266592754
8245,1.1107037148165144,1.4375959563774223,-0.1282780266592754
1796,0.488954990456838,-0.7630698152987906,-0.6118755334990423
3845,1.4340130514835459,1.7648744557549105,-1.0954730403388093
6402,-0.505842968518644,0.3541912687829791,0.8389169870202585
10745,-1.0281118969807719,-0.28908026447622165,0.8389169870202585
10992,0.11590575584103227,-0.6276442293494852,-0.1282780266592754
936,-0.48097301954425686,0.30904940679987725,0.8389169870202585
2265,-0.40636317262109567,-0.28908026447622165,0.35531948018049153
824,-1.077851794929546,-0.7066424878199133,1.3225144938600255
12513,-0.7794124072369014,-0.322936660963548,0.8389169870202585
7274,-1.077851794929546,-1.1806320386424822,1.3225144938600255
11593,-1.077851794929546,-0.8872099357523205,0.8389169870202585
1389,-1.077851794929546,-1.022635521701626,1.3225144938600255
3564,-1.077851794929546,-0.9323517977354224,0.8389169870202585
9076,0.9863539699445792,-0.3793639884424253,-1.0954730403388093
5429,0.9117441230214178,-0.4696477124086289,-0.6118755334990423
7827,0.7625244291750957,1.3811686288985452,-0.6118755334990423
5690,0.11590575584103227,0.7604680266308953,0.35531948018049153
13059,0.2402555007129675,-0.08594188555226354,-0.6118755334990423
7878,0.7873943781494827,1.2457430429492398,0.35531948018049153
1868,0.04129590891787117,-0.5599314363748324,-0.6118755334990423
13373,-1.077851794929546,-0.5825023673663834,1.3225144938600255
8202,-1.0281118969807719,-0.26650933348467076,0.8389169870202585
11607,-0.033313938005289936,-0.3342221264593235,0.35531948018049153
7486,-0.530712917493031,0.3654767342787545,0.8389169870202585
9655,2.7272503981516727,2.554857040459192,-0.1282780266592754
806,-0.10792378492845114,-0.08594188555226354,-0.6118755334990423
4805,0.2651254496873547,-0.27779479898044623,-0.1282780266592754
13559,0.5884347863543863,-0.34550759195509895,-1.5790705471785762
12260,2.2795913166127058,2.126009351619725,-2.54626556085811
10300,0.6630446332775474,0.2751930103125509,-0.6118755334990423
14051,2.030891826868835,0.0,-2.062668054018343
15276,-1.077851794929546,-0.9323517977354224,0.35531948018049153
10426,-0.35662327467232163,0.45576045824495814,-0.1282780266592754
9155,0.2651254496873547,-0.6840715568283625,-0.6118755334990423
7511,1.085833765842127,1.4488814218731978,-0.6118755334990423
8056,-1.077851794929546,-1.1580611076509315,1.3225144938600255
4494,1.2101835107140624,1.2344575774534643,-0.1282780266592754
2632,0.09103580686664531,0.026912769405490974,-0.1282780266592754
13668,-1.077851794929546,-0.43579131592130255,1.3225144938600255
8896,0.5884347863543863,1.0877465260083834,-0.6118755334990423
8623,-0.08305383595406408,0.5121877857238354,0.35531948018049153
7832,1.1355736637909013,1.6407343353013806,0.35531948018049153
4388,-0.05818388697967712,-0.8759244702565452,-0.6118755334990423
145,-0.8540222541600626,-0.040800023569161736,0.8389169870202585
6467,1.7324524391761906,0.8620372160928744,-2.062668054018343
2033,0.2402555007129675,0.8846081470844253,0.35531948018049153
14013,0.9366140719958048,1.3473122324112188,-0.6118755334990423
1165,0.9863539699445792,0.3429058032872036,-0.6118755334990423
11692,-0.505842968518644,-0.9887791252142997,0.35531948018049153
2050,1.0360938678933531,1.2231721119576888,-1.0954730403388093
3760,0.6630446332775474,0.850751750597099,0.35531948018049153
10816,0.36460524558490276,0.8056098886139971,-0.1282780266592754
12676,-0.20740358082599933,-0.052085489064937186,-1.0954730403388093
4435,-0.9783719990319979,-0.921066332239647,0.35531948018049153
3430,-0.9286321010832237,-0.1423692130311408,0.8389169870202585
8190,0.7376544802007085,1.3585976979069943,-0.1282780266592754
13457,-1.077851794929546,-1.1016337801720542,1.3225144938600255
7069,1.1107037148165144,1.4150250253858716,0.35531948018049153
4361,-1.077851794929546,-1.2032029696340332,1.3225144938600255
10616,-0.505842968518644,-0.898495401248096,-1.0954730403388093
9454,0.2402555007129675,-0.7066424878199133,-0.1282780266592754
1771,-1.0281118969807719,-1.0564919181889523,0.8389169870202585
3511,0.8122643271238696,1.0877465260083834,-0.1282780266592754
271,0.6381746843031604,0.15105288985902093,-0.1282780266592754
12984,-0.15766368287722518,0.6250424406815899,-1.0954730403388093
15309,-1.077851794929546,-1.146775642155156,0.8389169870202585
8436,-0.008443989030902977,-0.6502151603410361,0.35531948018049153
12605,2.3044612655870926,2.3065767995521322,-2.54626556085811
12764,-0.8788922031344497,-1.1016337801720542,-1.0954730403388093
2032,-0.8540222541600626,-0.08594188555226354,0.35531948018049153
14712,0.5635648373799991,0.7153261646477935,-1.0954730403388093
12316,-0.28201342774916044,-0.17622560951846716,-0.6118755334990423
9005,-1.003241948006385,-0.5035041088959552,0.8389169870202585
14837,-1.077851794929546,-0.6050732983579343,0.35531948018049153
3810,0.36460524558490276,1.0990319915041589,0.35531948018049153
13785,-0.05818388697967712,-0.1649401440226917,-0.1282780266592754
9996,-1.052981845955159,-0.3906494539382007,0.8389169870202585
14095,0.5884347863543863,1.053890129521057,0.35531948018049153
4346,0.2651254496873547,-0.7292134188114643,-0.1282780266592754
10653,-0.580452815441805,-0.5373605053832816,0.35531948018049153
545,0.4143451435336769,1.1441738534872608,-0.1282780266592754
3241,0.14077570481541946,-0.6953570223241379,-0.6118755334990423
8930,2.080631724817609,2.2162930755859285,-0.1282780266592754
8502,1.359403204560385,1.1554593189830362,-0.6118755334990423
11713,-1.077851794929546,-1.146775642155156,1.3225144938600255
9323,-0.4561030705698698,0.39933313076608085,0.8389169870202585
15218,-0.4561030705698698,0.17362382085057185,0.8389169870202585
12303,2.0060218778944483,1.1441738534872608,-2.54626556085811
10961,-1.077851794929546,-1.1919175041382577,-0.1282780266592754
7564,1.1107037148165144,0.5799005786984881,-0.6118755334990423
920,-0.13279373390283822,0.6927552336562426,0.35531948018049153
14001,0.2402555007129675,0.7604680266308953,-0.6118755334990423
11779,-0.8540222541600626,-0.4245058504255271,-0.6118755334990423
6640,-1.077851794929546,-0.9097808667438715,0.8389169870202585
12151,-1.077851794929546,-0.672786091332587,0.8389169870202585
7694,-0.8788922031344497,-1.022635521701626,0.35531948018049153
8230,0.4143451435336769,1.0877465260083834,0.35531948018049153
12651,1.7324524391761906,1.4714523528647487,-2.54626556085811
7126,-1.077851794929546,-0.43579131592130255,1.3225144938600255
4278,-0.35662327467232163,-0.17622560951846716,0.8389169870202585
2983,1.0112239189189662,0.1849092863463473,0.35531948018049153
130,-1.052981845955159,-0.4132203849297516,1.3225144938600255
13409,-0.48097301954425686,-0.2552238679888953,-0.1282780266592754
7980,-1.0281118969807719,-1.0564919181889523,0.8389169870202585
2667,-0.2322735298003864,0.28647847580832636,0.35531948018049153
7138,1.4837529494323203,1.7648744557549105,-0.1282780266592754
3223,0.04129590891787117,-0.5260750398875061,-0.6118755334990423
9374,0.9117441230214178,0.850751750597099,-1.0954730403388093
7693,0.4143451435336769,-0.6502151603410361,-0.1282780266592754
5392,-0.2322735298003864,-0.34550759195509895,0.35531948018049153
614,1.4588830004579327,0.9297500090675271,-1.5790705471785762
15196,0.7376544802007085,1.5504506113351768,-1.0954730403388093
1466,-1.077851794929546,-1.1919175041382577,0.8389169870202585
4497,-0.15766368287722518,0.38804766527030543,0.35531948018049153
3042,-1.0281118969807719,-0.4132203849297516,0.8389169870202585
9126,-0.40636317262109567,-0.9774936597185242,-0.1282780266592754
2419,-0.35662327467232163,0.252622079321,-0.1282780266592754
5085,-0.9783719990319979,-1.1354901766593806,-0.1282780266592754
3294,-1.077851794929546,-1.1919175041382577,0.8389169870202585
6737,-0.25714347877477345,0.6250424406815899,0.8389169870202585
1500,-0.033313938005289936,-0.6163587638537098,-0.6118755334990423
13014,1.0112239189189662,1.1216029224957098,-0.6118755334990423
9018,-0.08305383595406408,0.09462556238014368,0.8389169870202585
1521,-1.077851794929546,-0.9436372632311979,1.3225144938600255
14000,-0.28201342774916044,0.3541912687829791,0.35531948018049153
11122,1.7821923371249646,2.0357256276535214,-0.6118755334990423
4232,2.080631724817609,1.9341564381915424,-2.54626556085811
7686,-0.13279373390283822,-0.8420680737692188,-0.1282780266592754
8820,-0.555582866467418,-0.6615006258368116,0.8389169870202585
4430,0.09103580686664531,-0.4809331779044043,-0.1282780266592754
12045,-1.052981845955159,-1.1806320386424822,-0.1282780266592754
390,-0.35662327467232163,-0.8420680737692188,-1.0954730403388093
12537,0.8122643271238696,1.0990319915041589,-0.6118755334990423
15134,0.06616585789225812,1.053890129521057,-0.6118755334990423
7124,-0.8788922031344497,-0.040800023569161736,0.8389169870202585
5913,0.5138249394312252,0.12848195886747005,0.8389169870202585
12182,-1.077851794929546,-0.4922186434001798,0.8389169870202585
8592,1.359403204560385,1.7310180592675841,-0.6118755334990423
4806,-1.077851794929546,-0.9887791252142997,1.3225144938600255
13327,-0.580452815441805,0.3203348722956527,-0.6118755334990423
13749,2.1055016737919963,1.6068779388140542,-2.54626556085811
11551,-0.6550626623649661,-0.018229092577610833,0.8389169870202585
8238,-1.0281118969807719,-0.3342221264593235,0.8389169870202585
8044,-0.4312331215954827,-0.9549227287269733,0.8389169870202585
15013,-0.008443989030902977,-0.4696477124086289,0.8389169870202585
3993,-1.077851794929546,-1.1919175041382577,0.8389169870202585
11834,-0.40636317262109567,0.4219040617576318,0.35531948018049153
11918,1.533492847381094,1.4037395598900961,-1.5790705471785762
14661,0.2651254496873547,-0.36807852294664983,-0.6118755334990423
13400,-0.555582866467418,-0.21008200600579352,0.35531948018049153
6609,-1.077851794929546,-1.1129192456678296,1.3225144938600255
5319,1.1107037148165144,1.4714523528647487,-0.6118755334990423
15102,2.7272503981516727,2.701568091904273,-0.6118755334990423
7119,-0.7545424582625144,0.12848195886747005,0.35531948018049153
2421,-1.003241948006385,-0.43579131592130255,0.8389169870202585
5604,-0.8788922031344497,-0.17622560951846716,1.3225144938600255
1750,0.43921509250806384,-0.2326529369973444,0.35531948018049153
15072,0.16564565378980642,0.7943244231182217,-0.1282780266592754
13846,0.43921509250806384,-0.7179279533156888,-1.0954730403388093
12254,-0.13279373390283822,0.6363279061773653,0.35531948018049153
14912,0.016425959943484204,-0.5486459708790571,-0.1282780266592754
338,-1.077851794929546,-1.1919175041382577,1.3225144938600255
8407,-1.077851794929546,-1.1919175041382577,1.3225144938600255
11855,-1.052981845955159,-0.3342221264593235,0.35531948018049153
1341,1.3842731535347719,0.9636064055548534,-1.0954730403388093
14652,-0.4312331215954827,-0.7292134188114643,-0.1282780266592754
7982,-1.052981845955159,-1.0790628491805032,0.8389169870202585
12086,0.5635648373799991,-0.5147895743917307,-1.5790705471785762
3640,-0.033313938005289936,-0.9097808667438715,-0.6118755334990423
329,-1.077851794929546,-1.169346573146707,1.3225144938600255
13563,0.33973529661051577,-0.36807852294664983,-0.6118755334990423
3004,-1.077851794929546,-0.7856407462903415,1.3225144938600255
6960,-1.003241948006385,-1.1016337801720542,0.8389169870202585
4090,0.6630446332775474,0.252622079321,-0.6118755334990423
11307,-1.077851794929546,-1.2032029696340332,-0.1282780266592754
9828,-0.9783719990319979,-1.1016337801720542,0.8389169870202585
2322,-1.077851794929546,-0.4922186434001798,1.3225144938600255
6667,0.16564565378980642,0.3316203377914282,0.35531948018049153
7009,-0.2322735298003864,-0.2326529369973444,0.35531948018049153
4197,0.9117441230214178,1.4940232838562997,-0.1282780266592754
3549,0.2899953986617417,0.1397674243632455,-1.5790705471785762
9650,0.5884347863543863,1.2457430429492398,0.35531948018049153
8363,-0.10792378492845114,-0.8194971427776678,0.35531948018049153
4203,-0.35662327467232163,0.5121877857238354,-0.1282780266592754
14304,-1.077851794929546,-0.9436372632311979,1.3225144938600255
11761,0.19051560276419338,0.04948370039704188,0.35531948018049153
12418,-1.077851794929546,-1.1919175041382577,1.3225144938600255
13722,-0.4312331215954827,0.3429058032872036,1.3225144938600255
13350,1.533492847381094,1.7648744557549105,-1.5790705471785762
13816,-1.077851794929546,-1.0677773836847277,0.8389169870202585
6185,0.21538555173858054,-0.8420680737692188,0.35531948018049153
1639,1.6329726432786424,1.9454419036873176,-0.1282780266592754
9130,-1.077851794929546,-1.1919175041382577,1.3225144938600255
60,-1.077851794929546,-0.9436372632311979,1.3225144938600255
1240,1.4340130514835459,1.7423035247633596,-0.1282780266592754
5760,0.21538555173858054,-0.1875110750142426,0.35531948018049153
5136,-1.077851794929546,-1.146775642155156,1.3225144938600255
2343,2.652640551228511,2.4871442474845393,-2.062668054018343
2120,-0.008443989030902977,-0.45836224691285343,-0.1282780266592754
1524,0.5635648373799991,0.04948370039704188,-0.1282780266592754
7617,-0.08305383595406408,-0.6840715568283625,0.35531948018049153
153,-0.580452815441805,0.29776394130410183,1.3225144938600255
481,-1.052981845955159,-0.4922186434001798,0.8389169870202585
6122,-1.0281118969807719,-0.8533535392649942,0.8389169870202585
12652,-0.8788922031344497,-0.3003657299719971,-1.5790705471785762
7674,-0.7545424582625144,-1.0564919181889523,-0.1282780266592754
7101,-1.003241948006385,-0.22136747150156896,0.8389169870202585
12112,-1.077851794929546,-0.9774936597185242,1.3225144938600255
1762,0.9863539699445792,-0.24393840249311985,-2.54626556085811
8942,0.8371342760982567,1.4488814218731978,-0.1282780266592754
7715,-0.530712917493031,-0.7404988843072398,0.35531948018049153
9977,0.4143451435336769,0.8056098886139971,-0.1282780266592754
13946,-0.9783719990319979,-0.7630698152987906,1.3225144938600255
7479,0.7625244291750957,1.4037395598900961,-0.6118755334990423
6212,-0.8540222541600626,-1.0903483146762787,0.8389169870202585
12693,-0.555582866467418,-0.4696477124086289,0.8389169870202585
4853,-0.3068833767235475,0.1849092863463473,0.35531948018049153
2711,0.9863539699445792,1.5165942148478506,-0.1282780266592754
6766,0.6133047353287733,1.2457430429492398,-0.1282780266592754
4150,0.11590575584103227,0.7717534921266708,-0.1282780266592754
12385,-1.052981845955159,-1.146775642155156,0.35531948018049153
1333,0.21538555173858054,0.5460441822111617,-0.1282780266592754
14451,1.4340130514835459,1.6633052662929315,-1.0954730403388093
11046,0.6133047353287733,0.5234732512196109,-0.6118755334990423
8378,0.2899953986617417,-0.8307826082734433,-0.6118755334990423
9328,0.14077570481541946,0.8733226815886498,0.8389169870202585
14419,2.4039410614846406,-0.921066332239647,0.35531948018049153
14894,-1.077851794929546,-0.9774936597185242,1.3225144938600255
10250,-1.052981845955159,-1.124204711163605,0.35531948018049153
14006,0.5884347863543863,1.0426046640252815,-0.1282780266592754
3850,1.5583627963554811,1.8100163177380122,-0.1282780266592754
8340,1.06096381686774,-0.27779479898044623,-1.5790705471785762
4124,1.1604436127652884,1.1328883879914853,-0.1282780266592754
13081,-0.4312331215954827,-0.6615006258368116,-0.1282780266592754
13765,1.0360938678933531,0.6927552336562426,-1.5790705471785762
11555,-0.9286321010832237,-0.34550759195509895,1.3225144938600255
4788,-0.6301927133905793,-0.8194971427776678,-0.1282780266592754
2866,0.9117441230214178,-0.3906494539382007,-0.6118755334990423
11968,-1.052981845955159,-0.898495401248096,1.3225144938600255
1386,-0.48097301954425686,-0.6050732983579343,0.35531948018049153
5941,1.7821923371249646,1.2908849049323414,-0.1282780266592754
3067,0.19051560276419338,0.9071790780759762,0.8389169870202585
13913,-0.580452815441805,-0.8533535392649942,0.8389169870202585
3629,-1.052981845955159,-1.1806320386424822,0.8389169870202585
14526,1.4091431025091588,0.252622079321,-2.062668054018343
12989,0.2651254496873547,0.9184645435717517,-1.0954730403388093
13742,2.0060218778944483,1.6858761972844822,-2.062668054018343
3028,1.8816721330225128,1.5165942148478506,-2.54626556085811
2969,-0.8291523051856755,-0.8646390047607697,0.35531948018049153
11664,-0.555582866467418,-1.0113500562058506,-0.1282780266592754
9900,0.04129590891787117,-0.6050732983579343,-1.0954730403388093
11145,-0.530712917493031,0.3429058032872036,0.8389169870202585
8646,-0.3068833767235475,0.03819823490126643,-0.1282780266592754
6136,-0.7296725092881273,-0.7517843498030152,0.8389169870202585
8801,0.6381746843031604,-0.4696477124086289,-1.0954730403388093
4263,-0.3068833767235475,0.03819823490126643,-0.1282780266592754
13018,1.1853135617396753,1.1554593189830362,-1.0954730403388093
645,0.2402555007129675,-0.1649401440226917,-0.6118755334990423
14824,-0.3317533256979346,0.38804766527030543,-0.6118755334990423
2074,0.488954990456838,0.46704592374073356,-0.6118755334990423
12244,-0.6550626623649661,0.2074802173378982,1.3225144938600255
341,-1.077851794929546,-1.1919175041382577,0.8389169870202585
8041,0.04129590891787117,-0.8533535392649942,-0.6118755334990423
1622,-0.05818388697967712,0.7830389576224462,0.35531948018049153
12875,-0.530712917493031,-0.15365467852691625,-0.6118755334990423
7141,1.0360938678933531,1.4601668873689733,-0.1282780266592754
5796,-1.077851794929546,-1.1354901766593806,1.3225144938600255
7184,-0.555582866467418,-0.13108374753536534,1.3225144938600255
14328,-1.077851794929546,-0.7856407462903415,0.8389169870202585
8232,2.1055016737919963,2.1372948171155004,-0.1282780266592754
5475,-1.077851794929546,-1.2032029696340332,0.8389169870202585
10281,-0.8291523051856755,-0.8082116772818925,1.3225144938600255
12116,-1.077851794929546,-0.921066332239647,1.3225144938600255
10367,-1.077851794929546,-0.44707678141707796,1.3225144938600255
14219,-1.077851794929546,-1.1919175041382577,1.3225144938600255
74,-1.077851794929546,-0.8420680737692188,1.3225144938600255
15182,-0.9037621521088367,0.11719649337169459,0.35531948018049153
15235,0.7873943781494827,0.6814697681604671,-2.062668054018343
10849,1.1853135617396753,0.6476133716731408,-1.0954730403388093
11372,-0.40636317262109567,-0.6389296948452606,-0.1282780266592754
10268,-0.530712917493031,-0.7743552807945661,0.8389169870202585
8633,1.7573223881505777,1.4940232838562997,0.35531948018049153
14176,-1.0281118969807719,-0.9774936597185242,1.3225144938600255
2051,-0.008443989030902977,0.5347587167153863,0.35531948018049153
2541,-1.077851794929546,-1.2032029696340332,0.8389169870202585
1301,1.359403204560385,1.629448869805605,-0.1282780266592754
5877,-1.077851794929546,-1.1129192456678296,1.3225144938600255
7368,-0.9535020500576108,-0.7743552807945661,1.3225144938600255
11622,-0.13279373390283822,-0.5712169018706079,-0.6118755334990423
1304,0.16564565378980642,0.8168953541097725,-0.6118755334990423
8428,0.2899953986617417,-0.6502151603410361,-0.6118755334990423
13963,1.7821923371249646,0.9861773365464044,-2.54626556085811
2599,-0.8291523051856755,-0.898495401248096,-0.1282780266592754
12808,-0.7048025603137403,-0.9549227287269733,-0.1282780266592754
2573,-1.077851794929546,-1.169346573146707,0.35531948018049153
11472,1.06096381686774,1.5391651458394016,-0.6118755334990423
3186,0.9366140719958048,0.4106185962618563,-0.1282780266592754
12145,1.4588830004579327,1.031319198529506,-2.062668054018343
2768,0.2651254496873547,0.8620372160928744,0.35531948018049153
4831,0.09103580686664531,0.15105288985902093,-0.1282780266592754
4223,2.3790711125102537,2.2050076100901532,-1.5790705471785762
14817,-1.077851794929546,-0.5035041088959552,1.3225144938600255
2106,-0.9535020500576108,-0.796926211786117,0.35531948018049153
2679,-0.08305383595406408,0.5347587167153863,-0.1282780266592754
10953,-0.7296725092881273,-1.0677773836847277,0.35531948018049153
12880,-1.077851794929546,-0.6840715568283625,0.8389169870202585
13591,-1.077851794929546,-0.8194971427776678,0.8389169870202585
1387,-0.13279373390283822,-0.4696477124086289,0.8389169870202585
14851,1.06096381686774,0.9748918710506289,-1.5790705471785762
14573,-1.077851794929546,-1.169346573146707,0.8389169870202585
13714,2.503420857382189,-0.921066332239647,-2.54626556085811
14880,-1.003241948006385,-0.7630698152987906,0.35531948018049153
7083,-0.40636317262109567,0.4106185962618563,0.35531948018049153
13364,0.5138249394312252,0.9974628020421797,-0.1282780266592754
13192,-1.077851794929546,-1.0677773836847277,0.8389169870202585
1279,0.33973529661051577,1.0877465260083834,0.35531948018049153
13221,-0.15766368287722518,-0.15365467852691625,-0.1282780266592754
804,-0.48097301954425686,-0.3342221264593235,0.8389169870202585
1555,-0.4312331215954827,-0.040800023569161736,0.35531948018049153
14567,-0.6550626623649661,-0.9436372632311979,0.35531948018049153
11382,1.2847933576372237,0.252622079321,-2.54626556085811
4566,1.3096633066116106,1.7310180592675841,0.35531948018049153
12994,2.055761775843222,1.9680128346788686,-2.062668054018343
14845,1.6827125412274162,1.4037395598900961,-1.5790705471785762
4841,-0.8540222541600626,-0.4019349194339762,0.8389169870202585
3594,0.9863539699445792,-0.3342221264593235,-1.5790705471785762
6035,0.6630446332775474,1.2795994394365662,0.35531948018049153
6852,-0.9535020500576108,-0.7743552807945661,-0.6118755334990423
10112,1.9562819799456737,1.1216029224957098,-2.54626556085811
8705,-1.077851794929546,-1.0790628491805032,0.8389169870202585
4177,0.6133047353287733,1.2795994394365662,0.35531948018049153
1308,0.11590575584103227,0.7491825611351198,0.35531948018049153
9106,0.7625244291750957,-0.7292134188114643,-2.062668054018343
3452,2.57803070430535,2.498429712980315,0.35531948018049153
3695,-0.20740358082599933,-0.6389296948452606,-0.1282780266592754
4242,1.3345332555859974,1.3924540943943207,-0.6118755334990423
11348,-0.3317533256979346,-0.8307826082734433,-0.6118755334990423
2198,0.16564565378980642,-0.8307826082734433,-0.6118755334990423
8966,2.030891826868835,2.0582965586450723,-0.1282780266592754
4425,-0.8042823562112885,-0.8872099357523205,-0.1282780266592754
6150,0.3148653476361286,-0.5035041088959552,-1.0954730403388093
943,-0.9535020500576108,-0.2552238679888953,0.8389169870202585
822,0.2899953986617417,0.38804766527030543,0.35531948018049153
5005,0.3148653476361286,0.24133661382522456,-0.1282780266592754
6612,-1.077851794929546,-1.1016337801720542,0.35531948018049153
12469,0.19051560276419338,-0.4019349194339762,-0.1282780266592754
8356,-1.077851794929546,-1.146775642155156,0.8389169870202585
5619,-1.077851794929546,-0.44707678141707796,1.3225144938600255
4547,1.2350534596884497,1.7084471282760332,-0.6118755334990423
12175,-1.052981845955159,-0.44707678141707796,1.3225144938600255
2538,-1.077851794929546,-1.2032029696340332,1.3225144938600255
14969,-1.052981845955159,-1.1806320386424822,0.8389169870202585
9503,-0.48097301954425686,-0.9774936597185242,0.8389169870202585
5207,1.3345332555859974,0.9861773365464044,-0.1282780266592754
14609,-1.077851794929546,-1.1919175041382577,1.3225144938600255
13837,-0.3317533256979346,-0.8533535392649942,-0.1282780266592754
13575,-0.48097301954425686,-0.4809331779044043,0.35531948018049153
3054,1.06096381686774,1.4150250253858716,-0.6118755334990423
3675,-0.6053227644161921,-0.9323517977354224,-0.1282780266592754
7776,0.8371342760982567,0.9410354745633025,-0.1282780266592754
7218,-1.077851794929546,-0.9323517977354224,1.3225144938600255
6722,1.6578425922530293,1.900300041704216,-1.0954730403388093
3300,0.2402555007129675,-0.7743552807945661,-1.0954730403388093
3310,-0.033313938005289936,-0.7630698152987906,0.35531948018049153
7221,-0.35662327467232163,-0.44707678141707796,0.8389169870202585
8519,1.4340130514835459,1.4714523528647487,-0.6118755334990423
10682,-0.35662327467232163,-0.029514558073386283,-0.6118755334990423
5954,1.9314120309712868,1.6181634043098296,-0.6118755334990423
10998,-0.35662327467232163,-0.7179279533156888,-0.1282780266592754
12600,0.9614840209701918,1.5165942148478506,-1.0954730403388093
832,-0.40636317262109567,0.06076916589281733,-0.1282780266592754
11271,-1.077851794929546,-1.124204711163605,1.3225144938600255
3462,-0.8540222541600626,0.00434183841394007,0.35531948018049153
13489,-0.8788922031344497,-1.1016337801720542,-0.6118755334990423
14329,0.43921509250806384,0.3541912687829791,0.35531948018049153
7643,0.2402555007129675,-0.8194971427776678,-0.1282780266592754
54,-0.6053227644161921,-0.6840715568283625,-0.6118755334990423
12256,2.2795913166127058,2.1711512136028266,-1.5790705471785762
3451,1.6827125412274162,1.979298300174644,-0.6118755334990423
6305,-1.052981845955159,-0.6276442293494852,1.3225144938600255
10093,-0.9286321010832237,-0.34550759195509895,0.8389169870202585
1481,-1.077851794929546,-1.1580611076509315,0.8389169870202585
4873,-0.9286321010832237,-0.2326529369973444,0.35531948018049153
13087,0.2899953986617417,-0.4809331779044043,-2.54626556085811
8038,-0.35662327467232163,-0.9549227287269733,0.35531948018049153
12342,0.7376544802007085,-0.13108374753536534,-0.6118755334990423
3335,-0.3317533256979346,-0.6276442293494852,0.35531948018049153
6016,2.478550908407802,2.4420023855014374,0.35531948018049153
4926,0.6630446332775474,1.3247413014196678,-0.6118755334990423
9138,-0.555582866467418,-0.9887791252142997,0.35531948018049153
5797,0.46408504148245106,-0.6050732983579343,-0.6118755334990423
11485,0.016425959943484204,0.850751750597099,-0.1282780266592754
10353,0.16564565378980642,0.7491825611351198,-0.1282780266592754
15085,2.030891826868835,2.126009351619725,-2.54626556085811
5083,-0.8540222541600626,-1.0790628491805032,-0.1282780266592754
6645,0.3894751945592899,0.09462556238014368,-1.5790705471785762
12481,1.2350534596884497,0.29776394130410183,-2.062668054018343
11249,-0.9535020500576108,-0.8759244702565452,0.8389169870202585
5490,-1.077851794929546,-1.1806320386424822,1.3225144938600255
768,-0.9783719990319979,-1.0113500562058506,0.8389169870202585
2065,0.16564565378980642,0.47833138923650903,-0.6118755334990423
14586,-0.9037621521088367,-1.1129192456678296,-0.6118755334990423
11687,-1.077851794929546,-1.1919175041382577,1.3225144938600255
7311,-0.7794124072369014,-1.0564919181889523,-0.1282780266592754
8477,-1.0281118969807719,-0.7404988843072398,0.8389169870202585
15249,-0.8540222541600626,-0.5035041088959552,0.35531948018049153
4524,1.533492847381094,1.7874453867464615,0.35531948018049153
11568,1.533492847381094,1.0426046640252815,-2.062668054018343
10524,-1.077851794929546,-1.0452064526931768,1.3225144938600255
2717,0.2402555007129675,1.0200337330337308,0.35531948018049153
2079,-0.8788922031344497,-0.4922186434001798,0.35531948018049153
11581,-0.15766368287722518,-0.040800023569161736,-0.1282780266592754
8914,2.0060218778944483,2.1147238861239495,-0.1282780266592754
951,-1.077851794929546,-0.5599314363748324,1.3225144938600255
8058,-1.077851794929546,-1.146775642155156,0.35531948018049153
2482,-1.077851794929546,-1.0113500562058506,1.3225144938600255
10454,1.0112239189189662,1.1667447844788115,-1.5790705471785762
9181,-1.0281118969807719,-0.9662081942227487,0.35531948018049153
11404,-0.4561030705698698,-0.21008200600579352,-0.6118755334990423
1759,-0.35662327467232163,-0.6389296948452606,-0.6118755334990423
9984,0.6381746843031604,1.0426046640252815,-0.6118755334990423
4422,-0.9535020500576108,-0.9887791252142997,0.35531948018049153
6704,0.5138249394312252,1.031319198529506,-0.1282780266592754
13671,2.2547213676383184,0.0,-2.54626556085811
9916,-0.4312331215954827,-0.6050732983579343,0.8389169870202585
5182,-1.052981845955159,-0.8307826082734433,-0.1282780266592754
8533,-1.077851794929546,-0.4809331779044043,1.3225144938600255
3701,-1.077851794929546,-1.0452064526931768,1.3225144938600255
4243,-0.8042823562112885,-0.1423692130311408,0.35531948018049153
688,-1.003241948006385,-1.0903483146762787,0.35531948018049153
3432,-0.05818388697967712,0.7153261646477935,0.8389169870202585
13395,-0.7048025603137403,-0.26650933348467076,0.8389169870202585
4944,-0.48097301954425686,0.3654767342787545,0.8389169870202585
966,-0.25714347877477345,0.24133661382522456,-0.1282780266592754
14895,-0.8042823562112885,-0.7292134188114643,0.8389169870202585
14564,-1.077851794929546,-1.1354901766593806,1.3225144938600255
10395,-0.13279373390283822,0.726611630143569,-0.1282780266592754
2713,-0.3317533256979346,0.5460441822111617,0.8389169870202585
4757,0.488954990456838,-0.7404988843072398,-1.5790705471785762
13290,-0.20740358082599933,0.5686151132027126,0.35531948018049153
12350,-0.6799326113393532,-0.7743552807945661,0.35531948018049153
14654,1.0112239189189662,-0.2326529369973444,-2.062668054018343
6320,1.5583627963554811,1.4263104908816469,-0.6118755334990423
13472,-0.6053227644161921,-0.9323517977354224,0.35531948018049153
5975,-0.9783719990319979,-0.26650933348467076,0.8389169870202585
3572,-0.35662327467232163,-0.4922186434001798,0.35531948018049153
12997,0.2402555007129675,0.828180819605548,-1.0954730403388093
5299,0.9614840209701918,1.5053087493520751,0.35531948018049153
1990,0.5884347863543863,1.2795994394365662,0.35531948018049153
12312,-0.4561030705698698,-0.2326529369973444,0.35531948018049153
12951,1.2847933576372237,1.7423035247633596,-0.6118755334990423
1205,1.3842731535347719,1.302170370428117,-0.6118755334990423
13490,-0.6053227644161921,-1.022635521701626,-0.6118755334990423
13050,0.3148653476361286,0.09462556238014368,-1.0954730403388093
4971,0.6630446332775474,1.0087482675379553,-0.1282780266592754
14924,-0.20740358082599933,-0.7404988843072398,-0.1282780266592754
13226,-1.077851794929546,-0.8194971427776678,1.3225144938600255
6783,2.080631724817609,2.0131546966619704,-0.1282780266592754
3600,-1.0281118969807719,-1.0677773836847277,0.8389169870202585
6490,-0.9783719990319979,-0.8307826082734433,1.3225144938600255
8609,2.3044612655870926,2.126009351619725,-1.5790705471785762
15307,-0.6799326113393532,-0.9436372632311979,1.3225144938600255
13888,-1.077851794929546,-1.1806320386424822,0.8389169870202585
8070,-1.077851794929546,-1.1129192456678296,1.3225144938600255
8577,2.677510500202898,2.5435715749634165,-1.5790705471785762
7973,0.016425959943484204,-0.5599314363748324,0.35531948018049153
14300,1.2847933576372237,0.03819823490126643,-1.5790705471785762
1625,2.1055016737919963,2.227578541081704,-0.6118755334990423
536,0.7625244291750957,1.4037395598900961,-0.6118755334990423
8766,-1.077851794929546,-1.1919175041382577,1.3225144938600255
7970,-1.077851794929546,-1.0564919181889523,1.3225144938600255
13224,-0.505842968518644,-0.322936660963548,-2.062668054018343
4212,2.652640551228511,2.453287850997213,-2.062668054018343
6456,-0.555582866467418,-0.1649401440226917,0.8389169870202585
3507,0.8371342760982567,1.1554593189830362,-0.6118755334990423
8393,-1.003241948006385,-1.1580611076509315,1.3225144938600255
9524,-1.077851794929546,-1.1354901766593806,1.3225144938600255
7112,1.7573223881505777,2.0244401621577457,-0.6118755334990423
11694,-1.077851794929546,-1.1919175041382577,1.3225144938600255
2708,-1.052981845955159,-0.35679305745087436,1.3225144938600255
5031,0.16564565378980642,-0.24393840249311985,-1.0954730403388093
6514,0.2402555007129675,-0.5147895743917307,-0.1282780266592754
4662,-0.20740358082599933,-0.34550759195509895,-0.1282780266592754
4021,-0.505842968518644,-0.9887791252142997,0.35531948018049153
1854,-0.10792378492845114,-0.7404988843072398,-0.1282780266592754
14479,-0.15766368287722518,0.3316203377914282,0.35531948018049153
2872,0.6879145822519344,-0.5147895743917307,-0.6118755334990423
3030,0.5635648373799991,0.8056098886139971,-0.1282780266592754
9397,0.5138249394312252,0.1849092863463473,-0.6118755334990423
1645,1.7573223881505777,2.0018692311661948,-1.5790705471785762
3417,1.359403204560385,1.5730215423267278,-0.1282780266592754
3476,1.2101835107140624,1.652019800797156,0.35531948018049153
14662,0.3894751945592899,-0.3116511954677726,-0.1282780266592754
11053,0.2899953986617417,0.4444749927491827,0.35531948018049153
1792,-0.9286321010832237,-1.0790628491805032,-0.1282780266592754
13718,1.8816721330225128,1.9341564381915424,-1.5790705471785762
3797,-0.3317533256979346,0.47833138923650903,0.35531948018049153
3368,-0.3068833767235475,-0.11979828203958989,0.35531948018049153
11559,-0.9535020500576108,-0.4132203849297516,0.8389169870202585
11725,-1.0281118969807719,-1.0452064526931768,0.8389169870202585
7196,1.1107037148165144,0.6363279061773653,-0.1282780266592754
14804,-0.4561030705698698,0.38804766527030543,-0.1282780266592754
5109,-0.05818388697967712,-0.9097808667438715,-0.1282780266592754
6024,2.6277706022541243,2.5097151784760903,-2.062668054018343
11641,-0.35662327467232163,-0.8194971427776678,-1.5790705471785762
8795,-0.6550626623649661,-0.9097808667438715,0.35531948018049153
11248,-0.25714347877477345,-0.5147895743917307,-0.6118755334990423
14277,-0.505842968518644,-0.8420680737692188,0.35531948018049153
126,0.3894751945592899,0.9071790780759762,0.8389169870202585
5959,-1.052981845955159,-0.4922186434001798,1.3225144938600255
3876,0.6133047353287733,0.9748918710506289,-0.1282780266592754
11127,0.43921509250806384,1.178030249974587,-0.6118755334990423
13635,1.6827125412274162,1.652019800797156,-1.0954730403388093
4451,-1.077851794929546,-0.8872099357523205,0.8389169870202585
7147,0.04129590891787117,0.7378970956393444,0.35531948018049153
3531,-0.35662327467232163,0.01562730390971552,0.8389169870202585
10922,-1.077851794929546,-1.169346573146707,0.8389169870202585
827,-0.28201342774916044,0.09462556238014368,0.35531948018049153
9831,-1.077851794929546,-1.1806320386424822,1.3225144938600255
7790,-0.008443989030902977,0.5573296477069372,0.35531948018049153
984,1.1107037148165144,0.6927552336562426,-0.6118755334990423
11473,-0.9286321010832237,-0.11979828203958989,0.8389169870202585
11197,0.6133047353287733,0.7604680266308953,-1.0954730403388093
7783,-0.6799326113393532,-0.052085489064937186,0.35531948018049153
10380,0.6381746843031604,1.2795994394365662,-0.6118755334990423
14707,-1.0281118969807719,-0.5712169018706079,1.3225144938600255
2443,-0.8540222541600626,-0.44707678141707796,0.8389169870202585
8554,-0.4561030705698698,0.4219040617576318,0.8389169870202585
10541,-0.9037621521088367,-1.0000645907100751,0.35531948018049153
345,-1.077851794929546,-1.2032029696340332,-0.1282780266592754
814,-1.052981845955159,-0.7179279533156888,1.3225144938600255
6166,0.6630446332775474,-0.5937878328621589,-0.1282780266592754
12999,0.9366140719958048,1.2683139739407907,-1.0954730403388093
11397,1.085833765842127,0.4896168547322845,-1.0954730403388093
13939,-1.052981845955159,-0.898495401248096,0.8389169870202585
15007,-0.25714347877477345,-0.6163587638537098,0.8389169870202585
11517,-0.8291523051856755,-0.006943627081835381,-0.6118755334990423
12298,-1.077851794929546,-0.7179279533156888,-0.1282780266592754
5779,1.0360938678933531,-0.22136747150156896,-1.0954730403388093
2116,-1.052981845955159,-0.9662081942227487,1.3225144938600255
10026,-0.6550626623649661,0.24133661382522456,0.35531948018049153
793,-1.052981845955159,-0.8759244702565452,0.8389169870202585
15260,0.43921509250806384,-0.08594188555226354,0.8389169870202585
6898,-0.7545424582625144,-0.9774936597185242,0.35531948018049153
2674,0.9366140719958048,1.1554593189830362,-0.1282780266592754
94,-0.555582866467418,-0.13108374753536534,0.35531948018049153
4225,-0.8291523051856755,-0.06337095456071264,0.35531948018049153
3756,1.4091431025091588,1.2118866464619134,-0.1282780266592754
2891,-1.003241948006385,-1.1354901766593806,1.3225144938600255
2371,-0.033313938005289936,0.8056098886139971,0.8389169870202585
11420,1.8319322350737386,1.3134558359238924,-2.062668054018343
14417,2.428811010459028,-0.8759244702565452,-2.54626556085811
3228,-1.052981845955159,-1.0564919181889523,1.3225144938600255
7863,-0.3317533256979346,0.5121877857238354,0.8389169870202585
6359,1.8070622860993515,2.0131546966619704,0.8389169870202585
14132,-0.4312331215954827,-0.13108374753536534,0.35531948018049153
13102,-0.9535020500576108,-1.0452064526931768,-0.6118755334990423
7326,-1.077851794929546,-1.1580611076509315,-0.1282780266592754
6028,1.359403204560385,1.7648744557549105,-0.1282780266592754
11045,-0.008443989030902977,0.15105288985902093,-0.6118755334990423
13429,0.4143451435336769,-0.09722735104803899,-0.1282780266592754
11104,-1.077851794929546,-0.4245058504255271,0.8389169870202585
1865,0.9863539699445792,-0.322936660963548,-2.54626556085811
4612,1.2350534596884497,1.2570285084450152,-1.0954730403388093
10049,-0.40636317262109567,0.46704592374073356,0.35531948018049153
2645,-1.0281118969807719,-0.6389296948452606,0.35531948018049153
2243,-1.077851794929546,-1.022635521701626,1.3225144938600255
5373,-0.033313938005289936,0.01562730390971552,0.35531948018049153
2336,0.19051560276419338,0.9071790780759762,0.8389169870202585
950,-1.077851794929546,-0.5599314363748324,1.3225144938600255
11260,-0.8788922031344497,-0.9097808667438715,-0.6118755334990423
1120,-1.052981845955159,-1.124204711163605,1.3225144938600255
10789,-0.3068833767235475,0.5121877857238354,0.35531948018049153
2204,-1.077851794929546,-1.1806320386424822,0.35531948018049153
419,-1.077851794929546,-1.0113500562058506,0.35531948018049153
922,0.14077570481541946,0.9071790780759762,0.35531948018049153
9446,0.4143451435336769,-0.5825023673663834,-0.1282780266592754
8669,1.085833765842127,0.38804766527030543,-0.1282780266592754
10227,0.14077570481541946,-0.8533535392649942,-0.6118755334990423
5408,0.5138249394312252,-0.27779479898044623,-0.6118755334990423
5788,0.5635648373799991,-0.4809331779044043,-0.6118755334990423
5742,0.33973529661051577,0.15105288985902093,-0.6118755334990423
7667,0.14077570481541946,-0.8646390047607697,-1.5790705471785762
5567,-0.8042823562112885,-0.4019349194339762,0.8389169870202585
8135,-0.20740358082599933,0.1849092863463473,0.35531948018049153
1202,0.9366140719958048,0.9974628020421797,-1.0954730403388093
10818,1.1604436127652884,1.2570285084450152,-1.5790705471785762
5765,0.33973529661051577,-0.22136747150156896,-0.1282780266592754
8389,0.04129590891787117,-0.8872099357523205,-0.6118755334990423
1970,2.080631724817609,2.126009351619725,-0.6118755334990423
11302,-0.9535020500576108,-1.1354901766593806,0.8389169870202585
4018,-1.077851794929546,-1.1919175041382577,1.3225144938600255
10343,-0.2322735298003864,0.3541912687829791,-0.1282780266592754
3687,-1.052981845955159,-1.0790628491805032,0.8389169870202585
13108,-1.077851794929546,-1.1580611076509315,-0.1282780266592754
1997,1.4588830004579327,1.855158179721114,-1.0954730403388093
4033,-1.077851794929546,-1.169346573146707,0.8389169870202585
15186,1.9314120309712868,2.4645733164929884,-2.062668054018343
11246,-0.38149322364670873,-0.5373605053832816,0.35531948018049153
1248,1.359403204560385,1.7423035247633596,-1.0954730403388093
2192,0.016425959943484204,-0.8759244702565452,-1.0954730403388093
2712,1.0360938678933531,1.5617360768309523,-0.1282780266592754
9184,0.6630446332775474,-0.19879654051001805,-1.0954730403388093
2190,-1.077851794929546,-1.1919175041382577,1.3225144938600255
4670,-0.8042823562112885,-0.7517843498030152,0.8389169870202585
5142,-1.052981845955159,-1.1016337801720542,0.35531948018049153
5984,0.19051560276419338,0.8846081470844253,-0.1282780266592754
6565,-0.20740358082599933,-0.9436372632311979,0.35531948018049153
7804,2.2547213676383184,2.1372948171155004,-0.1282780266592754
11954,0.36460524558490276,0.11719649337169459,-1.5790705471785762
6943,-1.052981845955159,-1.169346573146707,0.35531948018049153
11789,1.5086228984067072,1.2344575774534643,-2.062668054018343
12903,1.6827125412274162,1.6181634043098296,-2.062668054018343
9510,0.21538555173858054,-0.7743552807945661,0.35531948018049153
10055,-0.008443989030902977,0.7830389576224462,-1.0954730403388093
10535,-0.9783719990319979,-1.0113500562058506,0.35531948018049153
10641,0.36460524558490276,-0.35679305745087436,-0.1282780266592754
2136,-1.077851794929546,-1.1016337801720542,0.8389169870202585
1065,-0.15766368287722518,-0.8872099357523205,-1.0954730403388093
600,0.9863539699445792,1.031319198529506,-1.0954730403388093
4227,0.4143451435336769,0.9861773365464044,-0.1282780266592754
10813,-0.38149322364670873,0.28647847580832636,0.35531948018049153
7577,-0.008443989030902977,-0.15365467852691625,0.35531948018049153
77,-1.0281118969807719,-0.7292134188114643,0.8389169870202585
7546,1.4091431025091588,1.1554593189830362,-0.1282780266592754
2898,-1.052981845955159,-1.169346573146707,0.8389169870202585
4820,-0.580452815441805,-0.4019349194339762,0.8389169870202585
9506,-1.077851794929546,-1.1806320386424822,0.8389169870202585
14291,0.7873943781494827,-0.26650933348467076,-1.5790705471785762
6413,0.2899953986617417,0.9410354745633025,0.35531948018049153
9444,-1.052981845955159,-1.0903483146762787,0.8389169870202585
9064,0.8122643271238696,-0.2552238679888953,-1.0954730403388093
12042,-1.052981845955159,-1.1806320386424822,1.3225144938600255
8007,0.21538555173858054,-0.8194971427776678,-0.6118755334990423
5468,-0.3317533256979346,-0.9662081942227487,-0.1282780266592754
5951,1.3842731535347719,1.2683139739407907,-0.1282780266592754
14989,-1.077851794929546,-1.1354901766593806,-1.0954730403388093
11157,-0.8042823562112885,0.00434183841394007,0.8389169870202585
3391,-0.6550626623649661,-0.10851281654381445,0.35531948018049153
5415,-0.05818388697967712,-0.5599314363748324,-0.1282780266592754
2560,-0.505842968518644,-0.9887791252142997,-0.1282780266592754
15176,-0.20740358082599933,0.8958936125802007,-2.062668054018343
8162,0.33973529661051577,0.8733226815886498,0.35531948018049153
2635,-0.20740358082599933,-0.09722735104803899,0.35531948018049153
5256,1.2101835107140624,1.5843070078225032,0.35531948018049153
3530,0.43921509250806384,0.5911860441942636,-0.1282780266592754
8567,-0.7048025603137403,0.1849092863463473,1.3225144938600255
1908,-0.20740358082599933,-0.040800023569161736,0.8389169870202585
12621,1.6329726432786424,1.8100163177380122,-2.062668054018343
14232,-0.35662327467232163,-0.9774936597185242,-0.1282780266592754
235,-0.40636317262109567,0.12848195886747005,0.35531948018049153
12219,0.2402555007129675,1.031319198529506,-0.1282780266592754
1604,-0.13279373390283822,0.6476133716731408,0.8389169870202585
7984,0.3894751945592899,-0.5825023673663834,-0.1282780266592754
9310,1.7821923371249646,2.0357256276535214,-1.0954730403388093
11869,1.3345332555859974,1.753588990259135,-1.0954730403388093
3490,-1.052981845955159,-0.3906494539382007,1.3225144938600255
15117,2.2298514186639316,2.656426229921171,-1.5790705471785762
11150,0.4143451435336769,1.0990319915041589,0.35531948018049153
1994,0.6630446332775474,1.3360267669154433,-0.1282780266592754
2824,0.6879145822519344,0.24133661382522456,-0.6118755334990423
14267,-1.077851794929546,-1.146775642155156,1.3225144938600255
10568,-1.077851794929546,-1.1919175041382577,-0.1282780266592754
13924,-0.7545424582625144,-0.8420680737692188,-0.1282780266592754
1342,0.7625244291750957,0.6476133716731408,0.35531948018049153
8512,0.5386948884056122,0.828180819605548,0.8389169870202585
1619,1.1355736637909013,1.629448869805605,-0.1282780266592754
11905,-0.8042823562112885,-0.08594188555226354,0.8389169870202585
5287,0.46408504148245106,1.1893157154703624,0.35531948018049153
2060,-0.6799326113393532,-0.09722735104803899,0.35531948018049153
15272,-0.580452815441805,-0.672786091332587,0.8389169870202585
2219,-0.35662327467232163,-0.8307826082734433,-0.1282780266592754
9865,-1.077851794929546,-1.1919175041382577,-0.1282780266592754
6038,2.1552415717407705,2.1711512136028266,-0.1282780266592754
260,-1.077851794929546,-0.8194971427776678,1.3225144938600255
14387,0.43921509250806384,1.076461060512608,0.35531948018049153
10231,-1.052981845955159,-1.169346573146707,0.8389169870202585
12977,0.5386948884056122,1.1893157154703624,-0.1282780266592754
9093,-0.6799326113393532,-0.9774936597185242,-0.1282780266592754
3744,-0.555582866467418,-0.1649401440226917,0.8389169870202585
2026,0.14077570481541946,0.8620372160928744,-0.1282780266592754
6988,0.3894751945592899,-0.36807852294664983,-0.6118755334990423
4234,1.1355736637909013,1.3811686288985452,-0.1282780266592754
1917,-0.2322735298003864,0.06076916589281733,0.35531948018049153
1828,-0.4312331215954827,-0.9774936597185242,-0.6118755334990423
9765,-0.530712917493031,-0.3793639884424253,-0.1282780266592754
12607,2.3293312145614795,2.3065767995521322,-2.54626556085811
12941,0.3148653476361286,1.0651755950168325,-0.6118755334990423
6233,-1.077851794929546,-1.146775642155156,1.3225144938600255
14338,-0.8042823562112885,-0.35679305745087436,0.8389169870202585
12846,-0.3068833767235475,-0.36807852294664983,-1.0954730403388093
6283,0.19051560276419338,0.06076916589281733,0.35531948018049153
4208,1.06096381686774,1.5504506113351768,-0.6118755334990423
12819,-0.8042823562112885,-0.9323517977354224,0.35531948018049153
224,-1.0281118969807719,-0.44707678141707796,1.3225144938600255
8915,1.5086228984067072,1.8213017832337877,-0.6118755334990423
10002,-0.8291523051856755,-0.029514558073386283,0.8389169870202585
9333,-0.7794124072369014,0.026912769405490974,0.8389169870202585
13721,0.46408504148245106,1.0426046640252815,-0.6118755334990423
6469,1.5583627963554811,0.7491825611351198,-2.062668054018343
13956,-1.052981845955159,-0.7743552807945661,1.3225144938600255
14462,2.2298514186639316,1.9680128346788686,-2.062668054018343
13746,-0.6053227644161921,-0.006943627081835381,0.35531948018049153
14932,-1.077851794929546,-1.146775642155156,0.35531948018049153
10954,-0.25714347877477345,-0.9436372632311979,-0.1282780266592754
846,-0.6301927133905793,0.00434183841394007,1.3225144938600255
4289,-1.003241948006385,-0.7743552807945661,0.8389169870202585
5560,-1.052981845955159,-0.7404988843072398,1.3225144938600255
13234,0.9863539699445792,0.6588988371689163,-2.062668054018343
2551,-1.077851794929546,-1.2032029696340332,1.3225144938600255
13917,0.11590575584103227,-0.5937878328621589,0.8389169870202585
11120,-0.555582866467418,0.3429058032872036,0.35531948018049153
117,-0.8788922031344497,-0.2326529369973444,0.8389169870202585
8837,0.3894751945592899,0.10591102787591913,-0.1282780266592754
5966,2.080631724817609,1.8890145762084405,-0.6118755334990423
8195,1.0112239189189662,1.5504506113351768,-0.1282780266592754
12362,0.5884347863543863,-0.4696477124086289,-1.5790705471785762
14043,1.3842731535347719,1.798730852242237,-1.0954730403388093
8659,0.9366140719958048,0.5234732512196109,-0.1282780266592754
7489,-0.6799326113393532,0.19619475184212273,0.8389169870202585
5,-0.13279373390283822,-0.898495401248096,-0.1282780266592754
5342,1.5583627963554811,1.4488814218731978,-0.1282780266592754
9111,-1.077851794929546,-1.2032029696340332,0.8389169870202585
10787,0.4143451435336769,1.0877465260083834,0.35531948018049153
4324,0.36460524558490276,-0.4922186434001798,-1.5790705471785762
1063,-0.6301927133905793,-0.9774936597185242,-0.1282780266592754
2590,-1.077851794929546,-1.1129192456678296,1.3225144938600255
8434,-1.077851794929546,-1.1129192456678296,1.3225144938600255
13046,-1.077851794929546,-0.8307826082734433,0.8389169870202585
9352,-1.077851794929546,-0.5712169018706079,1.3225144938600255
11062,-0.18253363185161225,0.2639075448167755,-0.6118755334990423
3735,-0.505842968518644,-0.2326529369973444,0.8389169870202585
13918,-1.077851794929546,-1.0903483146762787,1.3225144938600255
10589,0.04129590891787117,-0.8872099357523205,-0.6118755334990423
3517,0.7127845312263216,0.9410354745633025,0.35531948018049153
6986,-0.2322735298003864,-0.6050732983579343,0.35531948018049153
11613,-0.6799326113393532,-0.7066424878199133,0.35531948018049153
10755,-0.38149322364670873,0.5121877857238354,0.8389169870202585
6767,1.1107037148165144,1.5730215423267278,0.35531948018049153
5622,-1.077851794929546,-0.43579131592130255,1.3225144938600255
1605,1.6081026943042553,1.855158179721114,-1.0954730403388093
1733,-1.077851794929546,-0.898495401248096,1.3225144938600255
10516,0.5635648373799991,-0.1875110750142426,-1.0954730403388093
10901,-1.077851794929546,-1.1016337801720542,1.3225144938600255
14349,-0.9037621521088367,-0.35679305745087436,0.8389169870202585
9504,0.3894751945592899,-0.7743552807945661,-0.1282780266592754
11640,-1.077851794929546,-1.1354901766593806,0.8389169870202585
3812,0.8122643271238696,1.4263104908816469,0.8389169870202585
14779,-1.052981845955159,-0.3342221264593235,1.3225144938600255
10554,-1.0281118969807719,-1.1129192456678296,-0.1282780266592754
10167,1.0360938678933531,-0.3003657299719971,-2.54626556085811
11706,-0.008443989030902977,-0.796926211786117,-1.5790705471785762
1761,0.886874174047031,-0.2552238679888953,-1.0954730403388093
5401,1.0112239189189662,0.00434183841394007,-1.5790705471785762
2739,1.8816721330225128,2.0808674896366233,0.35531948018049153
13829,0.5386948884056122,-0.5486459708790571,-1.5790705471785762
14788,2.080631724817609,-0.898495401248096,-1.5790705471785762
2472,0.43921509250806384,-0.08594188555226354,-0.1282780266592754
6738,0.6879145822519344,1.3473122324112188,0.35531948018049153
6891,-0.7296725092881273,-0.9323517977354224,-0.6118755334990423
12199,2.478550908407802,2.374289592526785,-2.54626556085811
7943,0.5884347863543863,0.09462556238014368,-0.6118755334990423
12910,0.09103580686664531,0.7040406991520181,0.35531948018049153
9685,-0.13279373390283822,0.7040406991520181,0.35531948018049153
4206,1.2599234086628366,1.6858761972844822,-0.1282780266592754
6371,-0.7296725092881273,0.15105288985902093,0.8389169870202585
10350,0.6381746843031604,1.053890129521057,0.35531948018049153
9361,0.5884347863543863,0.8733226815886498,0.35531948018049153
10348,2.2795913166127058,1.979298300174644,-2.54626556085811
232,1.3842731535347719,1.2908849049323414,-0.1282780266592754
8258,-0.2322735298003864,0.39933313076608085,0.35531948018049153
7561,-1.077851794929546,-0.7856407462903415,1.3225144938600255
9795,-1.052981845955159,-1.0113500562058506,0.35531948018049153
6168,-1.077851794929546,-1.1580611076509315,0.8389169870202585
11475,2.080631724817609,2.1711512136028266,-1.5790705471785762
3596,0.2402555007129675,-0.5599314363748324,-0.1282780266592754
6288,-1.077851794929546,-0.8082116772818925,1.3225144938600255
4632,1.856802184048126,1.0990319915041589,-2.54626556085811
125,1.1107037148165144,1.3698831634027697,-0.6118755334990423
7641,-0.8540222541600626,-1.0790628491805032,0.35531948018049153
6229,-1.077851794929546,-1.1580611076509315,1.3225144938600255
13542,-1.077851794929546,-1.1354901766593806,1.3225144938600255
1296,0.8122643271238696,1.3247413014196678,-0.1282780266592754
1976,1.856802184048126,2.0357256276535214,-0.6118755334990423
14558,-0.05818388697967712,-0.6953570223241379,-0.1282780266592754
14497,0.8620042250726437,0.5911860441942636,-0.6118755334990423
10267,-0.9037621521088367,-0.9436372632311979,1.3225144938600255
12772,0.2651254496873547,-0.8533535392649942,-1.5790705471785762
5750,-1.077851794929546,-0.8872099357523205,0.35531948018049153
8152,-0.28201342774916044,0.30904940679987725,0.8389169870202585
14896,-1.077851794929546,-0.9887791252142997,1.3225144938600255
3086,0.2899953986617417,1.0651755950168325,0.35531948018049153
14253,-1.077851794929546,-1.1806320386424822,1.3225144938600255
6882,-0.3068833767235475,-0.7179279533156888,0.35531948018049153
14295,-0.8788922031344497,-0.8646390047607697,1.3225144938600255
7673,-0.35662327467232163,-0.9549227287269733,-0.1282780266592754
3345,-0.8291523051856755,-0.7743552807945661,0.8389169870202585
8172,-1.0281118969807719,-0.3342221264593235,0.35531948018049153
14473,1.06096381686774,1.178030249974587,-1.0954730403388093
5870,-1.077851794929546,-1.1354901766593806,0.35531948018049153
6506,-0.35662327467232163,-0.6276442293494852,0.8389169870202585
2797,0.9366140719958048,0.9184645435717517,-0.1282780266592754
918,1.8070622860993515,2.0244401621577457,-1.0954730403388093
1646,2.354201163535867,2.3404331960394584,-2.062668054018343
5122,-0.9286321010832237,-1.1016337801720542,0.8389169870202585
5126,-1.077851794929546,-1.1806320386424822,0.8389169870202585
13170,-0.9535020500576108,-1.0677773836847277,-1.5790705471785762
13623,1.0112239189189662,1.0877465260083834,-0.6118755334990423
4621,1.7573223881505777,1.3811686288985452,-0.6118755334990423
6809,-0.08305383595406408,0.37676219977452996,0.35531948018049153
364,0.2651254496873547,-0.8307826082734433,-1.0954730403388093
11479,-0.6550626623649661,0.2300511483294491,-0.1282780266592754
2125,-0.008443989030902977,-0.5260750398875061,-1.0954730403388093
8150,-0.008443989030902977,0.5009023202280599,0.35531948018049153
12315,1.4837529494323203,0.6701843026646918,-1.5790705471785762
12761,0.2402555007129675,-0.8307826082734433,-2.54626556085811
8717,-0.4312331215954827,-0.8307826082734433,0.8389169870202585
13013,0.16564565378980642,0.6137569751858144,-0.6118755334990423
55,0.9366140719958048,-0.0746564200564881,-1.0954730403388093
638,1.1604436127652884,0.3203348722956527,-1.0954730403388093
302,-1.077851794929546,-1.0677773836847277,0.8389169870202585
10958,-1.077851794929546,-1.1919175041382577,1.3225144938600255
5811,-1.077851794929546,-1.169346573146707,0.8389169870202585
1276,1.1853135617396753,1.6633052662929315,-0.1282780266592754
14178,-1.077851794929546,-1.0564919181889523,0.8389169870202585
12912,1.0360938678933531,1.3585976979069943,-0.1282780266592754
10247,0.09103580686664531,-0.7630698152987906,-1.5790705471785762
13568,0.7127845312263216,-0.1649401440226917,-1.5790705471785762
13337,-0.505842968518644,0.3654767342787545,0.35531948018049153
4432,-0.18253363185161225,-0.5599314363748324,-2.062668054018343
3644,-0.8291523051856755,-1.0903483146762787,0.8389169870202585
4143,2.080631724817609,1.9341564381915424,-2.062668054018343
2878,-0.8291523051856755,-1.0000645907100751,0.8389169870202585
12394,-0.008443989030902977,-0.8872099357523205,-0.6118755334990423
6493,-0.38149322364670873,-0.4922186434001798,0.8389169870202585
13367,1.359403204560385,1.4827378183605242,-0.1282780266592754
10478,0.14077570481541946,0.2300511483294491,-0.1282780266592754
10453,-0.6301927133905793,0.026912769405490974,0.8389169870202585
5240,2.080631724817609,1.9454419036873176,-1.5790705471785762
14447,-0.3317533256979346,0.46704592374073356,-0.1282780266592754
10488,-1.0281118969807719,-0.7292134188114643,0.8389169870202585
6937,-0.8540222541600626,-1.1016337801720542,0.35531948018049153
7240,-0.4561030705698698,-0.6953570223241379,0.8389169870202585
14124,1.359403204560385,0.9748918710506289,-2.062668054018343
9945,-0.3068833767235475,-0.08594188555226354,0.8389169870202585
13389,-0.20740358082599933,0.21876568283367365,0.8389169870202585
10160,-0.40636317262109567,-0.6615006258368116,-0.6118755334990423
2593,-1.077851794929546,-1.1016337801720542,1.3225144938600255
11309,-0.38149322364670873,-0.9774936597185242,0.35531948018049153
2393,1.4588830004579327,1.7197325937718086,-0.6118755334990423
523,1.0112239189189662,1.5504506113351768,-0.6118755334990423
6376,2.7272503981516727,2.577427971450743,-1.5790705471785762
6981,-0.35662327467232163,-0.7066424878199133,0.8389169870202585
13716,0.11590575584103227,0.828180819605548,-0.1282780266592754
6677,1.0360938678933531,0.9974628020421797,-0.6118755334990423
3900,1.2101835107140624,0.850751750597099,-0.6118755334990423
14793,1.6329726432786424,1.9341564381915424,-1.0954730403388093
12891,0.8122643271238696,0.9410354745633025,-1.5790705471785762
5585,-0.10792378492845114,0.3429058032872036,0.35531948018049153
14381,2.2547213676383184,2.1598657481070513,-1.5790705471785762
7956,-0.033313938005289936,-0.36807852294664983,-0.1282780266592754
7570,0.2651254496873547,0.08334009688436823,-0.1282780266592754
11314,-1.052981845955159,-1.1806320386424822,0.8389169870202585
6777,1.9811519289200612,2.0131546966619704,-1.0954730403388093
12348,-1.077851794929546,-1.0339209871974016,1.3225144938600255
10161,-0.20740358082599933,-0.5937878328621589,-0.6118755334990423
671,0.886874174047031,-0.34550759195509895,-0.6118755334990423
4188,1.6578425922530293,1.9680128346788686,-0.6118755334990423
666,-1.077851794929546,-1.0677773836847277,0.8389169870202585
3266,-1.077851794929546,-1.2032029696340332,-0.1282780266592754
1887,0.5884347863543863,0.026912769405490974,0.35531948018049153
11458,-0.4312331215954827,0.3429058032872036,0.35531948018049153
8472,-1.077851794929546,-0.8646390047607697,1.3225144938600255
9911,-1.077851794929546,-1.0339209871974016,1.3225144938600255
11139,1.7324524391761906,2.0018692311661948,-0.6118755334990423
12647,-0.4561030705698698,0.16233835535479638,-1.0954730403388093
9091,-1.077851794929546,-1.1580611076509315,1.3225144938600255
7687,-1.077851794929546,-1.169346573146707,0.35531948018049153
6031,-0.15766368287722518,0.6814697681604671,0.35531948018049153
15091,1.9314120309712868,2.227578541081704,-2.062668054018343
6090,1.1355736637909013,0.828180819605548,-0.6118755334990423
6238,-1.077851794929546,-1.124204711163605,1.3225144938600255
7350,0.2651254496873547,-0.44707678141707796,0.35531948018049153
7830,-0.05818388697967712,0.7830389576224462,-0.1282780266592754
760,-1.077851794929546,-1.124204711163605,-2.54626556085811
6254,-1.052981845955159,-1.022635521701626,0.35531948018049153
1906,-0.008443989030902977,0.04948370039704188,-0.1282780266592754
12234,0.9863539699445792,1.5391651458394016,-0.6118755334990423
12015,-0.580452815441805,-0.9436372632311979,-1.0954730403388093
12330,0.7873943781494827,0.10591102787591913,-1.0954730403388093
3818,1.4091431025091588,1.8213017832337877,0.35531948018049153
6269,-1.077851794929546,-0.9436372632311979,0.8389169870202585
4300,-0.3317533256979346,-0.44707678141707796,0.35531948018049153
5569,-0.505842968518644,-0.1423692130311408,0.35531948018049153
7941,0.36460524558490276,0.03819823490126643,0.35531948018049153
10785,-0.10792378492845114,0.7040406991520181,0.35531948018049153
4164,2.3293312145614795,2.2840058685605813,-1.0954730403388093
11223,-1.077851794929546,-0.8533535392649942,1.3225144938600255
5971,1.856802184048126,1.8325872487295631,-0.6118755334990423
3579,-0.580452815441805,-0.672786091332587,0.8389169870202585
2832,1.1107037148165144,0.2639075448167755,-1.0954730403388093
5449,-1.077851794929546,-1.1919175041382577,1.3225144938600255
3472,-0.8540222541600626,-0.006943627081835381,0.8389169870202585
6327,0.09103580686664531,0.6137569751858144,0.35531948018049153
137,1.583232745329868,1.776159921250686,-0.6118755334990423
7043,-0.6550626623649661,-0.11979828203958989,1.3225144938600255
4892,1.7573223881505777,1.9454419036873176,-1.0954730403388093
2180,-1.077851794929546,-1.2032029696340332,0.8389169870202585
10320,0.6133047353287733,0.602471509690039,-1.5790705471785762
7730,0.6381746843031604,0.026912769405490974,-1.0954730403388093
3177,-0.9535020500576108,-0.5825023673663834,0.8389169870202585
4854,0.488954990456838,0.7378970956393444,-0.6118755334990423
4637,1.085833765842127,0.6588988371689163,-1.0954730403388093
5115,-0.48097301954425686,-0.9887791252142997,-0.1282780266592754
14290,0.21538555173858054,-0.45836224691285343,-1.5790705471785762
7648,-0.3317533256979346,-0.9549227287269733,-0.1282780266592754
4261,0.3148653476361286,0.4444749927491827,0.35531948018049153
12536,0.14077570481541946,0.6363279061773653,-0.6118755334990423
1331,-1.052981845955159,-0.5712169018706079,0.8389169870202585
10209,-1.077851794929546,-1.2032029696340332,0.8389169870202585
12734,-0.7296725092881273,-0.9323517977354224,-0.6118755334990423
10674,-0.9037621521088367,-0.5486459708790571,-0.1282780266592754
7002,0.11590575584103227,-0.1649401440226917,0.35531948018049153
9550,-0.580452815441805,-0.6840715568283625,0.35531948018049153
6941,-0.8540222541600626,-1.0903483146762787,-0.1282780266592754
8017,-0.25714347877477345,-0.9436372632311979,-0.6118755334990423
6241,-0.4312331215954827,-0.8082116772818925,0.8389169870202585
9521,-0.580452815441805,-0.921066332239647,0.35531948018049153
15319,-1.077851794929546,-1.0564919181889523,0.8389169870202585
6881,-0.6301927133905793,-0.8194971427776678,-0.1282780266592754
13051,0.04129590891787117,-0.052085489064937186,-0.6118755334990423
10342,-0.25714347877477345,0.3203348722956527,0.35531948018049153
4530,-1.077851794929546,-0.4245058504255271,1.3225144938600255
10314,-1.052981845955159,-0.6953570223241379,0.8389169870202585
4673,-1.003241948006385,-0.9097808667438715,0.35531948018049153
12173,1.6081026943042553,1.5955924733182787,-1.0954730403388093
6996,-1.077851794929546,-1.0000645907100751,0.8389169870202585
1252,0.7127845312263216,1.3473122324112188,-0.1282780266592754
11470,1.3842731535347719,1.7310180592675841,-1.0954730403388093
3374,-1.052981845955159,-0.6953570223241379,0.8389169870202585
2814,-1.077851794929546,-0.796926211786117,1.3225144938600255
4719,-1.077851794929546,-1.1919175041382577,1.3225144938600255
6544,-1.077851794929546,-1.1919175041382577,0.8389169870202585
10040,-0.033313938005289936,0.8056098886139971,0.35531948018049153
4858,1.5583627963554811,1.4150250253858716,-0.1282780266592754
7901,1.583232745329868,1.4150250253858716,0.35531948018049153
11229,0.36460524558490276,0.03819823490126643,-1.5790705471785762
8580,1.5583627963554811,1.900300041704216,-0.1282780266592754
8427,-1.077851794929546,-1.1354901766593806,1.3225144938600255
1077,-1.077851794929546,-1.2032029696340332,0.8389169870202585
10176,-0.555582866467418,-0.8533535392649942,0.35531948018049153
4363,-0.08305383595406408,-0.9097808667438715,-0.6118755334990423
12154,0.9863539699445792,0.952320940059078,-1.5790705471785762
770,-1.077851794929546,-1.0903483146762787,1.3225144938600255
10357,-0.3068833767235475,0.4219040617576318,0.8389169870202585
12725,0.488954990456838,-0.45836224691285343,-1.0954730403388093
8865,-0.18253363185161225,0.19619475184212273,0.35531948018049153
249,1.06096381686774,0.7378970956393444,-0.6118755334990423
9766,0.06616585789225812,-0.0746564200564881,0.35531948018049153
7239,-0.8788922031344497,-0.8872099357523205,0.8389169870202585
3419,-1.0281118969807719,-0.34550759195509895,0.8389169870202585
10273,-0.9783719990319979,-0.9549227287269733,0.8389169870202585
10015,2.503420857382189,2.4194314545098865,-2.54626556085811
14739,0.14077570481541946,0.7604680266308953,-0.1282780266592754
4976,-0.7545424582625144,-0.11979828203958989,0.8389169870202585
4544,-0.20740358082599933,0.6588988371689163,0.35531948018049153
5565,-1.052981845955159,-0.6953570223241379,1.3225144938600255
7939,-0.008443989030902977,-0.10851281654381445,-0.1282780266592754
716,-1.077851794929546,-1.2032029696340332,1.3225144938600255
14822,0.33973529661051577,0.9071790780759762,0.35531948018049153
12338,0.5138249394312252,-0.1423692130311408,-0.1282780266592754
2048,-0.505842968518644,0.17362382085057185,-0.1282780266592754
5997,-1.077851794929546,-0.44707678141707796,0.8389169870202585
6600,0.7127845312263216,-0.5712169018706079,-1.5790705471785762
7245,-1.077851794929546,-1.0903483146762787,0.8389169870202585
13456,-1.077851794929546,-1.0903483146762787,1.3225144938600255
4178,0.2402555007129675,1.0200337330337308,0.35531948018049153
4809,-0.4312331215954827,-0.44707678141707796,-0.6118755334990423
10916,-0.6799326113393532,-0.9662081942227487,-0.6118755334990423
14562,0.5635648373799991,-0.5712169018706079,-1.0954730403388093
7140,1.5583627963554811,1.7874453867464615,-0.1282780266592754
7190,0.19051560276419338,0.2751930103125509,0.35531948018049153
1460,-1.077851794929546,-1.1919175041382577,0.8389169870202585
5989,1.6578425922530293,1.8890145762084405,-0.1282780266592754
9860,-1.077851794929546,-1.2032029696340332,0.8389169870202585
10948,-0.9535020500576108,-1.1354901766593806,0.8389169870202585
2000,1.1107037148165144,1.629448869805605,-0.1282780266592754
12763,-0.48097301954425686,-1.0000645907100751,-2.54626556085811
12805,-0.4561030705698698,-0.898495401248096,0.8389169870202585
8175,-0.555582866467418,0.252622079321,0.35531948018049153
404,-1.077851794929546,-1.0903483146762787,0.8389169870202585
384,-0.15766368287722518,-0.8307826082734433,-0.6118755334990423
14585,-0.8042823562112885,-1.0790628491805032,-0.1282780266592754
14568,-1.077851794929546,-1.146775642155156,1.3225144938600255
10344,1.5583627963554811,1.527879680343626,-2.062668054018343
1633,0.09103580686664531,0.9071790780759762,-0.1282780266592754
14666,1.3096633066116106,0.06076916589281733,-2.54626556085811
13772,0.7127845312263216,0.4106185962618563,-1.5790705471785762
4784,-1.077851794929546,-1.1016337801720542,0.8389169870202585
14616,-1.077851794929546,-1.1919175041382577,1.3225144938600255
6970,-1.077851794929546,-1.124204711163605,0.8389169870202585
3925,-1.052981845955159,-0.8420680737692188,0.35531948018049153
13528,0.2899953986617417,-0.7517843498030152,-1.5790705471785762
4158,0.7127845312263216,1.2457430429492398,0.35531948018049153
7449,2.453680959433415,2.3404331960394584,-0.1282780266592754
13140,-0.9535020500576108,-1.1354901766593806,0.35531948018049153
14090,0.2402555007129675,0.8620372160928744,0.8389169870202585
13550,-1.077851794929546,-1.1016337801720542,1.3225144938600255
8415,-0.6301927133905793,-0.9887791252142997,-0.1282780266592754
2193,-0.3317533256979346,-0.9549227287269733,-0.1282780266592754
11328,-1.077851794929546,-1.1919175041382577,0.8389169870202585
12661,1.6081026943042553,1.2344575774534643,-2.062668054018343
10016,1.0112239189189662,1.5391651458394016,-0.6118755334990423
1015,-0.4561030705698698,-0.5260750398875061,-0.1282780266592754
5124,-0.9535020500576108,-1.1129192456678296,0.8389169870202585
13164,-0.38149322364670873,-0.9097808667438715,-1.5790705471785762
7418,0.09103580686664531,0.5573296477069372,0.8389169870202585
7409,1.359403204560385,1.2006011809661379,-0.1282780266592754
8989,1.06096381686774,1.2457430429492398,0.35531948018049153
2871,-1.052981845955159,-1.0903483146762787,0.35531948018049153
9,-0.6053227644161921,-1.0000645907100751,0.8389169870202585
10136,0.09103580686664531,-0.1423692130311408,-0.6118755334990423
1838,-0.6799326113393532,-1.0113500562058506,0.35531948018049153
4804,-1.003241948006385,-0.9097808667438715,0.35531948018049153
255,1.3842731535347719,0.7717534921266708,-0.6118755334990423
7026,-0.4561030705698698,-0.15365467852691625,0.8389169870202585
5713,-0.530712917493031,0.03819823490126643,0.35531948018049153
12677,1.2599234086628366,0.6588988371689163,-2.54626556085811
3324,0.3148653476361286,-0.5260750398875061,-1.0954730403388093
7714,-0.7794124072369014,-0.8533535392649942,-0.1282780266592754
1581,-1.003241948006385,-0.36807852294664983,1.3225144938600255
11148,0.6630446332775474,1.2908849049323414,-0.6118755334990423
924,0.21538555173858054,0.952320940059078,0.35531948018049153
2779,-0.6301927133905793,0.04948370039704188,0.8389169870202585
10700,-1.052981845955159,-0.5373605053832816,0.8389169870202585
7891,-0.10792378492845114,0.5009023202280599,0.35531948018049153
6132,-0.35662327467232163,-0.5260750398875061,0.35531948018049153
13216,-0.7048025603137403,-0.5486459708790571,-0.1282780266592754
5320,-0.8291523051856755,-0.052085489064937186,0.35531948018049153
7312,-0.6301927133905793,-1.0113500562058506,-0.6118755334990423
7102,2.055761775843222,2.1937221445943775,-0.6118755334990423
6042,-0.6053227644161921,0.2300511483294491,0.8389169870202585
3775,2.055761775843222,1.877729110712665,-2.062668054018343
4835,-1.052981845955159,-0.6953570223241379,1.3225144938600255
12328,-0.38149322364670873,-0.3793639884424253,0.35531948018049153
4964,1.8816721330225128,1.798730852242237,-1.0954730403388093
10971,-1.077851794929546,-1.1806320386424822,0.8389169870202585
539,0.04129590891787117,0.8733226815886498,-0.1282780266592754
7483,1.0360938678933531,1.5730215423267278,-0.1282780266592754
2745,0.016425959943484204,0.8168953541097725,0.35531948018049153
3719,0.3148653476361286,-0.006943627081835381,-0.6118755334990423
14643,0.6630446332775474,-0.4809331779044043,-1.5790705471785762
6819,1.856802184048126,1.2006011809661379,-1.0954730403388093
13659,-1.077851794929546,-0.4245058504255271,1.3225144938600255
9337,0.09103580686664531,0.7830389576224462,0.35531948018049153
13319,-1.052981845955159,-0.3342221264593235,0.35531948018049153
4468,1.533492847381094,0.9184645435717517,-1.5790705471785762
667,1.1355736637909013,-0.22136747150156896,-2.062668054018343
7575,0.2899953986617417,0.01562730390971552,-0.1282780266592754
11211,0.06616585789225812,0.16233835535479638,-1.0954730403388093
8549,1.2101835107140624,1.629448869805605,-0.1282780266592754
5063,-0.6550626623649661,-0.898495401248096,-0.1282780266592754
11023,-0.4312331215954827,-0.4019349194339762,0.35531948018049153
10975,0.3148653476361286,-0.7292134188114643,-0.6118755334990423
1353,1.2847933576372237,0.6927552336562426,-2.54626556085811
13323,0.488954990456838,1.2118866464619134,-1.0954730403388093
7114,1.2101835107140624,1.6971616627802577,0.35531948018049153
15003,0.11590575584103227,-0.5599314363748324,-0.6118755334990423
8662,-0.6301927133905793,-0.36807852294664983,0.8389169870202585
2703,0.7873943781494827,1.3360267669154433,-0.1282780266592754
3330,-1.077851794929546,-1.0677773836847277,0.8389169870202585
8053,-0.580452815441805,-0.9549227287269733,-0.6118755334990423
11829,1.4588830004579327,1.7423035247633596,-1.0954730403388093
9588,0.7127845312263216,0.6250424406815899,-0.1282780266592754
3584,-0.530712917493031,-0.7066424878199133,0.8389169870202585
14504,1.2847933576372237,0.6476133716731408,-1.0954730403388093
13454,-0.6053227644161921,-0.8082116772818925,-0.6118755334990423
5645,2.6029006532797374,2.5097151784760903,-0.6118755334990423
3376,-0.7794124072369014,-0.36807852294664983,0.8389169870202585
1256,0.09103580686664531,0.9071790780759762,0.8389169870202585
6190,-1.077851794929546,-1.2032029696340332,0.8389169870202585
11704,-1.077851794929546,-1.169346573146707,1.3225144938600255
13843,0.4143451435336769,-0.7066424878199133,-2.54626556085811
13970,0.09103580686664531,0.252622079321,0.35531948018049153
9442,-1.077851794929546,-1.1129192456678296,1.3225144938600255
13987,1.533492847381094,1.3473122324112188,-1.5790705471785762
5348,0.9863539699445792,1.0426046640252815,-0.1282780266592754
11003,-1.077851794929546,-1.0564919181889523,1.3225144938600255
12490,0.4143451435336769,0.11719649337169459,-0.6118755334990423
11476,2.6277706022541243,2.4871442474845393,-2.54626556085811
11125,-0.530712917493031,0.3654767342787545,-0.6118755334990423
4175,-0.2322735298003864,0.6363279061773653,0.35531948018049153
13460,-1.077851794929546,-1.1129192456678296,0.8389169870202585
4910,1.5583627963554811,1.900300041704216,-1.0954730403388093
1852,-1.052981845955159,-1.1129192456678296,0.8389169870202585
6316,0.488954990456838,0.7491825611351198,0.35531948018049153
12972,0.488954990456838,1.178030249974587,0.35531948018049153
15123,1.7075824902018033,2.498429712980315,-1.5790705471785762
2105,0.5138249394312252,-0.040800023569161736,-1.0954730403388093
133,2.453680959433415,2.1711512136028266,-1.5790705471785762
13428,-1.0281118969807719,-0.8646390047607697,1.3225144938600255
5029,-1.0281118969807719,-0.8759244702565452,0.8389169870202585
928,-0.13279373390283822,0.6588988371689163,0.35531948018049153
823,0.2899953986617417,0.39933313076608085,0.8389169870202585
7576,0.016425959943484204,-0.13108374753536534,-0.6118755334990423
11632,-0.6550626623649661,-0.8533535392649942,0.35531948018049153
1531,-0.4312331215954827,-0.3342221264593235,0.8389169870202585
1214,-1.0281118969807719,-0.4245058504255271,0.35531948018049153
504,2.080631724817609,2.0921529551323985,-1.5790705471785762
12477,-1.077851794929546,-0.9887791252142997,-0.1282780266592754
10188,0.14077570481541946,-0.7517843498030152,-0.6118755334990423
6530,-1.077851794929546,-1.146775642155156,1.3225144938600255
3072,0.886874174047031,1.4263104908816469,0.35531948018049153
10150,0.5635648373799991,-0.1649401440226917,-1.5790705471785762
9576,-0.555582866467418,-0.3116511954677726,0.8389169870202585
9086,-1.077851794929546,-1.146775642155156,0.35531948018049153
13116,-0.7048025603137403,-1.0000645907100751,-0.6118755334990423
8647,0.9863539699445792,0.7604680266308953,-0.6118755334990423
6619,-1.077851794929546,-1.0677773836847277,0.8389169870202585
13971,1.6329726432786424,1.0990319915041589,-1.5790705471785762
9273,2.57803070430535,2.3968605235183356,-1.5790705471785762
3709,-0.008443989030902977,-0.4019349194339762,0.8389169870202585
14718,1.9811519289200612,1.6068779388140542,-2.54626556085811
4849,1.4837529494323203,1.2118866464619134,-1.0954730403388093
4748,-1.052981845955159,-1.1806320386424822,0.8389169870202585
4268,0.3148653476361286,0.3429058032872036,-0.1282780266592754
11714,-1.077851794929546,-1.1354901766593806,1.3225144938600255
12326,-0.6799326113393532,-0.5373605053832816,-0.1282780266592754
11794,0.19051560276419338,0.5460441822111617,-0.6118755334990423
15159,0.36460524558490276,1.5165942148478506,0.8389169870202585
8905,-0.530712917493031,0.2751930103125509,-0.1282780266592754
4186,0.06616585789225812,0.8958936125802007,0.35531948018049153
10406,0.3894751945592899,1.1328883879914853,-0.1282780266592754
5301,2.1552415717407705,0.0,-0.6118755334990423
2923,-1.052981845955159,-1.169346573146707,0.35531948018049153
6588,0.6879145822519344,-0.6840715568283625,-1.5790705471785762
1810,-1.077851794929546,-1.2032029696340332,-0.1282780266592754
3486,1.2847933576372237,1.629448869805605,-0.6118755334990423
7419,-0.505842968518644,0.11719649337169459,0.8389169870202585
3141,-1.0281118969807719,-0.4132203849297516,0.8389169870202585
10019,0.9614840209701918,1.5165942148478506,-1.0954730403388093
9347,2.1552415717407705,1.9454419036873176,-0.1282780266592754
1324,0.5138249394312252,0.850751750597099,-0.1282780266592754
4312,-1.052981845955159,-0.9887791252142997,0.8389169870202585
7494,0.2899953986617417,1.031319198529506,-0.1282780266592754
8702,-1.0281118969807719,-1.0000645907100751,0.8389169870202585
9872,-0.2322735298003864,-0.898495401248096,-0.6118755334990423
8691,-0.033313938005289936,-0.4132203849297516,-0.6118755334990423
14985,-0.20740358082599933,-0.8533535392649942,0.8389169870202585
10048,-0.25714347877477345,0.602471509690039,-0.1282780266592754
9580,0.06616585789225812,0.1397674243632455,-0.1282780266592754
13807,-0.6301927133905793,-0.7066424878199133,0.35531948018049153
11911,-0.7545424582625144,-0.0746564200564881,0.8389169870202585
10578,-0.13279373390283822,-0.921066332239647,0.35531948018049153
5541,-0.7296725092881273,-0.6163587638537098,0.8389169870202585
11428,0.8122643271238696,0.9184645435717517,-1.0954730403388093
6172,-1.077851794929546,-1.169346573146707,0.8389169870202585
1540,-0.6550626623649661,-0.3793639884424253,-0.6118755334990423
9409,-0.25714347877477345,-0.35679305745087436,-0.6118755334990423
2681,-0.18253363185161225,0.47833138923650903,0.35531948018049153
15163,-0.05818388697967712,1.1667447844788115,0.8389169870202585
11185,0.9117441230214178,1.1103174569999343,-1.0954730403388093
13704,-0.6301927133905793,0.24133661382522456,0.8389169870202585
6313,-1.052981845955159,-0.5712169018706079,0.8389169870202585
1191,-1.0281118969807719,-0.5937878328621589,0.8389169870202585
13964,0.9117441230214178,0.602471509690039,-1.5790705471785762
5293,2.4039410614846406,0.0,-1.5790705471785762
1542,-1.052981845955159,-0.7404988843072398,0.8389169870202585
11493,0.8122643271238696,1.4375959563774223,-0.6118755334990423
11516,-1.077851794929546,-0.45836224691285343,0.8389169870202585
7056,0.5138249394312252,0.8846081470844253,0.35531948018049153
2539,-1.077851794929546,-1.2032029696340332,1.3225144938600255
953,2.030891826868835,1.798730852242237,-2.062668054018343
7241,0.7625244291750957,-0.3116511954677726,-0.6118755334990423
6731,-0.18253363185161225,0.6701843026646918,0.8389169870202585
4846,0.9366140719958048,0.8733226815886498,-0.6118755334990423
6801,2.1055016737919963,1.7648744557549105,-1.5790705471785762
8010,-1.077851794929546,-1.1919175041382577,0.8389169870202585
4330,-1.077851794929546,-1.1129192456678296,0.8389169870202585
8924,0.6630446332775474,1.3134558359238924,0.35531948018049153
5334,-0.6053227644161921,0.09462556238014368,0.8389169870202585
7330,-0.7545424582625144,-0.9774936597185242,0.8389169870202585
9348,-0.6053227644161921,0.11719649337169459,0.35531948018049153
4729,-0.008443989030902977,-0.898495401248096,-1.5790705471785762
11486,-0.28201342774916044,0.602471509690039,0.8389169870202585
6541,0.3148653476361286,-0.7517843498030152,-0.6118755334990423
11174,-0.4561030705698698,0.2639075448167755,0.8389169870202585
5305,0.9614840209701918,1.4827378183605242,-0.1282780266592754
5161,-1.077851794929546,-1.0452064526931768,1.3225144938600255
7860,-0.8042823562112885,0.03819823490126643,1.3225144938600255
2156,0.7873943781494827,-0.6389296948452606,-2.062668054018343
1062,-0.08305383595406408,-0.8307826082734433,-0.6118755334990423
10808,0.21538555173858054,0.7830389576224462,-0.6118755334990423
1167,1.2101835107140624,0.47833138923650903,-1.5790705471785762
11414,-0.40636317262109567,-0.052085489064937186,0.35531948018049153
3636,-1.077851794929546,-1.2032029696340332,1.3225144938600255
7651,-0.8540222541600626,-1.1016337801720542,-0.6118755334990423
5588,-1.077851794929546,-0.6050732983579343,1.3225144938600255
11130,-0.08305383595406408,0.7717534921266708,0.35531948018049153
7192,0.8620042250726437,0.5911860441942636,-0.1282780266592754
4491,0.04129590891787117,0.46704592374073356,0.35531948018049153
7266,-0.6053227644161921,-0.9436372632311979,-0.1282780266592754
11332,-1.077851794929546,-1.1806320386424822,1.3225144938600255
4980,-0.9286321010832237,-0.34550759195509895,0.8389169870202585
8335,0.8620042250726437,-0.2552238679888953,0.8389169870202585
15269,-0.9037621521088367,-0.5825023673663834,0.8389169870202585
11769,1.6578425922530293,0.8846081470844253,-2.54626556085811
4946,0.7873943781494827,1.3247413014196678,0.35531948018049153
2782,-0.8540222541600626,-0.21008200600579352,0.35531948018049153
717,0.14077570481541946,-0.8759244702565452,-1.5790705471785762
10011,0.2899953986617417,0.9974628020421797,-0.1282780266592754
2502,0.4143451435336769,-0.5260750398875061,0.35531948018049153
4360,-0.4561030705698698,-0.9887791252142997,0.8389169870202585
4171,-0.7794124072369014,0.08334009688436823,0.35531948018049153
8082,-0.28201342774916044,-0.6276442293494852,-0.6118755334990423
14977,-1.077851794929546,-1.0903483146762787,-0.6118755334990423
395,-0.9037621521088367,-1.0113500562058506,0.8389169870202585
13923,0.8122643271238696,-0.3116511954677726,-1.5790705471785762
14512,1.533492847381094,0.5911860441942636,-2.062668054018343
7186,-0.8291523051856755,-0.3793639884424253,0.35531948018049153
15071,2.080631724817609,1.753588990259135,-1.5790705471785762
4492,0.7376544802007085,0.9297500090675271,0.35531948018049153
1365,-1.003241948006385,-0.7517843498030152,-0.1282780266592754
14625,-1.077851794929546,-1.169346573146707,0.8389169870202585
14191,-1.003241948006385,-1.0339209871974016,-0.1282780266592754
8787,-0.6301927133905793,-0.9549227287269733,0.8389169870202585
14397,0.5138249394312252,1.1893157154703624,-0.6118755334990423
12144,1.8070622860993515,1.178030249974587,-2.54626556085811
13584,0.6381746843031604,0.2074802173378982,-2.062668054018343
5917,-0.15766368287722518,-0.1423692130311408,-0.6118755334990423
4968,-0.8291523051856755,-0.1423692130311408,0.8389169870202585
2914,-0.38149322364670873,-0.9774936597185242,0.8389169870202585
15222,-0.9783719990319979,-0.28908026447622165,0.8389169870202585
10518,0.7625244291750957,-0.15365467852691625,-2.062668054018343
5644,2.7272503981516727,2.577427971450743,-2.062668054018343
3766,-1.077851794929546,-0.5825023673663834,1.3225144938600255
3440,-1.077851794929546,-0.44707678141707796,0.8389169870202585
12043,0.33973529661051577,-0.8307826082734433,-1.5790705471785762
12324,-0.6799326113393532,-0.5147895743917307,-0.1282780266592754
7357,0.7376544802007085,-0.1875110750142426,-1.0954730403388093
6806,-0.10792378492845114,0.39933313076608085,-0.1282780266592754
9879,-1.077851794929546,-1.169346573146707,1.3225144938600255
2143,-1.077851794929546,-1.1354901766593806,1.3225144938600255
5104,0.3894751945592899,-0.8194971427776678,-1.5790705471785762
5073,-1.077851794929546,-1.1580611076509315,0.8389169870202585
1571,0.8371342760982567,0.9974628020421797,-0.1282780266592754
4079,0.7127845312263216,0.07205463138859278,-1.0954730403388093
1122,0.11590575584103227,-0.7066424878199133,-1.0954730403388093
2786,-1.077851794929546,-0.6163587638537098,1.3225144938600255
14527,1.3096633066116106,0.19619475184212273,-2.062668054018343
2967,0.7625244291750957,-0.28908026447622165,-1.0954730403388093
2504,-0.555582866467418,-0.8420680737692188,-0.1282780266592754
5988,1.9562819799456737,2.0582965586450723,-0.6118755334990423
11657,-1.077851794929546,-1.1806320386424822,1.3225144938600255
8867,0.6879145822519344,0.7830389576224462,-0.6118755334990423
11000,-0.08305383595406408,-0.5937878328621589,-0.1282780266592754
7164,0.9117441230214178,1.1441738534872608,-0.1282780266592754
11540,-0.4561030705698698,0.252622079321,0.35531948018049153
728,-1.077851794929546,-1.2032029696340332,1.3225144938600255
7587,-0.6301927133905793,-0.5937878328621589,0.8389169870202585
7543,1.2350534596884497,1.1103174569999343,-0.1282780266592754
412,-0.48097301954425686,-0.6953570223241379,-0.1282780266592754
11338,-1.077851794929546,-1.169346573146707,1.3225144938600255
9708,-1.0281118969807719,-0.3793639884424253,0.8389169870202585
5745,-1.052981845955159,-0.796926211786117,0.8389169870202585
7668,-1.077851794929546,-1.2032029696340332,0.8389169870202585
825,-1.052981845955159,-0.6389296948452606,1.3225144938600255
3267,-1.052981845955159,-1.1806320386424822,0.8389169870202585
3974,-0.10792378492845114,-0.7743552807945661,-0.6118755334990423
8808,-1.077851794929546,-1.0677773836847277,1.3225144938600255
8306,1.06096381686774,0.3429058032872036,-0.1282780266592754
417,-0.9286321010832237,-0.8872099357523205,0.35531948018049153
11261,-0.7048025603137403,-0.8307826082734433,-0.1282780266592754
9817,0.8122643271238696,-0.5486459708790571,-2.062668054018343
6748,0.6879145822519344,1.3473122324112188,0.35531948018049153
8967,1.5583627963554811,1.776159921250686,-0.6118755334990423
12377,-1.077851794929546,-1.1580611076509315,1.3225144938600255
11088,2.2547213676383184,2.0921529551323985,-2.062668054018343
14807,0.5635648373799991,1.178030249974587,-0.1282780266592754
2082,-0.4561030705698698,-0.19879654051001805,0.35531948018049153
8945,1.856802184048126,2.0808674896366233,-0.6118755334990423
10738,-1.077851794929546,-0.4245058504255271,1.3225144938600255
12161,-0.9286321010832237,-0.35679305745087436,1.3225144938600255
3373,-0.008443989030902977,0.1397674243632455,-0.6118755334990423
5726,0.9117441230214178,0.7040406991520181,-0.1282780266592754
4107,1.4091431025091588,0.9410354745633025,-2.54626556085811
10636,-1.077851794929546,-1.0677773836847277,1.3225144938600255
4380,-1.077851794929546,-1.2032029696340332,0.8389169870202585
7723,-1.052981845955159,-0.9774936597185242,1.3225144938600255
1066,-0.530712917493031,-0.9887791252142997,0.35531948018049153
3913,0.43921509250806384,0.252622079321,-0.1282780266592754
13479,-1.052981845955159,-1.146775642155156,1.3225144938600255
5536,-0.6799326113393532,-0.6953570223241379,0.8389169870202585
8002,-1.077851794929546,-1.169346573146707,0.8389169870202585
5387,-1.003241948006385,-0.7856407462903415,0.8389169870202585
5732,-0.08305383595406408,0.07205463138859278,-0.1282780266592754
11690,-1.052981845955159,-1.169346573146707,0.8389169870202585
2738,1.7324524391761906,2.0018692311661948,-0.6118755334990423
5052,0.7873943781494827,-0.34550759195509895,-0.6118755334990423
4000,-0.9783719990319979,-1.146775642155156,0.8389169870202585
9760,-0.8540222541600626,-0.5599314363748324,0.8389169870202585
2427,0.6630446332775474,0.8394662851013235,0.35531948018049153
11938,-0.555582866467418,-0.19879654051001805,0.8389169870202585
6833,1.3345332555859974,0.6927552336562426,0.35531948018049153
10123,1.1604436127652884,0.5573296477069372,-0.6118755334990423
1687,1.4588830004579327,1.4263104908816469,-1.5790705471785762
851,-0.555582866467418,0.12848195886747005,0.8389169870202585
11738,-1.077851794929546,-1.0339209871974016,1.3225144938600255
6303,1.8070622860993515,1.2457430429492398,-2.54626556085811
9087,-1.077851794929546,-1.146775642155156,1.3225144938600255
12784,-1.077851794929546,-1.1919175041382577,0.35531948018049153
14593,-1.077851794929546,-1.2032029696340332,0.8389169870202585
5878,-0.05818388697967712,-0.672786091332587,-0.1282780266592754
8527,-0.40636317262109567,0.30904940679987725,0.35531948018049153
2839,-0.6053227644161921,-0.5825023673663834,0.8389169870202585
11279,-1.077851794929546,-1.146775642155156,0.8389169870202585
4611,1.2350534596884497,1.2795994394365662,-0.1282780266592754
9540,0.09103580686664531,-0.5260750398875061,-0.1282780266592754
9207,-0.9783719990319979,-0.6840715568283625,-0.1282780266592754
11008,-0.008443989030902977,-0.4809331779044043,0.35531948018049153
9823,-0.6053227644161921,-0.9436372632311979,-0.1282780266592754
2489,0.7625244291750957,-0.24393840249311985,-2.062668054018343
11922,-1.077851794929546,-0.6389296948452606,1.3225144938600255
6905,-1.077851794929546,-1.169346573146707,1.3225144938600255
7390,1.6827125412274162,0.9861773365464044,-1.5790705471785762
11443,-0.48097301954425686,0.19619475184212273,0.8389169870202585
2849,0.2899953986617417,-0.322936660963548,-0.1282780266592754
14069,0.6630446332775474,1.2908849049323414,-0.1282780266592754
6665,1.7821923371249646,1.1441738534872608,-2.54626556085811
5881,-1.077851794929546,-1.1016337801720542,1.3225144938600255
10262,-0.8540222541600626,-0.9549227287269733,0.8389169870202585
4452,-1.052981845955159,-0.8307826082734433,0.8389169870202585
9949,-0.580452815441805,-0.2326529369973444,0.8389169870202585
7421,1.5583627963554811,1.5053087493520751,-0.1282780266592754
13600,0.09103580686664531,0.19619475184212273,0.35531948018049153
9827,-0.9783719990319979,-1.1016337801720542,0.35531948018049153
12838,0.016425959943484204,-0.4132203849297516,-0.6118755334990423
6484,1.3345332555859974,0.3429058032872036,-1.5790705471785762
2479,-1.077851794929546,-0.9887791252142997,0.8389169870202585
6617,-1.077851794929546,-1.0677773836847277,1.3225144938600255
10457,-1.077851794929546,-0.6163587638537098,1.3225144938600255
11151,0.21538555173858054,0.952320940059078,-0.1282780266592754
13515,-1.077851794929546,-1.1919175041382577,1.3225144938600255
14903,-1.077851794929546,-1.022635521701626,1.3225144938600255
11251,-1.077851794929546,-1.022635521701626,0.8389169870202585
13245,1.7821923371249646,1.2683139739407907,-2.062668054018343
14061,-0.18253363185161225,0.6814697681604671,0.8389169870202585
2141,-0.9783719990319979,-1.0452064526931768,0.8389169870202585
13296,1.085833765842127,1.5391651458394016,-1.0954730403388093
11310,0.43921509250806384,-0.8194971427776678,-1.5790705471785762
5188,-1.077851794929546,-0.8420680737692188,0.8389169870202585
14891,-0.033313938005289936,-0.3003657299719971,0.35531948018049153
12237,-1.077851794929546,-0.43579131592130255,1.3225144938600255
11548,-0.8788922031344497,-0.2326529369973444,0.35531948018049153
2744,0.19051560276419338,0.9636064055548534,0.35531948018049153
7253,0.9366140719958048,-0.43579131592130255,-1.0954730403388093
13284,1.4091431025091588,1.652019800797156,-0.6118755334990423
3506,2.2795913166127058,1.9680128346788686,-1.5790705471785762
1679,0.14077570481541946,0.7153261646477935,-0.6118755334990423
4249,1.4837529494323203,1.3585976979069943,0.35531948018049153
3147,0.9863539699445792,1.178030249974587,0.35531948018049153
8130,-0.9037621521088367,-0.44707678141707796,0.35531948018049153
10486,-1.003241948006385,-0.672786091332587,0.35531948018049153
7004,-1.077851794929546,-0.9097808667438715,1.3225144938600255
580,0.2402555007129675,0.8168953541097725,0.35531948018049153
9662,0.3148653476361286,1.076461060512608,0.35531948018049153
12991,0.2651254496873547,0.8958936125802007,-1.0954730403388093
4070,1.1355736637909013,-0.06337095456071264,-0.6118755334990423
13500,-0.9286321010832237,-1.124204711163605,0.8389169870202585
3343,0.4143451435336769,-0.2326529369973444,-1.0954730403388093
13184,-1.077851794929546,-1.1016337801720542,-0.1282780266592754
7404,-0.6550626623649661,-0.1649401440226917,0.35531948018049153
12775,-1.077851794929546,-1.2032029696340332,0.35531948018049153
3672,-1.077851794929546,-1.1580611076509315,0.35531948018049153
559,0.21538555173858054,0.952320940059078,0.8389169870202585
5237,1.2350534596884497,1.4263104908816469,-1.0954730403388093
7805,2.055761775843222,2.0357256276535214,0.35531948018049153
13407,-1.052981845955159,-0.7404988843072398,1.3225144938600255
11041,0.016425959943484204,0.10591102787591913,-0.1282780266592754
512,0.5635648373799991,1.1893157154703624,-0.1282780266592754
12921,2.3044612655870926,2.1937221445943775,-2.54626556085811
1081,0.36460524558490276,-0.8307826082734433,-1.0954730403388093
1664,-0.033313938005289936,0.7040406991520181,0.35531948018049153
9204,-1.077851794929546,-0.8533535392649942,0.8389169870202585
1931,0.14077570481541946,0.5009023202280599,-0.1282780266592754
14840,0.7873943781494827,0.9861773365464044,-1.0954730403388093
1150,-0.8788922031344497,-0.8307826082734433,-2.062668054018343
2838,0.5635648373799991,-0.052085489064937186,0.8389169870202585
5949,-0.2322735298003864,0.24133661382522456,0.8389169870202585
8308,-1.077851794929546,-0.898495401248096,0.8389169870202585
8932,2.1552415717407705,2.2614349375690304,-0.6118755334990423
15021,-1.077851794929546,-1.1129192456678296,0.35531948018049153
14262,-0.13279373390283822,-0.8307826082734433,-0.6118755334990423
5177,-1.077851794929546,-0.921066332239647,1.3225144938600255
11867,1.3345332555859974,1.7648744557549105,-1.0954730403388093
14098,-0.9037621521088367,-0.22136747150156896,0.8389169870202585
830,1.3096633066116106,1.0877465260083834,-1.0954730403388093
8311,0.9614840209701918,0.2074802173378982,-1.0954730403388093
4752,-1.077851794929546,-1.1919175041382577,0.8389169870202585
14975,-1.077851794929546,-1.1919175041382577,1.3225144938600255
14918,-0.9286321010832237,-0.9774936597185242,1.3225144938600255
15252,-1.003241948006385,-0.6953570223241379,1.3225144938600255
635,-1.0281118969807719,-0.796926211786117,0.35531948018049153
4465,-0.35662327467232163,-0.13108374753536534,-0.6118755334990423
12556,-0.6550626623649661,0.1397674243632455,0.35531948018049153
6799,1.1853135617396753,1.302170370428117,-0.1282780266592754
7987,0.8122643271238696,-0.5147895743917307,-2.062668054018343
7079,2.2547213676383184,2.1937221445943775,-1.5790705471785762
6966,-1.077851794929546,-1.1354901766593806,0.8389169870202585
4142,2.2795913166127058,2.0244401621577457,-2.54626556085811
7027,-1.077851794929546,-0.7517843498030152,1.3225144938600255
9183,-0.7296725092881273,-0.7630698152987906,0.35531948018049153
876,-0.28201342774916044,0.5347587167153863,-0.1282780266592754
4869,0.9614840209701918,1.2344575774534643,0.35531948018049153
5315,-1.003241948006385,-0.27779479898044623,0.8389169870202585
5222,-1.003241948006385,-0.45836224691285343,0.8389169870202585
4,-0.580452815441805,-1.0113500562058506,0.35531948018049153
3051,0.9614840209701918,1.3247413014196678,-0.1282780266592754
5691,0.9366140719958048,1.302170370428117,0.35531948018049153
3124,-1.077851794929546,-0.4809331779044043,1.3225144938600255
14599,-1.003241948006385,-1.1580611076509315,1.3225144938600255
10852,-1.077851794929546,-0.8194971427776678,0.8389169870202585
2491,-1.077851794929546,-1.0564919181889523,0.8389169870202585
13365,-0.8540222541600626,-0.1423692130311408,1.3225144938600255
3854,1.06096381686774,1.4827378183605242,0.35531948018049153
13125,0.16564565378980642,-0.8420680737692188,-1.5790705471785762
4777,-1.077851794929546,-1.124204711163605,-0.6118755334990423
9907,-0.08305383595406408,-0.5599314363748324,0.35531948018049153
14640,-0.2322735298003864,-0.7630698152987906,-0.6118755334990423
7509,2.428811010459028,2.2388640065774794,-2.062668054018343
6457,1.2350534596884497,0.8394662851013235,-0.6118755334990423
6293,-1.003241948006385,-0.6389296948452606,1.3225144938600255
1148,1.085833765842127,-0.0746564200564881,-1.5790705471785762
11453,-0.05818388697967712,0.6250424406815899,-0.1282780266592754
574,2.2298514186639316,2.0808674896366233,-1.0954730403388093
3769,-1.052981845955159,-0.4922186434001798,0.8389169870202585
11928,0.14077570481541946,0.45576045824495814,-0.1282780266592754
4146,-1.003241948006385,-0.322936660963548,0.8389169870202585
853,-1.077851794929546,-0.5260750398875061,0.35531948018049153
10174,0.9117441230214178,-0.4245058504255271,-2.062668054018343
10966,-0.10792378492845114,-0.8759244702565452,-0.6118755334990423
5919,0.7376544802007085,0.3429058032872036,-0.1282780266592754
13121,-1.077851794929546,-1.1919175041382577,1.3225144938600255
13403,0.14077570481541946,0.1849092863463473,0.35531948018049153
9358,-0.25714347877477345,0.3316203377914282,0.8389169870202585
6614,-1.003241948006385,-1.0113500562058506,0.8389169870202585
6002,0.9863539699445792,1.5391651458394016,-0.1282780266592754
9163,-1.052981845955159,-1.0903483146762787,1.3225144938600255
10893,0.6133047353287733,-0.35679305745087436,-1.0954730403388093
4495,0.36460524558490276,0.7378970956393444,-0.1282780266592754
8173,0.016425959943484204,0.726611630143569,-0.1282780266592754
6655,1.2350534596884497,0.6814697681604671,-0.6118755334990423
12039,-0.530712917493031,-1.0113500562058506,-1.5790705471785762
2368,0.19051560276419338,0.9861773365464044,0.35531948018049153
12307,0.6133047353287733,0.4331895272534072,-0.6118755334990423
4780,-1.077851794929546,-1.1129192456678296,1.3225144938600255
12323,-0.008443989030902977,-0.11979828203958989,0.35531948018049153
7992,-0.8291523051856755,-1.0113500562058506,0.8389169870202585
2950,0.14077570481541946,-0.672786091332587,-1.5790705471785762
5625,0.016425959943484204,0.7830389576224462,0.35531948018049153
6971,0.16564565378980642,-0.6389296948452606,-0.6118755334990423
8716,-0.6799326113393532,-0.9097808667438715,0.35531948018049153
10647,0.14077570481541946,-0.35679305745087436,-1.0954730403388093
13208,0.2402555007129675,-0.15365467852691625,-1.0954730403388093
1841,-1.077851794929546,-1.169346573146707,0.35531948018049153
5986,0.5884347863543863,1.178030249974587,0.35531948018049153
537,0.9366140719958048,1.5165942148478506,-0.1282780266592754
2806,1.6081026943042553,0.9974628020421797,-0.6118755334990423
5801,-1.077851794929546,-1.146775642155156,1.3225144938600255
5596,0.36460524558490276,0.7943244231182217,0.8389169870202585
7206,0.6381746843031604,0.24133661382522456,-0.1282780266592754
7343,-1.077851794929546,-1.0903483146762787,0.8389169870202585
12533,1.533492847381094,1.4601668873689733,-0.6118755334990423
7560,0.21538555173858054,0.21876568283367365,0.35531948018049153
8096,-0.530712917493031,-0.5147895743917307,-0.1282780266592754
11367,-1.077851794929546,-1.0677773836847277,0.8389169870202585
784,-1.077851794929546,-1.0113500562058506,1.3225144938600255
12249,0.2651254496873547,0.9748918710506289,0.35531948018049153
1409,0.14077570481541946,-0.6389296948452606,-0.1282780266592754
10729,-1.077851794929546,-0.45836224691285343,1.3225144938600255
154,-1.077851794929546,-0.43579131592130255,0.8389169870202585
7806,1.7821923371249646,1.8890145762084405,-0.6118755334990423
3009,1.3096633066116106,0.850751750597099,-1.0954730403388093
1686,0.9366140719958048,1.1441738534872608,-1.5790705471785762
11093,0.3148653476361286,0.9410354745633025,-0.1282780266592754
4014,-1.077851794929546,-1.2032029696340332,0.8389169870202585
7455,-0.8042823562112885,0.03819823490126643,0.8389169870202585
12913,0.11590575584103227,0.7491825611351198,0.35531948018049153
3863,-0.6550626623649661,0.11719649337169459,0.8389169870202585
2733,1.533492847381094,1.8890145762084405,-0.6118755334990423
1895,-1.077851794929546,-0.8759244702565452,1.3225144938600255
5442,-0.2322735298003864,-0.8533535392649942,-0.1282780266592754
569,0.8122643271238696,1.2908849049323414,-0.6118755334990423
6709,-0.2322735298003864,0.5121877857238354,0.35531948018049153
5854,0.5884347863543863,-0.7179279533156888,-1.0954730403388093
1816,-1.052981845955159,-1.1806320386424822,-0.6118755334990423
10257,0.5386948884056122,-0.5486459708790571,-1.5790705471785762
8319,-1.077851794929546,-0.9662081942227487,0.8389169870202585
3394,-0.28201342774916044,0.21876568283367365,0.8389169870202585
3327,-0.38149322364670873,-0.7292134188114643,0.35531948018049153
15314,-0.8788922031344497,-1.0452064526931768,-1.5790705471785762
6102,-0.9286321010832237,-0.5825023673663834,0.8389169870202585
2975,-0.28201342774916044,-0.5486459708790571,-0.1282780266592754
980,-0.6550626623649661,-0.26650933348467076,0.35531948018049153
10492,0.016425959943484204,-0.040800023569161736,-0.6118755334990423
190,1.06096381686774,1.5504506113351768,0.35531948018049153
9331,1.2847933576372237,1.629448869805605,-0.1282780266592754
5088,-0.7794124072369014,-1.0677773836847277,0.8389169870202585
699,0.19051560276419338,-0.7856407462903415,-1.5790705471785762
14976,-1.077851794929546,-1.1919175041382577,0.8389169870202585
606,-1.077851794929546,-0.6840715568283625,1.3225144938600255
12468,1.1853135617396753,-0.09722735104803899,-2.54626556085811
301,0.9117441230214178,-0.26650933348467076,-0.6118755334990423
14832,0.7127845312263216,1.053890129521057,-1.0954730403388093
3420,-0.35662327467232163,0.39933313076608085,0.35531948018049153
15042,-0.7296725092881273,-0.2552238679888953,-1.0954730403388093
1060,-1.077851794929546,-1.169346573146707,0.8389169870202585
14056,1.4340130514835459,1.8325872487295631,-0.1282780266592754
15181,-0.8042823562112885,0.6927552336562426,0.8389169870202585
10757,0.3894751945592899,1.1328883879914853,0.35531948018049153
3444,0.16564565378980642,0.952320940059078,0.35531948018049153
1069,-1.077851794929546,-1.1919175041382577,0.8389169870202585
10716,-1.077851794929546,-0.5147895743917307,0.8389169870202585
2205,-1.077851794929546,-1.1806320386424822,0.8389169870202585
9435,0.06616585789225812,-0.5599314363748324,0.35531948018049153
7339,-0.555582866467418,-0.8420680737692188,0.8389169870202585
8208,2.428811010459028,2.4194314545098865,-1.0954730403388093
7679,-0.15766368287722518,-0.8872099357523205,-0.1282780266592754
11312,-1.077851794929546,-1.2032029696340332,-0.1282780266592754
13503,-0.9535020500576108,-1.1354901766593806,-0.1282780266592754
4642,0.9366140719958048,0.5009023202280599,-1.0954730403388093
7683,-0.033313938005289936,-0.8307826082734433,0.35531948018049153
12946,2.1801115207151573,2.2727204030648056,-2.062668054018343
9007,2.030891826868835,1.4488814218731978,-1.5790705471785762
7996,-0.2322735298003864,-0.8420680737692188,-1.0954730403388093
11259,-0.7296725092881273,-0.8307826082734433,0.35531948018049153
12740,-1.077851794929546,-1.146775642155156,1.3225144938600255
5600,1.7075824902018033,1.674590731788707,0.35531948018049153
9151,-0.9783719990319979,-1.0903483146762787,1.3225144938600255
7022,-0.530712917493031,-0.2552238679888953,0.8389169870202585
14619,-1.077851794929546,-1.1806320386424822,0.8389169870202585
4893,2.1055016737919963,2.1485802826112756,-1.5790705471785762
225,0.9366140719958048,1.1441738534872608,0.35531948018049153
14362,-1.077851794929546,-0.5599314363748324,1.3225144938600255
3354,-1.077851794929546,-0.898495401248096,1.3225144938600255
5895,0.3148653476361286,-0.34550759195509895,-0.1282780266592754
10677,-0.8788922031344497,-0.5035041088959552,1.3225144938600255
8754,-1.077851794929546,-1.2032029696340332,1.3225144938600255
3436,0.36460524558490276,1.053890129521057,0.35531948018049153
14565,0.43921509250806384,-0.6276442293494852,-1.0954730403388093
14373,1.4340130514835459,1.5955924733182787,-1.0954730403388093
1693,0.43921509250806384,0.7491825611351198,-0.1282780266592754
6893,-1.077851794929546,-1.1354901766593806,1.3225144938600255
1045,-1.077851794929546,-1.124204711163605,0.8389169870202585
3446,-1.077851794929546,-0.43579131592130255,1.3225144938600255
12757,-0.9783719990319979,-1.1354901766593806,-1.0954730403388093
8050,0.19051560276419338,-0.7743552807945661,-0.6118755334990423
9146,-0.18253363185161225,-0.8646390047607697,-0.1282780266592754
15313,-1.077851794929546,-1.248344831617135,0.8389169870202585
10927,0.3148653476361286,-0.796926211786117,0.35531948018049153
11296,-0.6053227644161921,-1.0113500562058506,0.35531948018049153
4735,-1.077851794929546,-1.2032029696340332,0.8389169870202585
4496,-0.9286321010832237,-0.322936660963548,0.8389169870202585
1218,0.6879145822519344,1.0651755950168325,-0.1282780266592754
13446,0.2899953986617417,-0.4019349194339762,-2.062668054018343
13703,-0.4561030705698698,0.4106185962618563,0.35531948018049153
6015,1.4588830004579327,1.855158179721114,-0.1282780266592754
9719,1.06096381686774,1.2570285084450152,-0.1282780266592754
3987,0.46408504148245106,-0.7630698152987906,-1.0954730403388093
4911,2.2298514186639316,2.2952913340563565,-2.062668054018343
9492,-0.08305383595406408,-0.9097808667438715,-0.6118755334990423
4493,-0.033313938005289936,0.4331895272534072,0.35531948018049153
6944,-0.4312331215954827,-0.9662081942227487,-0.1282780266592754
5699,0.7376544802007085,1.0877465260083834,0.35531948018049153
8352,-0.38149322364670873,-0.8194971427776678,0.35531948018049153
12259,1.8070622860993515,1.877729110712665,-2.062668054018343
13992,0.8122643271238696,1.0200337330337308,-0.1282780266592754
956,0.7376544802007085,1.031319198529506,-0.6118755334990423
11983,0.5884347863543863,-0.26650933348467076,-1.5790705471785762
11426,-0.4561030705698698,0.03819823490126643,0.35531948018049153
2869,-1.003241948006385,-1.0452064526931768,0.8389169870202585
11969,-0.8540222541600626,-0.7292134188114643,0.35531948018049153
4433,-1.077851794929546,-1.0339209871974016,0.8389169870202585
4973,-0.7794124072369014,-0.11979828203958989,1.3225144938600255
14207,-1.003241948006385,-1.1016337801720542,0.35531948018049153
2961,-1.077851794929546,-1.0903483146762787,1.3225144938600255
14172,-0.505842968518644,-0.6389296948452606,0.8389169870202585
2200,-0.8540222541600626,-1.0790628491805032,-0.1282780266592754
98,-0.6301927133905793,-0.15365467852691625,1.3225144938600255
15116,2.9013400409723817,2.9498483328113325,-0.1282780266592754
2557,-0.580452815441805,-1.0113500562058506,-0.6118755334990423
11375,-1.077851794929546,-1.022635521701626,1.3225144938600255
8445,0.7625244291750957,-0.3116511954677726,-0.6118755334990423
12115,-0.2322735298003864,-0.3342221264593235,-0.1282780266592754
4199,-0.2322735298003864,0.6363279061773653,0.35531948018049153
9637,0.43921509250806384,1.0651755950168325,-0.1282780266592754
5539,0.9614840209701918,0.15105288985902093,-0.6118755334990423
1648,0.2899953986617417,1.031319198529506,-1.0954730403388093
12874,0.21538555173858054,0.3316203377914282,-0.6118755334990423
12915,0.886874174047031,1.2908849049323414,-0.1282780266592754
12183,-1.077851794929546,-0.4922186434001798,1.3225144938600255
9888,-0.18253363185161225,-0.7856407462903415,0.8389169870202585
11383,1.2847933576372237,0.2751930103125509,-1.5790705471785762
6197,-0.6301927133905793,-1.0452064526931768,0.8389169870202585
6295,1.1355736637909013,0.7491825611351198,-0.1282780266592754
4499,0.9117441230214178,1.1328883879914853,-1.0954730403388093
1154,-1.077851794929546,-0.9887791252142997,1.3225144938600255
2255,1.2101835107140624,0.30904940679987725,-2.062668054018343
9874,-1.077851794929546,-1.1806320386424822,0.8389169870202585
3170,-0.9535020500576108,-0.5260750398875061,0.35531948018049153
7400,-0.033313938005289936,0.252622079321,0.8389169870202585
10248,-1.052981845955159,-1.124204711163605,0.35531948018049153
7158,2.3293312145614795,2.0131546966619704,-1.5790705471785762
12282,0.5884347863543863,0.8846081470844253,-0.6118755334990423
15137,-0.9535020500576108,-0.11979828203958989,0.8389169870202585
3108,0.46408504148245106,1.1667447844788115,-0.1282780266592754
4548,-0.7545424582625144,0.12848195886747005,0.8389169870202585
11915,-0.8291523051856755,-0.1875110750142426,0.8389169870202585
14589,0.16564565378980642,-0.8533535392649942,-2.062668054018343
5423,-0.9783719990319979,-1.0113500562058506,0.8389169870202585
2049,1.9065420819969,1.7197325937718086,-1.5790705471785762
13168,-0.10792378492845114,-0.8194971427776678,-1.0954730403388093
11835,-0.7545424582625144,0.08334009688436823,0.35531948018049153
9208,-0.6053227644161921,-0.36807852294664983,0.8389169870202585
8815,0.43921509250806384,-0.3342221264593235,-0.6118755334990423
14681,-0.4312331215954827,-0.322936660963548,0.8389169870202585
15034,-0.9037621521088367,-0.9549227287269733,-1.0954730403388093
14075,-1.077851794929546,-0.45836224691285343,1.3225144938600255
262,1.6329726432786424,0.7378970956393444,-1.0954730403388093
13922,-1.077851794929546,-1.0677773836847277,1.3225144938600255
11561,-0.8788922031344497,-0.3342221264593235,0.8389169870202585
4061,-1.077851794929546,-1.0677773836847277,0.8389169870202585
5534,-1.077851794929546,-1.0000645907100751,1.3225144938600255
14486,1.0112239189189662,0.9410354745633025,-0.1282780266592754
14257,-0.9535020500576108,-1.1016337801720542,1.3225144938600255
6616,-1.077851794929546,-1.0790628491805032,0.35531948018049153
8120,-1.077851794929546,-0.7743552807945661,1.3225144938600255
8155,-0.530712917493031,0.12848195886747005,0.8389169870202585
1802,-1.077851794929546,-1.1919175041382577,1.3225144938600255
4736,0.09103580686664531,-0.8759244702565452,-0.6118755334990423
15325,-0.3068833767235475,-0.9323517977354224,0.8389169870202585
2385,0.7625244291750957,1.3360267669154433,-0.1282780266592754
6694,2.2049814696895442,1.9115855071999914,-1.0954730403388093
5759,0.7127845312263216,0.026912769405490974,0.35531948018049153
1959,1.4588830004579327,1.6633052662929315,-1.0954730403388093
2976,-0.6301927133905793,-0.6953570223241379,0.35531948018049153
8680,-0.7048025603137403,-0.6163587638537098,0.8389169870202585
1843,0.5635648373799991,-0.672786091332587,-1.5790705471785762
1734,-1.077851794929546,-0.898495401248096,1.3225144938600255
2911,-0.9037621521088367,-1.124204711163605,-0.6118755334990423
11411,-0.8540222541600626,-0.44707678141707796,0.35531948018049153
8338,0.6133047353287733,-0.36807852294664983,-1.5790705471785762
13822,-1.077851794929546,-1.1016337801720542,0.8389169870202585
1986,1.9065420819969,2.103438420628174,-1.5790705471785762
9561,0.19051560276419338,-0.09722735104803899,-0.1282780266592754
6546,-1.077851794929546,-1.1919175041382577,1.3225144938600255
14243,-0.9535020500576108,-1.1354901766593806,1.3225144938600255
7098,-0.505842968518644,0.38804766527030543,0.8389169870202585
2811,0.3894751945592899,0.3203348722956527,0.35531948018049153
659,-0.008443989030902977,-0.45836224691285343,0.35531948018049153
9986,1.8816721330225128,1.8100163177380122,-2.062668054018343
2511,-0.9783719990319979,-1.0564919181889523,0.35531948018049153
11589,-1.052981845955159,-0.796926211786117,0.35531948018049153
4282,-0.9037621521088367,-0.6163587638537098,0.8389169870202585
9339,0.9614840209701918,1.3585976979069943,0.35531948018049153
11464,2.428811010459028,2.3065767995521322,-2.54626556085811
8800,-0.13279373390283822,-0.6953570223241379,-1.0954730403388093
6287,-0.6301927133905793,-0.36807852294664983,0.8389169870202585
11774,0.14077570481541946,0.21876568283367365,-0.1282780266592754
1930,1.6329726432786424,1.3473122324112188,-0.1282780266592754
7125,1.1853135617396753,1.652019800797156,-0.1282780266592754
197,1.8816721330225128,2.0018692311661948,-1.0954730403388093
7777,0.14077570481541946,0.5234732512196109,-0.1282780266592754
2931,-0.9783719990319979,-1.124204711163605,0.8389169870202585
8004,-0.8042823562112885,-1.0452064526931768,-0.1282780266592754
2327,1.8319322350737386,1.9115855071999914,-1.5790705471785762
4389,0.21538555173858054,-0.8194971427776678,-0.1282780266592754
8958,2.677510500202898,2.475858781988764,-0.6118755334990423
12688,0.6630446332775474,0.19619475184212273,-0.1282780266592754
4218,2.453680959433415,2.2952913340563565,-2.54626556085811
11447,-0.505842968518644,0.2074802173378982,-0.1282780266592754
202,-1.052981845955159,-0.3906494539382007,0.35531948018049153
3510,-0.10792378492845114,0.47833138923650903,0.8389169870202585
4931,-1.077851794929546,-0.43579131592130255,1.3225144938600255
14582,-0.3317533256979346,-0.9436372632311979,-0.6118755334990423
5535,-1.077851794929546,-1.0000645907100751,1.3225144938600255
9925,0.7127845312263216,0.10591102787591913,-1.0954730403388093
5791,-1.077851794929546,-1.1129192456678296,1.3225144938600255
10969,-1.077851794929546,-1.1806320386424822,1.3225144938600255
1707,-0.13279373390283822,0.1397674243632455,0.35531948018049153
5172,-0.18253363185161225,-0.44707678141707796,-0.6118755334990423
5249,-0.4312331215954827,0.3429058032872036,0.35531948018049153
13949,-0.48097301954425686,-0.3793639884424253,0.8389169870202585
11666,-1.077851794929546,-1.2032029696340332,0.35531948018049153
6528,0.8620042250726437,-0.5260750398875061,-1.0954730403388093
15113,1.3345332555859974,2.103438420628174,0.35531948018049153
5855,0.5635648373799991,-0.7179279533156888,-1.0954730403388093
8164,-0.7545424582625144,-0.006943627081835381,0.35531948018049153
854,-0.505842968518644,0.19619475184212273,0.35531948018049153
13877,0.2651254496873547,-0.8307826082734433,-2.54626556085811
14555,-0.8540222541600626,-0.9549227287269733,0.8389169870202585
4737,-1.077851794929546,-1.2032029696340332,1.3225144938600255
12289,-0.8788922031344497,-0.322936660963548,1.3225144938600255
10352,-0.9286321010832237,-0.2326529369973444,0.35531948018049153
698,-0.4561030705698698,-0.9323517977354224,-0.6118755334990423
11344,-1.077851794929546,-1.1580611076509315,1.3225144938600255
11191,0.9863539699445792,1.0651755950168325,-0.6118755334990423
3696,-0.9783719990319979,-0.9774936597185242,0.35531948018049153
1636,0.21538555173858054,1.0087482675379553,0.35531948018049153
7280,-1.077851794929546,-1.1919175041382577,0.8389169870202585
7554,0.5138249394312252,0.46704592374073356,0.35531948018049153
11649,-1.052981845955159,-1.1354901766593806,0.8389169870202585
3581,0.14077570481541946,-0.4019349194339762,-0.6118755334990423
1291,-0.8042823562112885,0.026912769405490974,0.35531948018049153
12851,1.4837529494323203,0.5009023202280599,-2.54626556085811
6585,-1.077851794929546,-1.1806320386424822,1.3225144938600255
13808,-0.8042823562112885,-0.8082116772818925,0.35531948018049153
1853,-0.7048025603137403,-0.9436372632311979,0.8389169870202585
5232,1.0360938678933531,1.2344575774534643,-0.6118755334990423
3763,0.3894751945592899,0.726611630143569,-0.6118755334990423
3304,-1.052981845955159,-1.1354901766593806,0.8389169870202585
1495,0.2651254496873547,-0.5825023673663834,-0.6118755334990423
13919,-1.077851794929546,-1.0903483146762787,1.3225144938600255
11935,0.3148653476361286,0.38804766527030543,-0.1282780266592754
11637,-0.7794124072369014,-0.9436372632311979,0.35531948018049153
7994,-0.4561030705698698,-0.8872099357523205,-0.1282780266592754
1998,1.5086228984067072,1.877729110712665,-0.6118755334990423
663,-1.077851794929546,-1.0564919181889523,1.3225144938600255
12971,0.7127845312263216,1.3360267669154433,-1.5790705471785762
13545,-1.052981845955159,-1.0903483146762787,0.8389169870202585
3748,-1.077851794929546,-0.6953570223241379,1.3225144938600255
4413,-1.077851794929546,-1.124204711163605,1.3225144938600255
12936,-0.2322735298003864,0.6137569751858144,0.35531948018049153
5530,1.1355736637909013,-0.08594188555226354,-0.6118755334990423
5575,-0.033313938005289936,0.2639075448167755,0.35531948018049153
8901,-1.077851794929546,-0.4696477124086289,1.3225144938600255
7526,-1.052981845955159,-0.4809331779044043,1.3225144938600255
9474,-0.2322735298003864,-0.9323517977354224,-0.1282780266592754
5864,-1.003241948006385,-1.1016337801720542,0.35531948018049153
13260,0.9863539699445792,1.1103174569999343,-1.5790705471785762
10867,0.7127845312263216,0.10591102787591913,-1.0954730403388093
6776,2.478550908407802,2.2952913340563565,-2.062668054018343
12221,0.43921509250806384,1.178030249974587,-0.1282780266592754
1306,-0.3317533256979346,0.4106185962618563,-0.1282780266592754
13688,-1.077851794929546,-0.4245058504255271,1.3225144938600255
13696,-0.38149322364670873,0.5009023202280599,0.35531948018049153
7392,-1.0281118969807719,-0.6502151603410361,0.8389169870202585
10429,1.3096633066116106,1.629448869805605,-0.6118755334990423
11494,0.4143451435336769,1.1554593189830362,-0.1282780266592754
5592,1.4340130514835459,1.3924540943943207,-0.1282780266592754
10230,-0.555582866467418,-1.0000645907100751,-0.1282780266592754
9721,-0.28201342774916044,0.3429058032872036,0.35531948018049153
1663,0.3148653476361286,0.9748918710506289,0.35531948018049153
5450,-1.077851794929546,-1.1919175041382577,0.8389169870202585
15242,-0.9286321010832237,-0.36807852294664983,-0.1282780266592754
15271,0.06616585789225812,-0.322936660963548,0.8389169870202585
3627,-0.08305383595406408,-0.898495401248096,-1.0954730403388093
13931,-1.077851794929546,-1.022635521701626,1.3225144938600255
13339,1.9562819799456737,2.0921529551323985,-1.0954730403388093
13083,0.9614840209701918,-0.22136747150156896,-1.5790705471785762
2693,-1.077851794929546,-0.45836224691285343,0.8389169870202585
11252,-0.7545424582625144,-0.7856407462903415,-0.1282780266592754
9789,0.6133047353287733,-0.22136747150156896,0.35531948018049153
14892,-0.13279373390283822,-0.35679305745087436,-0.6118755334990423
10921,0.36460524558490276,-0.7179279533156888,-2.54626556085811
10817,-0.20740358082599933,0.38804766527030543,-0.1282780266592754
5915,-0.13279373390283822,-0.15365467852691625,-0.6118755334990423
3157,-0.530712917493031,0.026912769405490974,0.35531948018049153
11506,1.6329726432786424,1.9341564381915424,-1.0954730403388093
9914,-1.077851794929546,-1.022635521701626,1.3225144938600255
13471,-1.077851794929546,-1.146775642155156,1.3225144938600255
6668,1.1853135617396753,0.9071790780759762,-0.6118755334990423
1059,-0.6053227644161921,-0.9549227287269733,-0.1282780266592754
4636,-1.077851794929546,-0.7743552807945661,0.8389169870202585
3242,-0.35662327467232163,-0.8307826082734433,0.35531948018049153
1678,0.14077570481541946,0.726611630143569,0.35531948018049153
6892,-1.003241948006385,-1.0677773836847277,-0.1282780266592754
6374,2.7521203471260596,2.5887134369465183,-1.0954730403388093
7574,-0.38149322364670873,-0.3116511954677726,0.8389169870202585
14820,-0.7048025603137403,0.06076916589281733,0.35531948018049153
1757,-0.555582866467418,-0.7066424878199133,-0.6118755334990423
6019,1.6329726432786424,1.956727369183093,-0.1282780266592754
12383,-1.077851794929546,-1.169346573146707,1.3225144938600255
5116,0.3148653476361286,-0.8082116772818925,-0.6118755334990423
8755,-1.077851794929546,-1.2032029696340332,1.3225144938600255
7408,0.7873943781494827,0.8620372160928744,-0.1282780266592754
2790,0.19051560276419338,0.5799005786984881,0.35531948018049153
863,0.33973529661051577,0.9297500090675271,-0.1282780266592754
7858,-0.08305383595406408,0.7378970956393444,0.35531948018049153
1484,-1.077851794929546,-1.146775642155156,0.8389169870202585
7035,0.2651254496873547,0.4331895272534072,0.35531948018049153
7721,0.3894751945592899,-0.322936660963548,0.35531948018049153
5977,0.9863539699445792,1.3698831634027697,-0.6118755334990423
5134,-1.077851794929546,-1.1580611076509315,0.8389169870202585
206,1.583232745329868,1.753588990259135,0.35531948018049153
4488,0.19051560276419338,0.5234732512196109,0.35531948018049153
6938,-0.555582866467418,-1.0113500562058506,0.8389169870202585
9062,0.36460524558490276,-0.35679305745087436,-0.1282780266592754
12685,0.43921509250806384,0.15105288985902093,-0.1282780266592754
6910,-1.003241948006385,-1.1354901766593806,0.8389169870202585
502,1.6578425922530293,1.8213017832337877,-0.6118755334990423
7385,0.5138249394312252,0.3316203377914282,0.8389169870202585
1028,-0.555582866467418,-0.7179279533156888,-0.1282780266592754
3840,-1.077851794929546,-0.43579131592130255,1.3225144938600255
10882,0.6133047353287733,-0.1875110750142426,-1.0954730403388093
13773,-1.003241948006385,-0.672786091332587,0.8389169870202585
8110,-1.077851794929546,-0.8420680737692188,1.3225144938600255
14948,-0.9535020500576108,-1.124204711163605,0.8389169870202585
5056,0.04129590891787117,-0.6163587638537098,0.35531948018049153
9762,-0.530712917493031,-0.34550759195509895,-0.6118755334990423
8154,-0.20740358082599933,0.38804766527030543,0.35531948018049153
10965,-0.48097301954425686,-0.9662081942227487,0.35531948018049153
14183,-0.9783719990319979,-0.9774936597185242,0.35531948018049153
2731,0.04129590891787117,0.8733226815886498,0.8389169870202585
14434,0.9614840209701918,1.4940232838562997,-0.6118755334990423
8996,0.7376544802007085,0.9636064055548534,-0.1282780266592754
14039,0.5635648373799991,1.2457430429492398,-0.1282780266592754
11837,-0.6550626623649661,0.19619475184212273,1.3225144938600255
2454,-0.38149322364670873,-0.22136747150156896,0.8389169870202585
12790,-0.7296725092881273,-1.0452064526931768,-0.6118755334990423
7215,-0.40636317262109567,-0.4019349194339762,-0.1282780266592754
3104,1.2847933576372237,1.7197325937718086,0.35531948018049153
13067,0.2899953986617417,-0.1875110750142426,-0.6118755334990423
14151,-0.9286321010832237,-0.6953570223241379,0.8389169870202585
8392,0.488954990456838,-0.8082116772818925,-1.0954730403388093
6278,1.1604436127652884,0.4106185962618563,-0.1282780266592754
3099,-1.052981845955159,-0.3342221264593235,1.3225144938600255
6184,-0.8788922031344497,-1.1016337801720542,1.3225144938600255
10470,-0.7296725092881273,-0.26650933348467076,0.8389169870202585
3561,1.06096381686774,0.2639075448167755,-0.6118755334990423
5892,0.8371342760982567,-0.22136747150156896,-0.6118755334990423
12666,1.8070622860993515,1.1216029224957098,-1.5790705471785762
14624,-1.052981845955159,-1.146775642155156,0.35531948018049153
12706,-0.2322735298003864,-0.45836224691285343,-0.1282780266592754
13986,-1.003241948006385,-0.4696477124086289,0.8389169870202585
391,-0.9286321010832237,-1.0452064526931768,-0.6118755334990423
6736,-0.580452815441805,0.30904940679987725,0.8389169870202585
5618,-0.555582866467418,0.252622079321,0.8389169870202585
5258,-1.077851794929546,-0.43579131592130255,0.8389169870202585
9687,2.553160755330963,2.4194314545098865,-0.6118755334990423
2695,2.080631724817609,2.0808674896366233,-1.0954730403388093
2027,-0.4312331215954827,0.38804766527030543,0.8389169870202585
13440,-1.077851794929546,-1.0113500562058506,0.8389169870202585
5463,0.3148653476361286,-0.8307826082734433,-0.6118755334990423
2568,-0.08305383595406408,-0.8533535392649942,-1.0954730403388093
8006,-0.13279373390283822,-0.898495401248096,-0.6118755334990423
64,-0.15766368287722518,-0.26650933348467076,0.35531948018049153
12076,-1.077851794929546,-1.146775642155156,0.35531948018049153
2062,-1.052981845955159,-0.5712169018706079,1.3225144938600255
5276,-0.9783719990319979,-0.17622560951846716,0.8389169870202585
7208,-0.8788922031344497,-0.6276442293494852,0.8389169870202585
8684,-1.077851794929546,-0.9662081942227487,0.8389169870202585
8571,-0.008443989030902977,0.8394662851013235,0.35531948018049153
6331,-0.9037621521088367,-0.22136747150156896,1.3225144938600255
4859,-0.18253363185161225,0.3429058032872036,0.35531948018049153
14552,-0.9535020500576108,-0.9887791252142997,0.8389169870202585
12185,1.5583627963554811,1.7197325937718086,-1.5790705471785762
4887,2.2298514186639316,2.1711512136028266,-2.062668054018343
9268,2.030891826868835,2.0470110931492966,-1.5790705471785762
878,-0.08305383595406408,0.7040406991520181,0.8389169870202585
8529,-1.077851794929546,-0.4922186434001798,1.3225144938600255
7916,1.359403204560385,0.9410354745633025,-0.6118755334990423
6863,-1.077851794929546,-1.0000645907100751,0.8389169870202585
7892,0.43921509250806384,0.8733226815886498,0.35531948018049153
6439,2.1552415717407705,1.7310180592675841,-2.062668054018343
7869,1.583232745329868,1.8100163177380122,-0.6118755334990423
1016,1.3345332555859974,0.1397674243632455,-2.062668054018343
9467,-0.7545424582625144,-1.0564919181889523,-0.1282780266592754
11990,-1.052981845955159,-1.0339209871974016,1.3225144938600255
7629,-0.8788922031344497,-1.0339209871974016,0.8389169870202585
12743,-0.555582866467418,-0.921066332239647,-0.6118755334990423
11534,0.09103580686664531,0.7378970956393444,-0.1282780266592754
13103,-1.077851794929546,-1.1354901766593806,0.35531948018049153
14605,-0.4561030705698698,-0.9887791252142997,0.35531948018049153
995,0.488954990456838,0.2074802173378982,-0.1282780266592754
10173,-1.077851794929546,-1.1129192456678296,0.8389169870202585
4297,1.06096381686774,0.17362382085057185,-1.5790705471785762
161,-1.0281118969807719,-0.27779479898044623,0.8389169870202585
5675,1.4588830004579327,1.7648744557549105,0.35531948018049153
6873,0.6381746843031604,-0.3003657299719971,-0.1282780266592754
14737,-0.6301927133905793,0.10591102787591913,0.8389169870202585
12990,1.6081026943042553,1.7648744557549105,-1.0954730403388093
9692,1.4837529494323203,1.776159921250686,-0.1282780266592754
7989,-0.9535020500576108,-1.0452064526931768,0.35531948018049153
3843,-0.033313938005289936,0.7717534921266708,0.8389169870202585
13417,1.0112239189189662,0.3654767342787545,-1.0954730403388093
10805,0.3894751945592899,0.9410354745633025,-0.6118755334990423
11653,-1.052981845955159,-1.146775642155156,0.35531948018049153
1021,-0.40636317262109567,-0.5712169018706079,0.35531948018049153
3073,0.8371342760982567,1.4150250253858716,0.8389169870202585
7555,-0.3317533256979346,-0.040800023569161736,-0.1282780266592754
3943,-0.3068833767235475,-0.5260750398875061,-0.1282780266592754
1585,-0.20740358082599933,0.45576045824495814,0.8389169870202585
10147,0.016425959943484204,-0.3342221264593235,-1.0954730403388093
3152,0.5635648373799991,0.850751750597099,-0.1282780266592754
14541,0.21538555173858054,-0.4132203849297516,-1.5790705471785762
8226,-0.4312331215954827,0.4331895272534072,0.35531948018049153
12206,-0.6799326113393532,0.19619475184212273,0.8389169870202585
775,0.8122643271238696,-0.28908026447622165,-2.54626556085811
10748,1.8816721330225128,2.0808674896366233,-1.5790705471785762
9670,2.080631724817609,2.2162930755859285,-0.6118755334990423
7099,-0.3068833767235475,0.5686151132027126,0.35531948018049153
5486,-0.7794124072369014,-1.0564919181889523,-0.1282780266592754
6235,-0.2322735298003864,-0.796926211786117,0.8389169870202585
9555,0.4143451435336769,-0.21008200600579352,-0.6118755334990423
7041,1.3842731535347719,1.1667447844788115,-0.6118755334990423
2612,-1.0281118969807719,-0.9436372632311979,0.35531948018049153
7513,1.3096633066116106,1.5730215423267278,0.8389169870202585
11016,-1.077851794929546,-0.9887791252142997,0.8389169870202585
10233,-1.077851794929546,-1.1919175041382577,0.8389169870202585
8433,-0.8788922031344497,-0.9887791252142997,0.8389169870202585
10253,-0.20740358082599933,-0.7856407462903415,0.35531948018049153
10555,-0.530712917493031,-0.9323517977354224,-1.0954730403388093
8792,0.8122643271238696,-0.5373605053832816,-0.1282780266592754
10627,-0.9535020500576108,-1.0113500562058506,0.35531948018049153
5393,0.5138249394312252,-0.040800023569161736,-0.1282780266592754
14502,0.6381746843031604,0.39933313076608085,-0.6118755334990423
11080,0.7873943781494827,1.1328883879914853,-0.1282780266592754
14356,1.085833765842127,1.1667447844788115,-1.0954730403388093
8838,1.4340130514835459,0.5911860441942636,-2.062668054018343
3890,-0.530712917493031,0.00434183841394007,0.8389169870202585
3556,-1.052981845955159,-0.8194971427776678,0.8389169870202585
11394,-0.6799326113393532,-0.4809331779044043,0.8389169870202585
1528,-0.4561030705698698,-0.3906494539382007,0.35531948018049153
15167,0.4143451435336769,1.8100163177380122,-0.6118755334990423
1267,-1.052981845955159,-0.3342221264593235,0.8389169870202585
7734,0.4143451435336769,0.00434183841394007,0.35531948018049153
1899,0.9117441230214178,0.38804766527030543,-1.5790705471785762
4658,-0.6799326113393532,-0.5599314363748324,-0.1282780266592754
3005,-0.9783719990319979,-0.6276442293494852,0.35531948018049153
2734,2.0060218778944483,2.1711512136028266,-2.062668054018343
15293,-0.48097301954425686,-0.7856407462903415,1.3225144938600255
189,0.9366140719958048,1.4714523528647487,0.35531948018049153
9998,-0.9535020500576108,-0.21008200600579352,0.8389169870202585
9167,-0.9783719990319979,-1.0113500562058506,0.8389169870202585
2747,0.3148653476361286,1.0426046640252815,0.8389169870202585
2047,1.5086228984067072,1.527879680343626,-1.0954730403388093
7849,-0.7296725092881273,0.15105288985902093,0.8389169870202585
2558,-0.7794124072369014,-1.0677773836847277,0.35531948018049153
9274,2.055761775843222,2.103438420628174,-1.0954730403388093
8666,1.0360938678933531,0.4331895272534072,-1.5790705471785762
11096,0.2402555007129675,0.9071790780759762,-0.1282780266592754
13035,1.06096381686774,0.7040406991520181,-1.5790705471785762
6396,0.2651254496873547,1.0200337330337308,0.35531948018049153
12309,1.4340130514835459,0.7830389576224462,-1.5790705471785762
3385,-0.580452815441805,-0.10851281654381445,0.8389169870202585
4555,0.5635648373799991,1.2683139739407907,0.35531948018049153
1184,0.3148653476361286,0.3541912687829791,0.35531948018049153
6420,-0.9037621521088367,-0.17622560951846716,0.8389169870202585
5051,0.5138249394312252,-0.4132203849297516,-1.0954730403388093
5311,0.9117441230214178,1.4150250253858716,-0.6118755334990423
2433,1.7324524391761906,1.3134558359238924,-0.6118755334990423
6949,0.488954990456838,-0.7404988843072398,-0.6118755334990423
13803,-0.2322735298003864,-0.4809331779044043,-0.6118755334990423
10583,-1.077851794929546,-1.2032029696340332,4.295208693958647e-16
769,-0.9535020500576108,-0.9887791252142997,0.8389169870202585
1685,2.130371622766383,1.8100163177380122,-1.5790705471785762
8322,-1.0281118969807719,-0.9097808667438715,0.8389169870202585
11111,0.33973529661051577,1.076461060512608,-0.1282780266592754
11363,-0.10792378492845114,-0.6276442293494852,-0.6118755334990423
11636,0.6133047353287733,-0.5147895743917307,-2.062668054018343
14423,0.7376544802007085,1.3811686288985452,-1.0954730403388093
5578,1.359403204560385,1.1103174569999343,0.35531948018049153
4426,-0.9037621521088367,-0.9323517977354224,-0.1282780266592754
13526,-0.555582866467418,-0.9774936597185242,0.35531948018049153
466,0.016425959943484204,0.3654767342787545,-0.6118755334990423
6265,0.7625244291750957,-0.11979828203958989,-1.0954730403388093
5734,1.0360938678933531,0.6250424406815899,-0.1282780266592754
11284,-0.8291523051856755,-1.022635521701626,-0.1282780266592754
11964,-0.8540222541600626,-0.6840715568283625,0.8389169870202585
5191,1.5086228984067072,0.7378970956393444,-1.5790705471785762
13418,1.0360938678933531,0.3541912687829791,-1.5790705471785762
5390,0.3894751945592899,-0.040800023569161736,-0.1282780266592754
860,-0.8788922031344497,-0.1423692130311408,1.3225144938600255
7270,-1.077851794929546,-1.169346573146707,0.8389169870202585
