,sunshine,global_radiation,cloud_cover
4209,2.671493454570298,2.4795108780670354,-2.063393668297841
4098,0.6605541037280576,0.3965016745265559,-0.13141756361883955
13529,0.08954663373581641,-0.797006301556097,-1.0974056159583405
6282,-0.3573287775624594,-0.25654985955640514,0.8345704887206613
12646,-0.48146083625642483,0.14879247194336379,-1.0974056159583405
7306,0.38746357460133357,-0.797006301556097,-0.13141756361883955
12300,0.4122899863401266,0.44153971135986353,-0.61441158978859
1583,-0.8538570123383212,-0.16647378588978984,0.8345704887206613
68,-1.077294717987459,-0.8870823752227124,0.8345704887206613
3251,-1.077294717987459,-1.1685701054308852,0.8345704887206613
8961,2.5970142193539187,2.4006943136087466,-1.0974056159583405
3295,-1.077294717987459,-1.1798296146392122,1.3175645148904118
11525,0.5364220450340921,1.1283697730678053,-0.61441158978859
7802,-0.0594118366969423,0.632951367901421,0.8345704887206613
7741,1.1322559267651264,0.44153971135986353,-0.13141756361883955
2455,-1.077294717987459,-0.8420443383894047,0.8345704887206613
1595,-0.03458542495814907,0.6667298955264018,-0.61441158978859
11570,-0.4318080127788386,-0.07639771222317451,-0.13141756361883955
14623,-0.6304193066891834,-0.9884179580976545,0.35157646255091085
8294,1.256387985459092,0.655470386318075,-1.0974056159583405
8169,-1.077294717987459,-0.4704805345146165,1.3175645148904118
7583,1.3805200441530574,0.29516609165161367,-1.5803996421280908
13819,-1.077294717987459,-1.0897535409725967,0.35157646255091085
245,-0.6800721301667696,-0.24529035034807822,0.8345704887206613
3017,-0.48146083625642483,-0.0651382030148476,0.35157646255091085
5290,-0.4318080127788386,0.46405872977651735,0.8345704887206613
4751,-1.077294717987459,-1.191089123847539,1.3175645148904118
9535,-0.7297249536443557,-0.8758228660143854,-0.13141756361883955
4003,-1.0028154827710798,-1.1573105962225583,0.35157646255091085
6109,1.330867220675471,0.5541348034431327,-0.13141756361883955
12682,-1.077294717987459,-0.8420443383894047,-0.61441158978859
11662,-1.077294717987459,-1.191089123847539,1.3175645148904118
3781,1.8522218671901263,1.8377188531924011,-0.61441158978859
7030,-1.077294717987459,-0.7294492463061355,0.8345704887206613
673,-1.0028154827710798,-1.0221964857226353,0.35157646255091085
6532,-1.0524683062486662,-1.1235320685975776,0.8345704887206613
11634,-0.9779890710322867,-1.0221964857226353,1.3175645148904118
8653,1.7777426319737468,1.0045151717762093,-1.5803996421280908
7931,-1.077294717987459,-0.8195253199727509,1.3175645148904118
10667,-1.077294717987459,-0.8420443383894047,1.3175645148904118
7482,-0.08423824843573531,0.7680654784013441,0.35157646255091085
3024,-1.077294717987459,-0.6506326818478472,0.8345704887206613
12678,-0.9531626592934936,-0.6168541542228664,-0.61441158978859
13003,-0.5311136597340109,0.1713114903600176,-0.13141756361883955
2425,1.3556936324142643,1.2634838835677282,0.35157646255091085
12530,-0.18354389539090765,0.3402041284849213,0.35157646255091085
12773,-1.077294717987459,-1.202348633055866,0.8345704887206613
3753,-0.3573287775624594,0.08123541669340228,0.8345704887206613
13088,0.06472022199702318,-0.5605566081812319,-1.0974056159583405
7746,-1.077294717987459,-0.8307848291810778,1.3175645148904118
11584,-1.077294717987459,-0.8195253199727509,0.8345704887206613
13135,-1.077294717987459,-1.202348633055866,1.3175645148904118
3433,-0.13389107191332153,0.655470386318075,0.35157646255091085
4337,-1.077294717987459,-1.1347915778059046,1.3175645148904118
4280,-0.9035098358159074,-0.5943351358062126,0.35157646255091085
13637,1.032950279809954,1.2972624111927091,-1.0974056159583405
5226,-1.0524683062486662,-0.5155185713479241,1.3175645148904118
11468,-0.28284954234608,0.5316157850264789,0.8345704887206613
2517,-1.077294717987459,-1.1573105962225583,1.3175645148904118
8248,1.1322559267651264,1.421117012484305,0.35157646255091085
14727,-0.8042041888607351,-0.14395476747313599,1.3175645148904118
13434,-0.28284954234608,-0.4592210253062896,0.35157646255091085
2036,1.8770482789289193,1.8714973808173818,-1.5803996421280908
3065,0.38746357460133357,1.03829369940119,0.35157646255091085
13157,-0.4069816010400455,-0.9433799212643469,0.35157646255091085
6114,0.6357276919892645,0.1713114903600176,-1.0974056159583405
3355,0.8591653976384023,0.26138756402663293,0.35157646255091085
6831,0.8343389858996093,0.5090967666098251,-0.61441158978859
5181,1.2812143971978849,0.4190206929432097,-2.5463876944675916
13101,-0.4069816010400455,-0.8307848291810778,-1.0974056159583405
1427,-0.6800721301667696,-0.9884179580976545,-2.063393668297841
13310,2.3735765137047813,2.366915785983766,-2.5463876944675916
8310,-0.23319671886849389,-0.29032838718138587,0.8345704887206613
1041,-0.7793777771219419,-0.9208609028476931,0.35157646255091085
14425,2.050833161100471,-0.8870823752227124,-1.5803996421280908
13906,-0.9283362475547006,-1.044715504139289,0.35157646255091085
7750,0.784686162422023,0.46405872977651735,-0.13141756361883955
1413,-0.9779890710322867,-1.055975013347616,0.35157646255091085
114,0.3626371628625404,0.7568059691930171,0.35157646255091085
14031,1.6784369850185743,1.9277949268590164,-2.063393668297841
8813,0.8839918093771955,-0.2227713319314244,-1.0974056159583405
13549,-1.077294717987459,-1.1010130501809237,1.3175645148904118
230,-0.9283362475547006,-0.3353664240146935,0.35157646255091085
8188,0.08954663373581641,0.8806605704846132,0.35157646255091085
15091,1.9267011024065053,2.220542166275516,-2.063393668297841
13661,0.7350333389444368,1.3085219204010359,-0.13141756361883955
2746,0.8343389858996093,1.3985979940676512,-0.13141756361883955
10629,-0.9779890710322867,-1.0109369765143084,0.8345704887206613
5516,0.7102069272056438,-0.4254424976813089,-1.5803996421280908
1520,0.75985975068323,0.04745688906842155,-0.13141756361883955
13658,1.330867220675471,1.6800857242758243,-1.5803996421280908
8827,-1.0276418945098729,-0.8533038475977316,0.35157646255091085
214,-0.03458542495814907,0.6216918586930942,0.35157646255091085
10061,1.9515275141452983,2.0178710005256315,-2.063393668297841
14435,1.3805200441530574,1.7476427795257858,-0.61441158978859
7596,1.1074295150263334,-0.04261918459819377,-0.61441158978859
14631,-0.08423824843573531,-0.797006301556097,-0.13141756361883955
6903,-1.077294717987459,-1.1685701054308852,1.3175645148904118
11264,-0.7545513653831489,-0.8758228660143854,-0.13141756361883955
2487,0.5115956332952991,-0.3015878963897128,-1.5803996421280908
15323,-0.9531626592934936,-1.1573105962225583,0.35157646255091085
6017,2.795625513264264,2.614624988566958,-1.0974056159583405
6925,-1.077294717987459,-1.202348633055866,1.3175645148904118
2182,-1.077294717987459,-1.202348633055866,0.8345704887206613
4303,0.561248456772885,-0.12143574905648218,-1.0974056159583405
11514,0.9336446328547815,1.454895540109286,-1.0974056159583405
3877,0.5364220450340921,0.9144390981095939,-0.13141756361883955
11027,-0.3573287775624594,-0.3128474055980397,-0.13141756361883955
3477,0.4867692215565058,1.162148300692786,0.35157646255091085
14777,1.231561573720299,1.7026047426924782,-0.61441158978859
10216,-1.077294717987459,-1.202348633055866,1.3175645148904118
6700,1.231561573720299,1.443636030900959,-0.13141756361883955
7267,-1.077294717987459,-1.1573105962225583,1.3175645148904118
3115,0.8591653976384023,1.3985979940676512,-0.61441158978859
4556,-1.077294717987459,-0.4254424976813089,0.8345704887206613
6912,-0.03458542495814907,-0.8758228660143854,-1.0974056159583405
8225,-0.506287247995218,0.36272314690157514,0.35157646255091085
8991,2.2742708667496085,1.8714973808173818,-1.5803996421280908
10240,0.26333151590736814,-0.7632277739311163,-2.5463876944675916
13238,0.983297456332368,0.7342869507763633,-1.0974056159583405
11732,0.13919945721340263,-0.5042590621395973,-0.61441158978859
10035,0.9336446328547815,1.5111930861509206,-0.13141756361883955
1498,-1.0524683062486662,-1.067234522555943,0.8345704887206613
6862,-1.077294717987459,-0.9884179580976545,1.3175645148904118
10295,0.6109012802504713,0.1600519811516907,-1.0974056159583405
10938,-1.077294717987459,-1.202348633055866,0.35157646255091085
9266,1.6784369850185743,1.8151998347757472,-0.61441158978859
14459,1.7032633967573674,1.725123761109132,-2.063393668297841
8818,0.9088182211159885,-0.13269525826480907,-1.5803996421280908
7653,0.2385051041685749,-0.8533038475977316,-0.61441158978859
8221,-0.009759013219356063,0.8131035152346517,0.8345704887206613
7225,-1.077294717987459,-0.9771584488893277,1.3175645148904118
8757,-1.077294717987459,-1.202348633055866,1.3175645148904118
2055,0.46194280981771285,0.8018440060263248,-1.0974056159583405
11710,-1.077294717987459,-1.1460510870142313,1.3175645148904118
2058,1.8273954554513328,1.5224525953592474,-2.5463876944675916
3550,-1.077294717987459,-0.8420443383894047,-0.13141756361883955
15046,0.26333151590736814,0.3176851100682675,-1.5803996421280908
11069,1.7529162202349537,1.5337121045675743,-2.063393668297841
6119,-0.4318080127788386,-0.41418298847298196,0.8345704887206613
5681,1.7032633967573674,1.848978362400728,-0.61441158978859
13844,-0.4069816010400455,-0.9096013936393662,-0.61441158978859
8132,0.33781075112374737,0.4865777481931712,-0.13141756361883955
8341,0.561248456772885,-0.4254424976813089,-0.61441158978859
8466,0.4867692215565058,0.04745688906842155,-0.61441158978859
483,-0.7545513653831489,-0.08765722143150143,0.8345704887206613
9188,-0.8290306005995282,-0.7744872831394432,-0.13141756361883955
12429,-0.506287247995218,-0.9658989396810007,0.35157646255091085
14436,0.9336446328547815,1.454895540109286,-0.61441158978859
13384,-1.077294717987459,-0.6506326818478472,1.3175645148904118
9514,-0.03458542495814907,-0.8082658107644239,-0.13141756361883955
11977,-0.009759013219356063,-0.39166397005632814,-1.0974056159583405
13165,-0.3573287775624594,-0.8983418844310392,-1.5803996421280908
4965,-0.4318080127788386,0.27264707323495985,0.35157646255091085
2984,-1.0524683062486662,-0.8758228660143854,0.8345704887206613
11956,-0.6800721301667696,-0.48174004372294343,0.35157646255091085
6423,-0.48146083625642483,0.250128054818306,-0.13141756361883955
3079,0.13919945721340263,0.9256986073179209,0.35157646255091085
2046,-0.258023130607287,0.3965016745265559,0.35157646255091085
5076,-0.6055928949503904,-0.9546394304726739,0.35157646255091085
13638,2.3239236902271947,2.0516495281506124,-2.5463876944675916
6127,-0.0594118366969423,-0.3353664240146935,-0.61441158978859
5135,-1.077294717987459,-1.1573105962225583,0.8345704887206613
7171,0.21367869242978188,0.6216918586930942,0.35157646255091085
4127,-0.23319671886849389,0.28390658244328676,0.8345704887206613
13896,0.38746357460133357,-0.7181897370978086,-1.0974056159583405
2347,-0.8786834240771144,-0.04261918459819377,1.3175645148904118
8289,-1.0028154827710798,-0.6281136634311933,0.8345704887206613
7018,0.4867692215565058,0.27264707323495985,-0.61441158978859
8176,2.5721878076151254,2.366915785983766,-0.13141756361883955
15062,1.9018746906677122,1.2634838835677282,-1.0974056159583405
12486,-1.077294717987459,-0.8983418844310392,1.3175645148904118
15272,-0.5807664832115972,-0.673151700264501,0.8345704887206613
13098,-0.8786834240771144,-0.9884179580976545,0.35157646255091085
1414,0.5860748685116783,-0.5718161173895587,-0.13141756361883955
499,2.398402925443574,2.209282657067189,-2.5463876944675916
668,0.75985975068323,-0.34662593322302043,-0.61441158978859
7363,-0.20837030712970078,-0.4592210253062896,0.35157646255091085
8630,0.13919945721340263,0.5879133310681134,0.8345704887206613
3033,-0.009759013219356063,0.46405872977651735,0.35157646255091085
6827,1.6784369850185743,0.9594771349429017,-0.61441158978859
7464,2.44805574892116,2.4006943136087466,-1.0974056159583405
6388,-0.7048985419055627,0.18257099956834452,0.8345704887206613
2485,0.8591653976384023,-0.1552142766814629,-2.063393668297841
12464,-0.0594118366969423,-0.5605566081812319,-0.61441158978859
13654,-0.3573287775624594,0.44153971135986353,0.8345704887206613
303,0.26333151590736814,-0.48174004372294343,-0.13141756361883955
9990,-0.5807664832115972,0.1600519811516907,0.35157646255091085
3946,-1.0276418945098729,-0.9546394304726739,1.3175645148904118
5872,-1.0028154827710798,-1.067234522555943,1.3175645148904118
1703,0.2881579276461611,0.5203562758181519,-0.61441158978859
4125,1.1819087502427124,1.1508887914844592,-0.13141756361883955
6682,-0.28284954234608,0.21634952719332526,-0.13141756361883955
5639,0.4371163980789196,1.162148300692786,0.35157646255091085
13464,-0.5559400714728041,-0.8645633568060586,-0.13141756361883955
10371,0.809512574160816,1.3423004480260168,-0.13141756361883955
6208,-1.077294717987459,-1.191089123847539,1.3175645148904118
1042,0.03989381025823017,-0.6393731726395202,0.8345704887206613
14999,-1.077294717987459,-1.202348633055866,1.3175645148904118
5034,1.231561573720299,0.0924949259017292,-2.063393668297841
2924,0.4122899863401266,-0.797006301556097,-0.61441158978859
3206,1.1819087502427124,0.11501394431838304,-0.61441158978859
14002,-1.0524683062486662,-0.4479615160979627,1.3175645148904118
9243,1.7032633967573674,1.5224525953592474,-1.0974056159583405
8704,-1.0276418945098729,-1.0109369765143084,1.3175645148904118
14267,-1.077294717987459,-1.1460510870142313,1.3175645148904118
9161,-1.077294717987459,-1.1235320685975776,1.3175645148904118
13258,2.0260067493616774,1.6463071966508436,-2.5463876944675916
12018,0.38746357460133357,-0.7181897370978086,-1.0974056159583405
14037,0.8839918093771955,1.454895540109286,-0.13141756361883955
10605,-0.506287247995218,-0.9546394304726739,0.35157646255091085
11519,0.9088182211159885,1.4098575032759781,-0.13141756361883955
13857,-0.6552457184279764,-1.0334559949309623,0.35157646255091085
11153,-0.45663442451763175,0.38524216531822897,0.35157646255091085
13362,1.8770482789289193,1.8377188531924011,-1.0974056159583405
2699,-0.13389107191332153,0.632951367901421,0.8345704887206613
3402,1.7032633967573674,1.5674906321925552,-0.13141756361883955
6569,0.4122899863401266,-0.8082658107644239,0.35157646255091085
8423,-1.0276418945098729,-1.1122725593892506,1.3175645148904118
1068,-0.9035098358159074,-1.1010130501809237,0.35157646255091085
5733,0.21367869242978188,0.22760903640165217,-0.13141756361883955
4862,-0.9779890710322867,-0.3804044608480012,1.3175645148904118
3143,0.9584710445935745,1.2071863375260936,-0.61441158978859
2470,-0.7048985419055627,-0.6055946450145395,0.8345704887206613
11858,-0.28284954234608,0.5991728402764404,0.8345704887206613
14616,-1.077294717987459,-1.191089123847539,1.3175645148904118
10078,1.554304926324609,1.612528669025863,-1.5803996421280908
553,-0.9283362475547006,-0.12143574905648218,1.3175645148904118
8537,0.4371163980789196,1.027034190192863,0.8345704887206613
4982,-0.9283362475547006,-0.36914495163967426,0.35157646255091085
13225,1.08260310328754,0.5203562758181519,-1.5803996421280908
5980,-1.0524683062486662,-0.3804044608480012,1.3175645148904118
11984,-0.08423824843573531,-0.5155185713479241,-0.61441158978859
2766,0.6853805154668505,1.162148300692786,-0.13141756361883955
9782,-1.0524683062486662,-0.93212041205602,1.3175645148904118
3038,0.3129843393849541,0.7455464599846903,-1.0974056159583405
11222,-0.6552457184279764,-0.4254424976813089,0.35157646255091085
4122,1.3805200441530574,1.2184458467344206,-0.61441158978859
14271,-1.077294717987459,-1.1347915778059046,0.8345704887206613
6624,-1.077294717987459,-1.0334559949309623,0.35157646255091085
5364,-0.3821551893012525,-0.07639771222317451,0.35157646255091085
8331,0.18885228069098867,-0.40292347926465505,-0.13141756361883955
12054,0.4867692215565058,-0.7857467923477701,-2.063393668297841
3315,-1.077294717987459,-1.1347915778059046,0.8345704887206613
13371,-0.6800721301667696,0.0024188522351138884,1.3175645148904118
9609,-1.077294717987459,-0.5830756265978857,0.8345704887206613
8478,-0.8290306005995282,-0.538037589764578,1.3175645148904118
11762,-1.077294717987459,-0.8420443383894047,1.3175645148904118
11359,-0.5559400714728041,-0.8195253199727509,0.8345704887206613
7899,0.9336446328547815,1.0833317362344976,-0.13141756361883955
420,0.2881579276461611,-0.3015878963897128,-0.61441158978859
11890,0.8839918093771955,1.3535599572343435,-0.61441158978859
14769,0.5115956332952991,1.2071863375260936,-0.13141756361883955
2995,-1.0524683062486662,-0.797006301556097,0.35157646255091085
5632,1.057776691548747,1.5562311229842283,0.8345704887206613
1496,-1.0524683062486662,-1.07849403176427,0.35157646255091085
1047,0.21367869242978188,-0.6506326818478472,-0.61441158978859
12019,-1.077294717987459,-1.1685701054308852,-0.13141756361883955
9775,-1.077294717987459,-0.93212041205602,1.3175645148904118
856,-0.9035098358159074,-0.20025231351477057,0.35157646255091085
11992,-0.3573287775624594,-0.7069302278894817,-0.61441158978859
6861,-1.0524683062486662,-0.9433799212643469,0.35157646255091085
8390,-1.077294717987459,-1.202348633055866,0.35157646255091085
12560,-0.6304193066891834,0.18257099956834452,0.35157646255091085
8692,0.8591653976384023,-0.12143574905648218,-0.61441158978859
8917,-0.7048985419055627,0.1600519811516907,0.8345704887206613
9081,-0.03458542495814907,-0.7069302278894817,-0.13141756361883955
5852,-1.077294717987459,-1.1798296146392122,0.8345704887206613
9084,-0.10906466017452843,-0.7519682647227893,0.8345704887206613
10069,0.4122899863401266,1.0045151717762093,-0.61441158978859
15260,0.4371163980789196,-0.08765722143150143,0.8345704887206613
8051,-0.009759013219356063,-0.8195253199727509,-0.61441158978859
3187,0.13919945721340263,0.024937870651767717,-0.13141756361883955
6867,-1.077294717987459,-1.0221964857226353,1.3175645148904118
14801,0.8839918093771955,1.421117012484305,0.8345704887206613
820,-1.0276418945098729,-0.6393731726395202,1.3175645148904118
1643,0.46194280981771285,1.173407809901113,0.35157646255091085
8229,0.21367869242978188,0.9482176257345747,0.35157646255091085
14949,-1.0524683062486662,-1.1685701054308852,0.8345704887206613
2631,0.3129843393849541,0.12627345352670993,-1.0974056159583405
107,1.6287841615409884,1.3985979940676512,-1.0974056159583405
10569,-1.0276418945098729,-1.1573105962225583,0.35157646255091085
367,-1.077294717987459,-1.191089123847539,1.3175645148904118
12821,0.13919945721340263,-0.5830756265978857,0.35157646255091085
416,-1.077294717987459,-1.0221964857226353,1.3175645148904118
2420,1.1819087502427124,1.2409648651510745,-1.0974056159583405
729,-1.077294717987459,-1.191089123847539,0.8345704887206613
13247,1.330867220675471,1.0833317362344976,-2.063393668297841
15023,-0.03458542495814907,-0.34662593322302043,0.8345704887206613
12405,-1.0028154827710798,-1.1573105962225583,0.35157646255091085
12406,-1.077294717987459,-1.202348633055866,1.3175645148904118
4128,0.6853805154668505,0.903179588901267,0.35157646255091085
6057,2.0260067493616774,1.9165354176506895,-1.0974056159583405
13266,1.6536105732797814,1.578750141400882,-1.5803996421280908
2388,0.5860748685116783,1.1959268283177669,0.35157646255091085
5723,2.001180337622885,1.2634838835677282,-2.063393668297841
9668,2.1749652197944367,2.265580203108824,0.35157646255091085
4702,0.18885228069098867,-0.6844112094728279,-0.13141756361883955
8642,-0.6304193066891834,-0.12143574905648218,0.35157646255091085
5351,-0.10906466017452843,0.3289446192765944,-0.13141756361883955
11944,1.3805200441530574,0.7568059691930171,-2.063393668297841
510,-0.9035098358159074,-0.11017623984815525,0.8345704887206613
700,-0.7793777771219419,-1.055975013347616,-0.13141756361883955
10067,1.8770482789289193,1.9277949268590164,-2.063393668297841
11396,0.6853805154668505,0.28390658244328676,-1.5803996421280908
2628,-1.077294717987459,-0.8645633568060586,0.35157646255091085
4069,0.6357276919892645,-0.2340308411397513,-0.13141756361883955
1277,-1.0276418945098729,-0.27906887797305896,1.3175645148904118
14571,-1.077294717987459,-1.1573105962225583,1.3175645148904118
2030,1.306040808936678,1.601269159817536,-1.0974056159583405
10703,-1.0276418945098729,-0.4704805345146165,0.35157646255091085
39,-1.077294717987459,-1.0897535409725967,1.3175645148904118
1891,-0.8786834240771144,-0.6956707186811548,0.8345704887206613
10936,-0.7297249536443557,-1.055975013347616,-0.61441158978859
11912,-0.258023130607287,0.35146363769324823,0.35157646255091085
10374,-1.077294717987459,-0.4254424976813089,1.3175645148904118
12423,-1.077294717987459,-1.191089123847539,0.8345704887206613
3482,-0.7297249536443557,0.10375443511005612,0.35157646255091085
9809,0.6109012802504713,-0.5042590621395973,-1.0974056159583405
2980,-0.4318080127788386,-0.5605566081812319,0.8345704887206613
12095,-1.077294717987459,-1.067234522555943,0.8345704887206613
4755,-1.077294717987459,-1.191089123847539,1.3175645148904118
1303,0.03989381025823017,0.7342869507763633,-0.13141756361883955
381,0.4867692215565058,-0.6956707186811548,-0.61441158978859
14121,-1.0276418945098729,-0.5605566081812319,1.3175645148904118
7816,-1.077294717987459,-0.4254424976813089,1.3175645148904118
346,-0.33250236582366627,-0.9658989396810007,-0.13141756361883955
7719,0.21367869242978188,-0.41418298847298196,-0.13141756361883955
11216,0.16402586895219565,0.13753296273503687,-0.13141756361883955
9972,-1.0524683062486662,-0.5267780805562511,0.8345704887206613
474,1.032950279809954,1.1058507546511516,-0.61441158978859
5069,0.13919945721340263,-0.7069302278894817,-1.5803996421280908
6887,-0.5559400714728041,-0.8420443383894047,-0.13141756361883955
1878,-1.077294717987459,-1.0221964857226353,0.8345704887206613
4672,0.9336446328547815,-0.0651382030148476,-1.0974056159583405
12563,1.47982569110823,1.7701617979424396,-1.0974056159583405
322,-0.506287247995218,-0.8983418844310392,-0.61441158978859
12444,-0.0594118366969423,-0.7519682647227893,-0.13141756361883955
14346,-1.077294717987459,-0.6506326818478472,1.3175645148904118
7968,-0.5311136597340109,-0.7181897370978086,0.8345704887206613
12014,-0.5807664832115972,-0.9433799212643469,0.8345704887206613
2754,2.0756595728392635,2.107947074192247,-0.13141756361883955
4347,-1.077294717987459,-1.1685701054308852,1.3175645148904118
6934,-0.5559400714728041,-1.0221964857226353,0.35157646255091085
3894,0.4122899863401266,0.5991728402764404,-0.13141756361883955
5156,-1.077294717987459,-1.067234522555943,1.3175645148904118
3328,0.46194280981771285,-0.4367020068896358,-0.13141756361883955
971,-0.23319671886849389,0.20509001798499835,0.35157646255091085
3076,0.5860748685116783,1.2522243743594015,0.35157646255091085
7017,1.330867220675471,0.655470386318075,-0.61441158978859
4463,0.015067398519437164,0.05871639827674846,-0.61441158978859
4549,0.4867692215565058,1.2071863375260936,0.35157646255091085
9222,-0.23319671886849389,0.05871639827674846,0.8345704887206613
12996,0.2881579276461611,0.8694010612762862,-1.5803996421280908
12351,-1.077294717987459,-1.055975013347616,1.3175645148904118
14448,1.9515275141452983,1.984092472900651,-1.5803996421280908
1201,0.784686162422023,0.8919200796929401,-1.0974056159583405
2727,-0.258023130607287,0.6216918586930942,0.35157646255091085
12017,-0.9035098358159074,-1.067234522555943,-0.61441158978859
10594,-1.077294717987459,-1.191089123847539,1.3175645148904118
7405,1.4549992793694364,1.18466731910944,-0.61441158978859
36,0.6109012802504713,-0.4592210253062896,-0.61441158978859
6323,1.231561573720299,1.2860029019843822,-0.61441158978859
5654,-0.20837030712970078,0.6667298955264018,0.35157646255091085
13228,-0.9531626592934936,-0.6281136634311933,0.35157646255091085
6932,-1.077294717987459,-1.202348633055866,0.8345704887206613
10728,-1.077294717987459,-0.4592210253062896,1.3175645148904118
7261,-0.45663442451763175,-0.8758228660143854,0.8345704887206613
5386,-0.258023130607287,-0.27906887797305896,-0.13141756361883955
10477,-0.7048985419055627,-0.3128474055980397,-0.13141756361883955
5504,-0.0594118366969423,-0.7519682647227893,-0.13141756361883955
12818,-0.10906466017452843,-0.6956707186811548,-0.13141756361883955
4848,0.7102069272056438,0.7680654784013441,-0.61441158978859
8861,-1.077294717987459,-0.6956707186811548,0.8345704887206613
3090,-0.4318080127788386,0.46405872977651735,0.35157646255091085
12521,-0.7545513653831489,-0.2227713319314244,0.8345704887206613
1288,-1.077294717987459,-0.4479615160979627,1.3175645148904118
3031,0.06472022199702318,0.49783725740149815,-0.13141756361883955
12078,-0.20837030712970078,-0.797006301556097,-0.13141756361883955
2977,0.26333151590736814,-0.3128474055980397,0.35157646255091085
2400,-0.30767595408487314,0.44153971135986353,0.8345704887206613
10881,0.561248456772885,-0.18899280430644366,-1.0974056159583405
14842,1.008123868071161,1.0833317362344976,-1.5803996421280908
4860,-0.6800721301667696,-0.0651382030148476,0.8345704887206613
4954,1.1322559267651264,1.4774145585259397,-0.13141756361883955
1746,-0.7545513653831489,-0.6956707186811548,0.8345704887206613
4328,-0.28284954234608,-0.7294492463061355,-0.13141756361883955
14708,-1.077294717987459,-0.673151700264501,0.8345704887206613
10154,0.08954663373581641,-0.40292347926465505,0.35157646255091085
6393,-0.7545513653831489,0.11501394431838304,0.8345704887206613
9942,0.561248456772885,0.35146363769324823,0.35157646255091085
14343,-1.077294717987459,-0.673151700264501,1.3175645148904118
8412,-1.077294717987459,-1.1798296146392122,0.8345704887206613
11786,1.9018746906677122,1.3648194664426705,-2.5463876944675916
3405,-0.506287247995218,0.14879247194336379,0.35157646255091085
10121,1.1074295150263334,0.5766538218597865,-0.61441158978859
9139,-0.30767595408487314,-0.9208609028476931,-0.61441158978859
12187,-0.8042041888607351,-0.03135967538986686,-0.13141756361883955
3375,-1.077294717987459,-0.7407087555144625,1.3175645148904118
10391,-1.0524683062486662,-0.3353664240146935,0.8345704887206613
12293,1.330867220675471,1.1283697730678053,-0.61441158978859
2507,0.8591653976384023,-0.48174004372294343,-2.5463876944675916
14860,1.057776691548747,0.7230274415680364,-1.5803996421280908
8511,1.80256904371254,1.5449716137759013,0.35157646255091085
7428,0.03989381025823017,0.632951367901421,0.8345704887206613
210,-0.9035098358159074,-0.17773329509811675,0.35157646255091085
13470,-0.3821551893012525,-0.8533038475977316,-0.13141756361883955
1950,0.4122899863401266,0.903179588901267,-0.61441158978859
4609,2.0756595728392635,1.7476427795257858,-1.5803996421280908
651,0.5115956332952991,-0.1552142766814629,-1.0974056159583405
2206,-0.4069816010400455,-0.9208609028476931,0.35157646255091085
4695,0.75985975068323,-0.4592210253062896,-2.063393668297841
2615,-0.9283362475547006,-0.8420443383894047,0.35157646255091085
1396,0.8343389858996093,-0.27906887797305896,-1.5803996421280908
10645,-1.077294717987459,-1.0109369765143084,0.35157646255091085
5692,-0.8042041888607351,-0.0651382030148476,0.35157646255091085
4693,-1.077294717987459,-1.1010130501809237,1.3175645148904118
1670,2.249444455010816,2.0854280557755933,-0.61441158978859
2320,0.21367869242978188,0.8018440060263248,-0.13141756361883955
9733,1.4053464558918505,1.2297053559427475,-1.0974056159583405
12387,0.03989381025823017,-0.8195253199727509,-0.61441158978859
7290,-1.077294717987459,-1.202348633055866,0.8345704887206613
1952,-1.0524683062486662,-0.4254424976813089,0.8345704887206613
7991,-0.45663442451763175,-0.8758228660143854,-0.61441158978859
4871,1.9267011024065053,1.8151998347757472,-0.61441158978859
2937,-1.077294717987459,-1.1685701054308852,0.8345704887206613
11114,-1.077294717987459,-0.4367020068896358,1.3175645148904118
14814,1.9515275141452983,1.972832963692324,-1.5803996421280908
7934,-0.3573287775624594,-0.2340308411397513,-0.61441158978859
5914,1.1570823385039195,0.4302802021515366,-0.61441158978859
12129,-1.077294717987459,-0.8307848291810778,0.8345704887206613
10381,-0.8538570123383212,-0.008840656973213026,-0.13141756361883955
484,-0.48146083625642483,0.1713114903600176,0.8345704887206613
5834,0.6109012802504713,-0.7857467923477701,-2.063393668297841
13502,-1.077294717987459,-1.202348633055866,0.35157646255091085
898,-0.8042041888607351,0.06997590748507537,0.8345704887206613
1732,-1.0524683062486662,-0.8307848291810778,1.3175645148904118
8009,-1.077294717987459,-1.191089123847539,0.8345704887206613
2613,1.1819087502427124,0.024937870651767717,-1.0974056159583405
8204,0.5860748685116783,1.2747433927760552,0.35157646255091085
8292,1.306040808936678,0.7230274415680364,-0.13141756361883955
11054,0.38746357460133357,0.5203562758181519,-0.61441158978859
11010,-1.0028154827710798,-0.93212041205602,0.8345704887206613
10027,1.008123868071161,1.5562311229842283,-1.0974056159583405
12978,1.6784369850185743,1.9052759084423625,-1.5803996421280908
2640,-0.13389107191332153,0.013678361443440803,-0.61441158978859
1250,2.100485984578057,2.1867636386505356,-1.5803996421280908
8035,-1.077294717987459,-1.191089123847539,0.35157646255091085
5910,0.6357276919892645,0.12627345352670993,-0.13141756361883955
2435,-0.15871748365211455,0.1600519811516907,-0.13141756361883955
5202,-0.9283362475547006,-0.5267780805562511,0.8345704887206613
7964,-1.077294717987459,-1.0334559949309623,1.3175645148904118
15254,-0.15871748365211455,0.05871639827674846,-0.13141756361883955
13668,-1.077294717987459,-0.4367020068896358,1.3175645148904118
11353,-0.9779890710322867,-1.044715504139289,-1.5803996421280908
12695,-0.10906466017452843,-0.25654985955640514,0.35157646255091085
7959,-1.0524683062486662,-0.9546394304726739,0.8345704887206613
5438,-0.7297249536443557,-0.9771584488893277,-0.13141756361883955
2303,1.256387985459092,1.2634838835677282,-0.13141756361883955
8665,0.06472022199702318,0.0024188522351138884,-0.13141756361883955
12050,-1.077294717987459,-1.202348633055866,0.8345704887206613
8314,0.11437304547460941,-0.18899280430644366,-1.0974056159583405
582,0.38746357460133357,0.8919200796929401,0.35157646255091085
4921,-0.258023130607287,0.6216918586930942,0.35157646255091085
10763,-0.4318080127788386,0.46405872977651735,0.8345704887206613
718,-1.077294717987459,-1.202348633055866,0.35157646255091085
3710,-0.13389107191332153,-0.4367020068896358,-0.13141756361883955
10619,-1.0028154827710798,-1.07849403176427,0.8345704887206613
762,0.9584710445935745,-0.4367020068896358,-2.5463876944675916
5711,0.9584710445935745,1.060812717817844,0.8345704887206613
1870,0.784686162422023,-0.3015878963897128,-0.61441158978859
12868,-0.48146083625642483,-0.20025231351477057,-0.61441158978859
6367,2.44805574892116,2.4006943136087466,-1.0974056159583405
10319,-1.077294717987459,-0.7181897370978086,0.8345704887206613
7159,2.3735765137047813,2.0178710005256315,-2.063393668297841
738,-1.077294717987459,-1.191089123847539,0.8345704887206613
11545,0.561248456772885,0.9482176257345747,-1.0974056159583405
12667,-0.3821551893012525,-0.05387869380652068,-0.13141756361883955
4863,0.9088182211159885,1.1171102638594783,0.35157646255091085
8655,1.2067351619815054,0.7117679323597095,-1.0974056159583405
9778,0.7350333389444368,0.013678361443440803,0.35157646255091085
5843,-0.6055928949503904,-1.0221964857226353,-0.13141756361883955
8634,0.809512574160816,0.9594771349429017,0.8345704887206613
8029,-1.077294717987459,-1.202348633055866,1.3175645148904118
4265,-0.6304193066891834,-0.2227713319314244,0.8345704887206613
13588,-0.8042041888607351,-0.5492970989729049,-0.13141756361883955
13230,-0.10906466017452843,0.0024188522351138884,0.35157646255091085
750,-0.28284954234608,-0.8645633568060586,0.35157646255091085
3449,-1.077294717987459,-0.4254424976813089,0.8345704887206613
7524,-0.45663442451763175,0.23886854560997908,0.8345704887206613
10274,-0.258023130607287,-0.6055946450145395,-0.61441158978859
2329,0.46194280981771285,1.049553208609517,-0.13141756361883955
9790,-0.03458542495814907,-0.4592210253062896,0.35157646255091085
1839,0.03989381025823017,-0.8195253199727509,-0.13141756361883955
5667,-1.077294717987459,-0.4479615160979627,0.8345704887206613
3852,2.398402925443574,2.265580203108824,-1.5803996421280908
1275,1.1819087502427124,1.6575667058591705,-0.61441158978859
14627,-0.8786834240771144,-1.055975013347616,0.8345704887206613
10358,-0.258023130607287,0.46405872977651735,-0.13141756361883955
4679,-1.077294717987459,-1.044715504139289,1.3175645148904118
10158,-0.18354389539090765,-0.5492970989729049,-0.13141756361883955
15017,0.5364220450340921,-0.2227713319314244,-0.61441158978859
14791,0.75985975068323,1.3760789756509975,-1.0974056159583405
5775,0.46194280981771285,-0.3241069148063666,-0.13141756361883955
15211,0.16402586895219565,1.0045151717762093,0.35157646255091085
2264,0.015067398519437164,-0.0651382030148476,-0.61441158978859
11237,-1.077294717987459,-0.9433799212643469,1.3175645148904118
1536,-0.8042041888607351,-0.538037589764578,0.8345704887206613
10758,0.8839918093771955,1.4774145585259397,-0.61441158978859
8447,1.1819087502427124,-0.1552142766814629,-2.063393668297841
13033,0.18885228069098867,0.28390658244328676,-1.5803996421280908
1369,0.13919945721340263,-0.09891673063982834,0.35157646255091085
740,-0.23319671886849389,-0.8983418844310392,-0.61441158978859
10547,-1.077294717987459,-1.1460510870142313,0.8345704887206613
7460,1.08260310328754,1.578750141400882,0.35157646255091085
1188,0.26333151590736814,0.38524216531822897,0.35157646255091085
13766,-0.20837030712970078,0.013678361443440803,0.35157646255091085
9039,-0.9779890710322867,-0.7632277739311163,0.8345704887206613
1570,-1.077294717987459,-0.6055946450145395,0.35157646255091085
11669,-0.8786834240771144,-1.1122725593892506,-0.13141756361883955
4077,0.7350333389444368,0.04745688906842155,-1.0974056159583405
2527,-0.6552457184279764,-1.0221964857226353,0.8345704887206613
2127,-1.077294717987459,-1.067234522555943,1.3175645148904118
6762,1.3556936324142643,1.7476427795257858,-0.61441158978859
3487,0.33781075112374737,1.0045151717762093,-0.13141756361883955
10307,-1.077294717987459,-0.797006301556097,0.35157646255091085
2764,0.3129843393849541,0.9369581165262478,0.35157646255091085
11797,0.784686162422023,0.9482176257345747,-1.5803996421280908
5999,0.11437304547460941,0.903179588901267,0.8345704887206613
9119,-1.0028154827710798,-1.1573105962225583,0.35157646255091085
13582,-0.9035098358159074,-0.6844112094728279,1.3175645148904118
6311,-1.077294717987459,-0.6506326818478472,1.3175645148904118
8703,-1.077294717987459,-1.067234522555943,1.3175645148904118
1981,-0.03458542495814907,0.7905844968179979,0.8345704887206613
14281,-0.20837030712970078,-0.7069302278894817,0.35157646255091085
4295,-1.077294717987459,-0.93212041205602,1.3175645148904118
10861,1.6039577498021953,0.5766538218597865,-2.5463876944675916
8600,2.050833161100471,2.0741685465672663,-0.13141756361883955
4304,0.6357276919892645,-0.11017623984815525,0.35157646255091085
2057,1.7777426319737468,1.5111930861509206,-0.61441158978859
13990,-1.077294717987459,-0.5943351358062126,0.8345704887206613
4919,2.2246180432720224,2.2993587307338044,-1.0974056159583405
13153,-1.077294717987459,-1.191089123847539,1.3175645148904118
7197,-0.8538570123383212,-0.5042590621395973,0.8345704887206613
11730,-0.3821551893012525,-0.7069302278894817,-0.13141756361883955
11972,-0.9035098358159074,-0.7857467923477701,0.8345704887206613
3488,-0.20837030712970078,0.5766538218597865,0.8345704887206613
15079,1.3805200441530574,1.5111930861509206,-2.063393668297841
11482,-0.28284954234608,0.5879133310681134,0.8345704887206613
3978,0.6109012802504713,-0.6393731726395202,-1.0974056159583405
6913,-0.5559400714728041,-0.9996774673059815,0.35157646255091085
11356,-1.077294717987459,-1.1122725593892506,1.3175645148904118
9483,-1.077294717987459,-1.202348633055866,-0.13141756361883955
9194,-1.077294717987459,-0.9208609028476931,1.3175645148904118
5165,0.4867692215565058,-0.29032838718138587,-0.13141756361883955
1710,0.8591653976384023,0.644210877109748,-0.61441158978859
14516,1.4301728676306433,0.46405872977651735,-2.5463876944675916
6590,0.784686162422023,-0.6393731726395202,-2.5463876944675916
9894,-1.077294717987459,-1.1122725593892506,1.3175645148904118
562,0.3129843393849541,1.0045151717762093,0.35157646255091085
13068,-1.0524683062486662,-0.9208609028476931,-0.61441158978859
4438,0.26333151590736814,-0.3128474055980397,-0.13141756361883955
640,0.9088182211159885,0.18257099956834452,-2.063393668297841
1669,1.306040808936678,1.5674906321925552,-0.13141756361883955
3000,0.809512574160816,0.4302802021515366,-0.13141756361883955
12272,-0.8290306005995282,-0.13269525826480907,0.35157646255091085
13708,-0.08423824843573531,0.7117679323597095,1.3175645148904118
8171,0.08954663373581641,0.7680654784013441,0.35157646255091085
2407,-1.077294717987459,-0.538037589764578,1.3175645148904118
12860,-0.3821551893012525,-0.2340308411397513,0.35157646255091085
3611,-0.5807664832115972,-0.93212041205602,0.35157646255091085
7852,-0.33250236582366627,0.5428752942348057,0.35157646255091085
8161,-0.23319671886849389,0.44153971135986353,0.35157646255091085
14195,-0.258023130607287,-0.7632277739311163,0.35157646255091085
10157,-0.8538570123383212,-0.8420443383894047,0.8345704887206613
8740,-1.077294717987459,-1.191089123847539,0.8345704887206613
4048,-1.0524683062486662,-1.0897535409725967,0.8345704887206613
2910,0.6109012802504713,-0.7857467923477701,-1.0974056159583405
2742,-1.0276418945098729,-0.29032838718138587,1.3175645148904118
11993,-0.4069816010400455,-0.7294492463061355,-0.61441158978859
12386,0.2385051041685749,-0.7744872831394432,-1.5803996421280908
14569,-0.28284954234608,-0.8420443383894047,-0.13141756361883955
10982,-1.077294717987459,-1.1460510870142313,1.3175645148904118
5381,-1.077294717987459,-0.8645633568060586,0.35157646255091085
6884,-1.077294717987459,-1.1010130501809237,0.8345704887206613
2928,-0.30767595408487314,-0.93212041205602,-1.5803996421280908
3166,-1.077294717987459,-0.7069302278894817,1.3175645148904118
10937,-0.8786834240771144,-1.1010130501809237,0.35157646255091085
8279,1.4301728676306433,1.027034190192863,0.35157646255091085
10811,-0.28284954234608,0.38524216531822897,0.35157646255091085
180,-1.0524683062486662,-0.3353664240146935,0.8345704887206613
6020,1.6784369850185743,1.972832963692324,-1.0974056159583405
5496,-1.0524683062486662,-1.1347915778059046,0.8345704887206613
11236,-1.077294717987459,-0.93212041205602,1.3175645148904118
2218,-1.077294717987459,-1.1347915778059046,0.35157646255091085
6756,-0.10906466017452843,0.7342869507763633,0.8345704887206613
1955,1.2067351619815054,1.466155049317613,-0.61441158978859
1057,-1.077294717987459,-1.1573105962225583,0.35157646255091085
15034,-0.9035098358159074,-0.9546394304726739,-1.0974056159583405
6688,0.015067398519437164,0.5090967666098251,0.35157646255091085
5830,-0.8290306005995282,-1.0897535409725967,-0.13141756361883955
12801,-0.8538570123383212,-1.044715504139289,0.8345704887206613
1399,-1.077294717987459,-1.07849403176427,1.3175645148904118
8694,-0.506287247995218,-0.6506326818478472,0.8345704887206613
10235,-1.077294717987459,-1.1798296146392122,1.3175645148904118
5844,0.06472022199702318,-0.8645633568060586,-1.5803996421280908
10764,-1.077294717987459,-0.4254424976813089,1.3175645148904118
3068,1.9763539258840919,2.0741685465672663,0.8345704887206613
6550,-1.077294717987459,-1.191089123847539,1.3175645148904118
9648,-1.0524683062486662,-0.35788544243134734,0.8345704887206613
2234,0.809512574160816,-0.3241069148063666,-2.063393668297841
5081,-1.077294717987459,-1.1798296146392122,1.3175645148904118
13579,-0.45663442451763175,-0.41418298847298196,-0.13141756361883955
13496,-1.077294717987459,-1.202348633055866,1.3175645148904118
1210,0.8591653976384023,1.0720722270261707,0.35157646255091085
8959,2.7459726897866776,2.502029896483689,-2.063393668297841
10678,0.4371163980789196,0.38524216531822897,-0.13141756361883955
2238,1.032950279809954,-0.20025231351477057,-1.0974056159583405
10690,0.75985975068323,0.7680654784013441,-1.5803996421280908
10994,-1.077294717987459,-1.1010130501809237,1.3175645148904118
2948,-1.077294717987459,-1.1347915778059046,1.3175645148904118
14603,-1.077294717987459,-1.202348633055866,0.8345704887206613
13589,-0.0594118366969423,-0.05387869380652068,0.8345704887206613
5500,-0.7545513653831489,-0.9884179580976545,0.8345704887206613
12825,-0.4069816010400455,-0.7294492463061355,-1.0974056159583405
9586,-1.077294717987459,-0.7407087555144625,1.3175645148904118
13947,0.8591653976384023,0.250128054818306,0.35157646255091085
3776,2.1253123963168505,1.9277949268590164,-2.5463876944675916
13450,-1.0524683062486662,-1.0334559949309623,0.8345704887206613
5554,0.9088182211159885,0.4190206929432097,-0.61441158978859
8178,2.2742708667496085,2.220542166275516,-1.5803996421280908
1434,-1.077294717987459,-1.191089123847539,1.3175645148904118
15322,-1.077294717987459,-1.0334559949309623,1.3175645148904118
92,-0.30767595408487314,0.024937870651767717,-0.13141756361883955
11651,-0.8538570123383212,-1.044715504139289,0.35157646255091085
2300,1.554304926324609,1.3760789756509975,-0.61441158978859
8067,-1.0524683062486662,-1.0897535409725967,-0.61441158978859
13763,-1.0276418945098729,-0.6393731726395202,1.3175645148904118
3844,1.47982569110823,1.8039403255674202,-0.61441158978859
13627,0.75985975068323,0.9932556625678823,-0.13141756361883955
9730,-1.077294717987459,-0.6393731726395202,0.8345704887206613
14817,-1.077294717987459,-0.5042590621395973,1.3175645148904118
11648,-1.0028154827710798,-1.1010130501809237,0.8345704887206613
14523,-1.077294717987459,-0.93212041205602,0.8345704887206613
7780,-1.0028154827710798,-0.4367020068896358,1.3175645148904118
14786,-0.20837030712970078,0.6667298955264018,1.3175645148904118
12388,-0.8042041888607351,-1.067234522555943,-1.0974056159583405
8241,0.809512574160816,1.2860029019843822,0.35157646255091085
3822,2.547361395876333,2.4795108780670354,-1.5803996421280908
3378,0.4867692215565058,0.49783725740149815,-0.61441158978859
9572,1.231561573720299,0.5653943126514596,-0.13141756361883955
1084,-1.077294717987459,-1.202348633055866,1.3175645148904118
8953,1.306040808936678,1.713864251900805,-0.13141756361883955
2777,0.561248456772885,0.9707366441512285,-0.13141756361883955
5955,-0.5311136597340109,0.05871639827674846,0.8345704887206613
428,1.057776691548747,0.250128054818306,-1.5803996421280908
14042,-0.28284954234608,0.5991728402764404,-0.13141756361883955
9309,1.3556936324142643,1.7701617979424396,-0.13141756361883955
6395,-0.45663442451763175,0.4190206929432097,0.35157646255091085
5040,-1.0524683062486662,-0.9771584488893277,1.3175645148904118
8104,-0.6055928949503904,-0.4704805345146165,0.8345704887206613
14150,0.03989381025823017,-0.09891673063982834,0.35157646255091085
2698,0.6357276919892645,1.2071863375260936,-0.13141756361883955
6839,1.5294785145858159,0.644210877109748,-2.063393668297841
14886,-1.0276418945098729,-0.8420443383894047,0.35157646255091085
3478,-1.077294717987459,-0.4479615160979627,1.3175645148904118
6355,-1.0276418945098729,-0.29032838718138587,0.8345704887206613
8534,0.9584710445935745,1.3535599572343435,0.35157646255091085
408,-1.0028154827710798,-0.9884179580976545,0.8345704887206613
9851,-0.9779890710322867,-1.1460510870142313,1.3175645148904118
13607,0.16402586895219565,0.3402041284849213,0.35157646255091085
1608,-1.077294717987459,-0.4254424976813089,1.3175645148904118
10673,-0.3573287775624594,-0.1552142766814629,0.35157646255091085
14211,-0.0594118366969423,-0.8307848291810778,-0.61441158978859
7738,-0.30767595408487314,-0.29032838718138587,0.8345704887206613
10427,-0.03458542495814907,0.7230274415680364,0.35157646255091085
4978,-1.0276418945098729,-0.48174004372294343,0.8345704887206613
5100,-1.077294717987459,-1.202348633055866,1.3175645148904118
13979,0.33781075112374737,0.5316157850264789,-0.13141756361883955
5174,-1.077294717987459,-0.9433799212643469,1.3175645148904118
426,-0.10906466017452843,-0.29032838718138587,0.8345704887206613
949,-1.077294717987459,-0.5492970989729049,1.3175645148904118
7388,-1.0028154827710798,-0.6506326818478472,0.8345704887206613
11576,-0.7048985419055627,-0.34662593322302043,0.35157646255091085
3597,-0.9283362475547006,-0.9884179580976545,-0.61441158978859
2865,-1.077294717987459,-1.1010130501809237,1.3175645148904118
11124,1.4301728676306433,1.8264593439840742,-1.5803996421280908
10827,0.6357276919892645,0.8243630244429786,-0.61441158978859
4359,-1.077294717987459,-1.191089123847539,1.3175645148904118
11659,-1.077294717987459,-1.191089123847539,-0.13141756361883955
7960,0.7102069272056438,-0.1552142766814629,-0.61441158978859
9863,-1.0028154827710798,-1.1460510870142313,1.3175645148904118
6194,-1.077294717987459,-1.202348633055866,1.3175645148904118
8620,-0.9035098358159074,-0.2227713319314244,0.8345704887206613
12755,-1.077294717987459,-1.191089123847539,1.3175645148904118
1691,1.6536105732797814,1.466155049317613,-2.063393668297841
7882,1.8273954554513328,1.8151998347757472,-0.13141756361883955
8027,-1.077294717987459,-1.202348633055866,1.3175645148904118
9671,0.21367869242978188,1.0045151717762093,0.35157646255091085
5312,0.13919945721340263,0.8694010612762862,-0.13141756361883955
1421,0.2881579276461611,-0.7069302278894817,-0.13141756361883955
6545,-0.009759013219356063,-0.8645633568060586,-0.61441158978859
11775,-0.8042041888607351,-0.41418298847298196,-0.61441158978859
819,-1.077294717987459,-0.7407087555144625,1.3175645148904118
4843,1.306040808936678,1.0045151717762093,-0.61441158978859
4367,-0.6552457184279764,-1.044715504139289,0.8345704887206613
6329,0.06472022199702318,0.6104323494847672,0.35157646255091085
4269,1.6784369850185743,0.9819961533595555,-1.5803996421280908
9698,2.0260067493616774,2.0403900189422854,-1.5803996421280908
15013,-0.009759013219356063,-0.4704805345146165,0.8345704887206613
14140,-0.258023130607287,-0.12143574905648218,0.35157646255091085
9241,0.3626371628625404,0.7005084231513826,-0.13141756361883955
4467,-1.077294717987459,-0.7744872831394432,1.3175645148904118
10122,0.16402586895219565,0.11501394431838304,-0.13141756361883955
409,-1.077294717987459,-1.067234522555943,1.3175645148904118
1285,0.2881579276461611,1.027034190192863,-0.13141756361883955
14153,-1.077294717987459,-0.8983418844310392,1.3175645148904118
4035,0.784686162422023,-0.6281136634311933,-1.0974056159583405
4344,-0.6800721301667696,-0.9658989396810007,0.8345704887206613
1941,2.0756595728392635,1.7701617979424396,-2.5463876944675916
12138,1.80256904371254,1.03829369940119,-2.5463876944675916
1091,-1.077294717987459,-1.202348633055866,1.3175645148904118
6835,1.032950279809954,0.5203562758181519,-1.0974056159583405
73,-1.077294717987459,-0.8533038475977316,1.3175645148904118
7145,1.554304926324609,1.7363832703174589,0.35157646255091085
13154,-0.9283362475547006,-1.1122725593892506,-0.13141756361883955
4447,-1.0028154827710798,-0.8082658107644239,1.3175645148904118
12246,0.7102069272056438,1.2972624111927091,-0.61441158978859
15145,-0.3821551893012525,0.3402041284849213,0.8345704887206613
7025,-1.077294717987459,-0.7632277739311163,1.3175645148904118
5372,-0.9531626592934936,-0.6168541542228664,0.8345704887206613
291,0.33781075112374737,-0.29032838718138587,0.35157646255091085
6918,-0.3821551893012525,-0.9658989396810007,0.8345704887206613
12776,-1.0028154827710798,-1.1573105962225583,0.35157646255091085
8426,-1.0524683062486662,-1.1122725593892506,1.3175645148904118
3578,-1.0524683062486662,-0.9658989396810007,1.3175645148904118
11676,-0.9779890710322867,-1.1460510870142313,0.8345704887206613
5659,1.9267011024065053,2.107947074192247,-1.0974056159583405
6011,-1.077294717987459,-0.4254424976813089,0.8345704887206613
2089,-0.8290306005995282,-0.538037589764578,0.35157646255091085
11747,-1.077294717987459,-0.9433799212643469,1.3175645148904118
1801,0.015067398519437164,-0.8758228660143854,-1.0974056159583405
14071,-1.077294717987459,-0.4479615160979627,1.3175645148904118
12593,-0.9779890710322867,-0.17773329509811675,0.8345704887206613
1576,0.6357276919892645,0.9482176257345747,-0.13141756361883955
1110,-1.077294717987459,-1.1685701054308852,0.8345704887206613
318,-1.0524683062486662,-1.1010130501809237,1.3175645148904118
8249,-1.077294717987459,-0.5267780805562511,0.8345704887206613
9432,0.16402586895219565,-0.49299955293127035,0.35157646255091085
13907,-0.48146083625642483,-0.8645633568060586,0.35157646255091085
13525,-0.7545513653831489,-1.0334559949309623,-0.61441158978859
1825,-1.077294717987459,-1.191089123847539,0.35157646255091085
3146,-0.9283362475547006,-0.29032838718138587,0.8345704887206613
5337,1.1074295150263334,1.2747433927760552,-0.13141756361883955
7202,0.983297456332368,0.46405872977651735,-1.0974056159583405
3411,0.18885228069098867,0.7455464599846903,-0.13141756361883955
144,1.032950279809954,1.4886740677342667,-0.13141756361883955
9205,-1.0524683062486662,-0.7857467923477701,0.8345704887206613
4786,-0.3573287775624594,-0.7294492463061355,-0.61441158978859
8369,-1.077294717987459,-1.1798296146392122,1.3175645148904118
3514,1.5791313380634018,1.4774145585259397,-0.13141756361883955
4828,0.3626371628625404,0.250128054818306,0.35157646255091085
14997,-1.077294717987459,-1.1460510870142313,1.3175645148904118
13313,-1.0028154827710798,-0.2227713319314244,0.8345704887206613
4501,-1.0524683062486662,-0.48174004372294343,1.3175645148904118
9899,-1.0276418945098729,-1.044715504139289,1.3175645148904118
7344,0.9584710445935745,-0.3241069148063666,-1.0974056159583405
10654,0.4371163980789196,-0.020100166181539942,-1.0974056159583405
10972,-1.077294717987459,-1.1685701054308852,0.8345704887206613
15213,-0.6304193066891834,0.18257099956834452,0.35157646255091085
8455,-1.077294717987459,-1.0109369765143084,0.8345704887206613
7502,1.057776691548747,1.4999335769425937,0.35157646255091085
1830,-1.077294717987459,-1.191089123847539,0.35157646255091085
9174,-1.077294717987459,-1.067234522555943,1.3175645148904118
85,0.3626371628625404,0.3289446192765944,0.35157646255091085
4590,1.47982569110823,1.6800857242758243,-1.0974056159583405
1219,1.032950279809954,1.2972624111927091,-1.0974056159583405
12848,0.5115956332952991,0.03619737986009463,-1.0974056159583405
14404,-0.10906466017452843,0.7342869507763633,0.8345704887206613
9226,-0.30767595408487314,0.05871639827674846,-0.13141756361883955
11721,-0.18354389539090765,-0.7181897370978086,-1.0974056159583405
8015,-1.077294717987459,-1.202348633055866,0.8345704887206613
11697,-1.0028154827710798,-1.1347915778059046,0.35157646255091085
6067,1.8273954554513328,1.6688262150674973,-0.13141756361883955
6407,2.3735765137047813,2.265580203108824,-1.5803996421280908
9232,-0.8538570123383212,-0.3353664240146935,-0.13141756361883955
11603,0.26333151590736814,-0.1552142766814629,0.35157646255091085
11019,-1.0524683062486662,-0.8870823752227124,1.3175645148904118
594,-0.6304193066891834,-0.008840656973213026,0.35157646255091085
9563,-1.077294717987459,-0.8983418844310392,1.3175645148904118
8482,0.2385051041685749,0.19383050877667143,0.8345704887206613
8141,-0.6800721301667696,-0.13269525826480907,0.8345704887206613
8928,1.7032633967573674,1.984092472900651,-0.61441158978859
8974,0.75985975068323,1.2297053559427475,0.35157646255091085
7061,1.4301728676306433,1.5111930861509206,0.35157646255091085
9210,-0.9283362475547006,-0.6055946450145395,0.35157646255091085
14876,-0.6304193066891834,-0.4254424976813089,0.8345704887206613
14388,-0.8042041888607351,0.013678361443440803,0.8345704887206613
8943,-1.0524683062486662,-0.3353664240146935,0.35157646255091085
61,-1.0524683062486662,-0.8870823752227124,1.3175645148904118
14812,0.6853805154668505,1.2297053559427475,-0.13141756361883955
10513,-0.30767595408487314,-0.48174004372294343,0.35157646255091085
3570,1.3805200441530574,0.19383050877667143,-2.063393668297841
5412,-1.077294717987459,-1.055975013347616,0.8345704887206613
10934,-0.8042041888607351,-1.07849403176427,0.35157646255091085
12270,0.4867692215565058,0.9594771349429017,-0.61441158978859
4028,-0.6800721301667696,-1.0109369765143084,0.35157646255091085
14223,-1.077294717987459,-1.202348633055866,1.3175645148904118
12134,0.983297456332368,0.5766538218597865,-2.063393668297841
3728,0.13919945721340263,0.04745688906842155,-0.13141756361883955
12669,0.2385051041685749,0.29516609165161367,-1.5803996421280908
9317,2.299097278488402,2.2993587307338044,-1.0974056159583405
7220,-1.077294717987459,-0.9433799212643469,1.3175645148904118
13199,-0.9531626592934936,-0.9096013936393662,-0.13141756361883955
15225,0.015067398519437164,0.6779894047347288,0.35157646255091085
6281,0.33781075112374737,0.10375443511005612,0.8345704887206613
12344,-0.3573287775624594,-0.5605566081812319,0.8345704887206613
11670,-1.0028154827710798,-1.1573105962225583,1.3175645148904118
4738,-0.7048985419055627,-1.055975013347616,0.35157646255091085
532,-0.009759013219356063,0.8243630244429786,0.8345704887206613
958,2.0260067493616774,1.713864251900805,-1.5803996421280908
472,-0.10906466017452843,0.35146363769324823,0.35157646255091085
7281,-1.077294717987459,-1.191089123847539,1.3175645148904118
7488,0.16402586895219565,0.9482176257345747,0.8345704887206613
1513,1.032950279809954,-0.09891673063982834,-2.5463876944675916
2290,1.2067351619815054,1.0157746809845363,-1.0974056159583405
4974,1.330867220675471,1.3535599572343435,-1.0974056159583405
6259,0.08954663373581641,-0.4367020068896358,-0.13141756361883955
6714,-0.7793777771219419,0.024937870651767717,0.35157646255091085
15228,-0.506287247995218,0.024937870651767717,-0.61441158978859
1479,0.46194280981771285,-0.6844112094728279,-2.5463876944675916
15247,0.3626371628625404,0.4190206929432097,-0.13141756361883955
5151,-1.077294717987459,-1.1010130501809237,1.3175645148904118
2899,0.5115956332952991,-0.7857467923477701,-0.13141756361883955
14225,0.015067398519437164,-0.8870823752227124,-1.0974056159583405
9674,2.5970142193539187,2.490770387275362,-1.0974056159583405
10241,-0.5559400714728041,-0.9658989396810007,0.35157646255091085
9301,1.3805200441530574,1.7926808163590935,-0.13141756361883955
14339,1.1570823385039195,0.9144390981095939,-0.61441158978859
10346,2.249444455010816,1.9277949268590164,-2.5463876944675916
10528,0.26333151590736814,-0.4592210253062896,-0.61441158978859
4509,-0.5311136597340109,0.19383050877667143,0.8345704887206613
5120,-1.077294717987459,-1.191089123847539,0.35157646255091085
9416,-1.077294717987459,-0.9771584488893277,1.3175645148904118
9803,-1.0028154827710798,-1.0109369765143084,-0.13141756361883955
10399,-0.5559400714728041,0.3402041284849213,0.8345704887206613
9403,-1.077294717987459,-0.8983418844310392,1.3175645148904118
491,0.38746357460133357,0.903179588901267,-0.61441158978859
10328,0.809512574160816,0.8468820428596324,-2.5463876944675916
12929,-1.077294717987459,-0.4254424976813089,0.8345704887206613
6105,-0.9035098358159074,-0.5943351358062126,0.35157646255091085
7844,-0.28284954234608,0.5991728402764404,0.35157646255091085
8018,0.16402586895219565,-0.8645633568060586,-0.61441158978859
8318,-0.8786834240771144,-0.7519682647227893,0.35157646255091085
127,-0.28284954234608,0.4190206929432097,0.8345704887206613
8485,0.6853805154668505,0.4865777481931712,-0.61441158978859
10873,0.9336446328547815,0.08123541669340228,-2.5463876944675916
6108,0.561248456772885,0.23886854560997908,-0.13141756361883955
4339,0.4371163980789196,-0.6393731726395202,-0.61441158978859
3724,1.032950279809954,0.3965016745265559,-0.61441158978859
1264,-0.7048985419055627,0.18257099956834452,0.8345704887206613
7975,0.6357276919892645,-0.40292347926465505,-0.61441158978859
13982,0.3129843393849541,0.5653943126514596,-0.61441158978859
11883,1.3805200441530574,1.713864251900805,-0.61441158978859
8256,-0.3573287775624594,0.3064256008599406,0.35157646255091085
13732,2.249444455010816,1.9615734544839971,-2.063393668297841
7949,1.057776691548747,0.1713114903600176,-0.61441158978859
7136,0.38746357460133357,1.060812717817844,0.35157646255091085
10168,0.9584710445935745,-0.3353664240146935,-2.5463876944675916
10561,-0.03458542495814907,-0.8645633568060586,-1.0974056159583405
275,-0.9035098358159074,-0.7181897370978086,0.8345704887206613
5225,-0.7545513653831489,-0.14395476747313599,0.35157646255091085
14466,0.21367869242978188,0.7342869507763633,-0.61441158978859
10742,-1.0276418945098729,-0.27906887797305896,1.3175645148904118
1272,-0.7048985419055627,0.18257099956834452,0.35157646255091085
12722,-1.077294717987459,-1.07849403176427,0.8345704887206613
13682,-0.5559400714728041,0.3402041284849213,0.8345704887206613
6134,-0.7545513653831489,-0.7519682647227893,0.35157646255091085
8246,1.9018746906677122,1.8827568900257088,-0.61441158978859
1897,-0.6304193066891834,-0.4479615160979627,0.35157646255091085
12395,0.5115956332952991,-0.7857467923477701,-0.61441158978859
13775,-0.8786834240771144,-0.5605566081812319,1.3175645148904118
8366,-1.0524683062486662,-1.1460510870142313,0.35157646255091085
9993,1.1322559267651264,1.443636030900959,-2.063393668297841
12594,0.8839918093771955,1.4774145585259397,-0.13141756361883955
13633,0.8343389858996093,1.1171102638594783,-0.61441158978859
15064,0.38746357460133357,0.44153971135986353,0.35157646255091085
11419,-1.077294717987459,-0.6844112094728279,0.8345704887206613
1458,-1.077294717987459,-1.202348633055866,0.8345704887206613
7453,1.1322559267651264,1.578750141400882,-0.13141756361883955
8101,-0.15871748365211455,-0.25654985955640514,0.35157646255091085
7608,0.9088182211159885,-0.3015878963897128,-1.0974056159583405
6459,-0.15871748365211455,0.06997590748507537,0.8345704887206613
3585,-1.0524683062486662,-1.0109369765143084,1.3175645148904118
2826,0.6357276919892645,0.18257099956834452,0.35157646255091085
715,0.4122899863401266,-0.8195253199727509,-1.0974056159583405
12067,0.5115956332952991,-0.7069302278894817,-2.063393668297841
6245,-1.077294717987459,-1.1010130501809237,1.3175645148904118
2973,-0.18354389539090765,-0.5267780805562511,0.35157646255091085
13040,0.18885228069098867,0.18257099956834452,-1.5803996421280908
1118,-0.7545513653831489,-0.9884179580976545,0.8345704887206613
11612,0.015067398519437164,-0.39166397005632814,-1.0974056159583405
6824,0.16402586895219565,0.27264707323495985,0.35157646255091085
3989,-0.18354389539090765,-0.8983418844310392,0.35157646255091085
4750,-1.0276418945098729,-1.1573105962225583,0.8345704887206613
1698,1.306040808936678,1.162148300692786,-1.0974056159583405
4336,-0.6304193066891834,-0.9096013936393662,0.35157646255091085
5444,0.4122899863401266,-0.7181897370978086,0.35157646255091085
2316,-0.15871748365211455,0.4865777481931712,0.35157646255091085
9589,1.032950279809954,0.8131035152346517,-0.13141756361883955
14365,0.8839918093771955,1.162148300692786,-0.61441158978859
4504,0.16402586895219565,0.7005084231513826,-0.61441158978859
8113,0.4867692215565058,0.26138756402663293,0.8345704887206613
11848,-0.009759013219356063,0.8243630244429786,0.35157646255091085
2458,-0.8786834240771144,-0.6168541542228664,0.8345704887206613
15135,-0.45663442451763175,1.2409648651510745,0.8345704887206613
9000,-0.03458542495814907,0.4077611837348828,0.35157646255091085
7092,0.46194280981771285,1.1508887914844592,0.35157646255091085
13750,1.2067351619815054,1.1283697730678053,-1.0974056159583405
2174,-0.8290306005995282,-1.0897535409725967,0.8345704887206613
13495,-1.077294717987459,-1.202348633055866,0.8345704887206613
13448,-0.48146083625642483,-0.7069302278894817,0.8345704887206613
8131,-0.9531626592934936,-0.49299955293127035,0.35157646255091085
12546,-0.8042041888607351,-0.07639771222317451,0.35157646255091085
14773,-1.077294717987459,-0.4254424976813089,1.3175645148904118
13811,-1.077294717987459,-1.044715504139289,1.3175645148904118
1864,0.08954663373581641,-0.5830756265978857,-0.61441158978859
13393,0.2881579276461611,0.4190206929432097,-0.13141756361883955
9988,-0.7048985419055627,0.024937870651767717,0.8345704887206613
13699,0.21367869242978188,0.9819961533595555,-0.61441158978859
3846,2.150138808055643,2.1755041294422086,-1.5803996421280908
12132,0.2385051041685749,0.1713114903600176,-0.61441158978859
1145,-1.077294717987459,-1.0334559949309623,1.3175645148904118
3834,-0.4069816010400455,0.47531823898484427,0.8345704887206613
7250,-0.4318080127788386,-0.7857467923477701,0.35157646255091085
14766,1.8770482789289193,2.0741685465672663,-1.0974056159583405
13662,0.561248456772885,1.1959268283177669,-1.0974056159583405
733,0.03989381025823017,-0.8645633568060586,-0.13141756361883955
12274,1.7032633967573674,1.6350476874425166,-2.063393668297841
11489,1.6784369850185743,1.972832963692324,-1.5803996421280908
8083,0.8591653976384023,-0.2340308411397513,-0.13141756361883955
3282,-1.077294717987459,-1.202348633055866,1.3175645148904118
2457,1.08260310328754,0.45279922056819044,0.35157646255091085
12895,-0.9035098358159074,-0.3015878963897128,0.8345704887206613
8387,-0.15871748365211455,-0.93212041205602,-1.0974056159583405
13259,2.2246180432720224,1.7701617979424396,-2.5463876944675916
13742,2.001180337622885,1.6800857242758243,-2.063393668297841
5902,-0.8042041888607351,-0.7519682647227893,1.3175645148904118
1835,-1.077294717987459,-1.1798296146392122,1.3175645148904118
11471,-1.0524683062486662,-0.3353664240146935,1.3175645148904118
8798,-0.3821551893012525,-0.797006301556097,0.35157646255091085
9970,-0.9283362475547006,-0.35788544243134734,0.8345704887206613
4580,0.6605541037280576,1.2409648651510745,0.35157646255091085
8217,1.306040808936678,1.7363832703174589,-0.61441158978859
4850,-0.506287247995218,-0.008840656973213026,-0.13141756361883955
11275,-0.8042041888607351,-0.9658989396810007,0.35157646255091085
11951,-0.10906466017452843,-0.07639771222317451,0.8345704887206613
12562,-1.0276418945098729,-0.3015878963897128,0.8345704887206613
15298,-0.6800721301667696,-0.8870823752227124,-0.61441158978859
4717,-1.077294717987459,-1.1798296146392122,1.3175645148904118
5828,-0.5559400714728041,-1.0221964857226353,0.8345704887206613
477,-1.077294717987459,-0.5830756265978857,1.3175645148904118
11175,-0.5807664832115972,0.13753296273503687,0.8345704887206613
4739,-0.6055928949503904,-1.0334559949309623,0.35157646255091085
13911,-1.0524683062486662,-1.0897535409725967,1.3175645148904118
4291,1.057776691548747,0.28390658244328676,-0.13141756361883955
14475,0.2881579276461611,0.6779894047347288,0.35157646255091085
8062,0.5860748685116783,-0.5830756265978857,-1.0974056159583405
11123,0.11437304547460941,0.9256986073179209,0.35157646255091085
642,0.4371163980789196,-0.03135967538986686,0.35157646255091085
9736,2.0260067493616774,1.4886740677342667,-1.0974056159583405
6802,1.728089808496161,1.5562311229842283,-2.063393668297841
4993,-0.45663442451763175,-0.0651382030148476,0.8345704887206613
5703,1.330867220675471,1.3873384848593244,-0.13141756361883955
14824,-0.33250236582366627,0.38524216531822897,-0.61441158978859
10264,0.8591653976384023,-0.3804044608480012,-1.5803996421280908
11654,0.3129843393849541,-0.7407087555144625,-0.61441158978859
1793,-0.8786834240771144,-1.067234522555943,0.35157646255091085
1692,-0.20837030712970078,0.3176851100682675,0.35157646255091085
5025,0.8591653976384023,0.12627345352670993,-1.0974056159583405
15229,1.1322559267651264,1.03829369940119,0.35157646255091085
13783,-0.8786834240771144,-0.6393731726395202,-0.13141756361883955
493,-0.5311136597340109,0.20509001798499835,-0.13141756361883955
7346,0.03989381025823017,-0.5718161173895587,-0.61441158978859
157,-0.45663442451763175,0.4302802021515366,-0.13141756361883955
5391,0.11437304547460941,-0.17773329509811675,-0.13141756361883955
13427,-0.506287247995218,-0.48174004372294343,0.8345704887206613
1463,-1.077294717987459,-1.191089123847539,1.3175645148904118
9999,-0.18354389539090765,0.5653943126514596,0.35157646255091085
10537,-0.9779890710322867,-1.0221964857226353,0.8345704887206613
4740,0.4371163980789196,-0.8082658107644239,-2.063393668297841
14888,0.08954663373581641,-0.20025231351477057,0.8345704887206613
9745,-0.5559400714728041,-0.17773329509811675,-0.13141756361883955
6790,-0.45663442451763175,0.27264707323495985,0.8345704887206613
12255,0.7350333389444368,1.2634838835677282,-0.13141756361883955
2287,-0.258023130607287,0.0924949259017292,0.35157646255091085
7879,0.03989381025823017,0.7117679323597095,0.35157646255091085
3351,-0.10906466017452843,-0.24529035034807822,-0.13141756361883955
9660,2.150138808055643,2.24306118469217,-1.5803996421280908
12579,-1.0524683062486662,-0.3353664240146935,1.3175645148904118
965,0.4371163980789196,0.7230274415680364,-0.13141756361883955
7911,1.008123868071161,0.9369581165262478,-0.13141756361883955
6695,2.3239236902271947,1.984092472900651,-0.61441158978859
2252,-0.6800721301667696,-0.6055946450145395,-0.13141756361883955
9585,-1.077294717987459,-0.7407087555144625,1.3175645148904118
2578,-1.077294717987459,-1.1573105962225583,0.35157646255091085
438,-1.077294717987459,-0.8533038475977316,0.8345704887206613
9393,0.015067398519437164,0.0024188522351138884,-0.13141756361883955
8487,1.6536105732797814,0.9932556625678823,-2.063393668297841
1614,-0.7297249536443557,0.13753296273503687,0.8345704887206613
8168,0.5860748685116783,1.0945912454428246,0.35157646255091085
5028,-0.6304193066891834,-0.5830756265978857,0.8345704887206613
9186,0.16402586895219565,-0.34662593322302043,-0.61441158978859
15104,2.1749652197944367,2.3443967675671122,0.35157646255091085
8127,0.5364220450340921,0.5316157850264789,0.35157646255091085
15105,2.0260067493616774,2.265580203108824,1.3175645148904118
13413,-0.9035098358159074,-0.6168541542228664,0.35157646255091085
467,1.9763539258840919,1.4886740677342667,-2.063393668297841
10313,0.9088182211159885,0.632951367901421,-2.063393668297841
3751,0.4371163980789196,0.5766538218597865,0.35157646255091085
4832,-0.9779890710322867,-0.6168541542228664,0.8345704887206613
756,-0.9035098358159074,-1.0334559949309623,0.8345704887206613
5678,1.6784369850185743,1.8602378716090548,-0.61441158978859
2929,-1.077294717987459,-1.191089123847539,-2.5463876944675916
2688,-0.0594118366969423,0.6216918586930942,0.35157646255091085
1090,-1.077294717987459,-1.202348633055866,0.35157646255091085
7050,-1.0524683062486662,-0.5267780805562511,1.3175645148904118
4715,-0.45663442451763175,-0.93212041205602,0.35157646255091085
3958,-1.077294717987459,-1.0897535409725967,0.35157646255091085
7497,1.9763539258840919,2.0854280557755933,-1.0974056159583405
12331,-0.8042041888607351,-0.661892191056174,1.3175645148904118
1374,-0.23319671886849389,-0.34662593322302043,0.8345704887206613
12618,2.4728821606599536,2.3106182399421313,-2.5463876944675916
11502,0.13919945721340263,0.9369581165262478,-0.61441158978859
12714,0.26333151590736814,-0.3804044608480012,-0.61441158978859
14879,-0.0594118366969423,-0.13269525826480907,-1.0974056159583405
10284,-1.077294717987459,-0.9884179580976545,0.8345704887206613
12177,-1.077294717987459,-0.5155185713479241,1.3175645148904118
13860,-1.077294717987459,-1.202348633055866,1.3175645148904118
6529,-0.23319671886849389,-0.797006301556097,-0.13141756361883955
2186,0.2881579276461611,-0.8420443383894047,-1.0974056159583405
9898,-1.077294717987459,-1.1010130501809237,1.3175645148904118
4250,0.6853805154668505,0.903179588901267,0.35157646255091085
13052,-0.6055928949503904,-0.4367020068896358,0.8345704887206613
1432,0.18885228069098867,-0.8195253199727509,-1.0974056159583405
11115,0.13919945721340263,0.9256986073179209,0.8345704887206613
6312,1.5791313380634018,1.2972624111927091,0.35157646255091085
5145,0.7102069272056438,-0.49299955293127035,-0.61441158978859
6693,1.1074295150263334,1.2747433927760552,-0.13141756361883955
13853,-0.10906466017452843,-0.8983418844310392,-2.5463876944675916
2102,-0.30767595408487314,-0.35788544243134734,-0.13141756361883955
4885,1.7777426319737468,1.8940163992340358,-1.5803996421280908
7695,0.7102069272056438,-0.5718161173895587,-1.0974056159583405
3891,1.08260310328754,1.027034190192863,-0.13141756361883955
1995,2.348750101965988,2.366915785983766,-2.063393668297841
2952,0.9088182211159885,-0.4592210253062896,-2.5463876944675916
6225,-0.3573287775624594,-0.8983418844310392,-0.13141756361883955
13420,1.1322559267651264,0.35146363769324823,-2.063393668297841
7621,0.21367869242978188,-0.6506326818478472,-0.13141756361883955
14455,-0.20837030712970078,0.5203562758181519,0.8345704887206613
8528,-0.33250236582366627,0.37398265610990206,0.35157646255091085
2447,1.1819087502427124,0.6892489139430557,-1.0974056159583405
12321,0.809512574160816,0.27264707323495985,-1.0974056159583405
9247,1.47982569110823,1.466155049317613,-0.61441158978859
12064,-0.7048985419055627,-1.0221964857226353,-0.61441158978859
10918,-0.4318080127788386,-0.8983418844310392,-0.13141756361883955
6482,-1.0524683062486662,-0.8533038475977316,0.8345704887206613
12904,-1.077294717987459,-0.538037589764578,1.3175645148904118
9152,-1.077294717987459,-1.1573105962225583,1.3175645148904118
8187,-0.6552457184279764,0.20509001798499835,0.8345704887206613
14226,-1.0524683062486662,-1.1798296146392122,0.8345704887206613
14903,-1.077294717987459,-1.0221964857226353,1.3175645148904118
11643,-1.077294717987459,-1.1460510870142313,0.8345704887206613
6377,2.547361395876333,2.4795108780670354,0.35157646255091085
4153,0.2385051041685749,0.8806605704846132,-0.13141756361883955
134,2.249444455010816,2.1304660926089007,-1.0974056159583405
11387,0.26333151590736814,-0.0651382030148476,-1.0974056159583405
799,-1.077294717987459,-0.8870823752227124,1.3175645148904118
9070,0.5364220450340921,-0.41418298847298196,0.35157646255091085
427,0.983297456332368,0.19383050877667143,-0.61441158978859
9632,-0.7048985419055627,0.08123541669340228,0.8345704887206613
13326,1.1074295150263334,1.6237881782341896,-1.5803996421280908
7300,-1.077294717987459,-1.202348633055866,0.8345704887206613
6156,-1.077294717987459,-1.1122725593892506,0.8345704887206613
14219,-1.077294717987459,-1.191089123847539,1.3175645148904118
1255,1.8273954554513328,2.0516495281506124,-1.5803996421280908
5923,1.3805200441530574,0.7230274415680364,-1.0974056159583405
7132,-0.9779890710322867,-0.2115118227230975,0.8345704887206613
10540,-0.7048985419055627,-0.9096013936393662,0.8345704887206613
9378,1.8522218671901263,1.1396292822761322,-1.5803996421280908
6045,1.47982569110823,1.725123761109132,-0.61441158978859
3131,-0.5311136597340109,0.23886854560997908,0.8345704887206613
1926,-1.0524683062486662,-0.5943351358062126,0.8345704887206613
6070,2.0756595728392635,1.7476427795257858,-1.5803996421280908
3037,1.728089808496161,1.590009650609209,-1.0974056159583405
11392,-0.6800721301667696,-0.5042590621395973,0.35157646255091085
10548,-1.077294717987459,-1.1460510870142313,1.3175645148904118
11262,-1.0524683062486662,-1.044715504139289,-0.13141756361883955
15107,0.8343389858996093,1.7926808163590935,-0.13141756361883955
9720,-0.28284954234608,0.3402041284849213,0.35157646255091085
15077,1.5046521028470228,1.454895540109286,0.35157646255091085
5707,0.6853805154668505,0.9482176257345747,0.35157646255091085
12807,-1.077294717987459,-1.1460510870142313,0.8345704887206613
11220,-0.48146083625642483,-0.27906887797305896,0.35157646255091085
3746,-0.13389107191332153,0.14879247194336379,0.8345704887206613
5094,-0.18354389539090765,-0.93212041205602,0.35157646255091085
14160,-0.3573287775624594,-0.4367020068896358,0.35157646255091085
11073,1.9763539258840919,1.725123761109132,-2.5463876944675916
13499,-1.077294717987459,-1.202348633055866,-0.13141756361883955
4096,0.08954663373581641,0.06997590748507537,0.8345704887206613
8500,1.6039577498021953,1.2409648651510745,-1.0974056159583405
11241,-0.7793777771219419,-0.6956707186811548,0.35157646255091085
3503,-0.03458542495814907,0.5991728402764404,-0.13141756361883955
11212,1.6287841615409884,0.903179588901267,-2.063393668297841
9366,0.3129843393849541,0.632951367901421,0.8345704887206613
10959,-0.7297249536443557,-1.055975013347616,0.35157646255091085
10560,-1.077294717987459,-1.1798296146392122,0.8345704887206613
2314,-0.9531626592934936,-0.29032838718138587,0.8345704887206613
9488,-0.45663442451763175,-0.9996774673059815,0.35157646255091085
5250,-0.3821551893012525,0.3965016745265559,0.35157646255091085
2018,0.2385051041685749,0.9707366441512285,-0.61441158978859
4660,-1.0276418945098729,-0.8420443383894047,0.35157646255091085
5503,-0.03458542495814907,-0.7632277739311163,0.35157646255091085
12577,1.7529162202349537,2.006611491317305,-0.61441158978859
4475,1.4549992793694364,1.027034190192863,-1.0974056159583405
10094,0.03989381025823017,0.4865777481931712,-0.13141756361883955
13444,-1.077294717987459,-1.0334559949309623,1.3175645148904118
4513,-0.6552457184279764,0.10375443511005612,0.35157646255091085
11217,-1.0276418945098729,-0.7069302278894817,0.35157646255091085
6879,1.032950279809954,-0.27906887797305896,-2.5463876944675916
8020,-1.0028154827710798,-1.1573105962225583,0.35157646255091085
7591,1.256387985459092,0.0924949259017292,-1.5803996421280908
12827,0.3129843393849541,-0.4592210253062896,-1.5803996421280908
3448,-1.077294717987459,-0.4254424976813089,1.3175645148904118
12392,-0.10906466017452843,-0.8983418844310392,-1.0974056159583405
43,-1.077294717987459,-1.067234522555943,1.3175645148904118
17,-1.077294717987459,-1.1685701054308852,1.3175645148904118
6051,0.4867692215565058,1.049553208609517,-0.13141756361883955
1883,-1.077294717987459,-0.9884179580976545,1.3175645148904118
10955,0.3129843393849541,-0.8307848291810778,-0.61441158978859
2372,0.3626371628625404,1.1058507546511516,0.8345704887206613
12809,-1.0524683062486662,-1.1122725593892506,0.35157646255091085
10316,0.6357276919892645,0.5428752942348057,-0.61441158978859
9599,-0.7793777771219419,-0.24529035034807822,0.8345704887206613
11790,-1.0524683062486662,-0.5830756265978857,0.8345704887206613
4094,1.306040808936678,0.6216918586930942,-0.61441158978859
8772,-0.28284954234608,-0.9208609028476931,-0.61441158978859
13065,0.13919945721340263,-0.2227713319314244,-1.5803996421280908
10977,-0.8538570123383212,-1.0334559949309623,-0.13141756361883955
14284,-0.8042041888607351,-0.9096013936393662,0.35157646255091085
6417,-0.48146083625642483,0.29516609165161367,0.8345704887206613
6857,1.1322559267651264,0.13753296273503687,-1.0974056159583405
3305,-1.0524683062486662,-1.1347915778059046,1.3175645148904118
10623,0.4122899863401266,-0.5718161173895587,-2.063393668297841
443,-1.077294717987459,-0.8195253199727509,1.3175645148904118
9410,0.9584710445935745,0.12627345352670993,-1.0974056159583405
11512,1.554304926324609,1.8602378716090548,-2.5463876944675916
15172,-0.8290306005995282,0.1600519811516907,0.35157646255091085
5627,1.057776691548747,1.5224525953592474,-0.61441158978859
10184,0.561248456772885,-0.6168541542228664,-0.61441158978859
13058,-0.03458542495814907,-0.20025231351477057,-0.61441158978859
14091,1.1819087502427124,1.454895540109286,-1.5803996421280908
430,-1.077294717987459,-0.9096013936393662,0.8345704887206613
7223,0.5115956332952991,-0.11017623984815525,-0.13141756361883955
12410,-0.9779890710322867,-1.1460510870142313,0.8345704887206613
2328,0.8591653976384023,1.3197814296093628,-1.5803996421280908
12767,-1.077294717987459,-1.202348633055866,0.35157646255091085
577,1.80256904371254,1.8039403255674202,-0.13141756361883955
4233,2.199791631533229,1.984092472900651,-1.5803996421280908
684,-1.077294717987459,-1.1347915778059046,1.3175645148904118
5620,-0.6800721301667696,0.13753296273503687,0.8345704887206613
3785,0.5364220450340921,1.060812717817844,-0.13141756361883955
4536,0.3129843393849541,1.049553208609517,0.35157646255091085
761,-0.28284954234608,-0.7744872831394432,-0.61441158978859
8471,-0.7048985419055627,-0.5155185713479241,0.8345704887206613
7150,1.032950279809954,1.3760789756509975,0.35157646255091085
796,-1.077294717987459,-0.9096013936393662,1.3175645148904118
4721,-1.077294717987459,-1.191089123847539,0.35157646255091085
5938,0.11437304547460941,0.3289446192765944,0.8345704887206613
13231,-0.4318080127788386,-0.18899280430644366,-0.13141756361883955
11295,-0.009759013219356063,-0.8645633568060586,-1.0974056159583405
12799,-0.4318080127788386,-0.9208609028476931,-0.13141756361883955
12569,0.2385051041685749,0.9707366441512285,0.35157646255091085
9680,-0.3573287775624594,0.5203562758181519,0.35157646255091085
9757,-0.9531626592934936,-0.6281136634311933,0.8345704887206613
7685,-0.10906466017452843,-0.8420443383894047,0.35157646255091085
7420,-0.6055928949503904,0.03619737986009463,0.8345704887206613
13195,-1.077294717987459,-1.055975013347616,0.35157646255091085
1654,1.80256904371254,1.984092472900651,-2.063393668297841
13487,-1.077294717987459,-1.191089123847539,1.3175645148904118
12902,-0.009759013219356063,0.5428752942348057,-0.61441158978859
11602,0.4122899863401266,-0.07639771222317451,-1.0974056159583405
591,-1.0028154827710798,-0.41418298847298196,0.8345704887206613
10071,0.8591653976384023,1.2747433927760552,-1.0974056159583405
2392,1.6536105732797814,1.8377188531924011,-0.13141756361883955
2221,-0.8042041888607351,-0.9658989396810007,-0.13141756361883955
14084,-1.0276418945098729,-0.34662593322302043,0.8345704887206613
10968,-0.3573287775624594,-0.93212041205602,-0.61441158978859
13368,1.2812143971978849,1.421117012484305,-1.5803996421280908
7623,-0.33250236582366627,-0.8195253199727509,0.35157646255091085
14815,1.2812143971978849,1.578750141400882,-1.5803996421280908
8137,-0.20837030712970078,0.20509001798499835,0.8345704887206613
14417,2.4232293371823674,-0.8758228660143854,-2.5463876944675916
4502,-1.077294717987459,-0.5492970989729049,1.3175645148904118
12399,-0.8538570123383212,-1.1010130501809237,0.35157646255091085
9015,-0.3821551893012525,-0.0651382030148476,-0.13141756361883955
11290,-1.0028154827710798,-1.1122725593892506,0.8345704887206613
5532,-1.077294717987459,-1.0109369765143084,1.3175645148904118
8746,-1.077294717987459,-1.202348633055866,1.3175645148904118
5598,1.9763539258840919,1.7814213071507665,-0.61441158978859
15287,0.11437304547460941,-0.538037589764578,0.8345704887206613
5557,1.032950279809954,0.5428752942348057,0.35157646255091085
7383,-0.18354389539090765,-0.08765722143150143,0.35157646255091085
3540,0.9088182211159885,0.5991728402764404,-0.61441158978859
6029,0.16402586895219565,0.9482176257345747,0.35157646255091085
13287,0.9088182211159885,1.3648194664426705,-1.0974056159583405
1160,-0.7297249536443557,-0.5943351358062126,0.35157646255091085
12294,-0.258023130607287,0.1713114903600176,-0.61441158978859
7284,-1.077294717987459,-1.202348633055866,0.8345704887206613
10252,-0.7545513653831489,-0.9771584488893277,0.35157646255091085
12107,-0.6055928949503904,-0.6844112094728279,0.8345704887206613
11616,0.46194280981771285,-0.27906887797305896,-1.5803996421280908
11484,-0.15871748365211455,0.7005084231513826,-0.13141756361883955
12137,1.306040808936678,0.7905844968179979,-2.5463876944675916
9575,-1.0524683062486662,-0.7632277739311163,0.35157646255091085
7768,1.7032633967573674,1.2747433927760552,-0.61441158978859
1329,-0.7297249536443557,-0.13269525826480907,0.8345704887206613
5821,-0.7048985419055627,-1.044715504139289,-0.61441158978859
5221,-0.0594118366969423,0.38524216531822897,0.8345704887206613
3772,-0.33250236582366627,0.29516609165161367,0.8345704887206613
13134,-1.0276418945098729,-1.1685701054308852,1.3175645148904118
7603,0.11437304547460941,-0.4704805345146165,-0.13141756361883955
1886,-0.3573287775624594,-0.4254424976813089,0.35157646255091085
623,-0.8786834240771144,-0.538037589764578,0.35157646255091085
12686,-0.506287247995218,-0.35788544243134734,0.8345704887206613
1339,-1.077294717987459,-0.7069302278894817,0.35157646255091085
15166,-0.9779890710322867,0.03619737986009463,0.35157646255091085
5440,-0.4069816010400455,-0.8870823752227124,0.35157646255091085
8962,-0.258023130607287,0.5541348034431327,0.35157646255091085
3080,-1.0028154827710798,-0.2340308411397513,1.3175645148904118
3794,1.5294785145858159,1.7814213071507665,-1.0974056159583405
1501,-1.077294717987459,-1.07849403176427,0.8345704887206613
9679,-0.9531626592934936,-0.14395476747313599,0.8345704887206613
14139,-0.258023130607287,-0.11017623984815525,0.8345704887206613
9548,-0.13389107191332153,-0.5155185713479241,0.35157646255091085
10887,1.008123868071161,-0.14395476747313599,-2.5463876944675916
11874,0.8839918093771955,1.443636030900959,0.35157646255091085
7139,1.2067351619815054,1.578750141400882,0.35157646255091085
2532,0.26333151590736814,-0.8195253199727509,-1.0974056159583405
7447,-0.7545513653831489,0.05871639827674846,0.8345704887206613
12409,-1.077294717987459,-1.202348633055866,1.3175645148904118
12602,-1.0276418945098729,-0.27906887797305896,0.8345704887206613
8293,0.983297456332368,0.5541348034431327,0.35157646255091085
11708,-0.009759013219356063,-0.7857467923477701,-0.13141756361883955
6945,-0.9531626592934936,-1.1235320685975776,-0.13141756361883955
8343,-0.13389107191332153,-0.6506326818478472,0.35157646255091085
8940,2.7459726897866776,2.5808464609419772,-2.063393668297841
14696,0.2385051041685749,0.28390658244328676,-0.13141756361883955
4238,2.150138808055643,1.8827568900257088,-0.61441158978859
14070,1.5046521028470228,1.8151998347757472,-1.0974056159583405
10696,0.9088182211159885,0.9482176257345747,-1.0974056159583405
1472,-1.077294717987459,-1.1798296146392122,1.3175645148904118
10318,1.6784369850185743,1.1171102638594783,-2.5463876944675916
9955,0.6357276919892645,0.6104323494847672,-1.5803996421280908
849,-1.0276418945098729,-0.4254424976813089,1.3175645148904118
9983,0.11437304547460941,0.6667298955264018,-0.61441158978859
6825,1.8522218671901263,1.0833317362344976,-2.063393668297841
11149,-1.0276418945098729,-0.3015878963897128,1.3175645148904118
6400,1.5294785145858159,1.8264593439840742,-0.61441158978859
2210,-1.077294717987459,-1.1573105962225583,1.3175645148904118
10819,1.5294785145858159,1.443636030900959,-1.5803996421280908
3526,-0.3821551893012525,0.10375443511005612,0.8345704887206613
3202,0.4867692215565058,-0.0651382030148476,-0.61441158978859
13889,-0.7297249536443557,-1.0334559949309623,-0.13141756361883955
13765,1.032950279809954,0.6892489139430557,-1.5803996421280908
14853,1.057776691548747,0.8356225336513056,-1.0974056159583405
4884,2.348750101965988,2.209282657067189,-2.063393668297841
3424,2.44805574892116,2.276839712317151,-1.5803996421280908
414,-0.506287247995218,-0.6844112094728279,0.8345704887206613
9704,-1.077294717987459,-0.5042590621395973,1.3175645148904118
9295,2.696319866309091,2.5583274425253237,-1.0974056159583405
14340,1.032950279809954,0.8694010612762862,-1.5803996421280908
8903,-0.6800721301667696,0.11501394431838304,0.8345704887206613
12278,-0.8786834240771144,-0.2340308411397513,0.8345704887206613
2094,-0.506287247995218,-0.36914495163967426,-0.13141756361883955
8979,2.5225349841375393,2.1755041294422086,-1.0974056159583405
9746,1.1322559267651264,0.7680654784013441,-0.61441158978859
5217,-0.20837030712970078,0.22760903640165217,0.8345704887206613
2340,2.6218406310927125,2.4569918596503815,-1.0974056159583405
265,-0.9531626592934936,-0.673151700264501,-0.13141756361883955
7514,1.554304926324609,1.7026047426924782,-0.13141756361883955
4602,1.7032633967573674,1.6575667058591705,-0.61441158978859
5425,-1.077294717987459,-1.1122725593892506,0.8345704887206613
6717,0.18885228069098867,0.8919200796929401,0.8345704887206613
7590,1.306040808936678,0.13753296273503687,-2.063393668297841
13710,-0.33250236582366627,0.49783725740149815,0.35157646255091085
3542,0.21367869242978188,0.21634952719332526,-0.61441158978859
4688,-0.506287247995218,-0.7632277739311163,0.35157646255091085
13733,1.1322559267651264,1.3423004480260168,-0.61441158978859
14798,0.11437304547460941,0.8919200796929401,0.8345704887206613
2142,-0.9283362475547006,-1.0221964857226353,0.8345704887206613
3851,2.2246180432720224,2.1755041294422086,-1.5803996421280908
7926,-0.3573287775624594,-0.13269525826480907,0.8345704887206613
1082,0.2881579276461611,-0.8420443383894047,-1.0974056159583405
1671,1.1322559267651264,1.443636030900959,-0.13141756361883955
8034,0.7102069272056438,-0.7519682647227893,-1.5803996421280908
6335,2.1749652197944367,1.9953519821089778,-1.0974056159583405
4667,-0.258023130607287,-0.4367020068896358,0.8345704887206613
12832,-0.7793777771219419,-0.8307848291810778,-0.13141756361883955
1503,-0.08423824843573531,-0.5943351358062126,0.35157646255091085
1971,-1.077294717987459,-0.4254424976813089,1.3175645148904118
5107,-1.077294717987459,-1.202348633055866,1.3175645148904118
3798,2.0756595728392635,2.1304660926089007,-0.61441158978859
694,-0.9779890710322867,-1.1010130501809237,-0.13141756361883955
3855,1.2812143971978849,1.601269159817536,-0.13141756361883955
12128,-1.077294717987459,-0.8420443383894047,1.3175645148904118
14658,-1.077294717987459,-1.044715504139289,0.35157646255091085
12441,-1.077294717987459,-1.1460510870142313,1.3175645148904118
9553,-0.9283362475547006,-0.8533038475977316,0.8345704887206613
8568,2.7707991015254705,2.592105970150304,-1.5803996421280908
3094,-0.3573287775624594,0.5316157850264789,0.8345704887206613
8842,0.9584710445935745,0.46405872977651735,0.35157646255091085
11923,0.015067398519437164,0.4302802021515366,0.35157646255091085
10189,-1.0524683062486662,-1.1347915778059046,-0.13141756361883955
6307,0.13919945721340263,0.3965016745265559,-0.13141756361883955
4991,-0.03458542495814907,0.29516609165161367,-0.61441158978859
7625,0.8839918093771955,-0.5267780805562511,-0.61441158978859
3244,-1.077294717987459,-1.1460510870142313,0.8345704887206613
3100,-0.45663442451763175,0.4302802021515366,0.8345704887206613
5460,-0.7297249536443557,-1.067234522555943,0.8345704887206613
3563,-0.5559400714728041,-0.49299955293127035,0.35157646255091085
15065,-0.7297249536443557,-0.1552142766814629,-1.0974056159583405
8317,0.11437304547460941,-0.2340308411397513,-0.13141756361883955
11647,-1.077294717987459,-1.1573105962225583,1.3175645148904118
14317,-0.15871748365211455,-0.1552142766814629,-0.61441158978859
13366,0.46194280981771285,0.9369581165262478,-0.13141756361883955
13037,-1.077294717987459,-0.7744872831394432,-1.0974056159583405
8935,0.015067398519437164,0.8468820428596324,0.35157646255091085
14113,-0.9531626592934936,-0.39166397005632814,1.3175645148904118
4653,-0.9035098358159074,-0.673151700264501,0.8345704887206613
14009,2.1749652197944367,2.0291305097339585,-2.063393668297841
9740,0.5860748685116783,0.5991728402764404,0.35157646255091085
12106,0.38746357460133357,-0.29032838718138587,-0.61441158978859
9158,-0.13389107191332153,-0.7632277739311163,-0.13141756361883955
3231,-1.077294717987459,-1.1010130501809237,-1.0974056159583405
10210,-1.077294717987459,-1.202348633055866,1.3175645148904118
12248,-0.7793777771219419,0.04745688906842155,1.3175645148904118
2484,1.1074295150263334,-0.0651382030148476,-2.063393668297841
8956,1.7777426319737468,1.984092472900651,-1.0974056159583405
5614,-1.077294717987459,-0.4704805345146165,1.3175645148904118
952,0.2881579276461611,0.779324987609671,-0.13141756361883955
12694,-0.8538570123383212,-0.673151700264501,0.35157646255091085
10129,-1.0524683062486662,-0.8082658107644239,0.8345704887206613
3409,0.16402586895219565,0.7117679323597095,0.35157646255091085
8809,-0.20837030712970078,-0.6281136634311933,0.8345704887206613
1718,0.3626371628625404,0.26138756402663293,0.35157646255091085
11919,0.809512574160816,0.9819961533595555,-0.13141756361883955
13615,-0.8290306005995282,-0.3015878963897128,0.8345704887206613
7713,1.032950279809954,-0.24529035034807822,-1.0974056159583405
5960,1.08260310328754,1.2297053559427475,-0.13141756361883955
11571,-0.9283362475547006,-0.5042590621395973,-0.13141756361883955
11025,0.7102069272056438,0.18257099956834452,-1.0974056159583405
10133,-0.9283362475547006,-0.6956707186811548,0.35157646255091085
11390,-0.9531626592934936,-0.7407087555144625,0.8345704887206613
2564,-1.077294717987459,-1.191089123847539,1.3175645148904118
14014,-1.077294717987459,-0.4704805345146165,1.3175645148904118
1146,-1.077294717987459,-1.0334559949309623,0.8345704887206613
1937,1.6039577498021953,1.454895540109286,-0.13141756361883955
9164,-1.077294717987459,-1.1122725593892506,1.3175645148904118
1031,-0.6552457184279764,-0.7857467923477701,0.35157646255091085
3884,2.249444455010816,1.7476427795257858,-1.5803996421280908
13953,0.983297456332368,0.4190206929432097,-1.0974056159583405
8375,-0.7297249536443557,-1.055975013347616,0.35157646255091085
8370,-0.506287247995218,-0.9771584488893277,0.35157646255091085
8124,1.6039577498021953,1.0157746809845363,-0.61441158978859
14921,-1.0524683062486662,-1.07849403176427,-0.13141756361883955
8403,0.46194280981771285,-0.7857467923477701,0.35157646255091085
3858,1.4549992793694364,1.6800857242758243,-1.5803996421280908
96,-0.506287247995218,-0.07639771222317451,1.3175645148904118
13840,-0.7048985419055627,-0.9771584488893277,0.8345704887206613
3130,0.03989381025823017,0.7230274415680364,0.35157646255091085
2474,0.11437304547460941,-0.24529035034807822,0.35157646255091085
3931,-1.077294717987459,-0.93212041205602,-0.13141756361883955
2627,0.5860748685116783,0.18257099956834452,-0.61441158978859
3773,-1.0524683062486662,-0.4592210253062896,1.3175645148904118
8654,1.306040808936678,0.779324987609671,-0.61441158978859
2239,0.3129843393849541,-0.40292347926465505,-0.61441158978859
12220,-0.10906466017452843,0.7455464599846903,0.35157646255091085
13631,1.08260310328754,1.2409648651510745,-0.61441158978859
6223,-0.9531626592934936,-1.1010130501809237,0.35157646255091085
5640,1.4549992793694364,1.8377188531924011,-0.13141756361883955
11291,-0.9779890710322867,-1.1122725593892506,-0.13141756361883955
3027,0.7102069272056438,0.8468820428596324,-1.0974056159583405
8826,0.809512574160816,0.0924949259017292,-0.61441158978859
2389,1.4549992793694364,1.7476427795257858,-0.61441158978859
12250,-1.077294717987459,-0.4704805345146165,1.3175645148904118
13552,-0.7545513653831489,-0.8870823752227124,0.8345704887206613
1592,0.38746357460133357,0.9594771349429017,0.35157646255091085
2391,-0.08423824843573531,0.6892489139430557,0.35157646255091085
3082,1.08260310328754,1.601269159817536,0.35157646255091085
7664,-0.15871748365211455,-0.93212041205602,0.35157646255091085
14349,-0.9035098358159074,-0.35788544243134734,0.8345704887206613
9869,-1.077294717987459,-1.191089123847539,1.3175645148904118
8451,0.2385051041685749,-0.39166397005632814,-0.13141756361883955
10979,-0.7545513653831489,-0.9884179580976545,0.8345704887206613
5245,-0.9779890710322867,-0.26780936876473205,0.8345704887206613
12048,-1.077294717987459,-1.202348633055866,1.3175645148904118
15118,1.1074295150263334,2.0854280557755933,-1.0974056159583405
2901,-1.077294717987459,-1.202348633055866,0.35157646255091085
4099,-0.7545513653831489,-0.4367020068896358,0.35157646255091085
13751,0.21367869242978188,0.5428752942348057,0.35157646255091085
13072,0.08954663373581641,-0.34662593322302043,-0.13141756361883955
2540,-1.077294717987459,-1.202348633055866,0.8345704887206613
10753,1.2812143971978849,1.725123761109132,-1.5803996421280908
10368,2.3239236902271947,2.24306118469217,-1.5803996421280908
4772,-1.077294717987459,-1.1460510870142313,0.8345704887206613
2354,1.80256904371254,2.0403900189422854,-0.13141756361883955
6126,-0.5559400714728041,-0.5605566081812319,0.35157646255091085
6463,-0.33250236582366627,-0.08765722143150143,0.35157646255091085
7372,0.11437304547460941,-0.08765722143150143,-0.13141756361883955
12570,0.8839918093771955,1.432376521692632,-0.61441158978859
4184,-0.9035098358159074,-0.0651382030148476,0.8345704887206613
12822,-0.08423824843573531,-0.6393731726395202,-0.13141756361883955
2576,0.03989381025823017,-0.7744872831394432,-0.61441158978859
7416,0.46194280981771285,0.779324987609671,0.35157646255091085
9810,-1.077294717987459,-1.1235320685975776,0.35157646255091085
14152,-0.48146083625642483,-0.40292347926465505,0.8345704887206613
12893,-1.0524683062486662,-0.538037589764578,-0.13141756361883955
13711,0.03989381025823017,0.8018440060263248,0.8345704887206613
10441,1.6784369850185743,1.713864251900805,-2.063393668297841
1281,0.9088182211159885,1.466155049317613,-0.13141756361883955
6244,-0.8538570123383212,-0.9546394304726739,-0.13141756361883955
13997,-0.7297249536443557,-0.07639771222317451,1.3175645148904118
5964,1.1819087502427124,1.3535599572343435,-0.13141756361883955
7303,-1.0524683062486662,-1.1798296146392122,0.8345704887206613
6558,-1.077294717987459,-1.202348633055866,0.8345704887206613
7771,-1.077294717987459,-0.6506326818478472,0.8345704887206613
14606,-0.7297249536443557,-1.067234522555943,1.3175645148904118
8888,0.4371163980789196,0.903179588901267,-0.13141756361883955
7217,-0.8786834240771144,-0.7069302278894817,0.8345704887206613
415,-0.8042041888607351,-0.8195253199727509,0.35157646255091085
5809,-1.077294717987459,-1.1685701054308852,1.3175645148904118
13700,0.38746357460133357,1.1058507546511516,0.35157646255091085
710,-1.077294717987459,-1.202348633055866,1.3175645148904118
6724,2.696319866309091,2.513289405692016,-2.063393668297841
3528,1.3556936324142643,1.1171102638594783,-0.61441158978859
4503,-0.9283362475547006,-0.26780936876473205,0.8345704887206613
2528,-1.077294717987459,-1.191089123847539,0.8345704887206613
12615,1.2067351619815054,1.601269159817536,-2.063393668297841
5537,-0.9779890710322867,-0.8758228660143854,0.8345704887206613
13719,0.13919945721340263,0.8243630244429786,0.35157646255091085
2893,-1.077294717987459,-1.191089123847539,0.8345704887206613
13737,0.13919945721340263,0.655470386318075,0.35157646255091085
15087,2.6218406310927125,2.3106182399421313,-1.5803996421280908
8893,-0.48146083625642483,0.250128054818306,0.8345704887206613
11199,-0.7297249536443557,-0.2115118227230975,0.35157646255091085
4533,-1.0524683062486662,-0.3353664240146935,1.3175645148904118
4091,0.9336446328547815,0.3965016745265559,-0.61441158978859
10029,1.7777426319737468,2.0403900189422854,-1.5803996421280908
2888,0.2385051041685749,-0.7632277739311163,-2.063393668297841
12474,-1.077294717987459,-0.9996774673059815,1.3175645148904118
1523,-0.9531626592934936,-0.7744872831394432,0.35157646255091085
14358,-1.077294717987459,-0.5830756265978857,1.3175645148904118
5436,0.8343389858996093,-0.5605566081812319,-2.063393668297841
12584,0.4867692215565058,1.2071863375260936,0.35157646255091085
1406,-1.077294717987459,-1.1010130501809237,0.35157646255091085
11327,-1.0524683062486662,-1.1685701054308852,0.8345704887206613
4894,2.249444455010816,2.24306118469217,-1.5803996421280908
11300,-1.077294717987459,-1.191089123847539,0.8345704887206613
5379,0.06472022199702318,-0.020100166181539942,-0.61441158978859
6515,-1.0276418945098729,-1.0334559949309623,0.8345704887206613
1811,-0.8042041888607351,-1.0897535409725967,0.35157646255091085
5066,-1.077294717987459,-1.1347915778059046,1.3175645148904118
9030,-0.20837030712970078,-0.14395476747313599,-0.13141756361883955
11263,0.5115956332952991,-0.4367020068896358,-0.61441158978859
7302,-1.077294717987459,-1.202348633055866,0.8345704887206613
10186,0.2385051041685749,-0.7069302278894817,-1.5803996421280908
9513,-1.077294717987459,-1.1685701054308852,0.8345704887206613
10857,-0.6055928949503904,-0.40292347926465505,0.8345704887206613
15200,0.9336446328547815,1.2184458467344206,0.35157646255091085
14896,-1.077294717987459,-0.9884179580976545,1.3175645148904118
1486,-1.077294717987459,-1.1460510870142313,1.3175645148904118
8904,0.06472022199702318,0.7680654784013441,0.35157646255091085
6791,-0.28284954234608,0.4077611837348828,0.8345704887206613
774,1.08260310328754,-0.2340308411397513,-2.5463876944675916
1631,1.2067351619815054,1.6913452334841512,-1.0974056159583405
7861,-0.7545513653831489,0.0924949259017292,0.8345704887206613
14260,-0.08423824843573531,-0.8307848291810778,-0.13141756361883955
469,1.4549992793694364,1.2522243743594015,-0.61441158978859
10657,-1.077294717987459,-0.9096013936393662,0.8345704887206613
8506,1.5046521028470228,1.2972624111927091,-1.5803996421280908
7149,-0.30767595408487314,0.44153971135986353,0.8345704887206613
13055,-1.0524683062486662,-0.8307848291810778,-1.0974056159583405
12981,1.6039577498021953,1.8377188531924011,-1.0974056159583405
14068,0.809512574160816,1.3873384848593244,0.35157646255091085
10097,-0.5311136597340109,0.024937870651767717,-0.13141756361883955
598,1.6039577498021953,1.3873384848593244,-1.0974056159583405
4562,1.032950279809954,1.5674906321925552,-0.13141756361883955
13237,-0.15871748365211455,0.06997590748507537,-0.61441158978859
8391,0.7350333389444368,-0.7632277739311163,-2.063393668297841
13248,1.1074295150263334,0.9819961533595555,-2.063393668297841
1905,-0.5311136597340109,-0.29032838718138587,0.35157646255091085
6662,0.7350333389444368,0.5653943126514596,-0.61441158978859
7764,-1.077294717987459,-0.7069302278894817,1.3175645148904118
7508,2.249444455010816,2.1529851110255547,-1.5803996421280908
8276,0.75985975068323,0.8243630244429786,0.35157646255091085
5563,1.6039577498021953,0.9256986073179209,-2.063393668297841
10428,0.13919945721340263,0.8468820428596324,-0.13141756361883955
13181,-1.077294717987459,-1.1122725593892506,-2.063393668297841
14228,-0.0594118366969423,-0.9096013936393662,-0.61441158978859
10200,-1.077294717987459,-1.191089123847539,-0.13141756361883955
5768,-0.9531626592934936,-0.8645633568060586,0.35157646255091085
9490,-0.48146083625642483,-0.9996774673059815,-1.0974056159583405
5399,-1.0524683062486662,-0.93212041205602,1.3175645148904118
7847,-0.10906466017452843,0.7455464599846903,0.35157646255091085
5786,-0.8538570123383212,-0.93212041205602,0.8345704887206613
12414,-0.9531626592934936,-1.1347915778059046,0.35157646255091085
8638,-1.077294717987459,-0.661892191056174,0.8345704887206613
8739,0.5364220450340921,-0.7632277739311163,-1.0974056159583405
9113,-0.15871748365211455,-0.93212041205602,-0.61441158978859
2837,0.06472022199702318,-0.2340308411397513,-0.13141756361883955
6670,0.6605541037280576,0.6667298955264018,-0.13141756361883955
10153,-0.7793777771219419,-0.7744872831394432,0.8345704887206613
3218,1.057776691548747,-0.14395476747313599,-1.5803996421280908
3573,-0.8042041888607351,-0.7407087555144625,0.35157646255091085
3132,-1.0276418945098729,-0.36914495163967426,0.8345704887206613
6632,-1.0028154827710798,-0.8983418844310392,0.35157646255091085
3520,-1.0524683062486662,-0.5492970989729049,1.3175645148904118
7717,0.7102069272056438,-0.27906887797305896,0.35157646255091085
2588,-1.077294717987459,-1.1235320685975776,1.3175645148904118
3338,-1.0524683062486662,-0.9884179580976545,0.8345704887206613
5118,-1.077294717987459,-1.191089123847539,1.3175645148904118
3353,-0.8538570123383212,-0.661892191056174,0.8345704887206613
4308,-1.077294717987459,-1.0109369765143084,1.3175645148904118
1758,-0.9531626592934936,-0.9208609028476931,0.35157646255091085
11882,1.231561573720299,1.6350476874425166,-1.0974056159583405
10607,0.13919945721340263,-0.7857467923477701,-2.063393668297841
852,0.33781075112374737,0.8243630244429786,0.35157646255091085
1494,-0.6552457184279764,-0.8870823752227124,-0.61441158978859
14483,-0.6055928949503904,-0.0651382030148476,0.35157646255091085
8424,-0.7793777771219419,-0.9884179580976545,0.8345704887206613
2464,0.11437304547460941,-0.09891673063982834,-1.0974056159583405
6075,2.001180337622885,1.6237881782341896,-2.063393668297841
13921,-1.077294717987459,-1.07849403176427,1.3175645148904118
9286,0.4122899863401266,1.1283697730678053,0.8345704887206613
14145,-0.7793777771219419,-0.5267780805562511,0.35157646255091085
9761,0.6605541037280576,0.28390658244328676,-0.13141756361883955
6735,0.08954663373581641,0.903179588901267,0.8345704887206613
7698,-0.258023130607287,-0.7857467923477701,0.8345704887206613
4787,-0.9531626592934936,-0.9884179580976545,0.35157646255091085
4608,0.16402586895219565,0.655470386318075,0.35157646255091085
11941,0.5860748685116783,0.44153971135986353,-0.13141756361883955
7387,-1.077294717987459,-0.7857467923477701,0.8345704887206613
6504,-0.30767595408487314,-0.5943351358062126,0.35157646255091085
500,2.44805574892116,2.1980231478588625,-2.5463876944675916
12639,0.08954663373581641,0.655470386318075,-0.13141756361883955
11803,-0.30767595408487314,0.28390658244328676,-0.13141756361883955
9341,0.6357276919892645,1.1283697730678053,0.35157646255091085
1046,-0.7545513653831489,-0.9433799212643469,0.8345704887206613
8803,-0.9531626592934936,-0.9996774673059815,0.8345704887206613
2633,-0.506287247995218,-0.3128474055980397,0.8345704887206613
7298,-1.077294717987459,-1.202348633055866,0.8345704887206613
8696,1.1074295150263334,-0.11017623984815525,-0.61441158978859
8372,-1.077294717987459,-1.191089123847539,0.8345704887206613
4923,0.46194280981771285,1.18466731910944,-0.61441158978859
8727,-0.10906466017452843,-0.8082658107644239,-0.61441158978859
14793,1.6287841615409884,1.9277949268590164,-1.0974056159583405
12674,-1.0524683062486662,-0.7181897370978086,0.8345704887206613
6023,2.8204519250030566,2.614624988566958,-1.5803996421280908
777,0.5364220450340921,-0.34662593322302043,-1.0974056159583405
4789,-1.0524683062486662,-1.044715504139289,1.3175645148904118
5595,-0.8290306005995282,-0.17773329509811675,1.3175645148904118
14088,-0.7793777771219419,-0.008840656973213026,0.8345704887206613
4019,-1.077294717987459,-1.191089123847539,0.35157646255091085
1194,0.03989381025823017,0.3289446192765944,-0.61441158978859
10443,2.299097278488402,2.0178710005256315,-2.5463876944675916
51,-1.077294717987459,-1.0221964857226353,1.3175645148904118
4829,-0.5807664832115972,-0.3015878963897128,0.8345704887206613
2304,0.6605541037280576,0.9144390981095939,-0.13141756361883955
12352,-1.077294717987459,-1.055975013347616,0.8345704887206613
11629,-0.5311136597340109,-0.7857467923477701,0.35157646255091085
9026,-0.28284954234608,-0.13269525826480907,-0.13141756361883955
1113,-0.48146083625642483,-0.93212041205602,-0.13141756361883955
2982,-0.08423824843573531,-0.29032838718138587,0.8345704887206613
656,1.1570823385039195,-0.03135967538986686,-2.063393668297841
3254,-1.077294717987459,-1.1685701054308852,0.0
5653,1.7529162202349537,2.0178710005256315,-0.13141756361883955
1187,-0.6552457184279764,-0.24529035034807822,0.35157646255091085
15240,0.983297456332368,0.6104323494847672,-1.0974056159583405
15031,-0.6552457184279764,-0.39166397005632814,-0.13141756361883955
6699,-0.0594118366969423,0.5653943126514596,0.8345704887206613
565,-0.7545513653831489,0.05871639827674846,0.8345704887206613
4118,0.26333151590736814,0.5090967666098251,0.35157646255091085
9334,-0.3573287775624594,0.4302802021515366,0.8345704887206613
840,0.4122899863401266,0.7230274415680364,-0.61441158978859
3888,1.8522218671901263,1.4774145585259397,-0.61441158978859
1642,1.1074295150263334,1.612528669025863,-0.13141756361883955
9618,1.231561573720299,1.3873384848593244,-0.13141756361883955
12794,0.5860748685116783,-0.7181897370978086,-1.0974056159583405
9360,1.1322559267651264,1.1959268283177669,-0.13141756361883955
2666,1.057776691548747,1.1171102638594783,-0.13141756361883955
1972,-1.077294717987459,-0.4254424976813089,1.3175645148904118
8118,-1.0524683062486662,-0.7294492463061355,1.3175645148904118
8437,0.18885228069098867,-0.5830756265978857,-1.0974056159583405
1149,0.2385051041685749,-0.34662593322302043,-2.063393668297841
4092,1.032950279809954,0.46405872977651735,-0.61441158978859
10564,-1.077294717987459,-1.191089123847539,0.8345704887206613
12009,-0.5311136597340109,-0.8983418844310392,-0.61441158978859
765,0.03989381025823017,-0.6506326818478472,-0.61441158978859
4800,-1.077294717987459,-1.0221964857226353,0.8345704887206613
15227,-0.20837030712970078,0.35146363769324823,-0.13141756361883955
9345,1.057776691548747,1.3535599572343435,-0.13141756361883955
3872,0.784686162422023,1.1283697730678053,-0.13141756361883955
5880,-0.7793777771219419,-0.9096013936393662,0.8345704887206613
9050,0.18885228069098867,-0.24529035034807822,0.35157646255091085
2620,-0.9779890710322867,-0.797006301556097,0.8345704887206613
9615,1.256387985459092,1.3648194664426705,0.8345704887206613
3026,-0.506287247995218,0.013678361443440803,-0.61441158978859
10830,-1.077294717987459,-0.661892191056174,1.3175645148904118
4102,0.6109012802504713,0.44153971135986353,-0.13141756361883955
6818,0.7102069272056438,0.6667298955264018,0.35157646255091085
11511,0.13919945721340263,0.9144390981095939,-0.61441158978859
13455,-1.077294717987459,-1.0897535409725967,0.8345704887206613
7807,-0.08423824843573531,0.644210877109748,0.8345704887206613
7794,-1.0524683062486662,-0.4367020068896358,0.8345704887206613
15224,0.9336446328547815,0.9256986073179209,0.35157646255091085
2685,-1.0028154827710798,-0.3241069148063666,0.8345704887206613
9601,-1.077294717987459,-0.6393731726395202,0.8345704887206613
11808,1.3805200441530574,1.466155049317613,-2.063393668297841
14980,-1.0276418945098729,-1.067234522555943,0.8345704887206613
911,0.13919945721340263,0.9369581165262478,-0.13141756361883955
6613,-0.009759013219356063,-0.6168541542228664,0.35157646255091085
8355,-1.077294717987459,-1.1347915778059046,1.3175645148904118
13029,0.4867692215565058,0.5090967666098251,-1.0974056159583405
9751,0.5115956332952991,0.38524216531822897,0.8345704887206613
1345,-0.009759013219356063,0.1713114903600176,-0.13141756361883955
1444,-1.077294717987459,-1.202348633055866,1.3175645148904118
8698,-0.30767595408487314,-0.6055946450145395,0.35157646255091085
3499,-0.6800721301667696,0.06997590748507537,0.8345704887206613
7110,0.7350333389444368,1.3760789756509975,0.35157646255091085
5304,0.784686162422023,1.3648194664426705,-0.61441158978859
12925,0.11437304547460941,0.8243630244429786,0.35157646255091085
12333,-0.28284954234608,-0.39166397005632814,-1.0974056159583405
2422,0.809512574160816,1.0045151717762093,-0.13141756361883955
5144,-1.077294717987459,-1.1235320685975776,0.8345704887206613
2732,1.6039577498021953,1.9277949268590164,-0.61441158978859
80,0.4122899863401266,0.27264707323495985,-0.61441158978859
4217,2.547361395876333,2.3443967675671122,-2.5463876944675916
13701,1.057776691548747,1.5562311229842283,-0.13141756361883955
10705,0.21367869242978188,0.644210877109748,-0.61441158978859
4959,-0.08423824843573531,0.6104323494847672,0.35157646255091085
5117,-1.077294717987459,-1.191089123847539,1.3175645148904118
12073,-0.6055928949503904,-0.9433799212643469,0.35157646255091085
8196,0.5115956332952991,1.2184458467344206,-0.13141756361883955
5133,-1.077294717987459,-1.1573105962225583,0.8345704887206613
1572,-0.45663442451763175,0.12627345352670993,0.8345704887206613
13298,1.008123868071161,1.4999335769425937,-1.0974056159583405
879,-1.077294717987459,-0.4254424976813089,0.8345704887206613
1578,0.4371163980789196,0.8356225336513056,-0.13141756361883955
6778,0.9336446328547815,1.3760789756509975,0.35157646255091085
1509,0.8839918093771955,-0.2115118227230975,-2.5463876944675916
1896,-1.0028154827710798,-0.7632277739311163,0.8345704887206613
10421,0.03989381025823017,0.8131035152346517,0.35157646255091085
8753,0.11437304547460941,-0.8758228660143854,-0.61441158978859
4112,1.7777426319737468,1.2297053559427475,-2.063393668297841
8670,-1.077294717987459,-0.8758228660143854,0.35157646255091085
1845,0.2385051041685749,-0.7294492463061355,-0.13141756361883955
9571,-0.10906466017452843,-0.09891673063982834,0.8345704887206613
10843,-1.0028154827710798,-0.6168541542228664,0.8345704887206613
11609,-1.077294717987459,-0.9884179580976545,1.3175645148904118
6930,-1.077294717987459,-1.202348633055866,1.3175645148904118
11090,-1.077294717987459,-0.48174004372294343,1.3175645148904118
14199,-0.6800721301667696,-0.93212041205602,0.8345704887206613
6853,0.16402586895219565,-0.16647378588978984,0.35157646255091085
14221,-0.0594118366969423,-0.8983418844310392,-1.5803996421280908
15208,1.9515275141452983,1.8940163992340358,-0.13141756361883955
9726,1.306040808936678,1.2972624111927091,-1.0974056159583405
14441,1.5046521028470228,1.7814213071507665,-1.0974056159583405
6131,-0.4069816010400455,-0.538037589764578,0.35157646255091085
6101,-0.5807664832115972,-0.29032838718138587,0.8345704887206613
3614,0.4371163980789196,-0.6844112094728279,-2.063393668297841
2108,-1.0028154827710798,-0.8533038475977316,1.3175645148904118
6526,0.6853805154668505,-0.538037589764578,-1.0974056159583405
8473,-1.077294717987459,-0.8533038475977316,0.8345704887206613
15286,-0.3573287775624594,-0.5830756265978857,-0.61441158978859
8457,0.11437304547460941,-0.34662593322302043,0.35157646255091085
4696,-1.0276418945098729,-1.067234522555943,0.35157646255091085
7113,-1.0028154827710798,-0.2227713319314244,1.3175645148904118
8121,-1.0276418945098729,-0.673151700264501,0.8345704887206613
11771,1.5294785145858159,0.8694010612762862,-2.5463876944675916
7578,-0.8786834240771144,-0.673151700264501,0.35157646255091085
13520,-0.6552457184279764,-1.0221964857226353,-0.13141756361883955
13735,0.7102069272056438,1.060812717817844,-1.0974056159583405
13348,1.5046521028470228,1.7589022887341126,-0.13141756361883955
13149,-1.077294717987459,-1.191089123847539,1.3175645148904118
4325,0.18885228069098867,-0.5605566081812319,-0.61441158978859
3219,0.6109012802504713,-0.29032838718138587,-2.063393668297841
7932,-1.077294717987459,-0.8307848291810778,1.3175645148904118
5098,-1.0524683062486662,-1.1798296146392122,0.8345704887206613
7207,0.6109012802504713,0.20509001798499835,0.35157646255091085
1193,0.08954663373581641,0.35146363769324823,0.35157646255091085
45,-1.077294717987459,-1.055975013347616,0.8345704887206613
5371,-0.10906466017452843,0.0024188522351138884,0.8345704887206613
976,0.3129843393849541,0.4190206929432097,-1.5803996421280908
7796,1.6784369850185743,1.713864251900805,-0.13141756361883955
2963,-0.8290306005995282,-0.8983418844310392,0.8345704887206613
1584,-0.7545513653831489,-0.04261918459819377,0.8345704887206613
10005,-0.6552457184279764,0.1713114903600176,0.35157646255091085
4515,-0.13389107191332153,0.5766538218597865,0.8345704887206613
13097,-0.20837030712970078,-0.7407087555144625,-0.61441158978859
9930,-0.9779890710322867,-0.7519682647227893,0.8345704887206613
1975,1.1322559267651264,1.578750141400882,-0.13141756361883955
3912,-1.0524683062486662,-0.7519682647227893,0.35157646255091085
14309,-0.7793777771219419,-0.6281136634311933,0.8345704887206613
12628,0.2881579276461611,0.903179588901267,-0.61441158978859
4411,-1.077294717987459,-1.1347915778059046,1.3175645148904118
13161,-0.08423824843573531,-0.8533038475977316,-0.13141756361883955
10493,0.5115956332952991,0.18257099956834452,-0.13141756361883955
12950,-0.6304193066891834,0.26138756402663293,0.8345704887206613
10190,-0.7048985419055627,-0.9884179580976545,0.35157646255091085
11950,-0.9035098358159074,-0.5943351358062126,1.3175645148904118
12748,0.2881579276461611,-0.7407087555144625,-0.13141756361883955
2840,0.7350333389444368,-0.020100166181539942,-1.0974056159583405
8992,2.050833161100471,1.7363832703174589,-1.0974056159583405
11033,1.3805200441530574,0.632951367901421,-1.5803996421280908
6053,2.4728821606599536,2.1980231478588625,-0.61441158978859
9824,-1.0524683062486662,-1.1347915778059046,-0.13141756361883955
5046,-0.6055928949503904,-0.7407087555144625,0.8345704887206613
5957,-1.077294717987459,-0.5830756265978857,1.3175645148904118
12141,1.7032633967573674,1.060812717817844,-2.5463876944675916
9846,-0.23319671886849389,-0.9433799212643469,-0.13141756361883955
12742,-0.6552457184279764,-0.9433799212643469,-0.13141756361883955
10752,2.199791631533229,2.265580203108824,-2.063393668297841
4505,0.13919945721340263,0.6892489139430557,0.35157646255091085
10620,-0.5559400714728041,-0.8870823752227124,-0.13141756361883955
37,-1.077294717987459,-1.1010130501809237,0.0
576,1.306040808936678,1.5337121045675743,-0.13141756361883955
11724,-1.077294717987459,-1.1010130501809237,1.3175645148904118
3988,-1.077294717987459,-1.191089123847539,1.3175645148904118
11039,-0.45663442451763175,-0.2115118227230975,-0.61441158978859
713,-1.077294717987459,-1.202348633055866,0.35157646255091085
14740,0.06472022199702318,0.7117679323597095,0.35157646255091085
9843,-0.8786834240771144,-1.1122725593892506,0.8345704887206613
8449,1.008123868071161,-0.16647378588978984,0.35157646255091085
2335,0.13919945721340263,0.8581415520679594,0.35157646255091085
4981,1.47982569110823,1.3310409388176898,-0.61441158978859
4420,-1.077294717987459,-1.1010130501809237,0.8345704887206613
7839,2.671493454570298,2.5470679333169968,-2.063393668297841
9276,0.6109012802504713,1.2071863375260936,0.35157646255091085
881,0.6109012802504713,1.2297053559427475,-0.13141756361883955
567,2.150138808055643,2.107947074192247,-1.5803996421280908
13948,-1.077294717987459,-0.8870823752227124,1.3175645148904118
7873,1.2812143971978849,1.590009650609209,-0.13141756361883955
2245,0.16402586895219565,-0.36914495163967426,-0.13141756361883955
8645,1.4549992793694364,1.0157746809845363,-0.61441158978859
5528,0.4371163980789196,-0.3353664240146935,-0.61441158978859
4165,1.554304926324609,1.8377188531924011,-0.13141756361883955
11709,-0.9283362475547006,-1.055975013347616,0.8345704887206613
8183,0.8591653976384023,1.3873384848593244,0.8345704887206613
10304,-0.08423824843573531,-0.04261918459819377,0.35157646255091085
8857,0.75985975068323,0.644210877109748,-1.0974056159583405
239,2.0260067493616774,1.4886740677342667,-2.5463876944675916
10425,1.256387985459092,1.6237881782341896,-1.5803996421280908
13307,0.5115956332952991,1.2071863375260936,-0.61441158978859
7974,0.561248456772885,-0.41418298847298196,0.35157646255091085
6978,0.08954663373581641,-0.5830756265978857,0.35157646255091085
1597,0.33781075112374737,0.9594771349429017,0.35157646255091085
9891,-1.077294717987459,-1.1235320685975776,1.3175645148904118
6347,-1.077294717987459,-0.4592210253062896,1.3175645148904118
1901,-1.0524683062486662,-0.7857467923477701,0.8345704887206613
1180,1.5046521028470228,0.8806605704846132,-2.063393668297841
9507,-1.077294717987459,-1.1798296146392122,0.35157646255091085
7107,-0.33250236582366627,0.5541348034431327,0.8345704887206613
11667,-1.0524683062486662,-1.1798296146392122,1.3175645148904118
3006,-1.0524683062486662,-0.7181897370978086,0.35157646255091085
9672,-1.077294717987459,-0.4254424976813089,0.8345704887206613
2781,-0.28284954234608,0.3402041284849213,0.8345704887206613
11417,-0.7048985419055627,-0.25654985955640514,0.35157646255091085
5562,-0.9779890710322867,-0.6281136634311933,0.35157646255091085
9231,-1.0028154827710798,-0.5155185713479241,0.8345704887206613
11947,-0.20837030712970078,-0.07639771222317451,0.35157646255091085
7105,-0.3821551893012525,0.5090967666098251,0.8345704887206613
9051,-0.3573287775624594,-0.49299955293127035,0.8345704887206613
2829,-1.077294717987459,-0.8983418844310392,0.8345704887206613
7201,0.16402586895219565,0.0924949259017292,0.35157646255091085
14391,1.008123868071161,1.4774145585259397,-0.61441158978859
7551,1.3556936324142643,0.9369581165262478,-1.5803996421280908
8452,-1.0276418945098729,-0.9658989396810007,0.35157646255091085
4219,2.050833161100471,2.0629090373589394,-2.063393668297841
10933,0.4867692215565058,-0.7857467923477701,-2.5463876944675916
13145,0.4122899863401266,-0.8082658107644239,-2.5463876944675916
10798,0.8343389858996093,1.2860029019843822,-1.5803996421280908
9694,2.5721878076151254,2.378175295192093,-2.063393668297841
3413,2.199791631533229,2.006611491317305,-2.063393668297841
7600,-0.9283362475547006,-0.8870823752227124,0.35157646255091085
906,-0.9035098358159074,-0.0651382030148476,1.3175645148904118
7466,-0.7048985419055627,0.18257099956834452,0.8345704887206613
3693,-0.9531626592934936,-0.9771584488893277,-1.0974056159583405
14250,-0.8538570123383212,-1.07849403176427,0.35157646255091085
3118,-0.6055928949503904,0.23886854560997908,0.8345704887206613
12797,0.33781075112374737,-0.7519682647227893,-0.13141756361883955
10809,-1.077294717987459,-0.5492970989729049,0.8345704887206613
6372,2.3239236902271947,2.3443967675671122,-1.0974056159583405
7529,-0.7297249536443557,-0.0651382030148476,0.8345704887206613
7434,1.554304926324609,1.6800857242758243,-0.13141756361883955
5302,0.2881579276461611,1.027034190192863,0.35157646255091085
14248,-1.0524683062486662,-1.1685701054308852,0.35157646255091085
9520,0.03989381025823017,-0.7519682647227893,-0.13141756361883955
295,-0.009759013219356063,-0.4704805345146165,0.35157646255091085
11134,-0.23319671886849389,0.644210877109748,-0.13141756361883955
5013,-1.0524683062486662,-0.797006301556097,1.3175645148904118
1785,0.5364220450340921,-0.6393731726395202,-1.5803996421280908
4382,-0.7048985419055627,-1.055975013347616,0.35157646255091085
11605,0.5364220450340921,-0.07639771222317451,-0.61441158978859
6926,-1.077294717987459,-1.202348633055866,1.3175645148904118
1284,2.1253123963168505,2.1980231478588625,-1.5803996421280908
8146,0.7350333389444368,0.9369581165262478,-0.13141756361883955
8268,1.9763539258840919,1.601269159817536,-0.13141756361883955
12967,2.497708572398747,2.4232133320254006,-2.063393668297841
4454,1.330867220675471,0.5203562758181519,-2.063393668297841
14851,1.057776691548747,0.9707366441512285,-1.5803996421280908
9552,-0.8538570123383212,-0.8082658107644239,0.35157646255091085
549,1.7032633967573674,1.9615734544839971,-0.13141756361883955
7824,1.1322559267651264,1.612528669025863,0.8345704887206613
13217,1.1819087502427124,0.3965016745265559,-2.5463876944675916
3574,-0.4318080127788386,-0.5492970989729049,-0.13141756361883955
6596,-1.077294717987459,-1.1573105962225583,1.3175645148904118
4352,-1.077294717987459,-1.1798296146392122,0.8345704887206613
11355,-1.077294717987459,-1.1122725593892506,0.8345704887206613
2648,0.4371163980789196,0.47531823898484427,-0.61441158978859
2586,-1.077294717987459,-1.1235320685975776,1.3175645148904118
6141,0.8591653976384023,-0.2227713319314244,-1.0974056159583405
4889,1.1819087502427124,1.5562311229842283,-1.5803996421280908
13392,-0.30767595408487314,0.05871639827674846,0.8345704887206613
3160,-0.7793777771219419,-0.2340308411397513,0.35157646255091085
10392,0.16402586895219565,0.9594771349429017,-0.13141756361883955
3182,1.08260310328754,0.5428752942348057,0.35157646255091085
3480,-0.13389107191332153,0.6779894047347288,0.35157646255091085
2377,0.13919945721340263,0.9256986073179209,-0.13141756361883955
15320,-1.077294717987459,-1.1573105962225583,0.35157646255091085
9254,-0.33250236582366627,0.3402041284849213,0.35157646255091085
9502,-0.6552457184279764,-1.0221964857226353,0.35157646255091085
8731,-0.5807664832115972,-0.9546394304726739,0.35157646255091085
8402,0.16402586895219565,-0.8420443383894047,-0.61441158978859
7292,-0.15871748365211455,-0.93212041205602,-0.61441158978859
10242,-1.077294717987459,-1.1685701054308852,0.8345704887206613
14754,0.03989381025823017,0.7905844968179979,0.8345704887206613
5963,-0.9531626592934936,-0.3128474055980397,0.35157646255091085
12393,-1.077294717987459,-1.191089123847539,-0.61441158978859
13913,-0.5807664832115972,-0.8533038475977316,0.8345704887206613
11373,0.5364220450340921,-0.29032838718138587,-2.063393668297841
10924,-1.077294717987459,-1.1685701054308852,0.8345704887206613
12585,-0.45663442451763175,0.44153971135986353,0.35157646255091085
8371,-1.077294717987459,-1.191089123847539,0.8345704887206613
13802,-0.5311136597340109,-0.6055946450145395,-0.13141756361883955
7663,-0.7048985419055627,-1.055975013347616,0.35157646255091085
10458,-0.9779890710322867,-0.41418298847298196,0.8345704887206613
10024,1.306040808936678,1.7476427795257858,-0.61441158978859
9943,0.8591653976384023,0.5203562758181519,-0.61441158978859
1613,-0.28284954234608,0.5653943126514596,0.35157646255091085
5899,0.3129843393849541,-0.29032838718138587,-0.13141756361883955
10491,-0.30767595408487314,-0.20025231351477057,-0.13141756361883955
13137,-0.15871748365211455,-0.93212041205602,-1.5803996421280908
9688,1.7032633967573674,1.9277949268590164,-0.13141756361883955
2015,1.8770482789289193,2.0403900189422854,-1.5803996421280908
12304,1.8522218671901263,1.060812717817844,-2.5463876944675916
12071,-0.6304193066891834,-0.9658989396810007,-0.13141756361883955
9189,-0.9779890710322867,-0.8758228660143854,0.35157646255091085
12878,-0.5311136597340109,-0.11017623984815525,0.35157646255091085
2981,-1.077294717987459,-0.9433799212643469,1.3175645148904118
7963,-1.0524683062486662,-0.9771584488893277,0.35157646255091085
9294,0.8343389858996093,1.443636030900959,-0.13141756361883955
14809,-1.077294717987459,-0.4704805345146165,0.8345704887206613
243,0.06472022199702318,0.29516609165161367,0.35157646255091085
4878,-0.7048985419055627,0.04745688906842155,0.35157646255091085
7634,-1.0524683062486662,-1.1347915778059046,0.8345704887206613
106,-1.077294717987459,-0.6168541542228664,0.8345704887206613
8028,-1.077294717987459,-1.202348633055866,1.3175645148904118
5489,-0.3573287775624594,-0.93212041205602,-0.61441158978859
14193,-0.23319671886849389,-0.7407087555144625,0.35157646255091085
14078,0.7350333389444368,1.2860029019843822,0.35157646255091085
13613,-0.48146083625642483,-0.020100166181539942,0.35157646255091085
4830,-0.28284954234608,-0.08765722143150143,0.8345704887206613
8823,-0.6304193066891834,-0.673151700264501,0.8345704887206613
12983,0.13919945721340263,0.8581415520679594,-1.0974056159583405
10111,1.554304926324609,0.9707366441512285,-1.5803996421280908
4605,-0.9531626592934936,-0.3128474055980397,0.8345704887206613
13782,0.5115956332952991,0.14879247194336379,-1.0974056159583405
12142,1.5046521028470228,0.9932556625678823,-2.5463876944675916
9069,-0.13389107191332153,-0.6168541542228664,0.8345704887206613
3960,-0.30767595408487314,-0.7181897370978086,-0.13141756361883955
3873,0.809512574160816,1.1283697730678053,0.35157646255091085
179,0.2881579276461611,1.049553208609517,0.35157646255091085
12970,-0.15871748365211455,0.6779894047347288,-0.13141756361883955
5815,-0.6055928949503904,-1.0109369765143084,-0.13141756361883955
9723,1.5791313380634018,1.4886740677342667,-0.61441158978859
11575,-0.5311136597340109,-0.20025231351477057,1.3175645148904118
4793,0.4867692215565058,-0.3804044608480012,-0.13141756361883955
7885,-0.30767595408487314,0.3965016745265559,0.8345704887206613
11542,0.46194280981771285,0.9256986073179209,-0.61441158978859
15154,-0.4318080127788386,0.8919200796929401,-0.13141756361883955
9992,2.249444455010816,2.0854280557755933,-2.5463876944675916
29,-0.8786834240771144,-0.9996774673059815,-0.13141756361883955
2801,1.4549992793694364,1.0157746809845363,-0.13141756361883955
7198,1.057776691548747,0.5766538218597865,-0.13141756361883955
5725,0.4122899863401266,0.45279922056819044,0.8345704887206613
2922,-1.077294717987459,-1.191089123847539,0.8345704887206613
4664,-0.8290306005995282,-0.7069302278894817,0.35157646255091085
13151,-1.077294717987459,-1.191089123847539,0.35157646255091085
8304,-0.9531626592934936,-0.6956707186811548,0.35157646255091085
9577,-1.0028154827710798,-0.673151700264501,0.8345704887206613
1245,1.1819087502427124,1.612528669025863,-0.13141756361883955
7808,0.9584710445935745,1.3985979940676512,-0.13141756361883955
4053,-0.4069816010400455,-0.7744872831394432,0.35157646255091085
13286,0.16402586895219565,0.8356225336513056,-0.13141756361883955
4412,-1.077294717987459,-1.1235320685975776,1.3175645148904118
108,-0.9035098358159074,-0.3241069148063666,0.8345704887206613
7308,-0.8786834240771144,-1.1010130501809237,0.8345704887206613
13858,-1.077294717987459,-1.202348633055866,1.3175645148904118
6935,-0.5311136597340109,-1.0109369765143084,-0.13141756361883955
13381,0.9088182211159885,1.027034190192863,-0.13141756361883955
11496,2.5225349841375393,2.4569918596503815,-2.5463876944675916
7507,-0.9531626592934936,-0.2115118227230975,0.35157646255091085
6315,-0.5311136597340109,0.013678361443440803,0.8345704887206613
8875,0.26333151590736814,0.6216918586930942,0.8345704887206613
4394,0.03989381025823017,-0.8307848291810778,-0.13141756361883955
12448,0.21367869242978188,-0.6506326818478472,-0.61441158978859
12993,1.728089808496161,1.7926808163590935,-1.0974056159583405
14142,-0.8290306005995282,-0.5267780805562511,0.35157646255091085
10296,1.3556936324142643,0.4865777481931712,-2.063393668297841
4348,-0.8786834240771144,-1.055975013347616,0.35157646255091085
6392,-0.08423824843573531,0.7568059691930171,0.35157646255091085
14101,0.8343389858996093,1.1283697730678053,-0.13141756361883955
7820,-0.506287247995218,0.3402041284849213,0.35157646255091085
7593,0.8343389858996093,-0.07639771222317451,-1.5803996421280908
7406,-0.30767595408487314,0.13753296273503687,0.35157646255091085
6601,-1.077294717987459,-1.1347915778059046,0.8345704887206613
5883,-1.077294717987459,-1.0897535409725967,1.3175645148904118
7877,1.057776691548747,1.421117012484305,0.35157646255091085
973,-0.5807664832115972,-0.08765722143150143,0.8345704887206613
7573,0.11437304547460941,-0.03135967538986686,0.35157646255091085
4299,-0.9531626592934936,-0.8082658107644239,0.35157646255091085
6330,-0.3573287775624594,0.3064256008599406,0.8345704887206613
3653,-1.077294717987459,-1.191089123847539,0.8345704887206613
5404,1.330867220675471,0.04745688906842155,-2.063393668297841
12419,0.3129843393849541,-0.8195253199727509,-1.0974056159583405
7635,0.08954663373581641,-0.7857467923477701,0.35157646255091085
3088,1.47982569110823,1.8602378716090548,-0.13141756361883955
14650,-0.8538570123383212,-0.9208609028476931,0.35157646255091085
5936,1.47982569110823,1.03829369940119,0.8345704887206613
5556,1.008123868071161,0.5090967666098251,0.35157646255091085
7550,1.7529162202349537,1.1396292822761322,-1.5803996421280908
6334,-0.33250236582366627,0.36272314690157514,-0.13141756361883955
10,0.6109012802504713,-0.7181897370978086,-2.063393668297841
2647,0.75985975068323,0.632951367901421,-1.0974056159583405
12059,-0.5311136597340109,-0.9884179580976545,0.35157646255091085
1426,-1.077294717987459,-1.1685701054308852,0.8345704887206613
12381,-1.077294717987459,-1.1685701054308852,0.35157646255091085
3265,0.4867692215565058,-0.797006301556097,-0.61441158978859
12038,0.015067398519437164,-0.8983418844310392,-1.0974056159583405
14017,-0.10906466017452843,0.632951367901421,0.8345704887206613
4814,-0.8786834240771144,-0.6844112094728279,0.8345704887206613
8639,0.015067398519437164,0.3965016745265559,-0.13141756361883955
9877,-1.077294717987459,-1.1685701054308852,1.3175645148904118
1215,-0.8786834240771144,-0.2227713319314244,0.8345704887206613
14254,-0.45663442451763175,-0.9546394304726739,0.35157646255091085
14215,-1.077294717987459,-1.191089123847539,1.3175645148904118
6576,0.6357276919892645,-0.7519682647227893,-1.0974056159583405
13665,-1.077294717987459,-0.41418298847298196,1.3175645148904118
10949,-1.077294717987459,-1.202348633055866,1.3175645148904118
7019,-1.077294717987459,-0.8082658107644239,1.3175645148904118
323,-1.077294717987459,-1.1460510870142313,0.0
1344,-1.0276418945098729,-0.6281136634311933,0.8345704887206613
4457,-1.0276418945098729,-0.7519682647227893,0.8345704887206613
7740,0.33781075112374737,0.06997590748507537,0.8345704887206613
909,-0.28284954234608,0.5991728402764404,0.35157646255091085
10375,0.6357276919892645,1.2409648651510745,-0.13141756361883955
3399,-1.0524683062486662,-0.5155185713479241,0.35157646255091085
496,2.4232293371823674,2.1980231478588625,-2.063393668297841
9565,-0.7793777771219419,-0.5830756265978857,0.8345704887206613
8425,-1.077294717987459,-1.1460510870142313,0.8345704887206613
13774,-1.077294717987459,-0.8195253199727509,1.3175645148904118
9264,0.21367869242978188,0.8468820428596324,0.8345704887206613
14995,-0.13389107191332153,-0.7407087555144625,-2.063393668297841
3470,1.4549992793694364,1.8264593439840742,-0.61441158978859
13809,-0.6304193066891834,-0.7294492463061355,-0.13141756361883955
12992,-0.28284954234608,0.46405872977651735,0.35157646255091085
4365,-0.5311136597340109,-1.0109369765143084,-0.13141756361883955
10596,-0.7048985419055627,-1.044715504139289,-0.61441158978859
1195,-0.009759013219356063,0.3176851100682675,-0.13141756361883955
7946,-1.077294717987459,-0.9208609028476931,1.3175645148904118
4953,1.47982569110823,1.6913452334841512,-0.61441158978859
1423,-0.28284954234608,-0.8645633568060586,0.35157646255091085
5747,-0.8786834240771144,-0.6281136634311933,0.8345704887206613
256,0.6853805154668505,0.4302802021515366,-0.61441158978859
12926,-0.10906466017452843,0.655470386318075,0.35157646255091085
9859,-1.0524683062486662,-1.1798296146392122,1.3175645148904118
288,-0.30767595408487314,-0.5042590621395973,0.8345704887206613
13516,-1.077294717987459,-1.191089123847539,0.35157646255091085
6061,2.100485984578057,1.9052759084423625,-0.13141756361883955
8774,0.6109012802504713,-0.7294492463061355,-0.13141756361883955
12396,-0.9035098358159074,-1.1122725593892506,0.35157646255091085
13354,1.256387985459092,1.5674906321925552,-0.13141756361883955
4484,0.8591653976384023,0.8694010612762862,-0.13141756361883955
9213,-0.30767595408487314,-0.11017623984815525,0.35157646255091085
11257,-0.48146083625642483,-0.7069302278894817,0.35157646255091085
5860,-1.077294717987459,-1.1685701054308852,1.3175645148904118
7278,-0.8290306005995282,-1.07849403176427,-0.61441158978859
1232,-0.5807664832115972,0.21634952719332526,-0.13141756361883955
14721,0.784686162422023,0.9819961533595555,-0.61441158978859
13186,-1.077294717987459,-1.1010130501809237,-0.13141756361883955
2675,1.7529162202349537,1.6463071966508436,-0.13141756361883955
1112,-0.45663442451763175,-0.9208609028476931,-0.61441158978859
11756,-0.5807664832115972,-0.4592210253062896,-0.13141756361883955
7293,0.4122899863401266,-0.8195253199727509,-0.61441158978859
267,-0.9283362475547006,-0.661892191056174,1.3175645148904118
10991,-0.009759013219356063,-0.673151700264501,-1.0974056159583405
6804,1.4549992793694364,1.3760789756509975,-0.13141756361883955
14729,1.2812143971978849,1.3873384848593244,-1.0974056159583405
9365,0.4122899863401266,0.7005084231513826,0.8345704887206613
8031,-1.0524683062486662,-1.1798296146392122,0.8345704887206613
3048,2.3239236902271947,2.0741685465672663,-1.5803996421280908
8517,0.26333151590736814,0.7117679323597095,0.35157646255091085
12934,0.18885228069098867,0.9256986073179209,-0.13141756361883955
1379,-0.9779890710322867,-0.8420443383894047,-0.13141756361883955
11967,-0.7297249536443557,-0.6281136634311933,-0.61441158978859
13977,1.9018746906677122,1.3535599572343435,-2.5463876944675916
6424,2.100485984578057,1.9277949268590164,-1.0974056159583405
4759,-1.077294717987459,-1.1798296146392122,-0.61441158978859
9799,-0.6800721301667696,-0.8082658107644239,0.35157646255091085
11879,1.6287841615409884,1.8940163992340358,-1.5803996421280908
6874,-0.5311136597340109,-0.7181897370978086,-0.13141756361883955
3790,0.809512574160816,1.2860029019843822,-0.13141756361883955
620,0.983297456332368,0.5879133310681134,-0.13141756361883955
652,-0.9035098358159074,-0.8195253199727509,0.35157646255091085
13131,-0.5311136597340109,-1.0109369765143084,-0.61441158978859
8299,-0.23319671886849389,-0.14395476747313599,-0.13141756361883955
3473,0.809512574160816,1.3985979940676512,0.35157646255091085
12626,0.3626371628625404,0.9707366441512285,-1.0974056159583405
5277,0.21367869242978188,1.0045151717762093,0.8345704887206613
7157,2.249444455010816,1.984092472900651,-2.063393668297841
5019,0.03989381025823017,-0.12143574905648218,-0.13141756361883955
13141,-0.6304193066891834,-1.0334559949309623,-0.61441158978859
12026,-0.30767595408487314,-0.9433799212643469,-2.063393668297841
2516,-1.077294717987459,-1.1573105962225583,1.3175645148904118
7709,-0.4318080127788386,-0.7519682647227893,-0.13141756361883955
11748,-0.10906466017452843,-0.3015878963897128,-0.13141756361883955
7410,0.4371163980789196,0.6892489139430557,-0.13141756361883955
13614,1.256387985459092,1.0720722270261707,-1.0974056159583405
8420,-1.077294717987459,-1.1573105962225583,0.8345704887206613
11044,-0.3821551893012525,-0.09891673063982834,-0.13141756361883955
5873,0.5860748685116783,-0.5492970989729049,-0.13141756361883955
3603,-0.7048985419055627,-0.9208609028476931,0.35157646255091085
12007,-1.077294717987459,-1.1347915778059046,1.3175645148904118
14579,-1.077294717987459,-1.1798296146392122,0.8345704887206613
7228,-1.0524683062486662,-0.9546394304726739,0.8345704887206613
9173,-1.077294717987459,-1.067234522555943,0.8345704887206613
1506,-1.077294717987459,-1.055975013347616,0.8345704887206613
6373,2.7707991015254705,2.592105970150304,-2.063393668297841
13299,-0.6552457184279764,0.19383050877667143,0.35157646255091085
11840,0.8591653976384023,1.421117012484305,-1.5803996421280908
12186,1.2812143971978849,1.5562311229842283,-1.5803996421280908
15197,1.6287841615409884,1.9277949268590164,-1.0974056159583405
7341,-0.9035098358159074,-0.9771584488893277,0.8345704887206613
14963,-0.9531626592934936,-1.1347915778059046,0.35157646255091085
4890,2.2742708667496085,2.220542166275516,-2.063393668297841
730,-1.077294717987459,-1.191089123847539,0.35157646255091085
8613,-0.4069816010400455,0.3289446192765944,0.35157646255091085
12640,-0.3821551893012525,0.28390658244328676,-0.13141756361883955
6415,2.497708572398747,2.254320693900497,-1.5803996421280908
8736,-0.7297249536443557,-1.044715504139289,0.8345704887206613
1745,-1.0524683062486662,-0.9208609028476931,0.8345704887206613
3853,2.3239236902271947,2.220542166275516,-0.61441158978859
9880,-1.077294717987459,-1.1573105962225583,1.3175645148904118
14972,-0.5311136597340109,-1.0109369765143084,0.35157646255091085
2709,-0.9283362475547006,-0.12143574905648218,0.8345704887206613
7091,1.032950279809954,1.5337121045675743,-0.13141756361883955
3388,1.7529162202349537,1.3535599572343435,-1.5803996421280908
13952,-0.9035098358159074,-0.6506326818478472,0.35157646255091085
8793,0.16402586895219565,-0.6844112094728279,-0.61441158978859
5430,-1.077294717987459,-1.1235320685975776,1.3175645148904118
13501,-0.8290306005995282,-1.0897535409725967,0.8345704887206613
9029,0.8591653976384023,0.38524216531822897,-0.13141756361883955
3126,-1.0524683062486662,-0.40292347926465505,0.8345704887206613
1156,0.38746357460133357,-0.07639771222317451,-0.61441158978859
12796,-0.20837030712970078,-0.8758228660143854,-1.5803996421280908
32,-0.7297249536443557,-0.9208609028476931,-0.13141756361883955
10355,-1.077294717987459,-0.49299955293127035,1.3175645148904118
11900,1.6039577498021953,1.6913452334841512,-0.61441158978859
1336,1.7529162202349537,1.3423004480260168,-0.61441158978859
13849,0.3129843393849541,-0.797006301556097,-2.063393668297841
13494,-1.077294717987459,-1.202348633055866,1.3175645148904118
14371,2.249444455010816,2.0291305097339585,-2.5463876944675916
12025,-1.077294717987459,-1.191089123847539,0.35157646255091085
1610,-0.23319671886849389,0.5879133310681134,0.8345704887206613
939,0.6853805154668505,1.173407809901113,0.35157646255091085
11179,-0.3573287775624594,0.3064256008599406,0.8345704887206613
4023,-1.077294717987459,-1.191089123847539,1.3175645148904118
12698,-0.009759013219356063,-0.25654985955640514,0.8345704887206613
5605,-1.077294717987459,-0.5042590621395973,1.3175645148904118
11289,0.08954663373581641,-0.797006301556097,-0.13141756361883955
745,0.03989381025823017,-0.8082658107644239,-1.0974056159583405
4083,-1.077294717987459,-0.9096013936393662,0.8345704887206613
11301,0.4122899863401266,-0.8082658107644239,-2.063393668297841
2877,-0.0594118366969423,-0.7519682647227893,-1.0974056159583405
9049,1.2812143971978849,0.1600519811516907,-2.063393668297841
4701,-0.30767595408487314,-0.8082658107644239,-0.61441158978859
1741,-1.0524683062486662,-0.8983418844310392,0.8345704887206613
9484,0.3129843393849541,-0.8420443383894047,-0.61441158978859
2651,0.5115956332952991,0.5653943126514596,-0.61441158978859
5339,1.3556936324142643,1.3873384848593244,-0.13141756361883955
10910,-0.258023130607287,-0.797006301556097,0.35157646255091085
3002,-0.506287247995218,-0.25654985955640514,-0.13141756361883955
1821,-1.077294717987459,-1.202348633055866,1.3175645148904118
8908,-0.23319671886849389,0.5541348034431327,0.35157646255091085
1330,0.11437304547460941,0.5090967666098251,-0.13141756361883955
12953,0.13919945721340263,0.9482176257345747,-1.0974056159583405
957,0.7350333389444368,1.0045151717762093,-0.61441158978859
2110,0.4867692215565058,-0.13269525826480907,-0.61441158978859
5665,-0.258023130607287,0.5991728402764404,0.8345704887206613
11800,1.8273954554513328,1.590009650609209,-2.063393668297841
4691,-0.6304193066891834,-0.8420443383894047,-0.61441158978859
1660,-0.009759013219356063,0.7455464599846903,-0.13141756361883955
14170,-1.077294717987459,-1.0109369765143084,1.3175645148904118
13241,-1.077294717987459,-0.7181897370978086,1.3175645148904118
5361,0.2881579276461611,0.37398265610990206,-0.13141756361883955
13664,-1.077294717987459,-0.41418298847298196,1.3175645148904118
655,-1.077294717987459,-1.0109369765143084,1.3175645148904118
14493,0.5115956332952991,0.47531823898484427,-0.13141756361883955
11059,-1.077294717987459,-0.6506326818478472,1.3175645148904118
14310,0.015067398519437164,-0.16647378588978984,-0.13141756361883955
13832,-1.077294717987459,-1.1347915778059046,1.3175645148904118
11097,0.33781075112374737,0.9819961533595555,-0.13141756361883955
7772,-1.077294717987459,-0.6506326818478472,1.3175645148904118
2199,-1.077294717987459,-1.191089123847539,0.8345704887206613
2960,-1.077294717987459,-1.0897535409725967,1.3175645148904118
4640,0.4371163980789196,0.29516609165161367,0.35157646255091085
6876,1.1819087502427124,-0.20025231351477057,-2.063393668297841
13344,-0.8042041888607351,0.024937870651767717,0.8345704887206613
11689,-1.0524683062486662,-1.1685701054308852,1.3175645148904118
13823,-0.8290306005995282,-0.93212041205602,-0.61441158978859
8300,0.9584710445935745,0.4190206929432097,-1.0974056159583405
1405,-1.077294717987459,-1.1010130501809237,0.8345704887206613
8641,-0.5559400714728041,-0.04261918459819377,0.35157646255091085
2625,-0.9283362475547006,-0.7069302278894817,0.8345704887206613
9344,1.4549992793694364,1.601269159817536,-0.13141756361883955
5464,-1.077294717987459,-1.202348633055866,1.3175645148904118
5434,0.75985975068323,-0.5605566081812319,-1.0974056159583405
10203,-1.0524683062486662,-1.1685701054308852,0.35157646255091085
3148,2.1749652197944367,1.8039403255674202,-1.0974056159583405
12986,2.1749652197944367,2.1192065834005738,-2.5463876944675916
2873,-1.077294717987459,-1.1235320685975776,0.8345704887206613
3916,1.256387985459092,0.5541348034431327,-2.063393668297841
11590,0.75985975068323,0.27264707323495985,-2.063393668297841
5762,-0.8538570123383212,-0.7407087555144625,0.35157646255091085
14673,0.3129843393849541,-0.0651382030148476,-0.13141756361883955
8290,-0.5807664832115972,-0.25654985955640514,0.8345704887206613
76,0.015067398519437164,0.0024188522351138884,0.35157646255091085
5195,1.008123868071161,0.5879133310681134,-1.5803996421280908
7520,0.4122899863401266,0.9256986073179209,0.8345704887206613
9185,-1.077294717987459,-1.0109369765143084,0.35157646255091085
14258,-1.077294717987459,-1.1798296146392122,1.3175645148904118
4947,0.8591653976384023,1.3648194664426705,-0.13141756361883955
15205,0.4867692215565058,1.173407809901113,-0.61441158978859
2260,-0.5311136597340109,-0.4254424976813089,0.35157646255091085
1775,-1.077294717987459,-1.1235320685975776,0.8345704887206613
13933,-0.258023130607287,-0.538037589764578,0.8345704887206613
5766,0.2881579276461611,-0.25654985955640514,-1.0974056159583405
93,-0.4069816010400455,-0.03135967538986686,-0.61441158978859
13695,-0.6055928949503904,0.28390658244328676,1.3175645148904118
10437,1.1570823385039195,1.454895540109286,-1.5803996421280908
4007,-0.20837030712970078,-0.9433799212643469,-0.13141756361883955
7749,-0.506287247995218,-0.27906887797305896,0.35157646255091085
13462,-1.077294717987459,-1.1235320685975776,1.3175645148904118
6836,-1.077294717987459,-0.8195253199727509,1.3175645148904118
4810,-1.077294717987459,-0.93212041205602,1.3175645148904118
3181,0.2385051041685749,0.1600519811516907,0.8345704887206613
11960,1.554304926324609,0.4865777481931712,-2.5463876944675916
1076,0.3626371628625404,-0.8195253199727509,-2.063393668297841
2338,-0.7793777771219419,0.04745688906842155,0.35157646255091085
6076,2.249444455010816,1.7363832703174589,-1.5803996421280908
1885,-0.7048985419055627,-0.6844112094728279,1.3175645148904118
6196,-1.077294717987459,-1.202348633055866,1.3175645148904118
10372,-1.0524683062486662,-0.34662593322302043,1.3175645148904118
4323,-0.45663442451763175,-0.7519682647227893,0.8345704887206613
4949,-1.0028154827710798,-0.27906887797305896,0.8345704887206613
6137,1.032950279809954,-0.09891673063982834,-1.0974056159583405
11429,2.0756595728392635,1.612528669025863,-2.5463876944675916
6005,-1.077294717987459,-0.4254424976813089,1.3175645148904118
10214,-0.9283362475547006,-1.1235320685975776,0.8345704887206613
2759,0.4371163980789196,1.060812717817844,-0.13141756361883955
7859,-0.7297249536443557,0.12627345352670993,0.8345704887206613
10536,0.784686162422023,-0.41418298847298196,-1.5803996421280908
4030,0.6853805154668505,-0.6844112094728279,-1.5803996421280908
3352,-1.0028154827710798,-0.797006301556097,0.8345704887206613
1437,0.06472022199702318,-0.8645633568060586,-1.0974056159583405
1233,0.9584710445935745,1.3873384848593244,-0.61441158978859
11395,0.3129843393849541,0.0924949259017292,-1.0974056159583405
4281,0.983297456332368,0.44153971135986353,-0.13141756361883955
9971,-1.077294717987459,-0.6055946450145395,1.3175645148904118
12438,-1.077294717987459,-1.1573105962225583,0.8345704887206613
3102,1.47982569110823,1.848978362400728,-0.13141756361883955
2465,0.9336446328547815,0.23886854560997908,-0.61441158978859
8493,1.3556936324142643,0.9819961533595555,-0.61441158978859
11791,-1.077294717987459,-0.6393731726395202,1.3175645148904118
449,0.5115956332952991,0.3965016745265559,0.35157646255091085
7799,0.7350333389444368,1.173407809901113,-0.13141756361883955
5932,0.4867692215565058,0.45279922056819044,0.35157646255091085
3621,-0.13389107191332153,-0.8533038475977316,0.35157646255091085
2317,1.8273954554513328,1.7926808163590935,-1.0974056159583405
7803,1.231561573720299,1.5224525953592474,-0.13141756361883955
2185,-0.9531626592934936,-1.1347915778059046,-0.61441158978859
4477,-0.6552457184279764,-0.2115118227230975,-0.13141756361883955
1890,-1.077294717987459,-0.9096013936393662,0.8345704887206613
1155,-0.28284954234608,-0.40292347926465505,-0.13141756361883955
7732,0.38746357460133357,-0.04261918459819377,0.35157646255091085
13535,-1.0028154827710798,-1.1010130501809237,-0.13141756361883955
12627,0.8591653976384023,1.2860029019843822,-0.61441158978859
1728,1.4549992793694364,0.5541348034431327,-1.0974056159583405
7332,-0.3821551893012525,-0.8307848291810778,0.8345704887206613
10989,-0.18354389539090765,-0.7407087555144625,-0.13141756361883955
8400,0.7102069272056438,-0.7519682647227893,-2.063393668297841
11113,-1.077294717987459,-0.4367020068896358,1.3175645148904118
11503,0.015067398519437164,0.8356225336513056,-0.61441158978859
6220,-1.0028154827710798,-1.1235320685975776,0.8345704887206613
4392,-0.7545513653831489,-1.044715504139289,0.8345704887206613
9100,-1.0524683062486662,-1.1573105962225583,0.8345704887206613
2503,-0.9035098358159074,-0.9771584488893277,0.8345704887206613
8037,-1.0028154827710798,-1.1460510870142313,0.8345704887206613
2463,0.8839918093771955,0.250128054818306,-1.0974056159583405
13030,-0.6055928949503904,-0.18899280430644366,-0.61441158978859
2846,0.784686162422023,-0.11017623984815525,-1.0974056159583405
11621,-1.077294717987459,-1.055975013347616,1.3175645148904118
10686,1.2067351619815054,0.9369581165262478,-1.5803996421280908
1612,0.8343389858996093,1.4098575032759781,0.8345704887206613
8097,-0.18354389539090765,-0.3241069148063666,1.3175645148904118
2191,-0.7545513653831489,-1.067234522555943,-0.13141756361883955
1729,1.306040808936678,0.47531823898484427,-2.063393668297841
4824,-0.4069816010400455,-0.24529035034807822,0.8345704887206613
10464,1.728089808496161,1.3873384848593244,-1.5803996421280908
11524,2.001180337622885,2.0291305097339585,-1.0974056159583405
10668,-0.9035098358159074,-0.6055946450145395,1.3175645148904118
11478,0.8343389858996093,1.421117012484305,-1.5803996421280908
9849,0.4371163980789196,-0.8195253199727509,-2.063393668297841
13332,1.8273954554513328,2.0403900189422854,-0.61441158978859
15014,-0.23319671886849389,-0.5718161173895587,1.3175645148904118
5781,-1.077294717987459,-1.067234522555943,1.3175645148904118
12283,2.0260067493616774,1.6575667058591705,-2.063393668297841
6554,-1.077294717987459,-1.202348633055866,1.3175645148904118
4047,-0.3821551893012525,-0.8195253199727509,0.35157646255091085
5773,-0.45663442451763175,-0.6393731726395202,0.35157646255091085
8495,1.4301728676306433,1.049553208609517,-1.5803996421280908
12608,2.5225349841375393,2.4119538228170736,-2.5463876944675916
7735,-1.077294717987459,-0.9096013936393662,1.3175645148904118
5689,0.8591653976384023,1.2747433927760552,-0.13141756361883955
4240,1.4301728676306433,1.466155049317613,0.8345704887206613
11726,1.032950279809954,-0.3241069148063666,-2.063393668297841
10149,0.21367869242978188,-0.27906887797305896,0.35157646255091085
2755,0.21367869242978188,0.9256986073179209,-0.13141756361883955
2492,-0.5807664832115972,-0.7519682647227893,0.8345704887206613
3139,1.554304926324609,1.601269159817536,-1.0974056159583405
9594,-0.3821551893012525,0.03619737986009463,0.35157646255091085
6740,0.4122899863401266,1.1508887914844592,0.35157646255091085
5234,0.6109012802504713,0.9932556625678823,-0.61441158978859
10417,-0.3821551893012525,0.47531823898484427,0.35157646255091085
3272,-1.077294717987459,-1.202348633055866,1.3175645148904118
13066,0.2881579276461611,-0.17773329509811675,-1.5803996421280908
5273,-0.6055928949503904,0.28390658244328676,0.35157646255091085
10774,2.199791631533229,2.265580203108824,-2.063393668297841
2889,-1.077294717987459,-1.1685701054308852,1.3175645148904118
5418,-1.077294717987459,-1.07849403176427,1.3175645148904118
788,-1.0524683062486662,-0.9546394304726739,0.35157646255091085
5903,0.4122899863401266,-0.08765722143150143,-0.13141756361883955
10946,-0.9531626592934936,-1.1347915778059046,0.35157646255091085
5502,-1.077294717987459,-1.1460510870142313,1.3175645148904118
15151,2.8204519250030566,3.042486338483381,-2.063393668297841
14063,0.11437304547460941,0.9144390981095939,-0.13141756361883955
7810,0.5115956332952991,1.1058507546511516,-0.13141756361883955
5952,1.256387985459092,1.2071863375260936,-1.0974056159583405
9568,-0.3821551893012525,-0.3015878963897128,-0.13141756361883955
3377,0.06472022199702318,0.23886854560997908,-0.13141756361883955
4527,1.5046521028470228,1.7814213071507665,-0.13141756361883955
13106,-0.7545513653831489,-0.9771584488893277,-1.5803996421280908
1780,-1.0524683062486662,-1.1122725593892506,0.8345704887206613
7073,-0.7297249536443557,0.04745688906842155,0.8345704887206613
2959,0.06472022199702318,-0.6055946450145395,-0.13141756361883955
10338,0.6853805154668505,0.9256986073179209,-1.5803996421280908
14156,-0.8042041888607351,-0.6506326818478472,0.8345704887206613
349,-0.9779890710322867,-1.1460510870142313,-0.13141756361883955
5524,-1.077294717987459,-1.055975013347616,1.3175645148904118
11527,0.8591653976384023,1.3197814296093628,0.35157646255091085
3349,-0.7297249536443557,-0.6168541542228664,0.8345704887206613
42,-1.0524683062486662,-1.0334559949309623,1.3175645148904118
801,-0.6552457184279764,-0.48174004372294343,0.35157646255091085
3529,0.33781075112374737,0.5428752942348057,0.35157646255091085
15325,-0.30767595408487314,-0.93212041205602,0.8345704887206613
981,0.38746357460133357,0.38524216531822897,-0.61441158978859
3458,-0.7048985419055627,0.18257099956834452,0.35157646255091085
6188,0.13919945721340263,-0.8645633568060586,0.8345704887206613
8013,-0.3573287775624594,-0.9658989396810007,-0.61441158978859
5173,-0.3821551893012525,-0.4479615160979627,0.35157646255091085
8649,0.16402586895219565,0.28390658244328676,0.8345704887206613
8285,-0.48146083625642483,-0.13269525826480907,0.8345704887206613
6072,2.1749652197944367,1.7701617979424396,-1.5803996421280908
6332,0.5115956332952991,0.9594771349429017,0.35157646255091085
3091,-1.0524683062486662,-0.3353664240146935,1.3175645148904118
7691,-0.5559400714728041,-0.93212041205602,-0.13141756361883955
12325,1.08260310328754,0.3064256008599406,-2.063393668297841
2756,-0.20837030712970078,0.5879133310681134,0.35157646255091085
7525,-0.15871748365211455,0.47531823898484427,0.8345704887206613
916,0.11437304547460941,0.903179588901267,0.8345704887206613
4617,-0.8290306005995282,-0.24529035034807822,-0.13141756361883955
1616,-0.0594118366969423,0.7680654784013441,0.35157646255091085
12306,-0.6304193066891834,-0.29032838718138587,0.8345704887206613
7310,-0.33250236582366627,-0.9433799212643469,-0.13141756361883955
2146,-1.077294717987459,-1.1460510870142313,0.8345704887206613
7528,-0.5807664832115972,0.0924949259017292,0.8345704887206613
1833,0.06472022199702318,-0.8420443383894047,-1.0974056159583405
14251,0.11437304547460941,-0.8420443383894047,-1.5803996421280908
6113,0.9088182211159885,0.29516609165161367,-0.13141756361883955
11038,1.057776691548747,0.5879133310681134,-1.0974056159583405
7747,0.6109012802504713,0.3176851100682675,-0.13141756361883955
4714,-1.077294717987459,-1.1685701054308852,1.3175645148904118
14093,-1.077294717987459,-0.5267780805562511,1.3175645148904118
9927,-1.077294717987459,-0.9096013936393662,1.3175645148904118
11026,-0.6800721301667696,-0.5155185713479241,-0.13141756361883955
782,-0.03458542495814907,-0.4704805345146165,-0.13141756361883955
14936,-1.077294717987459,-1.1573105962225583,0.8345704887206613
12719,-0.10906466017452843,-0.5718161173895587,0.35157646255091085
12372,-0.7545513653831489,-0.9658989396810007,0.35157646255091085
9566,-0.7545513653831489,-0.5605566081812319,0.8345704887206613
5662,1.3556936324142643,1.7589022887341126,0.35157646255091085
8607,1.554304926324609,1.725123761109132,-0.61441158978859
9938,-0.13389107191332153,-0.08765722143150143,0.35157646255091085
9245,2.2246180432720224,1.8377188531924011,-0.61441158978859
4838,0.3626371628625404,0.4077611837348828,0.35157646255091085
2401,-0.506287247995218,0.26138756402663293,0.8345704887206613
8977,-0.5807664832115972,0.18257099956834452,0.35157646255091085
4205,-0.6800721301667696,0.19383050877667143,1.3175645148904118
4641,-1.0524683062486662,-0.7407087555144625,0.35157646255091085
2152,-1.077294717987459,-1.1573105962225583,0.8345704887206613
6418,-0.9283362475547006,-0.20025231351477057,0.8345704887206613
2947,-1.077294717987459,-1.1460510870142313,1.3175645148904118
15128,2.795625513264264,3.0987838845250155,-0.61441158978859
7523,0.4122899863401266,0.903179588901267,0.35157646255091085
3878,0.75985975068323,1.03829369940119,-0.13141756361883955
8786,-1.0524683062486662,-1.1347915778059046,0.8345704887206613
10844,-1.0524683062486662,-0.6956707186811548,0.8345704887206613
9994,-0.506287247995218,0.26138756402663293,0.35157646255091085
13491,0.2881579276461611,-0.8307848291810778,-1.5803996421280908
14377,0.33781075112374737,0.9256986073179209,-0.13141756361883955
7700,-1.0028154827710798,-1.055975013347616,0.8345704887206613
7191,0.08954663373581641,0.20509001798499835,0.35157646255091085
3023,0.46194280981771285,0.644210877109748,-0.61441158978859
11681,-1.0524683062486662,-1.1798296146392122,-0.13141756361883955
3541,0.06472022199702318,0.14879247194336379,-0.61441158978859
3279,-1.077294717987459,-1.202348633055866,1.3175645148904118
14749,-0.30767595408487314,0.47531823898484427,0.35157646255091085
12995,1.08260310328754,1.3985979940676512,-1.5803996421280908
14611,-1.077294717987459,-1.191089123847539,0.8345704887206613
8957,2.1253123963168505,2.1755041294422086,-0.13141756361883955
8012,-0.15871748365211455,-0.9208609028476931,0.35157646255091085
2804,1.057776691548747,0.7680654784013441,-0.61441158978859
2211,-1.077294717987459,-1.1573105962225583,1.3175645148904118
9603,1.3556936324142643,1.2297053559427475,-0.13141756361883955
11187,1.1074295150263334,1.18466731910944,-1.5803996421280908
12571,1.80256904371254,2.006611491317305,-1.5803996421280908
3133,0.5860748685116783,1.0833317362344976,0.35157646255091085
12403,0.03989381025823017,-0.8870823752227124,-0.61441158978859
12285,0.16402586895219565,0.5766538218597865,-1.0974056159583405
9845,-0.23319671886849389,-0.9433799212643469,-0.13141756361883955
4320,0.46194280981771285,-0.41418298847298196,-1.5803996421280908
7176,1.008123868071161,1.027034190192863,-0.13141756361883955
2107,-0.9035098358159074,-0.7632277739311163,1.3175645148904118
5128,-0.8042041888607351,-1.044715504139289,0.8345704887206613
9875,-1.077294717987459,-1.1798296146392122,1.3175645148904118
11585,0.46194280981771285,0.22760903640165217,-0.13141756361883955
3973,-0.9283362475547006,-1.044715504139289,0.35157646255091085
5584,0.5115956332952991,0.7342869507763633,0.35157646255091085
3034,1.9763539258840919,1.6688262150674973,-2.063393668297841
8672,1.1819087502427124,0.37398265610990206,0.35157646255091085
9962,-1.0276418945098729,-0.5492970989729049,0.35157646255091085
4663,-1.0276418945098729,-0.8645633568060586,-0.13141756361883955
7792,-0.08423824843573531,0.5316157850264789,0.35157646255091085
3286,-0.3573287775624594,-0.9658989396810007,-0.13141756361883955
2367,-0.5559400714728041,0.3402041284849213,0.35157646255091085
9394,-0.5807664832115972,-0.35788544243134734,0.8345704887206613
11792,-0.9283362475547006,-0.39166397005632814,1.3175645148904118
440,-1.0276418945098729,-0.7519682647227893,1.3175645148904118
12927,-0.28284954234608,0.5203562758181519,0.8345704887206613
12336,-0.3821551893012525,-0.48174004372294343,0.8345704887206613
7628,-0.6552457184279764,-0.9433799212643469,-0.13141756361883955
4692,-0.5311136597340109,-0.8082658107644239,0.35157646255091085
13736,-0.20837030712970078,0.4190206929432097,0.35157646255091085
12360,0.18885228069098867,-0.5605566081812319,-1.0974056159583405
10075,0.26333151590736814,0.8468820428596324,-0.13141756361883955
1224,0.9336446328547815,1.2860029019843822,0.8345704887206613
8743,0.4122899863401266,-0.797006301556097,-0.13141756361883955
2592,0.18885228069098867,-0.5943351358062126,-0.13141756361883955
3247,-1.0524683062486662,-1.1235320685975776,0.8345704887206613
2812,-0.7048985419055627,-0.35788544243134734,0.8345704887206613
7632,-1.0276418945098729,-1.1122725593892506,0.8345704887206613
8147,-0.03458542495814907,0.44153971135986353,1.3175645148904118
12914,-0.6055928949503904,0.14879247194336379,0.8345704887206613
2691,1.9515275141452983,1.9615734544839971,-0.13141756361883955
4132,1.554304926324609,1.4774145585259397,-1.5803996421280908
12907,1.6039577498021953,1.6350476874425166,-2.5463876944675916
8515,1.256387985459092,1.3085219204010359,0.35157646255091085
2249,-0.9779890710322867,-0.8870823752227124,-0.61441158978859
2552,-0.28284954234608,-0.9546394304726739,0.35157646255091085
14424,2.4232293371823674,-0.8870823752227124,-2.5463876944675916
10792,0.5115956332952991,1.1171102638594783,-0.13141756361883955
13797,0.6853805154668505,-0.04261918459819377,-1.5803996421280908
11293,-0.4318080127788386,-0.9546394304726739,0.8345704887206613
3649,-0.45663442451763175,-0.9884179580976545,0.35157646255091085
380,-0.45663442451763175,-0.93212041205602,-0.61441158978859
10115,0.7350333389444368,0.5090967666098251,-1.5803996421280908
7231,0.8839918093771955,-0.11017623984815525,-0.61441158978859
12770,-0.8042041888607351,-1.0897535409725967,0.35157646255091085
6741,0.16402586895219565,0.9707366441512285,0.35157646255091085
9659,-0.13389107191332153,0.7230274415680364,0.35157646255091085
1360,0.18885228069098867,0.05871639827674846,-0.61441158978859
3196,-0.08423824843573531,-0.2227713319314244,0.35157646255091085
2037,0.2385051041685749,0.8468820428596324,0.8345704887206613
486,0.561248456772885,0.9707366441512285,-0.13141756361883955
10166,0.983297456332368,-0.3015878963897128,-2.5463876944675916
7793,-1.077294717987459,-0.5267780805562511,1.3175645148904118
783,-1.077294717987459,-1.0221964857226353,1.3175645148904118
8351,-1.077294717987459,-1.1235320685975776,0.8345704887206613
6234,-0.8042041888607351,-0.9884179580976545,0.35157646255091085
10333,0.5115956332952991,0.7455464599846903,-0.61441158978859
11773,0.5115956332952991,0.4077611837348828,-0.13141756361883955
3238,-1.0276418945098729,-1.07849403176427,-0.13141756361883955
11231,1.057776691548747,0.28390658244328676,-1.0974056159583405
6027,-0.506287247995218,0.37398265610990206,0.8345704887206613
14825,-0.9531626592934936,-0.26780936876473205,0.35157646255091085
13412,-1.0028154827710798,-0.7069302278894817,0.8345704887206613
15302,-0.3821551893012525,-0.8307848291810778,0.8345704887206613
10530,-0.9779890710322867,-0.9771584488893277,-0.61441158978859
12011,-1.077294717987459,-1.1460510870142313,0.0
8395,0.26333151590736814,-0.8420443383894047,-1.0974056159583405
13621,1.256387985459092,1.1959268283177669,-1.5803996421280908
1915,0.2881579276461611,0.35146363769324823,-0.61441158978859
9300,-0.5559400714728041,0.3402041284849213,0.35157646255091085
5931,1.7032633967573674,1.03829369940119,-1.0974056159583405
11056,-0.8786834240771144,-0.3804044608480012,0.8345704887206613
109,-0.48146083625642483,0.08123541669340228,0.8345704887206613
13105,-0.23319671886849389,-0.8082658107644239,-0.13141756361883955
3464,-0.6552457184279764,0.23886854560997908,0.8345704887206613
2138,-0.6552457184279764,-0.8758228660143854,0.8345704887206613
11336,-1.077294717987459,-1.1798296146392122,1.3175645148904118
5803,-1.077294717987459,-1.1573105962225583,0.35157646255091085
742,-1.0028154827710798,-1.1235320685975776,-0.13141756361883955
15028,-0.6800721301667696,-0.5492970989729049,0.8345704887206613
11798,0.6357276919892645,0.8806605704846132,-1.0974056159583405
6425,2.299097278488402,2.0178710005256315,-2.063393668297841
7506,0.38746357460133357,1.027034190192863,0.35157646255091085
14394,-1.077294717987459,-0.41418298847298196,0.8345704887206613
14184,-0.7048985419055627,-0.8420443383894047,-0.13141756361883955
4480,0.3129843393849541,0.4865777481931712,-0.13141756361883955
3442,0.08954663373581641,0.8919200796929401,0.35157646255091085
6286,-0.0594118366969423,-0.03135967538986686,0.8345704887206613
4521,-0.8538570123383212,-0.07639771222317451,0.8345704887206613
2847,-0.8786834240771144,-0.8195253199727509,1.3175645148904118
7359,-1.0524683062486662,-0.9658989396810007,0.8345704887206613
14829,0.26333151590736814,0.7905844968179979,-0.13141756361883955
12835,0.7350333389444368,-0.2115118227230975,-1.5803996421280908
9353,0.8839918093771955,1.1508887914844592,0.35157646255091085
15340,-0.7545513653831489,-0.9546394304726739,0.8345704887206613
10471,-0.23319671886849389,0.0924949259017292,0.35157646255091085
7015,-1.0028154827710798,-0.7181897370978086,0.8345704887206613
7672,-1.077294717987459,-1.191089123847539,1.3175645148904118
5414,-0.8786834240771144,-0.8983418844310392,0.8345704887206613
13798,0.4867692215565058,-0.13269525826480907,-1.0974056159583405
13240,-0.8538570123383212,-0.4254424976813089,0.8345704887206613
1834,-0.6552457184279764,-1.0109369765143084,-0.61441158978859
9707,-0.5559400714728041,0.21634952719332526,0.35157646255091085
9815,-0.6552457184279764,-0.9208609028476931,-0.13141756361883955
12876,-0.7545513653831489,-0.3241069148063666,-0.61441158978859
7457,-0.6055928949503904,0.26138756402663293,0.8345704887206613
7360,-1.077294717987459,-0.9996774673059815,0.8345704887206613
10170,0.2881579276461611,-0.538037589764578,-2.063393668297841
4801,-1.077294717987459,-1.0109369765143084,1.3175645148904118
7065,-0.10906466017452843,0.5428752942348057,0.8345704887206613
7775,-1.077294717987459,-0.6281136634311933,1.3175645148904118
5950,-1.077294717987459,-0.6168541542228664,1.3175645148904118
11399,-0.3573287775624594,-0.2115118227230975,0.35157646255091085
3003,-1.077294717987459,-0.797006301556097,1.3175645148904118
23,0.11437304547460941,-0.7294492463061355,-1.0974056159583405
7682,-1.077294717987459,-1.1798296146392122,0.8345704887206613
3524,0.6853805154668505,0.8243630244429786,-0.13141756361883955
11213,-0.9531626592934936,-0.5830756265978857,-0.13141756361883955
5389,0.5364220450340921,0.03619737986009463,-0.13141756361883955
6000,-0.9531626592934936,-0.1552142766814629,0.8345704887206613
9228,0.26333151590736814,0.46405872977651735,-0.13141756361883955
1309,-0.08423824843573531,0.5879133310681134,0.35157646255091085
14748,-1.0028154827710798,-0.27906887797305896,0.35157646255091085
12975,-1.077294717987459,-0.4479615160979627,-0.13141756361883955
3475,0.8839918093771955,1.443636030900959,-0.13141756361883955
789,-0.5807664832115972,-0.6281136634311933,0.8345704887206613
14648,-1.077294717987459,-1.0897535409725967,0.8345704887206613
12184,1.2812143971978849,1.5337121045675743,-0.61441158978859
7348,1.08260310328754,-0.2340308411397513,-1.0974056159583405
3284,-1.077294717987459,-1.202348633055866,1.3175645148904118
8621,-0.4318080127788386,0.250128054818306,0.35157646255091085
2514,-0.8290306005995282,-1.0109369765143084,0.35157646255091085
6442,2.1253123963168505,1.6575667058591705,-1.0974056159583405
4385,-0.8786834240771144,-1.1010130501809237,-0.13141756361883955
12716,-0.5807664832115972,-0.7294492463061355,0.35157646255091085
4905,-0.258023130607287,0.6104323494847672,0.8345704887206613
8936,2.7459726897866776,2.5808464609419772,-2.063393668297841
7443,0.9584710445935745,1.3985979940676512,-0.13141756361883955
14655,1.008123868071161,-0.2227713319314244,-2.5463876944675916
5715,-0.23319671886849389,0.250128054818306,0.35157646255091085
9132,-1.077294717987459,-1.191089123847539,0.35157646255091085
3688,-0.6552457184279764,-0.8645633568060586,0.35157646255091085
1395,0.5115956332952991,-0.35788544243134734,-1.5803996421280908
9002,-1.0524683062486662,-0.5718161173895587,0.8345704887206613
5863,-0.9283362475547006,-1.067234522555943,0.35157646255091085
5006,-0.0594118366969423,0.013678361443440803,-0.61441158978859
5714,0.983297456332368,1.027034190192863,-0.13141756361883955
15258,-0.3573287775624594,-0.36914495163967426,-0.61441158978859
7689,-1.077294717987459,-1.1573105962225583,0.35157646255091085
14520,0.21367869242978188,-0.09891673063982834,-0.61441158978859
5257,0.75985975068323,1.2972624111927091,0.8345704887206613
5905,1.306040808936678,0.29516609165161367,-1.0974056159583405
13508,-1.077294717987459,-1.202348633055866,1.3175645148904118
12090,0.08954663373581641,-0.5943351358062126,-0.13141756361883955
14198,-1.077294717987459,-1.1347915778059046,1.3175645148904118
5701,-1.077294717987459,-0.5718161173895587,1.3175645148904118
11119,1.6784369850185743,1.972832963692324,-1.0974056159583405
11784,1.5294785145858159,1.1396292822761322,-2.063393668297841
12690,0.03989381025823017,-0.12143574905648218,0.35157646255091085
12909,0.6357276919892645,1.060812717817844,-0.13141756361883955
6165,0.8591653976384023,-0.5492970989729049,-2.063393668297841
14629,0.33781075112374737,-0.7069302278894817,-1.5803996421280908
3301,-1.077294717987459,-1.1685701054308852,-0.61441158978859
13960,-0.30767595408487314,-0.13269525826480907,0.35157646255091085
15059,2.249444455010816,1.3535599572343435,-2.5463876944675916
11067,1.4301728676306433,1.3197814296093628,-1.5803996421280908
5406,-0.03458542495814907,-0.4479615160979627,-0.13141756361883955
12467,0.809512574160816,-0.2340308411397513,-2.5463876944675916
712,-1.077294717987459,-1.202348633055866,0.8345704887206613
4279,0.561248456772885,0.29516609165161367,-0.13141756361883955
7559,0.015067398519437164,0.11501394431838304,0.8345704887206613
11032,1.231561573720299,0.5428752942348057,-2.5463876944675916
9682,-0.23319671886849389,0.6216918586930942,0.35157646255091085
10665,-0.9283362475547006,-0.661892191056174,1.3175645148904118
1822,-0.5807664832115972,-1.0221964857226353,0.8345704887206613
9630,-0.7048985419055627,0.06997590748507537,0.8345704887206613
5411,-0.8290306005995282,-0.8420443383894047,0.8345704887206613
11050,-0.03458542495814907,0.20509001798499835,-0.13141756361883955
14308,-0.7297249536443557,-0.6055946450145395,0.35157646255091085
7872,2.497708572398747,2.288099221525478,-2.063393668297841
13447,0.2881579276461611,-0.41418298847298196,-0.13141756361883955
10606,-1.077294717987459,-1.1685701054308852,1.3175645148904118
6847,-1.0276418945098729,-0.8082658107644239,0.8345704887206613
1977,2.1749652197944367,2.220542166275516,-2.063393668297841
12193,-1.077294717987459,-0.4479615160979627,1.3175645148904118
12476,-0.258023130607287,-0.49299955293127035,0.35157646255091085
3264,-0.33250236582366627,-0.9546394304726739,0.35157646255091085
10631,1.08260310328754,-0.29032838718138587,-2.5463876944675916
4834,-0.9035098358159074,-0.5155185713479241,0.8345704887206613
5061,-1.077294717987459,-1.1235320685975776,0.8345704887206613
252,-0.10906466017452843,0.06997590748507537,0.8345704887206613
8729,-1.0276418945098729,-1.1235320685975776,0.8345704887206613
2098,0.8591653976384023,0.22760903640165217,-0.61441158978859
5996,0.3626371628625404,1.0833317362344976,0.8345704887206613
13189,-1.077294717987459,-1.07849403176427,1.3175645148904118
3671,-1.077294717987459,-1.1573105962225583,-1.5803996421280908
11052,-0.0594118366969423,0.21634952719332526,-0.13141756361883955
13897,0.4371163980789196,-0.7069302278894817,-1.5803996421280908
7971,-1.077294717987459,-1.067234522555943,0.8345704887206613
11108,2.199791631533229,2.231801675483843,-2.063393668297841
4416,-0.9779890710322867,-1.0334559949309623,-0.61441158978859
14465,-1.0276418945098729,-0.4254424976813089,0.8345704887206613
14872,1.6039577498021953,0.7230274415680364,-2.5463876944675916
9265,1.3805200441530574,1.6237881782341896,-0.13141756361883955
8847,1.554304926324609,0.8356225336513056,-2.5463876944675916
9180,0.6605541037280576,-0.25654985955640514,-0.61441158978859
11841,2.5721878076151254,2.4457323504420545,-2.5463876944675916
12656,0.7102069272056438,0.8356225336513056,-1.0974056159583405
2934,-0.9779890710322867,-1.1122725593892506,-0.13141756361883955
9401,-0.9035098358159074,-0.673151700264501,0.8345704887206613
7181,-0.258023130607287,0.1713114903600176,0.35157646255091085
6826,1.8273954554513328,1.049553208609517,-1.5803996421280908
10467,1.3805200441530574,1.1508887914844592,-0.61441158978859
6870,0.809512574160816,-0.20025231351477057,-0.61441158978859
15242,-0.9283362475547006,-0.36914495163967426,-0.13141756361883955
15269,-0.9035098358159074,-0.5830756265978857,0.8345704887206613
8544,0.33781075112374737,1.0045151717762093,0.8345704887206613
9661,0.6109012802504713,1.2860029019843822,-0.61441158978859
13436,-0.6552457184279764,-0.661892191056174,0.8345704887206613
7407,0.784686162422023,0.8468820428596324,-0.61441158978859
56,-0.03458542495814907,-0.41418298847298196,0.0
3412,1.6287841615409884,1.6688262150674973,-1.0974056159583405
5857,-1.0028154827710798,-1.1235320685975776,0.8345704887206613
2855,0.75985975068323,-0.26780936876473205,-1.0974056159583405
6507,-0.0594118366969423,-0.5267780805562511,-0.13141756361883955
2986,-1.077294717987459,-0.9096013936393662,1.3175645148904118
4572,1.330867220675471,1.725123761109132,0.35157646255091085
6290,-1.077294717987459,-0.797006301556097,1.3175645148904118
9431,-1.077294717987459,-1.055975013347616,0.35157646255091085
12334,-1.077294717987459,-0.9546394304726739,1.3175645148904118
6486,0.9336446328547815,0.1600519811516907,-1.0974056159583405
14805,0.4371163980789196,1.1058507546511516,-0.61441158978859
10872,-1.0276418945098729,-0.8645633568060586,0.35157646255091085
12062,-0.9035098358159074,-1.0897535409725967,0.8345704887206613
4722,0.21367869242978188,-0.8307848291810778,-1.5803996421280908
14099,-1.0028154827710798,-0.36914495163967426,1.3175645148904118
7767,1.6287841615409884,1.2071863375260936,-1.5803996421280908
4472,-0.28284954234608,0.0024188522351138884,0.35157646255091085
8985,1.9763539258840919,1.8039403255674202,-2.5463876944675916
12022,-0.9035098358159074,-1.0897535409725967,0.8345704887206613
2188,-1.0028154827710798,-1.1573105962225583,0.0
14594,-0.7297249536443557,-1.067234522555943,-1.0974056159583405
4049,-0.6800721301667696,-0.9096013936393662,0.35157646255091085
13194,-0.5559400714728041,-0.7519682647227893,-0.61441158978859
14245,-1.0276418945098729,-1.1573105962225583,0.35157646255091085
10952,0.3626371628625404,-0.8195253199727509,-1.0974056159583405
7733,1.1819087502427124,0.29516609165161367,-1.0974056159583405
3544,-1.0524683062486662,-0.7294492463061355,0.8345704887206613
12648,-0.03458542495814907,0.47531823898484427,-1.5803996421280908
519,1.7777426319737468,2.006611491317305,0.35157646255091085
8048,0.75985975068323,-0.673151700264501,-2.063393668297841
4508,-0.8538570123383212,-0.14395476747313599,0.35157646255091085
10663,-0.08423824843573531,-0.13269525826480907,-0.13141756361883955
6956,-0.5311136597340109,-0.9433799212643469,0.8345704887206613
5263,-0.13389107191332153,0.6667298955264018,0.35157646255091085
14887,-1.077294717987459,-0.93212041205602,1.3175645148904118
11141,0.08954663373581641,0.8919200796929401,0.35157646255091085
227,0.46194280981771285,0.8243630244429786,-0.13141756361883955
14646,-0.9035098358159074,-0.9771584488893277,0.8345704887206613
10879,-1.0028154827710798,-0.8870823752227124,0.8345704887206613
665,-1.0276418945098729,-0.9996774673059815,0.8345704887206613
12555,-0.9035098358159074,-0.14395476747313599,0.35157646255091085
13521,-0.5559400714728041,-0.9884179580976545,-0.61441158978859
12037,-0.5311136597340109,-1.0109369765143084,0.8345704887206613
14334,-0.8042041888607351,-0.39166397005632814,1.3175645148904118
10597,0.015067398519437164,-0.8645633568060586,-1.0974056159583405
10359,-0.9035098358159074,-0.16647378588978984,0.8345704887206613
1699,1.4053464558918505,1.1959268283177669,-1.5803996421280908
15250,-0.5559400714728041,-0.27906887797305896,1.3175645148904118
13315,0.5364220450340921,1.2409648651510745,-1.0974056159583405
1877,-0.5311136597340109,-0.673151700264501,0.35157646255091085
8840,1.5046521028470228,0.6667298955264018,-1.5803996421280908
513,0.6605541037280576,1.2634838835677282,-0.61441158978859
14755,-0.6552457184279764,0.18257099956834452,0.8345704887206613
5970,2.050833161100471,1.9277949268590164,-1.0974056159583405
11347,-1.0524683062486662,-1.1235320685975776,0.8345704887206613
9838,-1.0028154827710798,-1.1460510870142313,-0.13141756361883955
8819,-0.5807664832115972,-0.6844112094728279,0.35157646255091085
14161,-0.8538570123383212,-0.7294492463061355,0.8345704887206613
9627,0.8839918093771955,1.2747433927760552,-0.61441158978859
14103,-0.009759013219356063,0.5541348034431327,0.8345704887206613
8756,-0.9779890710322867,-1.1460510870142313,0.8345704887206613
13190,-1.077294717987459,-1.07849403176427,1.3175645148904118
13010,-0.3821551893012525,0.23886854560997908,0.35157646255091085
8628,1.9267011024065053,1.6575667058591705,-0.61441158978859
2916,-0.506287247995218,-1.0109369765143084,-0.13141756361883955
6018,-0.9779890710322867,-0.17773329509811675,0.8345704887206613
480,-0.8786834240771144,-0.24529035034807822,1.3175645148904118
6685,1.7529162202349537,1.5224525953592474,-1.0974056159583405
8779,-1.077294717987459,-1.1798296146392122,1.3175645148904118
2577,-0.18354389539090765,-0.8307848291810778,-0.13141756361883955
6081,0.561248456772885,0.7568059691930171,0.35157646255091085
13910,-1.077294717987459,-1.1235320685975776,1.3175645148904118
12687,-0.23319671886849389,-0.2115118227230975,0.8345704887206613
11644,-0.48146083625642483,-0.8758228660143854,0.8345704887206613
14534,-1.077294717987459,-0.9996774673059815,1.3175645148904118
5272,2.497708572398747,-1.600072495240129e-16,-1.5803996421280908
11455,0.5364220450340921,1.060812717817844,-0.61441158978859
12174,0.2385051041685749,0.7568059691930171,0.35157646255091085
1596,0.5860748685116783,1.1283697730678053,-0.13141756361883955
11937,-0.7545513653831489,-0.34662593322302043,0.35157646255091085
3896,1.4053464558918505,1.0157746809845363,-0.61441158978859
10802,0.5860748685116783,1.0945912454428246,-0.61441158978859
1349,-0.9283362475547006,-0.538037589764578,0.35157646255091085
6084,-1.0524683062486662,-0.6055946450145395,0.8345704887206613
7515,2.0260067493616774,1.9503139452756701,0.35157646255091085
3777,1.728089808496161,1.713864251900805,-1.0974056159583405
11952,-0.08423824843573531,-0.07639771222317451,-0.13141756361883955
11595,0.26333151590736814,-0.03135967538986686,-1.0974056159583405
9217,-1.077294717987459,-0.7632277739311163,1.3175645148904118
4050,0.4867692215565058,-0.538037589764578,-1.0974056159583405
12565,2.100485984578057,2.1529851110255547,-1.5803996421280908
11673,-0.7297249536443557,-1.067234522555943,-0.61441158978859
5702,-0.5311136597340109,0.13753296273503687,0.8345704887206613
10020,1.08260310328754,1.590009650609209,-0.61441158978859
12509,-0.13389107191332153,0.11501394431838304,-0.13141756361883955
2762,-0.28284954234608,0.4865777481931712,0.8345704887206613
15078,1.6536105732797814,1.3760789756509975,-1.0974056159583405
6692,0.26333151590736814,0.7230274415680364,0.8345704887206613
3685,-0.9531626592934936,-1.0221964857226353,-0.13141756361883955
5062,-0.23319671886849389,-0.7519682647227893,-0.13141756361883955
3602,-0.9779890710322867,-1.044715504139289,0.35157646255091085
7895,-0.8538570123383212,-0.2115118227230975,0.8345704887206613
9616,-0.23319671886849389,0.37398265610990206,0.8345704887206613
10670,0.015067398519437164,0.024937870651767717,-0.61441158978859
1446,-0.258023130607287,-0.9546394304726739,-0.61441158978859
6466,1.5791313380634018,0.8131035152346517,-1.0974056159583405
1020,-1.077294717987459,-0.9996774673059815,1.3175645148904118
705,0.26333151590736814,-0.8195253199727509,-1.5803996421280908
8513,1.8770482789289193,1.6237881782341896,-0.13141756361883955
1866,-0.7297249536443557,-0.8645633568060586,-0.13141756361883955
7696,0.9336446328547815,-0.5042590621395973,-2.5463876944675916
6842,-0.5559400714728041,-0.39166397005632814,0.35157646255091085
6803,-0.6800721301667696,-0.04261918459819377,0.35157646255091085
11994,-1.077294717987459,-1.0897535409725967,1.3175645148904118
2574,-1.077294717987459,-1.1685701054308852,1.3175645148904118
12382,-0.20837030712970078,-0.8533038475977316,0.35157646255091085
2956,-1.077294717987459,-1.1122725593892506,1.3175645148904118
7834,0.3626371628625404,1.1171102638594783,0.8345704887206613
3742,1.1819087502427124,0.8356225336513056,-2.063393668297841
3914,1.1570823385039195,0.5541348034431327,-0.13141756361883955
9054,1.256387985459092,0.05871639827674846,-2.063393668297841
11167,-0.9283362475547006,-0.20025231351477057,1.3175645148904118
1419,-0.3573287775624594,-0.8533038475977316,-0.61441158978859
1103,-1.077294717987459,-1.191089123847539,1.3175645148904118
8059,0.75985975068323,-0.5718161173895587,-0.61441158978859
14891,-0.03458542495814907,-0.3015878963897128,0.35157646255091085
8200,1.306040808936678,1.7476427795257858,0.35157646255091085
10598,-0.15871748365211455,-0.8983418844310392,-1.5803996421280908
1558,0.8591653976384023,0.8131035152346517,0.35157646255091085
6734,0.809512574160816,1.421117012484305,0.35157646255091085
7425,0.983297456332368,1.2297053559427475,-0.61441158978859
7173,0.784686162422023,0.9369581165262478,-0.13141756361883955
14482,-1.077294717987459,-0.661892191056174,1.3175645148904118
3523,-0.4069816010400455,0.11501394431838304,0.35157646255091085
4542,1.6287841615409884,1.9390544360673434,-0.13141756361883955
34,-1.0524683062486662,-1.07849403176427,1.3175645148904118
3400,1.3805200441530574,1.3648194664426705,-1.0974056159583405
14854,0.6853805154668505,0.632951367901421,-0.61441158978859
14678,0.4122899863401266,0.06997590748507537,0.35157646255091085
12789,-0.7793777771219419,-1.055975013347616,-0.13141756361883955
10871,-0.5807664832115972,-0.538037589764578,0.35157646255091085
10880,-1.077294717987459,-0.9996774673059815,0.8345704887206613
2652,-0.7793777771219419,-0.3128474055980397,0.35157646255091085
5328,0.8343389858996093,1.2184458467344206,-0.13141756361883955
6189,-1.077294717987459,-1.202348633055866,1.3175645148904118
10351,0.06472022199702318,0.655470386318075,-0.13141756361883955
12431,-0.8042041888607351,-1.044715504139289,0.35157646255091085
12482,1.330867220675471,0.35146363769324823,-2.5463876944675916
12538,1.4301728676306433,1.4774145585259397,-1.5803996421280908
12044,-1.077294717987459,-1.202348633055866,0.8345704887206613
292,-0.9283362475547006,-0.8758228660143854,0.8345704887206613
2836,0.6853805154668505,0.024937870651767717,-0.61441158978859
11200,0.16402586895219565,0.44153971135986353,0.35157646255091085
11173,-1.077294717987459,-0.538037589764578,1.3175645148904118
11819,0.8591653976384023,1.2747433927760552,-0.61441158978859
2870,-0.506287247995218,-0.8307848291810778,0.8345704887206613
11368,-1.077294717987459,-1.055975013347616,0.8345704887206613
14940,-0.7793777771219419,-1.0221964857226353,1.3175645148904118
7534,0.46194280981771285,0.8018440060263248,-0.13141756361883955
10780,-0.7545513653831489,0.10375443511005612,0.8345704887206613
7472,1.1570823385039195,1.6575667058591705,0.35157646255091085
7919,0.11437304547460941,0.250128054818306,0.35157646255091085
1535,-1.077294717987459,-0.8420443383894047,0.35157646255091085
1318,0.6605541037280576,1.0157746809845363,-0.61441158978859
2730,-1.077294717987459,-0.4254424976813089,1.3175645148904118
13891,-1.077294717987459,-1.1798296146392122,1.3175645148904118
6592,-1.0524683062486662,-1.1347915778059046,0.8345704887206613
10363,-0.8290306005995282,-0.05387869380652068,0.35157646255091085
13517,-0.28284954234608,-0.93212041205602,-0.61441158978859
4879,0.9088182211159885,1.2972624111927091,0.35157646255091085
10664,-1.0524683062486662,-0.8082658107644239,0.35157646255091085
13034,1.80256904371254,1.060812717817844,-2.5463876944675916
11672,-1.077294717987459,-1.202348633055866,0.8345704887206613
14004,1.057776691548747,1.3197814296093628,-0.13141756361883955
2228,-0.9779890710322867,-1.0109369765143084,0.8345704887206613
2641,0.5860748685116783,0.4302802021515366,-0.61441158978859
4418,-0.9779890710322867,-1.0221964857226353,0.8345704887206613
9387,0.3129843393849541,0.250128054818306,0.35157646255091085
12814,-1.077294717987459,-1.1235320685975776,1.3175645148904118
6491,0.08954663373581641,-0.25654985955640514,0.8345704887206613
10226,-1.077294717987459,-1.191089123847539,0.35157646255091085
7195,0.8343389858996093,0.5203562758181519,0.35157646255091085
356,-1.077294717987459,-1.202348633055866,1.3175645148904118
8324,-0.20837030712970078,-0.4592210253062896,0.8345704887206613
12780,0.03989381025823017,-0.8870823752227124,-1.5803996421280908
13210,0.33781075112374737,-0.08765722143150143,-1.5803996421280908
13618,0.2385051041685749,0.5428752942348057,0.35157646255091085
4584,-0.20837030712970078,0.5766538218597865,0.35157646255091085
837,2.1253123963168505,1.6350476874425166,-2.5463876944675916
266,0.8839918093771955,0.3402041284849213,-0.13141756361883955
15137,-0.9531626592934936,-0.12143574905648218,0.8345704887206613
2006,1.008123868071161,1.5449716137759013,-0.13141756361883955
6346,-1.0524683062486662,-0.3804044608480012,1.3175645148904118
11091,-1.0276418945098729,-0.34662593322302043,1.3175645148904118
2362,1.057776691548747,1.590009650609209,0.35157646255091085
13722,-0.4318080127788386,0.3402041284849213,1.3175645148904118
12619,-0.3573287775624594,0.45279922056819044,-0.13141756361883955
12616,0.983297456332368,1.454895540109286,-2.063393668297841
11183,-0.4069816010400455,0.22760903640165217,-0.13141756361883955
9717,2.100485984578057,1.8602378716090548,-0.13141756361883955
7614,0.6109012802504713,-0.4592210253062896,-0.61441158978859
826,-0.3821551893012525,0.0024188522351138884,0.8345704887206613
9982,-0.13389107191332153,0.47531823898484427,0.35157646255091085
4253,0.7350333389444368,0.8806605704846132,-1.0974056159583405
6345,-0.7793777771219419,0.0024188522351138884,0.35157646255091085
13666,-1.077294717987459,-0.4479615160979627,1.3175645148904118
8481,-0.8786834240771144,-0.5492970989729049,0.8345704887206613
1441,-1.077294717987459,-1.202348633055866,1.3175645148904118
3066,-0.8538570123383212,-0.04261918459819377,0.35157646255091085
9868,-1.077294717987459,-1.191089123847539,0.8345704887206613
2748,-0.18354389539090765,0.644210877109748,0.8345704887206613
11341,-1.0524683062486662,-1.1347915778059046,1.3175645148904118
9244,2.199791631533229,1.8039403255674202,-0.61441158978859
3061,1.4053464558918505,1.6800857242758243,-0.13141756361883955
889,-0.009759013219356063,0.8131035152346517,0.8345704887206613
13799,-0.258023130607287,-0.4479615160979627,0.8345704887206613
12845,-0.4318080127788386,-0.4479615160979627,-0.61441158978859
6880,-0.3573287775624594,-0.7069302278894817,-0.61441158978859
1963,-1.0524683062486662,-0.3804044608480012,0.8345704887206613
3125,-1.077294717987459,-0.49299955293127035,1.3175645148904118
6174,-0.48146083625642483,-0.93212041205602,0.35157646255091085
9219,-0.7793777771219419,-0.3804044608480012,0.35157646255091085
1127,-1.077294717987459,-1.1235320685975776,1.3175645148904118
9384,-0.8042041888607351,-0.4254424976813089,0.35157646255091085
12066,0.4867692215565058,-0.7181897370978086,-2.063393668297841
6690,-1.077294717987459,-0.5718161173895587,1.3175645148904118
9952,0.561248456772885,0.5203562758181519,-0.13141756361883955
12889,2.1253123963168505,1.6237881782341896,-2.5463876944675916
13755,0.4867692215565058,0.644210877109748,-0.61441158978859
6501,0.38746357460133357,-0.29032838718138587,-0.61441158978859
1543,-0.7793777771219419,-0.4479615160979627,0.35157646255091085
3263,0.4371163980789196,-0.797006301556097,-1.0974056159583405
14528,-0.6552457184279764,-0.6281136634311933,0.8345704887206613
10003,-1.0028154827710798,-0.26780936876473205,1.3175645148904118
2268,1.4549992793694364,0.6892489139430557,-1.5803996421280908
3770,2.100485984578057,1.8151998347757472,-1.0974056159583405
14492,0.4371163980789196,0.45279922056819044,0.35157646255091085
8209,1.6536105732797814,1.9615734544839971,-0.61441158978859
132,2.150138808055643,2.0516495281506124,-0.61441158978859
9573,0.9584710445935745,0.46405872977651735,-0.61441158978859
15335,-0.5559400714728041,-0.9096013936393662,0.0
603,1.330867220675471,1.162148300692786,-0.13141756361883955
6730,0.03989381025823017,0.8468820428596324,0.8345704887206613
843,1.5791313380634018,1.454895540109286,-0.13141756361883955
393,-0.9779890710322867,-1.055975013347616,1.3175645148904118
14046,1.3805200441530574,1.7926808163590935,-1.5803996421280908
9176,-1.0524683062486662,-1.0221964857226353,0.8345704887206613
11076,2.001180337622885,1.7814213071507665,-2.063393668297841
4989,0.6357276919892645,0.7342869507763633,-0.13141756361883955
3928,-0.6055928949503904,-0.5042590621395973,0.35157646255091085
5511,-0.33250236582366627,-0.7744872831394432,-0.61441158978859
7252,0.38746357460133357,-0.5605566081812319,0.35157646255091085
6765,1.1570823385039195,1.601269159817536,-0.61441158978859
13306,2.1749652197944367,2.24306118469217,-2.5463876944675916
13530,-1.077294717987459,-1.1685701054308852,1.3175645148904118
7336,-1.077294717987459,-1.1235320685975776,1.3175645148904118
2277,-0.45663442451763175,-0.16647378588978984,0.35157646255091085
13727,-1.077294717987459,-0.5267780805562511,0.8345704887206613
3234,-1.077294717987459,-1.1122725593892506,1.3175645148904118
12541,2.150138808055643,1.9277949268590164,-2.5463876944675916
3498,0.5115956332952991,1.03829369940119,-0.13141756361883955
6143,0.015067398519437164,-0.5155185713479241,-0.13141756361883955
4613,1.08260310328754,1.162148300692786,-0.61441158978859
14837,-1.077294717987459,-0.6055946450145395,0.35157646255091085
6275,-0.7048985419055627,-0.5605566081812319,0.35157646255091085
401,-1.077294717987459,-1.1010130501809237,0.8345704887206613
7324,-1.077294717987459,-1.1573105962225583,1.3175645148904118
5727,-1.0524683062486662,-0.673151700264501,0.8345704887206613
12217,0.7350333389444368,1.3760789756509975,-0.61441158978859
12442,-1.077294717987459,-1.1460510870142313,1.3175645148904118
10835,-0.8786834240771144,-0.3804044608480012,-0.13141756361883955
11729,-1.0524683062486662,-1.044715504139289,0.8345704887206613
4680,-1.0524683062486662,-1.0109369765143084,1.3175645148904118
5008,0.13919945721340263,0.0924949259017292,0.35157646255091085
7565,-0.20837030712970078,-0.08765722143150143,0.35157646255091085
3403,0.9336446328547815,1.1396292822761322,-0.13141756361883955
7474,0.46194280981771285,1.18466731910944,-0.13141756361883955
3883,2.050833161100471,1.6688262150674973,-0.61441158978859
6611,-1.077294717987459,-1.1010130501809237,1.3175645148904118
9642,0.4122899863401266,1.0720722270261707,0.8345704887206613
8777,0.4122899863401266,-0.7519682647227893,-0.61441158978859
9691,2.497708572398747,2.355656276775439,-1.0974056159583405
1573,0.26333151590736814,0.6667298955264018,-0.13141756361883955
14282,0.06472022199702318,-0.6055946450145395,0.35157646255091085
9544,-1.077294717987459,-1.044715504139289,1.3175645148904118
2423,-0.7048985419055627,-0.09891673063982834,0.35157646255091085
8963,-1.0524683062486662,-0.36914495163967426,0.8345704887206613
5264,0.7102069272056438,1.3085219204010359,0.35157646255091085
15075,2.001180337622885,1.6350476874425166,-0.61441158978859
3548,-0.08423824843573531,-0.03135967538986686,-0.13141756361883955
8116,-0.6800721301667696,-0.3804044608480012,0.8345704887206613
8066,-1.077294717987459,-1.1235320685975776,0.8345704887206613
9459,-1.077294717987459,-1.1685701054308852,1.3175645148904118
13601,0.18885228069098867,0.26138756402663293,0.8345704887206613
8099,1.008123868071161,0.22760903640165217,-1.0974056159583405
11661,-0.13389107191332153,-0.8983418844310392,-2.063393668297841
6104,-0.7297249536443557,-0.4367020068896358,0.35157646255091085
13277,0.33781075112374737,0.8919200796929401,-0.61441158978859
5501,-0.33250236582366627,-0.8533038475977316,0.35157646255091085
7784,0.38746357460133357,0.7680654784013441,0.35157646255091085
809,0.21367869242978188,0.13753296273503687,0.35157646255091085
14770,-1.077294717987459,-0.4367020068896358,1.3175645148904118
9964,-0.5311136597340109,-0.03135967538986686,0.8345704887206613
2650,-0.13389107191332153,0.14879247194336379,0.35157646255091085
6922,0.561248456772885,-0.7857467923477701,-0.61441158978859
15201,-0.23319671886849389,0.37398265610990206,1.3175645148904118
11946,0.2881579276461611,0.20509001798499835,-0.13141756361883955
3190,1.008123868071161,0.36272314690157514,-1.5803996421280908
3620,-1.077294717987459,-1.1798296146392122,0.8345704887206613
1702,0.26333151590736814,0.5090967666098251,-1.0974056159583405
8834,-0.8786834240771144,-0.661892191056174,-0.13141756361883955
9293,1.6039577498021953,1.9277949268590164,-0.13141756361883955
3650,-1.077294717987459,-1.202348633055866,1.3175645148904118
6749,0.4867692215565058,1.2071863375260936,0.8345704887206613
8025,-1.077294717987459,-1.202348633055866,0.8345704887206613
14733,1.2812143971978849,1.443636030900959,-0.61441158978859
9737,2.0756595728392635,1.4886740677342667,-2.063393668297841
12954,0.784686162422023,1.4098575032759781,-0.61441158978859
11927,-0.10906466017452843,0.29516609165161367,-0.13141756361883955
3370,-0.23319671886849389,-0.04261918459819377,0.8345704887206613
15327,0.015067398519437164,-0.9096013936393662,1.3175645148904118
7580,0.4122899863401266,-0.008840656973213026,-1.0974056159583405
8550,0.13919945721340263,0.8919200796929401,0.35157646255091085
10415,1.231561573720299,1.6575667058591705,-1.0974056159583405
9512,-0.6055928949503904,-0.9771584488893277,-0.13141756361883955
11398,-0.7545513653831489,-0.49299955293127035,-0.61441158978859
12478,-1.077294717987459,-0.9433799212643469,1.3175645148904118
7276,-1.077294717987459,-1.191089123847539,1.3175645148904118
10436,0.6109012802504713,1.1171102638594783,-0.61441158978859
14536,1.032950279809954,-0.0651382030148476,-2.063393668297841
664,-1.077294717987459,-1.055975013347616,1.3175645148904118
11146,-0.9035098358159074,-0.08765722143150143,1.3175645148904118
10807,-0.9283362475547006,-0.2340308411397513,0.8345704887206613
14485,-0.6552457184279764,-0.13269525826480907,0.8345704887206613
1736,-1.077294717987459,-0.9208609028476931,0.8345704887206613
5259,-1.077294717987459,-0.4254424976813089,1.3175645148904118
8444,-0.9283362475547006,-0.9433799212643469,0.8345704887206613
3347,0.4867692215565058,-0.04261918459819377,-0.13141756361883955
1568,-1.077294717987459,-0.6168541542228664,1.3175645148904118
462,0.5364220450340921,0.6216918586930942,-0.61441158978859
743,0.18885228069098867,-0.7857467923477701,-0.61441158978859
222,0.2881579276461611,0.7680654784013441,0.35157646255091085
10046,1.3805200441530574,1.7701617979424396,-1.0974056159583405
3994,-1.077294717987459,-1.191089123847539,0.8345704887206613
1979,1.1322559267651264,1.601269159817536,0.35157646255091085
13628,-0.3573287775624594,0.23886854560997908,0.8345704887206613
625,0.21367869242978188,0.13753296273503687,-0.13141756361883955
10890,-0.506287247995218,-0.7069302278894817,-0.61441158978859
14810,0.6357276919892645,1.2071863375260936,-0.13141756361883955
7540,-1.077294717987459,-0.6506326818478472,1.3175645148904118
12271,0.08954663373581641,0.6779894047347288,0.8345704887206613
344,-1.077294717987459,-1.202348633055866,0.35157646255091085
5494,0.13919945721340263,-0.7857467923477701,-0.61441158978859
7048,-0.7545513653831489,-0.16647378588978984,1.3175645148904118
9225,0.561248456772885,0.5879133310681134,-0.13141756361883955
1004,-0.7545513653831489,-0.5830756265978857,0.8345704887206613
4449,0.8839918093771955,0.23886854560997908,-0.13141756361883955
2280,-1.077294717987459,-0.7407087555144625,1.3175645148904118
456,-0.506287247995218,-0.13269525826480907,0.8345704887206613
12299,1.4549992793694364,0.9819961533595555,-1.5803996421280908
9422,0.6605541037280576,-0.18899280430644366,-0.61441158978859
4335,-0.506287247995218,-0.8645633568060586,0.35157646255091085
2621,1.231561573720299,0.3402041284849213,-1.5803996421280908
873,-0.7545513653831489,0.05871639827674846,0.35157646255091085
11822,0.015067398519437164,0.7005084231513826,-0.61441158978859
13848,0.38746357460133357,-0.7407087555144625,-2.5463876944675916
8608,0.2881579276461611,0.9144390981095939,0.35157646255091085
6387,-0.6304193066891834,0.26138756402663293,0.8345704887206613
14781,1.3556936324142643,1.7814213071507665,-1.0974056159583405
5114,-0.4318080127788386,-0.9771584488893277,0.8345704887206613
13312,-0.8538570123383212,0.0024188522351138884,0.8345704887206613
5212,-1.077294717987459,-0.673151700264501,1.3175645148904118
10416,0.809512574160816,1.3873384848593244,-0.61441158978859
1760,0.46194280981771285,-0.36914495163967426,-0.13141756361883955
842,-0.7793777771219419,-0.16647378588978984,0.35157646255091085
13486,0.03989381025823017,-0.8533038475977316,-0.13141756361883955
13024,0.11437304547460941,0.4302802021515366,-0.13141756361883955
7254,0.6605541037280576,-0.5155185713479241,-0.13141756361883955
5199,-0.7297249536443557,-0.36914495163967426,-0.13141756361883955
4803,-1.0276418945098729,-0.9433799212643469,-0.13141756361883955
2902,-0.7545513653831489,-1.067234522555943,-0.61441158978859
10224,-1.077294717987459,-1.202348633055866,0.8345704887206613
15191,1.4053464558918505,1.9165354176506895,-1.0974056159583405
14998,-1.077294717987459,-1.2248676514725199,1.3175645148904118
7111,2.050833161100471,2.1980231478588625,-0.61441158978859
6462,-1.0028154827710798,-0.6281136634311933,0.8345704887206613
15022,-1.0276418945098729,-1.0109369765143084,0.8345704887206613
14229,-0.5311136597340109,-1.0109369765143084,-1.0974056159583405
11733,-1.077294717987459,-1.055975013347616,0.8345704887206613
8443,-0.48146083625642483,-0.7407087555144625,0.35157646255091085
3431,1.6039577498021953,1.848978362400728,-0.13141756361883955
14469,-0.506287247995218,0.14879247194336379,0.8345704887206613
9249,-1.077294717987459,-0.5492970989729049,1.3175645148904118
13372,-0.28284954234608,0.3402041284849213,0.35157646255091085
10563,-0.08423824843573531,-0.8870823752227124,-1.5803996421280908
12374,-1.0524683062486662,-1.1122725593892506,1.3175645148904118
13349,-0.9779890710322867,-0.2340308411397513,0.8345704887206613
4725,-0.6304193066891834,-1.0334559949309623,-1.5803996421280908
1469,-0.4069816010400455,-0.9433799212643469,-0.13141756361883955
5130,-1.077294717987459,-1.1685701054308852,0.35157646255091085
8368,-1.077294717987459,-1.1685701054308852,1.3175645148904118
7271,-1.077294717987459,-1.1685701054308852,0.35157646255091085
7854,0.3626371628625404,1.0945912454428246,0.8345704887206613
7034,0.16402586895219565,0.35146363769324823,0.8345704887206613
9340,0.8343389858996093,1.2634838835677282,-0.61441158978859
10311,1.6287841615409884,0.9369581165262478,-2.5463876944675916
10939,-1.077294717987459,-1.202348633055866,1.3175645148904118
368,-0.13389107191332153,-0.8983418844310392,-0.13141756361883955
12863,0.6357276919892645,0.37398265610990206,-0.61441158978859
3593,-0.23319671886849389,-0.673151700264501,-0.61441158978859
1415,-0.9035098358159074,-1.0221964857226353,0.35157646255091085
12707,-0.6304193066891834,-0.661892191056174,-0.13141756361883955
9336,1.7529162202349537,1.848978362400728,-0.13141756361883955
15212,-0.506287247995218,0.644210877109748,0.35157646255091085
12436,-1.077294717987459,-1.1685701054308852,1.3175645148904118
13597,-1.077294717987459,-0.7857467923477701,1.3175645148904118
7089,2.4728821606599536,2.3894348044004197,-1.0974056159583405
7188,-0.30767595408487314,0.0024188522351138884,0.35157646255091085
2825,0.6109012802504713,0.19383050877667143,-0.61441158978859
9534,-0.23319671886849389,-0.6956707186811548,-1.0974056159583405
1721,-0.7793777771219419,-0.4704805345146165,0.35157646255091085
11686,-1.077294717987459,-1.202348633055866,1.3175645148904118
5324,0.2385051041685749,0.8581415520679594,0.35157646255091085
4060,0.9584710445935745,-0.27906887797305896,-1.0974056159583405
14788,2.0756595728392635,-0.8983418844310392,-1.5803996421280908
1824,0.21367869242978188,-0.8420443383894047,-1.0974056159583405
10778,0.18885228069098867,0.9594771349429017,0.35157646255091085
7391,1.330867220675471,0.8468820428596324,-1.0974056159583405
12332,0.8839918093771955,0.10375443511005612,-0.61441158978859
12061,-0.9531626592934936,-1.1122725593892506,0.8345704887206613
9613,1.231561573720299,1.3197814296093628,-0.13141756361883955
3232,-1.077294717987459,-1.1010130501809237,1.3175645148904118
1918,1.1322559267651264,0.8581415520679594,-1.5803996421280908
9722,0.4371163980789196,0.8356225336513056,-0.13141756361883955
1569,-1.0524683062486662,-0.538037589764578,0.8345704887206613
1831,-0.506287247995218,-0.9884179580976545,0.35157646255091085
347,0.015067398519437164,-0.8870823752227124,0.35157646255091085
1242,-0.9283362475547006,-0.13269525826480907,0.8345704887206613
8079,1.1570823385039195,-0.2115118227230975,-1.5803996421280908
7637,-1.077294717987459,-1.1685701054308852,0.8345704887206613
11553,-0.28284954234608,0.27264707323495985,-0.13141756361883955
13656,0.26333151590736814,0.9482176257345747,0.35157646255091085
8830,1.1570823385039195,0.3064256008599406,-0.13141756361883955
7948,0.7350333389444368,0.06997590748507537,-0.61441158978859
6888,0.26333151590736814,-0.6055946450145395,-1.0974056159583405
14301,-0.30767595408487314,-0.5267780805562511,0.35157646255091085
13391,-1.077294717987459,-0.6956707186811548,1.3175645148904118
12227,0.16402586895219565,0.9707366441512285,-0.13141756361883955
12233,-0.4069816010400455,0.47531823898484427,-0.13141756361883955
14111,0.4867692215565058,0.7905844968179979,-0.61441158978859
6742,0.18885228069098867,0.9819961533595555,0.8345704887206613
12717,-0.8042041888607351,-0.8420443383894047,-0.61441158978859
10522,1.1322559267651264,-0.11017623984815525,-2.5463876944675916
12731,-1.0276418945098729,-1.055975013347616,-0.61441158978859
13648,0.7102069272056438,1.1959268283177669,-0.13141756361883955
15220,1.5791313380634018,1.3535599572343435,-0.13141756361883955
13655,-1.0028154827710798,-0.26780936876473205,1.3175645148904118
6125,1.2812143971978849,0.20509001798499835,-1.5803996421280908
10845,-0.5807664832115972,-0.24529035034807822,-0.61441158978859
13380,-0.9779890710322867,-0.41418298847298196,1.3175645148904118
1222,0.015067398519437164,0.644210877109748,-0.13141756361883955
6779,-0.7048985419055627,0.0924949259017292,0.8345704887206613
2134,0.2881579276461611,-0.538037589764578,-0.61441158978859
9162,-0.5807664832115972,-0.8758228660143854,0.8345704887206613
10401,-1.0524683062486662,-0.3353664240146935,1.3175645148904118
13094,-0.5807664832115972,-0.8420443383894047,-0.13141756361883955
7058,0.03989381025823017,0.5766538218597865,0.35157646255091085
13586,0.7350333389444368,0.28390658244328676,-1.0974056159583405
509,-1.0028154827710798,-0.25654985955640514,0.8345704887206613
13828,-0.7048985419055627,-0.9096013936393662,0.35157646255091085
3986,0.46194280981771285,-0.7294492463061355,-1.5803996421280908
748,-0.9531626592934936,-1.0897535409725967,0.35157646255091085
5246,0.21367869242978188,0.8356225336513056,0.8345704887206613
1259,-0.7545513653831489,0.12627345352670993,0.8345704887206613
4718,-1.077294717987459,-1.191089123847539,1.3175645148904118
1888,0.03989381025823017,-0.20025231351477057,-0.13141756361883955
15089,2.299097278488402,2.1642446202338816,-2.063393668297841
711,-1.077294717987459,-1.202348633055866,1.3175645148904118
13465,-0.3573287775624594,-0.8082658107644239,-1.0974056159583405
14016,-1.077294717987459,-0.4592210253062896,1.3175645148904118
15129,2.1749652197944367,2.5808464609419772,1.3175645148904118
5833,-0.0594118366969423,-0.9096013936393662,-0.61441158978859
9912,-0.9779890710322867,-0.93212041205602,-0.13141756361883955
13457,-1.077294717987459,-1.1010130501809237,1.3175645148904118
7914,-0.4069816010400455,-0.020100166181539942,0.35157646255091085
4808,-1.077294717987459,-0.9433799212643469,0.35157646255091085
3329,0.8591653976384023,-0.3128474055980397,-1.5803996421280908
3293,0.4122899863401266,-0.7744872831394432,-2.063393668297841
8687,-1.0524683062486662,-0.9433799212643469,1.3175645148904118
12539,1.4549992793694364,1.5111930861509206,-1.5803996421280908
7441,0.561248456772885,1.1171102638594783,-0.13141756361883955
12501,-1.077294717987459,-0.7857467923477701,1.3175645148904118
8526,0.8591653976384023,1.2071863375260936,0.35157646255091085
14201,-1.077294717987459,-1.1460510870142313,0.8345704887206613
10468,-1.0524683062486662,-0.6055946450145395,-0.13141756361883955
4865,0.3129843393849541,0.7568059691930171,-0.13141756361883955
5551,0.5115956332952991,0.18257099956834452,0.35157646255091085
9466,-1.0524683062486662,-1.1685701054308852,-0.13141756361883955
7712,-0.23319671886849389,-0.6506326818478472,0.35157646255091085
104,0.9336446328547815,0.9707366441512285,0.35157646255091085
7068,2.2246180432720224,2.0516495281506124,-0.13141756361883955
1794,-1.077294717987459,-1.1798296146392122,0.8345704887206613
10988,-0.4318080127788386,-0.8307848291810778,-0.61441158978859
14595,-0.009759013219356063,-0.8983418844310392,-1.0974056159583405
2386,0.2881579276461611,1.0045151717762093,0.35157646255091085
10814,0.38746357460133357,0.8356225336513056,0.35157646255091085
4847,1.554304926324609,1.2184458467344206,-2.5463876944675916
13770,1.4053464558918505,0.7680654784013441,-2.063393668297841
5837,-1.077294717987459,-1.202348633055866,0.8345704887206613
10739,-1.0276418945098729,-0.29032838718138587,0.8345704887206613
1658,1.1074295150263334,1.5337121045675743,-1.0974056159583405
212,0.4371163980789196,0.9707366441512285,-0.13141756361883955
8439,-1.0276418945098729,-1.0334559949309623,1.3175645148904118
5886,-0.3573287775624594,-0.6956707186811548,-0.13141756361883955
4419,-0.5559400714728041,-0.8195253199727509,-0.61441158978859
14473,1.057776691548747,1.173407809901113,-1.0974056159583405
5193,-1.0028154827710798,-0.6844112094728279,0.8345704887206613
5735,-0.9035098358159074,-0.5492970989729049,0.8345704887206613
1359,0.11437304547460941,0.03619737986009463,-0.13141756361883955
334,-0.3573287775624594,-0.93212041205602,0.35157646255091085
2166,-0.258023130607287,-0.93212041205602,-0.13141756361883955
3110,2.2246180432720224,2.24306118469217,-1.0974056159583405
5709,0.6357276919892645,0.8919200796929401,-0.13141756361883955
10228,-0.10906466017452843,-0.8983418844310392,-1.5803996421280908
792,-1.077294717987459,-0.93212041205602,1.3175645148904118
233,0.9336446328547815,1.027034190192863,-0.61441158978859
14182,0.8343389858996093,-0.3015878963897128,-1.5803996421280908
8552,2.4728821606599536,2.378175295192093,-2.063393668297841
1064,-1.077294717987459,-1.1798296146392122,0.8345704887206613
209,-0.8538570123383212,-0.09891673063982834,0.35157646255091085
11699,-1.077294717987459,-1.1798296146392122,1.3175645148904118
11064,-1.077294717987459,-0.6168541542228664,1.3175645148904118
13702,0.561248456772885,1.2184458467344206,0.8345704887206613
9749,-0.9283362475547006,-0.538037589764578,0.8345704887206613
4498,1.5791313380634018,1.4999335769425937,-1.0974056159583405
6951,-1.077294717987459,-1.1798296146392122,1.3175645148904118
6277,-0.8042041888607351,-0.6055946450145395,0.35157646255091085
2413,0.5364220450340921,0.9482176257345747,0.35157646255091085
9820,0.5115956332952991,-0.6393731726395202,-1.0974056159583405
7945,-1.0028154827710798,-0.8082658107644239,0.35157646255091085
11830,0.16402586895219565,0.8694010612762862,-0.61441158978859
7476,1.306040808936678,1.7476427795257858,-0.61441158978859
871,-0.5311136597340109,0.28390658244328676,0.35157646255091085
1263,1.1322559267651264,1.6463071966508436,-0.61441158978859
1618,0.9088182211159885,1.4774145585259397,-0.13141756361883955
13692,-0.258023130607287,0.6104323494847672,0.8345704887206613
4345,-0.9779890710322867,-1.0897535409725967,0.8345704887206613
10309,-0.7793777771219419,-0.4479615160979627,0.8345704887206613
2414,0.21367869242978188,0.7230274415680364,-0.13141756361883955
9634,-0.0594118366969423,0.6667298955264018,0.35157646255091085
13820,0.784686162422023,-0.3804044608480012,-2.063393668297841
6702,-0.4069816010400455,0.3064256008599406,0.8345704887206613
1220,-0.6055928949503904,0.10375443511005612,-0.13141756361883955
6264,-1.0276418945098729,-0.9433799212643469,0.8345704887206613
1765,-1.077294717987459,-1.07849403176427,1.3175645148904118
12590,-0.258023130607287,0.6216918586930942,0.35157646255091085
8695,-0.7793777771219419,-0.797006301556097,0.8345704887206613
13673,-0.03458542495814907,0.8018440060263248,0.35157646255091085
2001,1.6784369850185743,1.972832963692324,-0.13141756361883955
5609,1.256387985459092,1.5111930861509206,0.35157646255091085
9063,-0.009759013219356063,-0.5042590621395973,-0.61441158978859
4581,0.08954663373581641,0.8243630244429786,0.8345704887206613
14551,0.2881579276461611,-0.5155185713479241,-1.0974056159583405
1485,-1.0524683062486662,-1.1235320685975776,0.8345704887206613
3582,0.4371163980789196,-0.3241069148063666,0.35157646255091085
2523,0.784686162422023,-0.6506326818478472,-1.5803996421280908
5990,0.08954663373581641,0.8356225336513056,0.8345704887206613
11924,-0.08423824843573531,0.35146363769324823,0.8345704887206613
13466,-1.077294717987459,-1.1347915778059046,0.35157646255091085
9939,0.8591653976384023,0.44153971135986353,-0.13141756361883955
3078,0.8591653976384023,1.443636030900959,0.35157646255091085
4833,-0.009759013219356063,0.11501394431838304,0.35157646255091085
6948,0.08954663373581641,-0.8307848291810778,0.35157646255091085
1305,0.9088182211159885,1.3085219204010359,-1.0974056159583405
4782,-1.0028154827710798,-1.044715504139289,1.3175645148904118
6206,0.7350333389444368,-0.7519682647227893,-1.5803996421280908
13762,-1.077294717987459,-0.7407087555144625,1.3175645148904118
4381,0.16402586895219565,-0.8533038475977316,-1.0974056159583405
13414,0.46194280981771285,0.1713114903600176,-0.61441158978859
7655,-1.077294717987459,-1.202348633055866,0.8345704887206613
14314,-0.7545513653831489,-0.5605566081812319,1.3175645148904118
6243,-0.30767595408487314,-0.7519682647227893,0.35157646255091085
9787,-1.077294717987459,-1.0109369765143084,0.8345704887206613
2165,-1.077294717987459,-1.191089123847539,1.3175645148904118
617,-0.13389107191332153,0.05871639827674846,0.35157646255091085
14881,-1.0028154827710798,-0.7744872831394432,0.8345704887206613
13566,-0.8786834240771144,-0.8533038475977316,1.3175645148904118
6497,0.9584710445935745,-0.03135967538986686,-1.0974056159583405
8720,-0.9779890710322867,-1.055975013347616,0.35157646255091085
10479,0.561248456772885,0.44153971135986353,-0.61441158978859
9308,-1.077294717987459,-0.4254424976813089,0.8345704887206613
14554,-1.0028154827710798,-1.0334559949309623,0.8345704887206613
2163,-1.077294717987459,-1.191089123847539,0.8345704887206613
4770,-0.20837030712970078,-0.8195253199727509,-0.61441158978859
10376,-0.3573287775624594,0.47531823898484427,-0.13141756361883955
15035,0.03989381025823017,-0.2227713319314244,-1.0974056159583405
2004,1.8273954554513328,2.0629090373589394,-1.0974056159583405
14360,1.1322559267651264,1.2409648651510745,-1.0974056159583405
14667,1.2067351619815054,0.04745688906842155,-2.5463876944675916
3047,0.2385051041685749,0.7905844968179979,-0.61441158978859
12783,-1.077294717987459,-1.191089123847539,-0.13141756361883955
13605,0.6853805154668505,0.6104323494847672,-1.0974056159583405
14668,-0.9035098358159074,-0.8195253199727509,0.35157646255091085
9644,1.8770482789289193,2.0291305097339585,-1.0974056159583405
6641,-1.077294717987459,-0.8983418844310392,1.3175645148904118
8398,-1.0276418945098729,-1.1685701054308852,-0.13141756361883955
9330,-0.33250236582366627,0.47531823898484427,0.35157646255091085
3095,-1.0524683062486662,-0.3353664240146935,0.8345704887206613
11986,-0.30767595408487314,-0.6168541542228664,0.35157646255091085
3285,-1.0276418945098729,-1.1685701054308852,0.35157646255091085
8405,-1.077294717987459,-1.191089123847539,1.3175645148904118
9683,0.2881579276461611,1.03829369940119,0.35157646255091085
7656,-1.077294717987459,-1.202348633055866,0.8345704887206613
1313,-0.28284954234608,0.3965016745265559,-0.61441158978859
12036,-0.258023130607287,-0.9546394304726739,-0.61441158978859
10308,-1.0524683062486662,-0.7407087555144625,0.8345704887206613
9373,1.5791313380634018,1.2184458467344206,-1.0974056159583405
2903,-0.009759013219356063,-0.8983418844310392,-0.13141756361883955
10995,-0.30767595408487314,-0.7294492463061355,-0.13141756361883955
3333,1.008123868071161,-0.20025231351477057,-1.0974056159583405
11541,-0.7793777771219419,-0.07639771222317451,0.8345704887206613
3053,0.4867692215565058,1.027034190192863,0.35157646255091085
11342,-1.077294717987459,-1.1573105962225583,1.3175645148904118
5072,-1.077294717987459,-1.1573105962225583,0.35157646255091085
8880,-1.0028154827710798,-0.41418298847298196,0.8345704887206613
10042,1.7777426319737468,2.0291305097339585,-1.5803996421280908
9073,0.4867692215565058,-0.4704805345146165,-0.13141756361883955
2269,0.06472022199702318,0.03619737986009463,-0.61441158978859
2694,0.38746357460133357,1.0045151717762093,-0.61441158978859
8373,0.015067398519437164,-0.8645633568060586,0.35157646255091085
13837,-0.33250236582366627,-0.8533038475977316,-0.13141756361883955
10194,0.06472022199702318,-0.8082658107644239,-2.063393668297841
9592,-0.03458542495814907,0.250128054818306,0.35157646255091085
10761,-1.0524683062486662,-0.3353664240146935,0.8345704887206613
8267,1.6039577498021953,1.421117012484305,-0.61441158978859
10022,2.547361395876333,2.4569918596503815,-2.5463876944675916
8074,-1.077294717987459,-1.0897535409725967,1.3175645148904118
8255,1.2812143971978849,1.421117012484305,-0.13141756361883955
4707,0.11437304547460941,-0.7407087555144625,-0.13141756361883955
13685,-0.03458542495814907,0.8131035152346517,0.35157646255091085
2114,-1.0524683062486662,-0.9546394304726739,0.35157646255091085
7606,-0.9035098358159074,-0.9208609028476931,0.8345704887206613
1541,0.6357276919892645,0.38524216531822897,-1.0974056159583405
6438,1.4301728676306433,1.3648194664426705,-1.0974056159583405
2602,0.015067398519437164,-0.5267780805562511,-0.13141756361883955
14952,-0.0594118366969423,-0.8983418844310392,-1.0974056159583405
4607,0.784686162422023,1.060812717817844,0.35157646255091085
10687,-0.4069816010400455,-0.008840656973213026,0.35157646255091085
13968,0.13919945721340263,0.250128054818306,-0.61441158978859
11057,-1.077294717987459,-0.673151700264501,1.3175645148904118
4756,-1.0524683062486662,-1.1573105962225583,1.3175645148904118
6595,0.26333151590736814,-0.7181897370978086,0.35157646255091085
5538,-1.0524683062486662,-0.8983418844310392,0.8345704887206613
13730,-0.5807664832115972,0.14879247194336379,0.35157646255091085
520,1.4549992793694364,1.8151998347757472,-0.13141756361883955
10701,-1.077294717987459,-0.6055946450145395,1.3175645148904118
8972,-0.7297249536443557,0.05871639827674846,0.35157646255091085
9646,1.6287841615409884,1.8940163992340358,-0.61441158978859
11051,0.8839918093771955,0.7568059691930171,-0.13141756361883955
1092,-1.077294717987459,-1.202348633055866,1.3175645148904118
14125,-1.0524683062486662,-0.6506326818478472,0.35157646255091085
8762,-0.8042041888607351,-1.07849403176427,0.35157646255091085
4913,2.4232293371823674,2.4006943136087466,0.35157646255091085
6123,-1.077294717987459,-0.9433799212643469,0.35157646255091085
13827,-0.7297249536443557,-0.9208609028476931,0.8345704887206613
3771,-0.8042041888607351,-0.14395476747313599,1.3175645148904118
6650,0.8591653976384023,0.3965016745265559,-0.13141756361883955
1109,0.06472022199702318,-0.8082658107644239,-2.5463876944675916
4655,1.231561573720299,0.36272314690157514,-0.61441158978859
13099,-0.28284954234608,-0.7744872831394432,-0.13141756361883955
1038,-1.0524683062486662,-1.055975013347616,0.8345704887206613
6973,0.46194280981771285,-0.538037589764578,-0.61441158978859
20,-1.077294717987459,-1.1573105962225583,0.0
13830,-1.077294717987459,-1.1235320685975776,1.3175645148904118
14938,-1.077294717987459,-1.1685701054308852,1.3175645148904118
5531,-1.077294717987459,-1.0221964857226353,1.3175645148904118
13343,-0.9531626592934936,-0.17773329509811675,1.3175645148904118
934,-0.8538570123383212,-0.07639771222317451,0.8345704887206613
11892,1.7777426319737468,1.8714973808173818,-2.063393668297841
15120,1.032950279809954,2.0966875649839203,-1.5803996421280908
13881,0.16402586895219565,-0.8420443383894047,-2.063393668297841
14500,1.5046521028470228,0.8243630244429786,-2.063393668297841
1726,1.1322559267651264,0.46405872977651735,-0.61441158978859
4490,-0.7545513653831489,-0.17773329509811675,0.8345704887206613
13000,-0.03458542495814907,0.5991728402764404,-1.5803996421280908
9033,1.5791313380634018,0.6104323494847672,-1.0974056159583405
1737,0.38746357460133357,-0.04261918459819377,-0.13141756361883955
10580,0.11437304547460941,-0.8758228660143854,-1.5803996421280908
7532,0.2385051041685749,0.6779894047347288,-0.13141756361883955
561,0.13919945721340263,0.8806605704846132,0.35157646255091085
7477,0.8591653976384023,1.466155049317613,-0.13141756361883955
14162,-0.9531626592934936,-0.8082658107644239,0.8345704887206613
12143,-1.077294717987459,-0.7294492463061355,0.35157646255091085
1162,0.7102069272056438,0.1600519811516907,-0.61441158978859
9071,-0.8042041888607351,-0.8983418844310392,0.35157646255091085
10251,0.2385051041685749,-0.6844112094728279,-1.5803996421280908
7255,-0.6055928949503904,-0.8870823752227124,0.8345704887206613
15303,-0.8538570123383212,-0.9658989396810007,0.8345704887206613
1527,0.784686162422023,0.19383050877667143,-1.0974056159583405
8094,-1.077294717987459,-0.9884179580976545,1.3175645148904118
9044,-0.20837030712970078,-0.3353664240146935,0.8345704887206613
2930,-1.077294717987459,-1.1798296146392122,0.8345704887206613
14437,-0.13389107191332153,0.6779894047347288,-0.13141756361883955
58,-0.5559400714728041,-0.6168541542228664,0.35157646255091085
8952,0.8343389858996093,1.4098575032759781,-0.13141756361883955
8421,-0.8786834240771144,-1.044715504139289,0.35157646255091085
13085,-1.077294717987459,-1.067234522555943,1.3175645148904118
4483,0.809512574160816,0.8243630244429786,-0.13141756361883955
2291,0.5115956332952991,0.644210877109748,0.35157646255091085
10610,-1.077294717987459,-1.1573105962225583,1.3175645148904118
13162,0.13919945721340263,-0.797006301556097,-1.0974056159583405
14899,-0.4069816010400455,-0.5605566081812319,-0.13141756361883955
10635,1.057776691548747,-0.2340308411397513,-2.063393668297841
11628,-1.0524683062486662,-1.044715504139289,0.35157646255091085
11814,-0.7048985419055627,0.024937870651767717,0.35157646255091085
1649,-0.10906466017452843,0.7117679323597095,-1.0974056159583405
15139,-0.30767595408487314,0.8243630244429786,-0.61441158978859
6436,0.16402586895219565,0.632951367901421,0.35157646255091085
2724,0.38746357460133357,1.1283697730678053,-0.61441158978859
10838,0.5115956332952991,0.5090967666098251,-0.61441158978859
938,-0.28284954234608,0.47531823898484427,0.35157646255091085
4510,-0.8538570123383212,-0.13269525826480907,0.35157646255091085
13155,-1.077294717987459,-1.191089123847539,-0.61441158978859
15050,-0.7545513653831489,-0.5155185713479241,-0.61441158978859
4694,-0.8538570123383212,-0.9546394304726739,0.8345704887206613
13988,1.8522218671901263,1.5337121045675743,-0.61441158978859
10076,-0.13389107191332153,0.5428752942348057,-0.13141756361883955
998,0.8343389858996093,0.3064256008599406,-0.61441158978859
9392,-0.0594118366969423,-0.020100166181539942,-0.13141756361883955
4528,-0.8290306005995282,-0.008840656973213026,0.8345704887206613
3870,1.7777426319737468,1.725123761109132,0.35157646255091085
7219,-1.0524683062486662,-0.8870823752227124,0.8345704887206613
5354,1.4053464558918505,1.162148300692786,-0.61441158978859
14597,-0.6304193066891834,-1.044715504139289,-0.13141756361883955
2907,-1.077294717987459,-1.202348633055866,-0.13141756361883955
11013,-1.077294717987459,-0.9996774673059815,0.8345704887206613
10010,0.3626371628625404,1.049553208609517,-0.13141756361883955
3538,1.057776691548747,0.7005084231513826,-1.0974056159583405
14146,0.8343389858996093,0.3289446192765944,-0.13141756361883955
5993,-0.6552457184279764,0.19383050877667143,0.8345704887206613
14499,-1.0524683062486662,-0.7069302278894817,0.8345704887206613
915,-0.6552457184279764,0.22760903640165217,0.8345704887206613
13875,-0.03458542495814907,-0.8983418844310392,-2.063393668297841
4415,-1.0028154827710798,-1.055975013347616,0.35157646255091085
11712,-1.0524683062486662,-1.1235320685975776,1.3175645148904118
10519,0.983297456332368,-0.09891673063982834,-2.063393668297841
10360,-0.8290306005995282,-0.0651382030148476,0.35157646255091085
1817,-0.8290306005995282,-1.0897535409725967,0.35157646255091085
14981,-0.8538570123383212,-0.9996774673059815,-0.13141756361883955
11926,0.561248456772885,0.7342869507763633,-0.13141756361883955
3949,1.1570823385039195,-0.12143574905648218,-1.0974056159583405
337,-0.9035098358159074,-1.1010130501809237,0.35157646255091085
2072,0.75985975068323,0.644210877109748,0.35157646255091085
13293,-0.4069816010400455,0.4190206929432097,0.35157646255091085
5822,-1.077294717987459,-1.202348633055866,1.3175645148904118
10760,0.9584710445935745,1.5337121045675743,-1.0974056159583405
5143,-1.077294717987459,-1.1235320685975776,0.8345704887206613
12917,2.0756595728392635,2.0178710005256315,-2.063393668297841
3513,0.38746357460133357,0.7905844968179979,0.35157646255091085
2815,0.06472022199702318,0.0924949259017292,0.35157646255091085
14898,-0.33250236582366627,-0.5155185713479241,0.35157646255091085
6375,2.8204519250030566,2.625884497775285,-1.0974056159583405
11625,0.2385051041685749,-0.48174004372294343,-0.61441158978859
13785,-0.0594118366969423,-0.16647378588978984,-0.13141756361883955
13071,-1.077294717987459,-0.9884179580976545,1.3175645148904118
11118,-0.9531626592934936,-0.14395476747313599,0.8345704887206613
12051,-1.077294717987459,-1.202348633055866,0.35157646255091085
766,-0.9283362475547006,-0.9884179580976545,-0.13141756361883955
3782,1.47982569110823,1.6350476874425166,0.35157646255091085
10832,-0.8786834240771144,-0.35788544243134734,1.3175645148904118
1144,-1.077294717987459,-1.044715504139289,1.3175645148904118
12520,-0.7545513653831489,-0.2340308411397513,0.35157646255091085
2510,-0.20837030712970078,-0.7744872831394432,-0.13141756361883955
15157,-1.0276418945098729,0.3176851100682675,0.35157646255091085
2273,-0.9283362475547006,-0.5830756265978857,1.3175645148904118
2860,-1.0028154827710798,-0.9996774673059815,0.8345704887206613
1221,-0.258023130607287,0.4190206929432097,0.35157646255091085
11066,0.6357276919892645,0.8468820428596324,-1.0974056159583405
4864,-0.9779890710322867,-0.36914495163967426,0.35157646255091085
14873,1.554304926324609,0.6779894047347288,-2.5463876944675916
11140,1.554304926324609,1.8827568900257088,-1.0974056159583405
8282,1.47982569110823,0.9932556625678823,0.35157646255091085
11504,-0.258023130607287,0.6104323494847672,-1.5803996421280908
7074,2.2742708667496085,2.1417256018172277,-1.0974056159583405
4924,-0.33250236582366627,0.5541348034431327,-0.13141756361883955
4532,0.3129843393849541,1.0157746809845363,0.35157646255091085
7168,0.561248456772885,0.8806605704846132,0.35157646255091085
1672,-0.8786834240771144,-0.14395476747313599,0.35157646255091085
11735,-0.48146083625642483,-0.6956707186811548,0.35157646255091085
7134,0.809512574160816,1.3648194664426705,-0.13141756361883955
9075,0.08954663373581641,-0.6055946450145395,0.35157646255091085
4055,-1.077294717987459,-1.1010130501809237,1.3175645148904118
7676,-0.5311136597340109,-0.9884179580976545,0.35157646255091085
1808,-1.077294717987459,-1.202348633055866,0.8345704887206613
2275,-1.0524683062486662,-0.7181897370978086,-0.13141756361883955
3761,0.4371163980789196,0.7230274415680364,-0.61441158978859
7319,-1.077294717987459,-1.1685701054308852,0.8345704887206613
14558,-0.0594118366969423,-0.6956707186811548,-0.13141756361883955
13680,0.6109012802504713,1.2972624111927091,0.35157646255091085
11560,-1.077294717987459,-0.661892191056174,1.3175645148904118
2045,0.015067398519437164,0.6104323494847672,0.8345704887206613
13301,-0.6800721301667696,0.18257099956834452,0.8345704887206613
13572,-0.6304193066891834,-0.661892191056174,0.35157646255091085
5113,-1.077294717987459,-1.191089123847539,1.3175645148904118
1295,1.008123868071161,1.454895540109286,0.35157646255091085
14827,0.38746357460133357,0.8919200796929401,-0.13141756361883955
4687,-0.9283362475547006,-0.9546394304726739,0.8345704887206613
3952,-0.5311136597340109,-0.7181897370978086,0.8345704887206613
6866,0.7102069272056438,-0.16647378588978984,-1.5803996421280908
4317,-0.28284954234608,-0.6281136634311933,0.35157646255091085
10282,-1.0524683062486662,-0.9658989396810007,1.3175645148904118
444,0.7350333389444368,0.4190206929432097,-0.13141756361883955
5519,0.561248456772885,-0.4254424976813089,-0.61441158978859
858,0.03989381025823017,0.6667298955264018,0.35157646255091085
8076,-1.077294717987459,-1.07849403176427,1.3175645148904118
4439,-1.0524683062486662,-0.9546394304726739,0.8345704887206613
5321,-0.9283362475547006,-0.18899280430644366,1.3175645148904118
841,-0.7793777771219419,-0.17773329509811675,0.35157646255091085
6958,-1.0524683062486662,-1.1347915778059046,0.35157646255091085
8596,1.6039577498021953,1.848978362400728,-1.0974056159583405
14213,-0.03458542495814907,-0.8307848291810778,-0.61441158978859
11816,1.9515275141452983,1.8940163992340358,-2.063393668297841
994,1.057776691548747,0.47531823898484427,-0.61441158978859
7553,1.47982569110823,0.9482176257345747,-1.5803996421280908
9211,0.9088182211159885,0.5203562758181519,-0.61441158978859
1554,0.015067398519437164,0.250128054818306,0.8345704887206613
11017,-1.0028154827710798,-0.8420443383894047,0.8345704887206613
1973,-1.077294717987459,-0.4254424976813089,1.3175645148904118
1951,0.11437304547460941,0.7005084231513826,0.35157646255091085
14468,-1.077294717987459,-0.5830756265978857,1.3175645148904118
9716,2.4232293371823674,2.0403900189422854,-1.5803996421280908
7773,-0.5311136597340109,-0.020100166181539942,0.8345704887206613
12746,-1.077294717987459,-1.1573105962225583,0.8345704887206613
2513,0.08954663373581641,-0.7181897370978086,-1.0974056159583405
5559,-1.077294717987459,-0.797006301556097,1.3175645148904118
11413,0.2881579276461611,0.37398265610990206,-0.61441158978859
6301,0.8839918093771955,0.7342869507763633,-1.0974056159583405
2835,0.2881579276461611,-0.11017623984815525,0.35157646255091085
4700,-0.7048985419055627,-0.93212041205602,-0.61441158978859
2445,1.5791313380634018,0.903179588901267,-2.063393668297841
2233,0.9336446328547815,-0.3015878963897128,-2.063393668297841
3050,2.3735765137047813,2.1304660926089007,-1.0974056159583405
14862,0.26333151590736814,0.28390658244328676,-0.13141756361883955
400,-1.077294717987459,-1.1010130501809237,0.8345704887206613
7757,-1.0028154827710798,-0.6168541542228664,0.8345704887206613
10038,-1.077294717987459,-0.4254424976813089,1.3175645148904118
5198,0.4371163980789196,0.35146363769324823,-1.5803996421280908
15183,-0.258023130607287,0.8694010612762862,0.8345704887206613
11601,0.5364220450340921,-0.008840656973213026,-0.61441158978859
1023,-0.08423824843573531,-0.4592210253062896,-0.13141756361883955
3298,-0.9283362475547006,-1.1010130501809237,-0.13141756361883955
7581,1.008123868071161,0.20509001798499835,-1.0974056159583405
11449,-0.8786834240771144,-0.16647378588978984,1.3175645148904118
14982,-0.7545513653831489,-0.9208609028476931,0.8345704887206613
14635,-1.0028154827710798,-1.07849403176427,0.8345704887206613
8262,1.1819087502427124,1.2747433927760552,-0.61441158978859
5894,-1.077294717987459,-1.0334559949309623,0.8345704887206613
4241,1.9515275141452983,1.7363832703174589,-0.61441158978859
5424,-1.077294717987459,-1.1010130501809237,1.3175645148904118
6875,1.2812143971978849,-0.1552142766814629,-2.5463876944675916
8522,0.6357276919892645,1.027034190192863,0.35157646255091085
6805,1.6287841615409884,1.454895540109286,-1.0974056159583405
4309,-0.4069816010400455,-0.5830756265978857,0.8345704887206613
4080,-1.0524683062486662,-0.8758228660143854,0.8345704887206613
803,-0.6055928949503904,-0.4254424976813089,0.8345704887206613
1550,0.11437304547460941,0.250128054818306,0.35157646255091085
1009,-0.08423824843573531,-0.27906887797305896,-0.13141756361883955
15301,-0.9779890710322867,-0.9771584488893277,0.35157646255091085
8879,-0.5311136597340109,0.08123541669340228,0.8345704887206613
2737,1.1570823385039195,1.6463071966508436,-0.61441158978859
15021,-1.077294717987459,-1.1122725593892506,0.35157646255091085
5095,-1.077294717987459,-1.202348633055866,0.35157646255091085
648,-1.0028154827710798,-0.8645633568060586,0.35157646255091085
10394,-0.258023130607287,0.6216918586930942,0.8345704887206613
2862,-0.0594118366969423,-0.6055946450145395,-0.61441158978859
4975,1.47982569110823,1.421117012484305,0.35157646255091085
7471,2.497708572398747,2.4457323504420545,-0.61441158978859
6399,-0.8786834240771144,-0.05387869380652068,0.8345704887206613
14904,0.809512574160816,-0.18899280430644366,-1.5803996421280908
11893,1.7032633967573674,1.8264593439840742,-1.0974056159583405
550,-0.33250236582366627,0.5316157850264789,0.35157646255091085
11492,-0.03458542495814907,0.8131035152346517,-0.13141756361883955
5617,0.11437304547460941,0.8131035152346517,-0.13141756361883955
8990,1.5294785145858159,1.4886740677342667,-0.13141756361883955
9072,0.6605541037280576,-0.41418298847298196,-0.61441158978859
211,0.38746357460133357,0.9482176257345747,0.35157646255091085
12824,-0.4318080127788386,-0.7407087555144625,-0.13141756361883955
13324,1.2812143971978849,1.7363832703174589,-1.5803996421280908
6343,0.809512574160816,1.2634838835677282,-0.61441158978859
1781,-1.077294717987459,-1.1460510870142313,0.8345704887206613
11198,0.9336446328547815,0.9144390981095939,-1.5803996421280908
3543,-0.4318080127788386,-0.17773329509811675,-0.13141756361883955
7821,1.032950279809954,1.5224525953592474,0.35157646255091085
1438,-0.4069816010400455,-0.9771584488893277,0.8345704887206613
2515,-1.077294717987459,-1.1460510870142313,1.3175645148904118
2868,0.561248456772885,-0.5042590621395973,-0.13141756361883955
2434,0.16402586895219565,0.44153971135986353,-0.13141756361883955
5045,-0.4318080127788386,-0.661892191056174,-0.13141756361883955
4792,-1.077294717987459,-1.067234522555943,0.35157646255091085
11129,0.983297456332368,1.5449716137759013,-0.61441158978859
9478,-1.077294717987459,-1.202348633055866,1.3175645148904118
12002,-1.077294717987459,-1.1235320685975776,0.35157646255091085
6608,0.5364220450340921,-0.5155185713479241,-0.61441158978859
6475,-0.9779890710322867,-0.7069302278894817,0.8345704887206613
1314,-1.077294717987459,-0.5492970989729049,0.35157646255091085
9542,0.5364220450340921,-0.35788544243134734,-0.61441158978859
6822,-0.8290306005995282,-0.39166397005632814,0.35157646255091085
9115,-0.5559400714728041,-1.0221964857226353,-0.13141756361883955
3979,0.784686162422023,-0.6055946450145395,-1.5803996421280908
12,0.6605541037280576,-0.6956707186811548,-2.063393668297841
6817,0.16402586895219565,0.44153971135986353,0.8345704887206613
818,-1.077294717987459,-0.7519682647227893,0.8345704887206613
2784,1.9018746906677122,1.6463071966508436,-0.61441158978859
11250,-1.0524683062486662,-0.9771584488893277,0.8345704887206613
14722,-0.7048985419055627,-0.08765722143150143,-0.61441158978859
453,0.11437304547460941,0.23886854560997908,-0.13141756361883955
1049,-1.077294717987459,-1.1347915778059046,1.3175645148904118
14868,-1.077294717987459,-0.8082658107644239,1.3175645148904118
1656,1.8273954554513328,1.984092472900651,-2.5463876944675916
3457,1.7777426319737468,2.0403900189422854,-0.61441158978859
8918,0.33781075112374737,1.060812717817844,0.35157646255091085
13411,0.784686162422023,0.37398265610990206,-1.5803996421280908
12033,0.26333151590736814,-0.8420443383894047,-1.0974056159583405
13317,1.47982569110823,1.8602378716090548,-1.0974056159583405
5139,-1.0524683062486662,-1.1122725593892506,0.35157646255091085
2908,-1.077294717987459,-1.202348633055866,0.35157646255091085
12750,-1.077294717987459,-1.1685701054308852,1.3175645148904118
940,1.4301728676306433,1.6237881782341896,-1.0974056159583405
7028,-0.7793777771219419,-0.3804044608480012,0.8345704887206613
8668,0.21367869242978188,0.024937870651767717,-0.13141756361883955
11799,2.100485984578057,1.713864251900805,-2.5463876944675916
7990,0.03989381025823017,-0.7294492463061355,-0.61441158978859
13925,-1.0524683062486662,-1.0221964857226353,0.8345704887206613
12493,-0.7793777771219419,-0.5267780805562511,0.8345704887206613
4634,1.1322559267651264,0.7342869507763633,-0.61441158978859
14066,1.47982569110823,1.8264593439840742,-0.13141756361883955
12665,2.0260067493616774,1.2409648651510745,-2.5463876944675916
8715,0.5860748685116783,-0.5267780805562511,-0.61441158978859
1400,-1.0276418945098729,-1.0221964857226353,1.3175645148904118
9931,-0.8042041888607351,-0.5943351358062126,0.8345704887206613
30,-0.6800721301667696,-0.9096013936393662,-0.13141756361883955
6363,1.1570823385039195,1.6237881782341896,-0.61441158978859
6258,-0.03458542495814907,-0.5042590621395973,0.35157646255091085
13632,0.9584710445935745,1.18466731910944,-0.61441158978859
3677,-1.077294717987459,-1.1460510870142313,1.3175645148904118
11909,0.8591653976384023,1.1508887914844592,-0.61441158978859
672,0.7102069272056438,-0.41418298847298196,-1.0974056159583405
13647,0.8343389858996093,1.2747433927760552,0.35157646255091085
7699,-1.0028154827710798,-1.067234522555943,0.8345704887206613
6627,-1.077294717987459,-1.0221964857226353,0.8345704887206613
14609,-1.077294717987459,-1.191089123847539,1.3175645148904118
5466,-1.077294717987459,-1.202348633055866,1.3175645148904118
12955,2.199791631533229,2.288099221525478,-2.063393668297841
11833,-0.4318080127788386,0.3965016745265559,0.35157646255091085
9140,-1.077294717987459,-1.1798296146392122,1.3175645148904118
1108,-0.03458542495814907,-0.8420443383894047,-2.063393668297841
14987,-0.3821551893012525,-0.93212041205602,0.8345704887206613
13905,-1.077294717987459,-1.1460510870142313,0.35157646255091085
3229,-1.0524683062486662,-1.055975013347616,0.8345704887206613
7937,-0.7545513653831489,-0.5267780805562511,-0.13141756361883955
9669,2.671493454570298,2.5470679333169968,-1.0974056159583405
8358,-0.8786834240771144,-1.0221964857226353,0.8345704887206613
3319,0.015067398519437164,-0.673151700264501,-0.61441158978859
10263,0.4867692215565058,-0.49299955293127035,-1.0974056159583405
5835,-0.7048985419055627,-1.055975013347616,-1.0974056159583405
7841,-1.0276418945098729,-0.26780936876473205,0.8345704887206613
9441,-1.0524683062486662,-1.067234522555943,0.8345704887206613
9338,0.08954663373581641,0.7680654784013441,0.35157646255091085
10484,1.7032633967573674,0.8694010612762862,-2.5463876944675916
2553,-1.0028154827710798,-1.1573105962225583,-0.13141756361883955
4775,0.16402586895219565,-0.6844112094728279,-0.13141756361883955
13761,-0.8042041888607351,-0.36914495163967426,0.8345704887206613
2686,-0.20837030712970078,0.4865777481931712,0.8345704887206613
14654,1.008123868071161,-0.2340308411397513,-2.063393668297841
14947,0.26333151590736814,-0.8082658107644239,-2.063393668297841
1563,-0.5311136597340109,-0.03135967538986686,0.35157646255091085
13041,0.08954663373581641,0.11501394431838304,-1.5803996421280908
555,-1.077294717987459,-0.4479615160979627,1.3175645148904118
3071,0.3626371628625404,1.049553208609517,0.8345704887206613
11917,-1.077294717987459,-0.6168541542228664,1.3175645148904118
12856,1.2812143971978849,0.5203562758181519,-2.5463876944675916
4474,-1.077294717987459,-0.7181897370978086,1.3175645148904118
7722,-0.15871748365211455,-0.5155185713479241,0.35157646255091085
12126,0.16402586895219565,0.024937870651767717,-0.13141756361883955
11416,-0.0594118366969423,0.20509001798499835,-0.13141756361883955
4856,-0.28284954234608,0.22760903640165217,0.35157646255091085
5268,1.3805200441530574,1.7701617979424396,0.35157646255091085
2853,-1.0524683062486662,-0.9996774673059815,-0.13141756361883955
6885,-0.4318080127788386,-0.7857467923477701,0.8345704887206613
7998,-0.258023130607287,-0.8533038475977316,-0.13141756361883955
11655,-1.0028154827710798,-1.1122725593892506,0.35157646255091085
10095,0.33781075112374737,0.6667298955264018,-0.61441158978859
9841,-0.6055928949503904,-1.0221964857226353,-1.5803996421280908
4601,-1.077294717987459,-0.5492970989729049,1.3175645148904118
13330,1.5046521028470228,1.8602378716090548,-0.13141756361883955
10325,0.6357276919892645,0.7005084231513826,-0.61441158978859
14158,0.9088182211159885,0.12627345352670993,-0.61441158978859
2213,0.784686162422023,-0.5943351358062126,-1.0974056159583405
4929,-0.5559400714728041,0.3289446192765944,0.8345704887206613
11164,-0.9531626592934936,-0.2227713319314244,-0.13141756361883955
11226,0.8839918093771955,0.3064256008599406,-2.063393668297841
15108,1.08260310328754,1.9615734544839971,-0.61441158978859
6991,-0.8538570123383212,-0.8420443383894047,0.35157646255091085
2111,0.4867692215565058,-0.14395476747313599,0.35157646255091085
13078,-0.10906466017452843,-0.5042590621395973,-1.0974056159583405
10099,-0.7793777771219419,-0.2227713319314244,0.8345704887206613
8242,2.100485984578057,2.0403900189422854,-2.063393668297841
13928,-0.33250236582366627,-0.6281136634311933,-0.13141756361883955
14008,0.3129843393849541,0.8806605704846132,-0.13141756361883955
13611,-0.7048985419055627,-0.2227713319314244,0.35157646255091085
13333,1.8522218671901263,2.0516495281506124,0.35157646255091085
4446,-1.0028154827710798,-0.8195253199727509,1.3175645148904118
13883,-1.077294717987459,-1.191089123847539,-0.13141756361883955
11490,2.4232293371823674,2.4119538228170736,-2.063393668297841
8001,-1.077294717987459,-1.1685701054308852,0.35157646255091085
8075,0.3626371628625404,-0.49299955293127035,-0.13141756361883955
5026,-0.13389107191332153,-0.3015878963897128,-0.13141756361883955
28,-0.8290306005995282,-0.9884179580976545,-0.61441158978859
14532,-1.077294717987459,-0.9884179580976545,1.3175645148904118
12302,1.6784369850185743,1.027034190192863,-2.5463876944675916
13120,-0.7048985419055627,-1.0334559949309623,-0.61441158978859
10260,0.9336446328547815,-0.41418298847298196,-2.5463876944675916
355,-1.077294717987459,-1.202348633055866,1.3175645148904118
1429,-1.077294717987459,-1.1798296146392122,-1.5803996421280908
11321,-1.077294717987459,-1.202348633055866,1.3175645148904118
10820,-0.4318080127788386,0.1713114903600176,0.8345704887206613
11068,1.9018746906677122,1.601269159817536,-2.5463876944675916
12550,0.6357276919892645,1.1283697730678053,-0.13141756361883955
11434,1.9515275141452983,1.6463071966508436,-1.5803996421280908
332,-0.8042041888607351,-1.0334559949309623,-0.61441158978859
5643,2.5721878076151254,2.490770387275362,-2.063393668297841
9193,-0.4069816010400455,-0.4254424976813089,0.8345704887206613
7811,0.11437304547460941,0.8243630244429786,0.8345704887206613
13724,-0.7545513653831489,0.0024188522351138884,1.3175645148904118
4224,1.5046521028470228,1.7026047426924782,-1.0974056159583405
964,-0.33250236582366627,0.20509001798499835,0.8345704887206613
11095,0.6853805154668505,1.2071863375260936,-1.0974056159583405
120,-1.0028154827710798,-0.36914495163967426,1.3175645148904118
4930,-1.077294717987459,-0.4367020068896358,1.3175645148904118
11366,-0.9531626592934936,-0.9546394304726739,0.8345704887206613
5579,1.1819087502427124,1.03829369940119,-0.61441158978859
15156,-0.6055928949503904,1.03829369940119,0.8345704887206613
8114,-1.077294717987459,-0.8195253199727509,1.3175645148904118
4710,-0.4318080127788386,-0.8983418844310392,-0.13141756361883955
3281,-1.077294717987459,-1.202348633055866,1.3175645148904118
2370,-0.6552457184279764,0.23886854560997908,0.35157646255091085
5522,-0.9035098358159074,-0.93212041205602,0.8345704887206613
2544,0.08954663373581641,-0.8758228660143854,-0.13141756361883955
11546,-0.9779890710322867,-0.35788544243134734,0.35157646255091085
11354,0.13919945721340263,-0.6506326818478472,-1.5803996421280908
2885,-1.077294717987459,-1.1685701054308852,1.3175645148904118
10275,-1.077294717987459,-1.044715504139289,1.3175645148904118
2178,0.2881579276461611,-0.8420443383894047,-0.61441158978859
9149,-1.0524683062486662,-1.1347915778059046,0.8345704887206613
4898,0.38746357460133357,1.0720722270261707,-0.13141756361883955
5153,-1.077294717987459,-1.0897535409725967,1.3175645148904118
1209,-0.6800721301667696,-0.05387869380652068,0.35157646255091085
5170,-1.077294717987459,-0.9996774673059815,1.3175645148904118
7978,0.6109012802504713,-0.4479615160979627,-1.0974056159583405
9825,-0.4069816010400455,-0.8983418844310392,-0.61441158978859
7936,1.554304926324609,0.6216918586930942,-0.61441158978859
3123,-1.077294717987459,-0.48174004372294343,1.3175645148904118
14393,-1.077294717987459,-0.4254424976813089,0.8345704887206613
1544,-1.077294717987459,-0.7857467923477701,-0.13141756361883955
7955,-0.8042041888607351,-0.7294492463061355,0.35157646255091085
14601,-1.077294717987459,-1.202348633055866,1.3175645148904118
10978,0.03989381025823017,-0.7744872831394432,-0.61441158978859
7205,1.4053464558918505,0.5766538218597865,-1.0974056159583405
12908,1.306040808936678,1.4774145585259397,-1.5803996421280908
9848,0.2385051041685749,-0.8533038475977316,-1.0974056159583405
10347,2.2246180432720224,1.9390544360673434,-2.5463876944675916
13985,-0.10906466017452843,0.3176851100682675,0.35157646255091085
945,2.1749652197944367,1.984092472900651,-2.063393668297841
10947,-1.0524683062486662,-1.1798296146392122,1.3175645148904118
4550,-0.6055928949503904,0.29516609165161367,0.8345704887206613
13707,0.4371163980789196,1.1058507546511516,0.35157646255091085
12495,-1.077294717987459,-0.8307848291810778,0.35157646255091085
12659,0.9336446328547815,0.9144390981095939,-2.063393668297841
8525,0.18885228069098867,0.7455464599846903,-0.13141756361883955
9269,2.2742708667496085,2.1867636386505356,-0.61441158978859
14613,0.08954663373581641,-0.8533038475977316,-0.13141756361883955
1675,2.299097278488402,2.0516495281506124,-1.5803996421280908
9643,2.3239236902271947,2.276839712317151,-1.5803996421280908
1561,-1.077294717987459,-0.661892191056174,0.8345704887206613
11857,-0.20837030712970078,0.6667298955264018,-0.13141756361883955
14797,-0.33250236582366627,0.5316157850264789,0.8345704887206613
7976,-0.28284954234608,-0.6956707186811548,-0.13141756361883955
6213,-1.077294717987459,-1.191089123847539,1.3175645148904118
8688,-1.077294717987459,-0.9884179580976545,1.3175645148904118
6044,2.5970142193539187,2.366915785983766,-1.5803996421280908
4541,-1.077294717987459,-0.4367020068896358,1.3175645148904118
1782,-1.077294717987459,-1.1460510870142313,1.3175645148904118
7496,2.497708572398747,2.378175295192093,-1.5803996421280908
13760,-0.08423824843573531,0.1713114903600176,-0.13141756361883955
1095,-0.33250236582366627,-0.9546394304726739,0.35157646255091085
10556,-1.0524683062486662,-1.1347915778059046,0.8345704887206613
10905,-0.9283362475547006,-1.0109369765143084,-0.61441158978859
7985,-1.077294717987459,-1.1235320685975776,1.3175645148904118
3287,-1.077294717987459,-1.191089123847539,0.35157646255091085
12680,-0.8042041888607351,-0.5042590621395973,-1.5803996421280908
677,-1.077294717987459,-1.1122725593892506,1.3175645148904118
6193,-1.077294717987459,-1.202348633055866,0.8345704887206613
2605,-0.8786834240771144,-0.8758228660143854,0.8345704887206613
1392,0.13919945721340263,-0.4367020068896358,-0.61441158978859
11203,0.5364220450340921,0.5428752942348057,-0.13141756361883955
13276,-1.0524683062486662,-0.4254424976813089,0.8345704887206613
752,-1.077294717987459,-1.1573105962225583,1.3175645148904118
1711,-1.0524683062486662,-0.6844112094728279,0.8345704887206613
3737,0.9584710445935745,0.6216918586930942,-0.13141756361883955
15011,-0.20837030712970078,-0.5718161173895587,-0.61441158978859
15008,-0.9779890710322867,-0.797006301556097,0.8345704887206613
13104,-1.077294717987459,-1.1460510870142313,0.8345704887206613
3215,-0.3821551893012525,-0.5943351358062126,-0.13141756361883955
797,-0.9283362475547006,-0.7181897370978086,1.3175645148904118
8409,-0.7793777771219419,-1.055975013347616,0.35157646255091085
1777,-0.3573287775624594,-0.8082658107644239,-0.13141756361883955
4113,1.80256904371254,1.2634838835677282,-2.063393668297841
1770,-1.077294717987459,-1.1010130501809237,0.8345704887206613
13972,1.3805200441530574,0.9932556625678823,-1.5803996421280908
10833,-1.077294717987459,-0.6844112094728279,1.3175645148904118
13076,-0.15871748365211455,-0.49299955293127035,-0.13141756361883955
10499,-0.15871748365211455,-0.2340308411397513,0.35157646255091085
6412,2.497708572398747,2.276839712317151,-1.5803996421280908
3022,1.3556936324142643,1.1283697730678053,-0.61441158978859
14220,-0.8538570123383212,-1.0897535409725967,-0.13141756361883955
4228,-0.5559400714728041,0.21634952719332526,0.35157646255091085
14119,1.9018746906677122,1.432376521692632,-2.5463876944675916
3012,-1.077294717987459,-0.7294492463061355,1.3175645148904118
14013,0.9336446328547815,1.3423004480260168,-0.61441158978859
9913,-0.3573287775624594,-0.6055946450145395,0.35157646255091085
5764,0.9336446328547815,0.013678361443440803,-1.0974056159583405
15336,-0.8538570123383212,-0.9771584488893277,-2.063393668297841
4619,0.809512574160816,0.9144390981095939,-1.5803996421280908
15127,2.8204519250030566,3.15508143056665,-2.063393668297841
7070,0.784686162422023,1.2184458467344206,0.8345704887206613
11817,1.9763539258840919,1.9165354176506895,-2.063393668297841
10164,-1.0524683062486662,-1.0334559949309623,0.8345704887206613
527,-0.6304193066891834,0.26138756402663293,0.35157646255091085
366,0.5860748685116783,-0.7632277739311163,-1.5803996421280908
6098,0.38746357460133357,0.3176851100682675,0.35157646255091085
14372,1.7529162202349537,1.7701617979424396,-1.5803996421280908
4264,0.8343389858996093,0.6779894047347288,-0.13141756361883955
4262,0.983297456332368,0.7905844968179979,0.35157646255091085
9755,0.4867692215565058,0.3064256008599406,-0.61441158978859
1919,1.6287841615409884,1.1283697730678053,-2.063393668297841
701,-0.9779890710322867,-1.1235320685975776,0.8345704887206613
6170,-1.0276418945098729,-1.1122725593892506,0.35157646255091085
8108,0.16402586895219565,0.013678361443440803,0.35157646255091085
9625,0.75985975068323,1.173407809901113,-0.61441158978859
5018,0.06472022199702318,-0.08765722143150143,-0.13141756361883955
11345,-1.077294717987459,-1.1460510870142313,0.8345704887206613
4423,-0.9779890710322867,-0.9884179580976545,0.35157646255091085
12125,-0.4318080127788386,-0.3128474055980397,0.35157646255091085
4868,-1.077294717987459,-0.538037589764578,1.3175645148904118
1298,-0.258023130607287,0.5316157850264789,0.8345704887206613
7301,-0.28284954234608,-0.9546394304726739,-0.13141756361883955
1352,0.6605541037280576,0.4190206929432097,-2.5463876944675916
2926,-0.3821551893012525,-0.9546394304726739,-0.13141756361883955
8218,0.08954663373581641,0.8919200796929401,-0.13141756361883955
11906,0.16402586895219565,0.7230274415680364,-0.61441158978859
1287,1.4053464558918505,1.7589022887341126,-0.61441158978859
6909,-1.0276418945098729,-1.1460510870142313,0.35157646255091085
12933,-1.077294717987459,-0.41418298847298196,0.8345704887206613
12554,1.057776691548747,1.432376521692632,-1.5803996421280908
4350,-1.077294717987459,-1.1685701054308852,0.8345704887206613
8878,1.8273954554513328,1.590009650609209,-0.61441158978859
3697,0.4371163980789196,-0.40292347926465505,-0.61441158978859
2013,2.2742708667496085,2.276839712317151,-2.063393668297841
10259,-0.33250236582366627,-0.7744872831394432,-0.13141756361883955
4373,-1.077294717987459,-1.202348633055866,1.3175645148904118
9239,-1.0524683062486662,-0.538037589764578,1.3175645148904118
5677,1.47982569110823,1.7589022887341126,-0.61441158978859
7153,0.9336446328547815,1.2860029019843822,-0.13141756361883955
9770,0.8591653976384023,0.20509001798499835,-0.61441158978859
2147,-1.077294717987459,-1.1460510870142313,1.3175645148904118
8617,-0.30767595408487314,0.38524216531822897,0.35157646255091085
2705,0.9088182211159885,1.432376521692632,-0.61441158978859
5473,-0.48146083625642483,-0.9996774673059815,-0.13141756361883955
8699,0.7350333389444368,-0.27906887797305896,-0.61441158978859
2570,-0.6304193066891834,-0.9884179580976545,-0.61441158978859
12943,0.4122899863401266,1.1396292822761322,-0.61441158978859
7103,-1.0524683062486662,-0.3353664240146935,0.8345704887206613
9887,-0.0594118366969423,-0.7519682647227893,-0.61441158978859
14977,-1.077294717987459,-1.0897535409725967,-0.61441158978859
7585,-0.8786834240771144,-0.7407087555144625,0.8345704887206613
8140,-0.18354389539090765,0.26138756402663293,0.8345704887206613
11204,0.75985975068323,0.644210877109748,-0.61441158978859
810,-1.077294717987459,-0.8082658107644239,1.3175645148904118
12610,2.0260067493616774,2.1192065834005738,-1.0974056159583405
5684,1.5294785145858159,1.725123761109132,-0.13141756361883955
9052,0.4867692215565058,-0.16647378588978984,0.35157646255091085
312,0.2881579276461611,-0.5830756265978857,-1.0974056159583405
2073,-1.0028154827710798,-0.5830756265978857,0.35157646255091085
13118,-1.077294717987459,-1.1798296146392122,1.3175645148904118
11532,-0.8042041888607351,-0.04261918459819377,0.35157646255091085
11235,-1.077294717987459,-0.93212041205602,1.3175645148904118
885,-0.23319671886849389,0.6216918586930942,0.35157646255091085
1477,-0.30767595408487314,-0.8870823752227124,0.8345704887206613
1790,-1.077294717987459,-1.1685701054308852,1.3175645148904118
3142,-0.7048985419055627,-0.008840656973213026,0.8345704887206613
8542,1.330867220675471,1.6575667058591705,-0.13141756361883955
2008,0.2385051041685749,1.0045151717762093,-0.61441158978859
3454,0.03989381025823017,0.8694010612762862,0.8345704887206613
682,-1.0028154827710798,-1.067234522555943,0.8345704887206613
3895,0.6109012802504713,0.7005084231513826,0.35157646255091085
11007,-1.077294717987459,-1.0334559949309623,1.3175645148904118
8997,2.150138808055643,1.7026047426924782,-1.0974056159583405
10848,0.06472022199702318,0.11501394431838304,-0.61441158978859
57,0.015067398519437164,-0.3804044608480012,0.35157646255091085
6916,-0.20837030712970078,-0.9208609028476931,0.35157646255091085
13855,-1.0028154827710798,-1.1460510870142313,1.3175645148904118
9311,0.9088182211159885,1.4886740677342667,0.35157646255091085
2399,0.33781075112374737,0.9482176257345747,0.8345704887206613
8618,0.18885228069098867,0.7568059691930171,0.35157646255091085
14775,-0.15871748365211455,0.7005084231513826,0.8345704887206613
4126,0.561248456772885,0.8018440060263248,0.35157646255091085
9102,-1.077294717987459,-1.191089123847539,1.3175645148904118
9023,1.3556936324142643,0.7230274415680364,-0.13141756361883955
9500,-1.077294717987459,-1.191089123847539,0.8345704887206613
1468,0.38746357460133357,-0.7744872831394432,-1.0974056159583405
5761,1.032950279809954,0.10375443511005612,-0.13141756361883955
1416,-1.077294717987459,-1.1460510870142313,0.35157646255091085
470,0.8591653976384023,0.9369581165262478,-0.13141756361883955
2358,0.2881579276461611,1.060812717817844,0.35157646255091085
2722,2.5225349841375393,2.4569918596503815,-2.063393668297841
12104,-0.7793777771219419,-0.797006301556097,1.3175645148904118
6886,0.08954663373581641,-0.6281136634311933,0.35157646255091085
7499,0.6357276919892645,1.2409648651510745,-0.13141756361883955
13084,0.983297456332368,-0.2340308411397513,-2.063393668297841
13012,-0.009759013219356063,0.49783725740149815,-0.13141756361883955
9855,-0.23319671886849389,-0.9433799212643469,-0.61441158978859
4525,-0.15871748365211455,0.6216918586930942,-0.13141756361883955
4610,1.9267011024065053,1.6575667058591705,-0.61441158978859
14524,0.8839918093771955,0.10375443511005612,-2.063393668297841
12361,-1.0276418945098729,-1.044715504139289,0.35157646255091085
6041,-0.23319671886849389,0.5766538218597865,0.8345704887206613
11839,1.5046521028470228,1.8264593439840742,-2.5463876944675916
3869,2.2742708667496085,2.006611491317305,-1.5803996421280908
9053,1.231561573720299,0.06997590748507537,-0.61441158978859
14720,2.100485984578057,1.7026047426924782,-2.5463876944675916
14403,0.4867692215565058,1.1959268283177669,0.35157646255091085
6786,-1.077294717987459,-0.5155185713479241,1.3175645148904118
7894,2.100485984578057,1.7926808163590935,-1.5803996421280908
12433,-0.9035098358159074,-1.07849403176427,-0.13141756361883955
10790,-1.0524683062486662,-0.3804044608480012,1.3175645148904118
12727,-0.8290306005995282,-0.93212041205602,0.8345704887206613
4674,0.6853805154668505,-0.17773329509811675,-1.5803996421280908
1055,-1.077294717987459,-1.1573105962225583,0.8345704887206613
2281,0.561248456772885,0.5090967666098251,0.8345704887206613
9364,1.6039577498021953,1.3873384848593244,-0.13141756361883955
11388,1.4549992793694364,0.44153971135986353,-2.5463876944675916
13353,-1.077294717987459,-0.49299955293127035,1.3175645148904118
10769,1.1322559267651264,1.6350476874425166,-1.0974056159583405
1924,-1.0524683062486662,-0.6055946450145395,0.8345704887206613
6379,1.7529162202349537,2.0291305097339585,0.35157646255091085
4907,1.256387985459092,1.7026047426924782,-0.13141756361883955
11513,1.554304926324609,1.848978362400728,-1.5803996421280908
13876,0.08954663373581641,-0.8758228660143854,-1.5803996421280908
1075,-1.077294717987459,-1.202348633055866,0.8345704887206613
1115,-1.077294717987459,-1.1573105962225583,0.8345704887206613
3936,-0.45663442451763175,-0.5155185713479241,0.8345704887206613
3533,0.8591653976384023,0.6892489139430557,-0.61441158978859
15030,-1.0524683062486662,-0.9996774673059815,0.35157646255091085
7889,-0.5807664832115972,0.12627345352670993,0.8345704887206613
460,1.1570823385039195,0.9369581165262478,-1.0974056159583405
3032,-0.6800721301667696,-0.07639771222317451,0.35157646255091085
4207,-0.48146083625642483,0.38524216531822897,-0.13141756361883955
6713,-0.3573287775624594,0.4302802021515366,0.35157646255091085
13684,0.26333151590736814,1.03829369940119,0.35157646255091085
6398,0.8343389858996093,1.3985979940676512,-0.13141756361883955
5841,-0.8786834240771144,-1.1010130501809237,0.35157646255091085
6939,0.4122899863401266,-0.8082658107644239,-0.13141756361883955
1452,-1.0524683062486662,-1.1798296146392122,-0.13141756361883955
2149,0.03989381025823017,-0.7519682647227893,0.35157646255091085
319,-1.077294717987459,-1.1347915778059046,0.8345704887206613
13401,1.8770482789289193,1.049553208609517,-2.5463876944675916
7864,-0.4069816010400455,0.44153971135986353,0.8345704887206613
6769,0.3129843393849541,1.0157746809845363,0.8345704887206613
1922,-1.077294717987459,-0.6844112094728279,1.3175645148904118
12335,-0.13389107191332153,-0.35788544243134734,0.35157646255091085
13641,0.4867692215565058,0.9819961533595555,0.35157646255091085
10444,0.9584710445935745,1.2522243743594015,-1.0974056159583405
12375,0.6605541037280576,-0.5943351358062126,-1.5803996421280908
7801,-0.15871748365211455,0.5428752942348057,0.8345704887206613
10868,-0.28284954234608,-0.34662593322302043,0.35157646255091085
14489,2.001180337622885,1.2634838835677282,-2.5463876944675916
2129,0.03989381025823017,-0.5605566081812319,-0.13141756361883955
6403,1.5791313380634018,1.8377188531924011,-0.61441158978859
7403,-0.3821551893012525,0.04745688906842155,-0.13141756361883955
6478,-0.5807664832115972,-0.4254424976813089,0.8345704887206613
6300,0.75985975068323,0.644210877109748,-0.61441158978859
14322,0.26333151590736814,0.14879247194336379,-0.13141756361883955
11162,0.38746357460133357,1.0045151717762093,-0.61441158978859
9048,-0.5807664832115972,-0.5718161173895587,0.35157646255091085
12598,1.1819087502427124,1.6575667058591705,-0.61441158978859
2509,-1.0524683062486662,-1.1010130501809237,-0.13141756361883955
1052,-1.077294717987459,-1.1460510870142313,0.8345704887206613
7819,2.0260067493616774,2.1304660926089007,-0.61441158978859
6152,0.983297456332368,-0.35788544243134734,-0.13141756361883955
1681,0.809512574160816,1.1283697730678053,-1.0974056159583405
12171,-1.077294717987459,-0.5492970989729049,1.3175645148904118
4067,-1.0524683062486662,-0.9996774673059815,1.3175645148904118
5024,-1.077294717987459,-0.9208609028476931,0.8345704887206613
1456,-0.3821551893012525,-0.9771584488893277,-0.61441158978859
9006,-0.8290306005995282,-0.3015878963897128,0.35157646255091085
361,-0.5807664832115972,-1.0221964857226353,0.35157646255091085
8870,0.8839918093771955,0.9369581165262478,0.35157646255091085
14716,1.306040808936678,1.2071863375260936,-1.5803996421280908
9197,-0.7048985419055627,-0.5605566081812319,0.35157646255091085
15140,1.008123868071161,2.0629090373589394,0.35157646255091085
3145,-0.6800721301667696,-0.008840656973213026,0.8345704887206613
13776,-0.9283362475547006,-0.6168541542228664,1.3175645148904118
8749,-1.077294717987459,-1.202348633055866,1.3175645148904118
505,-1.077294717987459,-0.4479615160979627,1.3175645148904118
10659,-1.0276418945098729,-0.8082658107644239,0.35157646255091085
7169,0.7102069272056438,0.9594771349429017,0.35157646255091085
13677,-0.8042041888607351,0.05871639827674846,0.8345704887206613
11785,2.0260067493616774,1.4098575032759781,-2.063393668297841
13251,-0.4069816010400455,0.06997590748507537,-0.13141756361883955
13394,-0.7048985419055627,-0.26780936876473205,0.8345704887206613
540,0.4371163980789196,1.162148300692786,0.35157646255091085
4235,0.9336446328547815,1.2409648651510745,-0.61441158978859
5507,-1.077294717987459,-1.1347915778059046,1.3175645148904118
13812,-1.0028154827710798,-0.9658989396810007,1.3175645148904118
14628,-1.077294717987459,-1.1573105962225583,1.3175645148904118
10080,-1.077294717987459,-0.5492970989729049,0.8345704887206613
13863,-1.077294717987459,-1.202348633055866,0.8345704887206613
754,-0.7793777771219419,-0.9884179580976545,0.35157646255091085
8332,0.11437304547460941,-0.4479615160979627,-0.13141756361883955
2003,2.5970142193539187,2.490770387275362,-1.0974056159583405
2542,-1.077294717987459,-1.202348633055866,0.8345704887206613
6073,1.1819087502427124,1.2297053559427475,-1.0974056159583405
2918,-1.077294717987459,-1.202348633055866,0.35157646255091085
7791,0.16402586895219565,0.7005084231513826,-0.13141756361883955
5218,1.008123868071161,1.0045151717762093,-1.0974056159583405
237,0.75985975068323,0.8694010612762862,-0.13141756361883955
4271,0.9088182211159885,0.5991728402764404,-0.13141756361883955
5875,-1.077294717987459,-1.1235320685975776,1.3175645148904118
12453,-0.009759013219356063,-0.661892191056174,-0.13141756361883955
100,0.18885228069098867,0.45279922056819044,0.35157646255091085
11035,1.231561573720299,0.6104323494847672,-1.5803996421280908
11055,1.4301728676306433,1.1171102638594783,-1.0974056159583405
9801,0.6853805154668505,-0.3804044608480012,-0.61441158978859
9893,-1.077294717987459,-1.1235320685975776,1.3175645148904118
5362,-0.0594118366969423,0.1600519811516907,0.35157646255091085
4766,-1.077294717987459,-1.1573105962225583,0.8345704887206613
8115,-1.077294717987459,-0.8082658107644239,1.3175645148904118
4880,-1.0524683062486662,-0.40292347926465505,0.8345704887206613
12964,0.2385051041685749,1.0157746809845363,-0.13141756361883955
601,0.6853805154668505,0.8356225336513056,-0.13141756361883955
9767,-0.28284954234608,-0.26780936876473205,-0.13141756361883955
13697,1.4301728676306433,1.8039403255674202,-1.0974056159583405
6182,-0.5311136597340109,-0.9884179580976545,0.8345704887206613
12140,1.7529162202349537,1.060812717817844,-2.5463876944675916
15333,-0.7545513653831489,-0.9771584488893277,-1.5803996421280908
2431,0.6853805154668505,0.7905844968179979,-0.13141756361883955
15117,2.2246180432720224,2.648403516191939,-1.5803996421280908
1044,-1.077294717987459,-1.1235320685975776,1.3175645148904118
11866,-1.0524683062486662,-0.3353664240146935,0.8345704887206613
1557,0.9336446328547815,0.8356225336513056,-0.61441158978859
5009,-0.4069816010400455,-0.2227713319314244,0.8345704887206613
1487,-0.28284954234608,-0.8082658107644239,0.8345704887206613
6577,-1.077294717987459,-1.191089123847539,1.3175645148904118
14941,-1.0028154827710798,-1.1122725593892506,1.3175645148904118
14120,-0.18354389539090765,0.23886854560997908,-0.13141756361883955
13053,-0.6055928949503904,-0.4479615160979627,0.8345704887206613
2115,-1.077294717987459,-0.9996774673059815,0.8345704887206613
5795,-1.077294717987459,-1.1235320685975776,0.8345704887206613
13636,-0.6552457184279764,0.04745688906842155,0.8345704887206613
7364,-1.0524683062486662,-0.8983418844310392,1.3175645148904118
8291,0.18885228069098867,0.19383050877667143,-0.13141756361883955
5491,0.3129843393849541,-0.7632277739311163,-1.0974056159583405
10771,1.5046521028470228,1.8602378716090548,-0.61441158978859
618,-0.8786834240771144,-0.49299955293127035,0.8345704887206613
7920,-0.9035098358159074,-0.49299955293127035,0.8345704887206613
8541,-0.15871748365211455,0.6104323494847672,0.8345704887206613
11788,1.032950279809954,0.9594771349429017,-2.063393668297841
15009,-0.8290306005995282,-0.7857467923477701,-0.13141756361883955
3396,-1.0524683062486662,-0.538037589764578,0.8345704887206613
1600,-0.4069816010400455,0.38524216531822897,0.35157646255091085
10515,-0.9779890710322867,-0.8758228660143854,1.3175645148904118
10715,0.18885228069098867,0.7455464599846903,-0.13141756361883955
1615,1.08260310328754,1.578750141400882,0.8345704887206613
1752,1.008123868071161,-0.07639771222317451,-0.61441158978859
8911,2.001180337622885,2.0854280557755933,-0.13141756361883955
2040,0.08954663373581641,0.7117679323597095,0.8345704887206613
2083,-0.3821551893012525,-0.1552142766814629,0.8345704887206613
9192,1.1322559267651264,0.23886854560997908,-1.5803996421280908
546,0.983297456332368,1.5337121045675743,-0.13141756361883955
6199,-0.8290306005995282,-1.0897535409725967,1.3175645148904118
10993,-1.077294717987459,-1.1010130501809237,1.3175645148904118
14138,-0.3821551893012525,-0.16647378588978984,0.8345704887206613
11528,-0.5311136597340109,0.26138756402663293,1.3175645148904118
5147,-1.077294717987459,-1.1122725593892506,1.3175645148904118
11438,-0.30767595408487314,0.28390658244328676,-0.61441158978859
675,-1.077294717987459,-1.1010130501809237,1.3175645148904118
2545,-1.077294717987459,-1.202348633055866,0.8345704887206613
4371,-1.077294717987459,-1.202348633055866,0.8345704887206613
12768,-1.077294717987459,-1.202348633055866,0.8345704887206613
3999,-1.077294717987459,-1.202348633055866,0.35157646255091085
14577,-1.0524683062486662,-1.1460510870142313,0.8345704887206613
6014,0.8591653976384023,1.466155049317613,0.35157646255091085
5096,-1.077294717987459,-1.202348633055866,0.8345704887206613
175,1.057776691548747,1.590009650609209,-0.13141756361883955
14618,-0.30767595408487314,-0.9208609028476931,-1.0974056159583405
2208,-0.5559400714728041,-0.9546394304726739,-0.61441158978859
3609,-1.077294717987459,-1.1460510870142313,0.8345704887206613
12004,0.5115956332952991,-0.5718161173895587,-0.61441158978859
13274,0.26333151590736814,0.8131035152346517,0.35157646255091085
3787,2.0260067493616774,2.006611491317305,-1.0974056159583405
14370,2.249444455010816,2.0178710005256315,-2.5463876944675916
10846,-0.9779890710322867,-0.6055946450145395,0.8345704887206613
6458,1.7777426319737468,1.0720722270261707,-1.5803996421280908
2225,-1.077294717987459,-1.1122725593892506,0.8345704887206613
3049,2.4232293371823674,2.1417256018172277,-2.5463876944675916
296,-0.506287247995218,-0.6844112094728279,0.35157646255091085
1126,-0.8290306005995282,-0.9771584488893277,-0.13141756361883955
9773,-0.23319671886849389,-0.3241069148063666,-0.13141756361883955
14610,-0.9531626592934936,-1.1235320685975776,0.8345704887206613
15072,0.16402586895219565,0.7905844968179979,-0.13141756361883955
2441,0.7350333389444368,0.5766538218597865,-0.61441158978859
13185,0.21367869242978188,-0.5718161173895587,-1.5803996421280908
7624,0.26333151590736814,-0.661892191056174,-0.61441158978859
1322,0.7102069272056438,0.9932556625678823,0.35157646255091085
1603,-0.0594118366969423,0.7005084231513826,0.8345704887206613
4210,1.306040808936678,1.6913452334841512,-1.5803996421280908
11932,1.057776691548747,0.8243630244429786,-2.063393668297841
13218,0.3129843393849541,0.03619737986009463,-0.61441158978859
9647,2.1253123963168505,2.1867636386505356,-0.13141756361883955
4065,-0.9531626592934936,-0.93212041205602,1.3175645148904118
6904,-1.077294717987459,-1.1685701054308852,1.3175645148904118
1294,0.33781075112374737,1.0157746809845363,-0.61441158978859
5007,1.3805200441530574,0.6892489139430557,-1.5803996421280908
6069,1.08260310328754,1.2297053559427475,-0.13141756361883955
6386,1.2067351619815054,1.6800857242758243,0.35157646255091085
14352,2.050833161100471,1.6237881782341896,-2.5463876944675916
10862,0.7350333389444368,0.20509001798499835,-0.61441158978859
7377,1.306040808936678,0.5316157850264789,-0.13141756361883955
4071,0.9584710445935745,-0.09891673063982834,-2.063393668297841
1507,0.13919945721340263,-0.4704805345146165,-0.61441158978859
12152,-1.077294717987459,-0.673151700264501,1.3175645148904118
1559,1.231561573720299,1.027034190192863,-0.61441158978859
9112,-1.077294717987459,-1.202348633055866,0.8345704887206613
5577,0.561248456772885,0.655470386318075,-0.13141756361883955
11633,-0.6552457184279764,-0.8645633568060586,0.8345704887206613
9934,-1.0524683062486662,-0.8082658107644239,1.3175645148904118
12489,0.5115956332952991,0.14879247194336379,0.35157646255091085
9148,0.561248456772885,-0.673151700264501,-0.13141756361883955
1836,-0.9779890710322867,-1.1235320685975776,0.8345704887206613
5611,1.2812143971978849,1.5449716137759013,-1.0974056159583405
7612,-0.4069816010400455,-0.7519682647227893,0.8345704887206613
8545,1.256387985459092,1.6237881782341896,0.35157646255091085
5335,0.8343389858996093,1.1283697730678053,-0.61441158978859
1354,1.306040808936678,0.6779894047347288,-2.5463876944675916
14774,0.2385051041685749,1.0157746809845363,0.8345704887206613
4141,2.3735765137047813,2.0629090373589394,-2.5463876944675916
9240,1.1819087502427124,1.18466731910944,-0.61441158978859
9457,-0.3821551893012525,-0.8758228660143854,0.8345704887206613
13546,0.2385051041685749,-0.6055946450145395,-0.61441158978859
4844,-1.077294717987459,-0.6844112094728279,0.8345704887206613
4723,-0.506287247995218,-0.9884179580976545,-0.61441158978859
6260,0.26333151590736814,-0.36914495163967426,-1.0974056159583405
13753,-0.5311136597340109,-0.020100166181539942,-0.13141756361883955
6906,-0.33250236582366627,-0.8983418844310392,0.8345704887206613
3280,-0.6055928949503904,-1.0334559949309623,-0.13141756361883955
4032,-1.077294717987459,-1.1685701054308852,1.3175645148904118
6720,2.398402925443574,2.3106182399421313,-1.0974056159583405
1235,-1.077294717987459,-0.4479615160979627,1.3175645148904118
8660,-0.4069816010400455,-0.20025231351477057,0.8345704887206613
12502,-1.077294717987459,-0.7857467923477701,1.3175645148904118
10806,0.16402586895219565,0.7680654784013441,-0.13141756361883955
13683,-0.9531626592934936,-0.13269525826480907,0.8345704887206613
10336,-0.009759013219356063,0.44153971135986353,-0.61441158978859
2251,-0.5807664832115972,-0.5605566081812319,0.8345704887206613
1025,0.4371163980789196,-0.3015878963897128,-0.61441158978859
11933,0.38746357460133357,0.45279922056819044,-0.61441158978859
7640,0.11437304547460941,-0.8307848291810778,-0.13141756361883955
6649,-0.3821551893012525,-0.25654985955640514,0.8345704887206613
14632,-0.6800721301667696,-0.9658989396810007,0.35157646255091085
8323,-0.506287247995218,-0.5830756265978857,0.35157646255091085
13252,1.9515275141452983,1.4886740677342667,-2.5463876944675916
3397,1.330867220675471,1.2860029019843822,-0.61441158978859
313,0.784686162422023,-0.4704805345146165,-2.063393668297841
636,-1.077294717987459,-0.8870823752227124,-0.13141756361883955
6149,-0.009759013219356063,-0.5943351358062126,-0.61441158978859
8776,0.7102069272056438,-0.6956707186811548,-1.5803996421280908
15018,0.4371163980789196,-0.3128474055980397,-0.61441158978859
9796,0.983297456332368,-0.2227713319314244,-0.61441158978859
12721,0.46194280981771285,-0.41418298847298196,-1.0974056159583405
7249,0.06472022199702318,-0.6168541542228664,-0.13141756361883955
10911,-1.0276418945098729,-1.0897535409725967,1.3175645148904118
11899,2.001180337622885,1.9277949268590164,-1.0974056159583405
1152,-1.077294717987459,-0.9996774673059815,1.3175645148904118
2970,0.03989381025823017,-0.48174004372294343,-0.13141756361883955
8675,-0.3821551893012525,-0.36914495163967426,0.8345704887206613
2584,0.21367869242978188,-0.661892191056174,-0.61441158978859
10172,-1.0028154827710798,-1.0334559949309623,0.8345704887206613
3885,2.1253123963168505,1.6688262150674973,-1.5803996421280908
14747,-0.9035098358159074,-0.14395476747313599,0.8345704887206613
11825,-0.9283362475547006,-0.17773329509811675,0.8345704887206613
8807,-1.077294717987459,-1.07849403176427,1.3175645148904118
4771,-1.077294717987459,-1.1460510870142313,-1.0974056159583405
14059,-0.9531626592934936,-0.14395476747313599,1.3175645148904118
12549,-0.48146083625642483,0.26138756402663293,0.35157646255091085
6697,0.7350333389444368,1.0945912454428246,-0.61441158978859
7268,-1.077294717987459,-1.1685701054308852,1.3175645148904118
8077,-1.077294717987459,-1.07849403176427,1.3175645148904118
11508,1.032950279809954,1.5449716137759013,-1.5803996421280908
15164,-0.13389107191332153,0.9144390981095939,1.3175645148904118
11974,1.330867220675471,0.12627345352670993,-2.5463876944675916
7131,-1.0524683062486662,-0.35788544243134734,1.3175645148904118
6058,2.3735765137047813,2.0854280557755933,-1.5803996421280908
1840,0.4867692215565058,-0.7181897370978086,-1.5803996421280908
13957,-0.9531626592934936,-0.6506326818478472,1.3175645148904118
1564,-0.4318080127788386,0.05871639827674846,-0.13141756361883955
3673,-0.4069816010400455,-0.8870823752227124,0.35157646255091085
10398,0.38746357460133357,1.1283697730678053,-0.61441158978859
13289,2.2742708667496085,2.209282657067189,-2.063393668297841
4698,-1.0276418945098729,-1.07849403176427,-0.13141756361883955
15304,-0.7048985419055627,-0.8870823752227124,0.8345704887206613
3320,-0.8042041888607351,-0.9433799212643469,-0.13141756361883955
5192,1.231561573720299,0.632951367901421,-1.5803996421280908
2272,-0.8786834240771144,-0.5492970989729049,0.8345704887206613
14422,1.5791313380634018,1.9165354176506895,-1.5803996421280908
6157,-1.077294717987459,-1.1235320685975776,1.3175645148904118
4254,0.7102069272056438,0.8581415520679594,-0.13141756361883955
4773,-0.08423824843573531,-0.7632277739311163,-0.13141756361883955
6575,-1.0524683062486662,-1.1798296146392122,0.35157646255091085
14274,-0.13389107191332153,-0.7407087555144625,-0.61441158978859
4709,-0.506287247995218,-0.9208609028476931,0.35157646255091085
847,-0.15871748365211455,0.4077611837348828,0.35157646255091085
13554,-0.8538570123383212,-0.9208609028476931,-0.13141756361883955
5544,-0.8290306005995282,-0.6506326818478472,1.3175645148904118
5526,-1.077294717987459,-1.044715504139289,1.3175645148904118
838,2.001180337622885,1.590009650609209,-2.063393668297841
5461,0.08954663373581641,-0.8758228660143854,-0.13141756361883955
8768,-0.6800721301667696,-1.0334559949309623,0.35157646255091085
8747,-1.077294717987459,-1.202348633055866,1.3175645148904118
7800,-0.8786834240771144,-0.14395476747313599,0.8345704887206613
4597,-0.4318080127788386,0.29516609165161367,0.8345704887206613
5916,-0.15871748365211455,-0.1552142766814629,0.8345704887206613
1417,-1.077294717987459,-1.1460510870142313,0.8345704887206613
5785,-0.6800721301667696,-0.8420443383894047,0.8345704887206613
8283,-0.48146083625642483,-0.11017623984815525,0.35157646255091085
3848,2.5970142193539187,2.4006943136087466,-2.063393668297841
604,0.7102069272056438,0.8131035152346517,-1.5803996421280908
9581,0.6853805154668505,0.4865777481931712,-0.61441158978859
13739,0.5115956332952991,0.8806605704846132,-0.13141756361883955
2078,-0.10906466017452843,0.06997590748507537,0.35157646255091085
9940,-1.077294717987459,-0.8195253199727509,0.8345704887206613
2311,-0.03458542495814907,0.5316157850264789,0.35157646255091085
9282,1.5791313380634018,1.8714973808173818,-0.13141756361883955
4343,-1.077294717987459,-1.1573105962225583,0.8345704887206613
1471,-0.8786834240771144,-1.07849403176427,0.8345704887206613
13541,0.4122899863401266,-0.6168541542228664,-1.0974056159583405
1982,-0.7048985419055627,0.1713114903600176,0.8345704887206613
8724,-1.077294717987459,-1.1460510870142313,0.8345704887206613
4466,1.3805200441530574,0.8018440060263248,-0.61441158978859
199,-0.9035098358159074,-0.12143574905648218,1.3175645148904118
6676,1.8273954554513328,1.3873384848593244,-1.0974056159583405
485,-0.5807664832115972,0.0924949259017292,0.8345704887206613
6975,-0.33250236582366627,-0.7519682647227893,-0.13141756361883955
3270,-1.077294717987459,-1.202348633055866,1.3175645148904118
4724,0.16402586895219565,-0.8420443383894047,-1.5803996421280908
5728,0.5860748685116783,0.49783725740149815,-0.13141756361883955
2823,-1.0524683062486662,-0.797006301556097,0.8345704887206613
4551,-0.5311136597340109,0.36272314690157514,0.8345704887206613
9960,-0.33250236582366627,0.08123541669340228,-0.13141756361883955
5336,-0.8042041888607351,-0.13269525826480907,0.8345704887206613
3245,-0.4069816010400455,-0.8645633568060586,-0.61441158978859
4453,-1.077294717987459,-0.8758228660143854,0.8345704887206613
10452,-1.077294717987459,-0.5943351358062126,1.3175645148904118
5817,-0.28284954234608,-0.93212041205602,-0.61441158978859
8450,-0.7545513653831489,-0.8082658107644239,0.8345704887206613
3749,1.08260310328754,0.9144390981095939,-0.61441158978859
2202,-0.8538570123383212,-1.067234522555943,-0.13141756361883955
11335,-1.077294717987459,-1.1798296146392122,1.3175645148904118
12510,1.9515275141452983,1.2409648651510745,-2.5463876944675916
2794,-1.0028154827710798,-0.49299955293127035,1.3175645148904118
7598,-1.077294717987459,-1.0221964857226353,1.3175645148904118
14838,0.784686162422023,1.0157746809845363,-0.13141756361883955
10579,-0.18354389539090765,-0.93212041205602,-1.0974056159583405
524,0.809512574160816,1.421117012484305,-0.13141756361883955
10740,-1.077294717987459,-0.4254424976813089,0.8345704887206613
14205,-1.0524683062486662,-1.1235320685975776,0.8345704887206613
947,0.561248456772885,1.0157746809845363,-0.13141756361883955
11826,1.7032633967573674,1.8602378716090548,-2.063393668297841
9019,-0.8042041888607351,-0.4254424976813089,0.8345704887206613
12139,1.8770482789289193,1.0945912454428246,-2.5463876944675916
1280,-0.7048985419055627,0.1713114903600176,-0.13141756361883955
10256,-1.077294717987459,-1.1235320685975776,1.3175645148904118
122,1.256387985459092,1.421117012484305,-1.0974056159583405
4366,-1.0276418945098729,-1.1685701054308852,-0.13141756361883955
5885,-1.077294717987459,-1.07849403176427,0.8345704887206613
7402,0.5860748685116783,0.655470386318075,-0.13141756361883955
11868,0.809512574160816,1.421117012484305,-0.61441158978859
8812,-0.28284954234608,-0.6281136634311933,-0.13141756361883955
2302,-0.009759013219356063,0.45279922056819044,-0.13141756361883955
13856,-1.077294717987459,-1.191089123847539,1.3175645148904118
11510,-1.0028154827710798,-0.24529035034807822,0.35157646255091085
12959,1.80256904371254,2.0516495281506124,-1.0974056159583405
5820,-0.9283362475547006,-1.1235320685975776,0.8345704887206613
10550,-1.077294717987459,-1.1460510870142313,0.8345704887206613
1005,-0.3573287775624594,-0.35788544243134734,-0.13141756361883955
3460,2.4232293371823674,2.4119538228170736,-0.61441158978859
7289,-0.28284954234608,-0.9546394304726739,0.35157646255091085
14304,-1.077294717987459,-0.9433799212643469,1.3175645148904118
13795,-0.9531626592934936,-0.8082658107644239,1.3175645148904118
3055,0.33781075112374737,0.9369581165262478,0.8345704887206613
13640,1.5046521028470228,1.612528669025863,-1.5803996421280908
3566,0.13919945721340263,-0.18899280430644366,0.35157646255091085
14581,-0.7048985419055627,-1.0334559949309623,0.35157646255091085
2132,-0.0594118366969423,-0.6168541542228664,-0.13141756361883955
501,2.4728821606599536,2.276839712317151,-1.5803996421280908
13592,-1.077294717987459,-0.8195253199727509,1.3175645148904118
9856,-0.8786834240771144,-1.1122725593892506,0.35157646255091085
3185,-0.23319671886849389,-0.14395476747313599,0.8345704887206613
6153,0.9088182211159885,-0.39166397005632814,0.35157646255091085
8063,0.3626371628625404,-0.6281136634311933,-0.13141756361883955
229,-1.0524683062486662,-0.5267780805562511,0.8345704887206613
9088,-1.077294717987459,-1.1460510870142313,1.3175645148904118
4001,-1.077294717987459,-1.202348633055866,0.8345704887206613
13387,-0.3573287775624594,0.13753296273503687,0.35157646255091085
14026,0.784686162422023,1.3310409388176898,-1.0974056159583405
10741,0.06472022199702318,0.8243630244429786,0.35157646255091085
9415,0.4867692215565058,-0.13269525826480907,-0.13141756361883955
3007,-0.33250236582366627,-0.08765722143150143,0.8345704887206613
12653,0.46194280981771285,0.7342869507763633,-2.5463876944675916
4587,-0.7545513653831489,0.03619737986009463,0.8345704887206613
4221,1.9763539258840919,1.9953519821089778,-1.0974056159583405
4305,-0.7545513653831489,-0.7181897370978086,0.35157646255091085
9395,1.08260310328754,0.46405872977651735,-0.13141756361883955
7924,1.330867220675471,0.7680654784013441,-0.61441158978859
2750,-0.18354389539090765,0.632951367901421,0.35157646255091085
9202,-1.077294717987459,-0.8645633568060586,1.3175645148904118
595,1.1074295150263334,1.173407809901113,-0.13141756361883955
7210,-1.0276418945098729,-0.797006301556097,0.8345704887206613
4376,-1.077294717987459,-1.202348633055866,-0.13141756361883955
2944,-1.077294717987459,-1.1460510870142313,1.3175645148904118
10567,-0.3821551893012525,-0.9658989396810007,-1.0974056159583405
10439,1.4053464558918505,1.578750141400882,-1.0974056159583405
2718,0.38746357460133357,1.1283697730678053,-0.13141756361883955
3362,-0.6800721301667696,-0.4367020068896358,0.35157646255091085
11446,0.18885228069098867,0.7455464599846903,-1.0974056159583405
8661,-1.077294717987459,-0.8195253199727509,0.35157646255091085
5824,-0.8290306005995282,-1.0897535409725967,0.35157646255091085
8993,-0.15871748365211455,0.3965016745265559,-0.13141756361883955
15173,-0.13389107191332153,1.1396292822761322,-1.5803996421280908
5230,0.3129843393849541,0.7455464599846903,0.35157646255091085
12703,-0.33250236582366627,-0.4704805345146165,0.8345704887206613
6746,1.2812143971978849,1.7363832703174589,0.35157646255091085
4161,2.348750101965988,2.276839712317151,-1.0974056159583405
13079,-0.7048985419055627,-0.7632277739311163,1.3175645148904118
11793,-0.4069816010400455,0.10375443511005612,0.8345704887206613
6878,1.08260310328754,-0.25654985955640514,-2.063393668297841
8810,0.6605541037280576,-0.3353664240146935,-1.0974056159583405
12620,0.784686162422023,1.2972624111927091,-0.61441158978859
5322,0.561248456772885,1.0945912454428246,0.8345704887206613
5561,1.057776691548747,0.632951367901421,0.35157646255091085
10306,0.75985975068323,0.4302802021515366,-1.5803996421280908
12273,-0.08423824843573531,0.5316157850264789,-0.13141756361883955
13482,-1.077294717987459,-1.1798296146392122,1.3175645148904118
13598,1.306040808936678,0.7905844968179979,-0.61441158978859
11305,-1.0524683062486662,-1.1798296146392122,0.8345704887206613
14847,1.9018746906677122,1.466155049317613,-2.5463876944675916
11030,-0.30767595408487314,-0.24529035034807822,-0.13141756361883955
14351,-0.506287247995218,0.03619737986009463,0.8345704887206613
4867,0.33781075112374737,0.7905844968179979,-0.61441158978859
9281,0.2881579276461611,1.0045151717762093,0.35157646255091085
12988,1.8770482789289193,1.9277949268590164,-2.063393668297841
1017,-0.48146083625642483,-0.5605566081812319,0.35157646255091085
8251,0.7350333389444368,1.1396292822761322,-0.13141756361883955
8005,-1.077294717987459,-1.191089123847539,0.8345704887206613
9853,-1.077294717987459,-1.202348633055866,1.3175645148904118
1928,2.0260067493616774,1.5111930861509206,-1.5803996421280908
13288,0.8839918093771955,1.3535599572343435,-1.0974056159583405
350,-1.0276418945098729,-1.1685701054308852,-0.13141756361883955
6703,0.8591653976384023,1.2409648651510745,0.35157646255091085
8794,-0.20837030712970078,-0.7744872831394432,-0.61441158978859
223,-0.7048985419055627,-0.03135967538986686,0.35157646255091085
6030,1.4301728676306433,1.7926808163590935,-0.13141756361883955
14345,-1.077294717987459,-0.661892191056174,1.3175645148904118
13328,2.150138808055643,2.24306118469217,-0.61441158978859
11515,-0.3821551893012525,0.46405872977651735,-0.13141756361883955
9386,0.06472022199702318,0.12627345352670993,-0.13141756361883955
2500,0.06472022199702318,-0.6055946450145395,0.35157646255091085
8845,-0.6055928949503904,-0.34662593322302043,-0.13141756361883955
9876,-0.9779890710322867,-1.1122725593892506,0.8345704887206613
564,-1.077294717987459,-0.4704805345146165,0.8345704887206613
1582,-0.9531626592934936,-0.29032838718138587,0.8345704887206613
5545,-1.0524683062486662,-0.8533038475977316,1.3175645148904118
2175,-0.23319671886849389,-0.9433799212643469,0.35157646255091085
10155,0.16402586895219565,-0.3804044608480012,-0.13141756361883955
9319,-0.4069816010400455,0.46405872977651735,0.35157646255091085
15311,0.16402586895219565,-0.7632277739311163,0.8345704887206613
3933,0.46194280981771285,-0.07639771222317451,-0.61441158978859
12223,0.6853805154668505,1.3423004480260168,-0.61441158978859
7356,-0.4069816010400455,-0.6281136634311933,0.8345704887206613
2707,-1.077294717987459,-0.41418298847298196,1.3175645148904118
15152,2.696319866309091,2.941150755608439,-0.61441158978859
9923,0.11437304547460941,-0.18899280430644366,-0.13141756361883955
5211,-1.077294717987459,-0.6844112094728279,1.3175645148904118
14920,0.4122899863401266,-0.5267780805562511,-0.61441158978859
9423,-1.0028154827710798,-0.93212041205602,0.35157646255091085
12205,-0.7297249536443557,0.12627345352670993,0.8345704887206613
3535,0.5115956332952991,0.47531823898484427,0.35157646255091085
14400,0.26333151590736814,1.0157746809845363,0.35157646255091085
11047,-1.0028154827710798,-0.6055946450145395,0.8345704887206613
2397,1.6784369850185743,1.8151998347757472,-0.61441158978859
6657,-1.077294717987459,-0.7857467923477701,0.8345704887206613
3739,-0.33250236582366627,-0.0651382030148476,0.8345704887206613
11976,-0.20837030712970078,-0.4592210253062896,-0.61441158978859
821,-1.077294717987459,-0.7294492463061355,1.3175645148904118
2063,0.5860748685116783,0.7680654784013441,-0.61441158978859
13069,-1.077294717987459,-0.9771584488893277,1.3175645148904118
13758,1.3805200441530574,0.9819961533595555,-1.5803996421280908
81,1.5791313380634018,0.8468820428596324,-2.063393668297841
5419,-1.077294717987459,-1.0897535409725967,1.3175645148904118
10118,-0.9283362475547006,-0.5718161173895587,0.8345704887206613
14222,-0.15871748365211455,-0.9208609028476931,-1.0974056159583405
10134,0.06472022199702318,-0.12143574905648218,0.35157646255091085
2697,-0.5807664832115972,0.22760903640165217,-0.13141756361883955
831,0.06472022199702318,0.37398265610990206,0.35157646255091085
4574,1.6039577498021953,1.8714973808173818,-1.0974056159583405
3826,2.5970142193539187,2.502029896483689,-2.063393668297841
5924,1.1819087502427124,0.655470386318075,-1.0974056159583405
15054,-1.077294717987459,-0.9433799212643469,0.8345704887206613
1397,-0.7545513653831489,-0.8420443383894047,1.3175645148904118
10490,-0.8538570123383212,-0.5605566081812319,0.35157646255091085
2833,1.2067351619815054,0.28390658244328676,-2.063393668297841
10779,-0.7048985419055627,0.1600519811516907,0.8345704887206613
14273,-0.8786834240771144,-1.0109369765143084,0.35157646255091085
14630,-1.0028154827710798,-1.1010130501809237,0.8345704887206613
14096,1.08260310328754,1.3423004480260168,-0.61441158978859
13578,-1.0524683062486662,-0.8645633568060586,-0.61441158978859
7530,1.1074295150263334,1.2409648651510745,-0.13141756361883955
48,-1.077294717987459,-1.044715504139289,1.3175645148904118
9368,0.6357276919892645,0.7905844968179979,0.35157646255091085
12353,0.46194280981771285,-0.3804044608480012,-1.0974056159583405
9652,-0.7297249536443557,0.13753296273503687,0.8345704887206613
6512,-1.077294717987459,-1.07849403176427,0.8345704887206613
11702,-1.077294717987459,-1.1685701054308852,1.3175645148904118
7677,0.5115956332952991,-0.7519682647227893,-0.61441158978859
11505,-0.6304193066891834,0.250128054818306,-0.13141756361883955
6357,-0.5807664832115972,0.26138756402663293,0.35157646255091085
4095,-1.077294717987459,-0.8195253199727509,1.3175645148904118
2689,1.08260310328754,1.421117012484305,-0.61441158978859
1189,0.4122899863401266,0.4865777481931712,0.8345704887206613
11031,1.1322559267651264,0.4865777481931712,-1.5803996421280908
4845,-1.077294717987459,-0.6844112094728279,0.35157646255091085
5210,-1.077294717987459,-0.6844112094728279,0.8345704887206613
3990,-0.7048985419055627,-1.0334559949309623,0.8345704887206613
2373,1.5791313380634018,1.9052759084423625,-0.61441158978859
13198,-0.8786834240771144,-0.8758228660143854,0.35157646255091085
5676,1.9515275141452983,2.0403900189422854,-1.5803996421280908
9878,-1.0524683062486662,-1.1460510870142313,0.35157646255091085
2758,0.3129843393849541,0.9707366441512285,0.35157646255091085
14116,1.80256904371254,1.432376521692632,-1.5803996421280908
6607,-1.0028154827710798,-1.055975013347616,0.35157646255091085
9975,-1.0276418945098729,-0.4592210253062896,0.35157646255091085
12263,0.8343389858996093,1.2522243743594015,-1.0974056159583405
2488,0.784686162422023,-0.2227713319314244,-2.063393668297841
2579,-0.20837030712970078,-0.8195253199727509,-0.13141756361883955
9003,-0.6304193066891834,-0.07639771222317451,0.35157646255091085
12417,-0.8042041888607351,-1.07849403176427,-0.61441158978859
3880,0.5115956332952991,0.8581415520679594,0.35157646255091085
10137,0.5115956332952991,0.024937870651767717,-0.61441158978859
9059,0.5115956332952991,-0.26780936876473205,-0.61441158978859
7753,0.16402586895219565,0.19383050877667143,0.35157646255091085
4934,-0.6800721301667696,0.19383050877667143,0.8345704887206613
14316,-0.0594118366969423,-0.12143574905648218,-0.13141756361883955
14092,0.4867692215565058,1.0045151717762093,-0.13141756361883955
13548,-0.8042041888607351,-0.9433799212643469,0.35157646255091085
2209,-1.077294717987459,-1.1685701054308852,1.3175645148904118
5235,-0.8290306005995282,-0.14395476747313599,0.8345704887206613
3945,0.6357276919892645,-0.2115118227230975,-0.13141756361883955
12093,-0.48146083625642483,-0.7632277739311163,-0.13141756361883955
9922,0.8343389858996093,0.10375443511005612,-1.5803996421280908
2164,-0.9531626592934936,-1.1235320685975776,0.35157646255091085
2886,0.2881579276461611,-0.7407087555144625,-1.0974056159583405
8205,2.001180337622885,2.1642446202338816,-0.61441158978859
11075,-0.258023130607287,0.3402041284849213,-0.61441158978859
15245,0.16402586895219565,0.3064256008599406,0.8345704887206613
516,-1.077294717987459,-0.41418298847298196,1.3175645148904118
11940,-0.9035098358159074,-0.5042590621395973,0.35157646255091085
7516,1.8273954554513328,1.8264593439840742,0.35157646255091085
5666,1.7032633967573674,1.9503139452756701,-0.13141756361883955
172,2.646667042831505,2.524548914900343,-2.063393668297841
639,-0.9035098358159074,-0.7069302278894817,-0.13141756361883955
14870,1.6784369850185743,0.7905844968179979,-2.5463876944675916
9144,-0.9779890710322867,-1.1122725593892506,0.35157646255091085
13294,1.032950279809954,1.4886740677342667,-1.5803996421280908
7224,1.08260310328754,0.08123541669340228,-0.61441158978859
8049,0.809512574160816,-0.6506326818478472,-1.5803996421280908
5065,0.7350333389444368,-0.5267780805562511,-1.0974056159583405
1143,-1.077294717987459,-1.044715504139289,1.3175645148904118
11021,-0.30767595408487314,-0.35788544243134734,-0.61441158978859
7435,1.4301728676306433,1.612528669025863,-0.61441158978859
11805,0.4371163980789196,0.8356225336513056,-0.61441158978859
14883,-0.3821551893012525,-0.35788544243134734,0.8345704887206613
12449,-0.15871748365211455,-0.7407087555144625,-0.61441158978859
1832,-0.13389107191332153,-0.8870823752227124,-0.61441158978859
14698,0.9584710445935745,0.7005084231513826,-1.0974056159583405
9543,-1.077294717987459,-1.055975013347616,0.8345704887206613
3686,0.015067398519437164,-0.661892191056174,-0.13141756361883955
6227,-1.077294717987459,-1.1573105962225583,1.3175645148904118
5700,-1.077294717987459,-0.5718161173895587,1.3175645148904118
11611,0.18885228069098867,-0.3015878963897128,-1.5803996421280908
13892,-0.7048985419055627,-1.0109369765143084,-0.61441158978859
4537,1.8273954554513328,2.0291305097339585,-0.61441158978859
3515,2.2742708667496085,1.8151998347757472,-2.063393668297841
9895,-1.077294717987459,-1.1122725593892506,1.3175645148904118
834,1.008123868071161,0.9932556625678823,-0.61441158978859
2486,0.784686162422023,-0.20025231351477057,-2.063393668297841
11448,-0.20837030712970078,0.46405872977651735,0.8345704887206613
8741,-1.077294717987459,-1.191089123847539,1.3175645148904118
12581,-1.0028154827710798,-0.2227713319314244,1.3175645148904118
9123,-1.077294717987459,-1.202348633055866,1.3175645148904118
13539,-1.077294717987459,-1.1460510870142313,0.35157646255091085
9531,-1.077294717987459,-1.1122725593892506,0.8345704887206613
5467,-1.077294717987459,-1.202348633055866,0.8345704887206613
4915,-0.258023130607287,0.6216918586930942,0.8345704887206613
65,0.75985975068323,0.1600519811516907,-1.5803996421280908
11206,-0.33250236582366627,-0.020100166181539942,0.35157646255091085
7855,-1.077294717987459,-0.4367020068896358,1.3175645148904118
10418,-0.08423824843573531,0.7230274415680364,0.35157646255091085
2024,0.983297456332368,1.443636030900959,-0.61441158978859
1872,-1.077294717987459,-1.055975013347616,1.3175645148904118
354,-0.3573287775624594,-0.9771584488893277,-0.13141756361883955
5360,0.8343389858996093,0.6779894047347288,-0.13141756361883955
1767,-0.009759013219356063,-0.6055946450145395,0.8345704887206613
12679,-0.0594118366969423,-0.008840656973213026,-0.61441158978859
9612,0.06472022199702318,0.5653943126514596,0.35157646255091085
6405,2.1749652197944367,2.1642446202338816,-1.0974056159583405
4762,-1.077294717987459,-1.1685701054308852,1.3175645148904118
1164,0.06472022199702318,-0.09891673063982834,0.35157646255091085
12422,-1.077294717987459,-1.191089123847539,1.3175645148904118
13008,1.3805200441530574,1.4098575032759781,-1.5803996421280908
3395,-0.8290306005995282,-0.24529035034807822,0.8345704887206613
8483,0.6109012802504713,0.4077611837348828,0.8345704887206613
7814,-0.13389107191332153,0.644210877109748,0.8345704887206613
4568,2.150138808055643,2.220542166275516,-1.5803996421280908
10662,-0.6800721301667696,-0.49299955293127035,-0.13141756361883955
3127,0.2881579276461611,0.9256986073179209,-0.13141756361883955
10877,0.9584710445935745,0.013678361443440803,-1.5803996421280908
6946,-0.03458542495814907,-0.8645633568060586,-0.13141756361883955
309,-1.0524683062486662,-1.067234522555943,1.3175645148904118
7541,-0.5311136597340109,0.013678361443440803,0.8345704887206613
13871,-1.077294717987459,-1.202348633055866,0.35157646255091085
14411,-0.4318080127788386,0.46405872977651735,0.8345704887206613
10875,0.9584710445935745,0.05871639827674846,-1.5803996421280908
8735,-0.6800721301667696,-1.0221964857226353,0.35157646255091085
4354,-1.077294717987459,-1.191089123847539,0.8345704887206613
8900,1.9018746906677122,1.9390544360673434,-0.61441158978859
10175,-0.7793777771219419,-0.93212041205602,-0.61441158978859
8401,0.4122899863401266,-0.797006301556097,-2.5463876944675916
3587,-0.28284954234608,-0.6393731726395202,-0.61441158978859
13268,1.3556936324142643,1.432376521692632,-1.5803996421280908
2583,-1.077294717987459,-1.1347915778059046,1.3175645148904118
7762,-0.9283362475547006,-0.49299955293127035,1.3175645148904118
2770,1.5046521028470228,1.6237881782341896,0.35157646255091085
4812,-1.0524683062486662,-0.8645633568060586,0.35157646255091085
11034,1.5046521028470228,0.7117679323597095,-2.063393668297841
10438,2.100485984578057,1.984092472900651,-2.063393668297841
5087,0.2881579276461611,-0.8195253199727509,-2.063393668297841
324,-1.077294717987459,-1.1573105962225583,0.0
5171,0.6109012802504713,-0.1552142766814629,-0.13141756361883955
5648,0.2881579276461611,1.060812717817844,0.8345704887206613
6743,0.7350333389444368,1.3760789756509975,0.8345704887206613
11156,0.6605541037280576,1.2409648651510745,-0.61441158978859
3209,-1.077294717987459,-0.9884179580976545,0.8345704887206613
9522,0.18885228069098867,-0.6956707186811548,-0.13141756361883955
3905,-1.0524683062486662,-0.6956707186811548,1.3175645148904118
13463,-1.077294717987459,-1.1235320685975776,1.3175645148904118
1292,0.6853805154668505,1.2634838835677282,-0.61441158978859
5638,-1.0524683062486662,-0.3353664240146935,0.8345704887206613
14764,-0.8786834240771144,-0.04261918459819377,0.8345704887206613
8701,0.38746357460133357,-0.40292347926465505,-0.13141756361883955
13698,0.8343389858996093,1.421117012484305,-1.0974056159583405
2379,2.001180337622885,2.1304660926089007,-1.0974056159583405
10747,1.1074295150263334,1.601269159817536,-0.61441158978859
14933,-0.8786834240771144,-1.0334559949309623,-1.0974056159583405
3634,-1.077294717987459,-1.202348633055866,0.35157646255091085
4169,-0.48146083625642483,0.38524216531822897,0.8345704887206613
8889,1.6287841615409884,1.6463071966508436,-0.13141756361883955
6658,-0.8290306005995282,-0.4704805345146165,0.35157646255091085
13048,1.47982569110823,0.632951367901421,-2.5463876944675916
15051,1.4549992793694364,0.8919200796929401,0.8345704887206613
3428,0.46194280981771285,1.0833317362344976,-1.0974056159583405
4421,-1.077294717987459,-1.0897535409725967,1.3175645148904118
1101,-0.009759013219356063,-0.8645633568060586,-0.13141756361883955
10021,2.4232293371823674,2.3894348044004197,-2.063393668297841
8231,0.983297456332368,1.466155049317613,-0.13141756361883955
14637,0.6605541037280576,-0.5605566081812319,-2.5463876944675916
3250,-0.8290306005995282,-1.0334559949309623,0.8345704887206613
4409,-1.077294717987459,-1.1347915778059046,1.3175645148904118
4140,2.2742708667496085,1.9953519821089778,-2.063393668297841
3557,-1.077294717987459,-0.8870823752227124,1.3175645148904118
709,-1.077294717987459,-1.202348633055866,1.3175645148904118
118,-1.0524683062486662,-0.48174004372294343,0.35157646255091085
2022,0.7350333389444368,1.2972624111927091,-0.13141756361883955
4598,1.4301728676306433,1.5562311229842283,0.8345704887206613
7627,-0.0594118366969423,-0.7632277739311163,-1.0974056159583405
14504,1.2812143971978849,0.644210877109748,-1.0974056159583405
6130,-0.5559400714728041,-0.6055946450145395,-0.13141756361883955
7636,-0.5807664832115972,-0.9658989396810007,0.8345704887206613
6952,-0.48146083625642483,-0.9546394304726739,0.35157646255091085
13300,-0.0594118366969423,0.7568059691930171,-0.61441158978859
2374,1.7529162202349537,2.006611491317305,-1.0974056159583405
14780,0.5364220450340921,1.2409648651510745,0.35157646255091085
10999,0.13919945721340263,-0.538037589764578,-0.61441158978859
13256,2.0260067493616774,1.612528669025863,-2.063393668297841
5227,-0.6800721301667696,-0.05387869380652068,1.3175645148904118
10892,0.6605541037280576,-0.3241069148063666,-1.5803996421280908
6606,-1.077294717987459,-1.1235320685975776,0.8345704887206613
4681,-1.077294717987459,-1.055975013347616,0.8345704887206613
10858,-1.0524683062486662,-0.797006301556097,0.8345704887206613
10254,-0.4318080127788386,-0.8533038475977316,0.8345704887206613
5003,-0.4069816010400455,-0.1552142766814629,0.35157646255091085
7918,-0.6800721301667696,-0.26780936876473205,0.8345704887206613
7836,-0.8786834240771144,-0.03135967538986686,0.8345704887206613
2857,-1.077294717987459,-1.055975013347616,1.3175645148904118
4273,0.983297456332368,0.5879133310681134,-1.5803996421280908
5739,-0.9779890710322867,-0.6506326818478472,0.8345704887206613
12892,0.983297456332368,1.060812717817844,-1.0974056159583405
10711,-0.6800721301667696,-0.008840656973213026,0.8345704887206613
14057,-1.0524683062486662,-0.3353664240146935,0.8345704887206613
5470,-1.077294717987459,-1.202348633055866,0.35157646255091085
5816,-0.0594118366969423,-0.8758228660143854,-0.61441158978859
1158,0.08954663373581641,-0.17773329509811675,-0.61441158978859
11210,0.784686162422023,0.5541348034431327,-1.5803996421280908
14906,-1.077294717987459,-1.044715504139289,0.8345704887206613
87,-0.9035098358159074,-0.5042590621395973,1.3175645148904118
8061,-0.18354389539090765,-0.7857467923477701,-0.13141756361883955
3382,-0.9531626592934936,-0.49299955293127035,0.8345704887206613
10159,-1.077294717987459,-1.044715504139289,0.8345704887206613
10120,-1.0524683062486662,-0.7407087555144625,1.3175645148904118
403,-1.0524683062486662,-1.055975013347616,1.3175645148904118
14935,-0.9035098358159074,-1.044715504139289,0.8345704887206613
3350,0.7102069272056438,0.10375443511005612,-0.61441158978859
12774,-0.28284954234608,-0.9546394304726739,-1.5803996421280908
7944,0.5860748685116783,0.08123541669340228,-0.13141756361883955
10799,0.13919945721340263,0.8018440060263248,0.35157646255091085
6378,1.9267011024065053,2.1304660926089007,-0.13141756361883955
2241,-0.13389107191332153,-0.538037589764578,-0.13141756361883955
9187,0.9584710445935745,-0.05387869380652068,-1.0974056159583405
10926,-1.077294717987459,-1.1798296146392122,1.3175645148904118
6552,-1.077294717987459,-1.202348633055866,1.3175645148904118
7908,-1.077294717987459,-0.661892191056174,0.35157646255091085
10066,1.2812143971978849,1.590009650609209,-2.063393668297841
6310,-0.4069816010400455,0.05871639827674846,0.8345704887206613
1027,-1.077294717987459,-1.044715504139289,1.3175645148904118
14889,-0.9531626592934936,-0.7857467923477701,1.3175645148904118
3803,0.9088182211159885,1.432376521692632,-0.13141756361883955
5517,0.21367869242978188,-0.5492970989729049,-1.0974056159583405
2436,-0.9035098358159074,-0.4367020068896358,0.8345704887206613
4689,-0.48146083625642483,-0.7632277739311163,0.35157646255091085
14320,-1.077294717987459,-0.8420443383894047,1.3175645148904118
5298,1.6784369850185743,1.9503139452756701,-1.0974056159583405
1278,-0.18354389539090765,0.6779894047347288,0.8345704887206613
8349,0.5364220450340921,-0.5267780805562511,-0.13141756361883955
14802,1.2067351619815054,1.6237881782341896,-0.13141756361883955
6856,-0.8538570123383212,-0.7294492463061355,0.8345704887206613
2042,-0.3573287775624594,0.3402041284849213,0.35157646255091085
13036,1.3805200441530574,0.8356225336513056,-2.063393668297841
6654,1.330867220675471,0.7005084231513826,0.35157646255091085
6074,1.4053464558918505,1.3310409388176898,-1.5803996421280908
5157,-0.6552457184279764,-0.8082658107644239,-0.61441158978859
1425,0.4371163980789196,-0.7069302278894817,-1.0974056159583405
5027,-0.9283362475547006,-0.7632277739311163,0.8345704887206613
5281,0.6357276919892645,1.3085219204010359,0.8345704887206613
11317,-0.6055928949503904,-1.0334559949309623,-0.61441158978859
1502,-0.9035098358159074,-0.9433799212643469,0.8345704887206613
14946,-0.3573287775624594,-0.9433799212643469,-0.13141756361883955
13143,-1.077294717987459,-1.202348633055866,-0.61441158978859
12564,2.4728821606599536,2.355656276775439,-2.063393668297841
9902,0.4371163980789196,-0.4592210253062896,-1.5803996421280908
13167,0.5364220450340921,-0.673151700264501,-0.61441158978859
6064,1.728089808496161,1.6575667058591705,-1.5803996421280908
678,-0.9283362475547006,-1.0109369765143084,0.35157646255091085
6673,1.4053464558918505,1.1171102638594783,0.35157646255091085
5851,-1.077294717987459,-1.191089123847539,0.35157646255091085
7194,0.2385051041685749,0.23886854560997908,-0.13141756361883955
10655,0.2385051041685749,-0.09891673063982834,-1.0974056159583405
5265,0.9336446328547815,1.466155049317613,0.35157646255091085
7900,-1.0524683062486662,-0.538037589764578,0.35157646255091085
8658,-0.3821551893012525,-0.1552142766814629,0.8345704887206613
9541,-0.3821551893012525,-0.6844112094728279,-0.13141756361883955
5053,-1.077294717987459,-1.0897535409725967,0.8345704887206613
5215,1.728089808496161,1.3423004480260168,-0.61441158978859
1850,0.26333151590736814,-0.6844112094728279,-0.61441158978859
6522,0.03989381025823017,-0.661892191056174,-0.61441158978859
1070,-0.4069816010400455,-0.9658989396810007,0.8345704887206613
11737,-1.077294717987459,-1.0334559949309623,1.3175645148904118
6784,2.4232293371823674,2.1755041294422086,-0.13141756361883955
7748,1.1074295150263334,0.5766538218597865,-0.61441158978859
2480,-1.077294717987459,-0.9996774673059815,1.3175645148904118
12753,-1.0276418945098729,-1.1460510870142313,0.35157646255091085
3392,-1.077294717987459,-0.6281136634311933,1.3175645148904118
1099,-0.7545513653831489,-1.055975013347616,0.35157646255091085
5484,-1.077294717987459,-1.191089123847539,1.3175645148904118
12100,-1.0524683062486662,-1.0109369765143084,0.8345704887206613
9314,0.4867692215565058,1.18466731910944,0.35157646255091085
11876,-0.30767595408487314,0.5428752942348057,0.35157646255091085
418,-0.6304193066891834,-0.7069302278894817,-0.13141756361883955
9690,1.80256904371254,1.984092472900651,-1.0974056159583405
5819,-0.7048985419055627,-1.044715504139289,0.35157646255091085
9079,-0.5807664832115972,-0.8645633568060586,-0.13141756361883955
1947,1.256387985459092,1.4098575032759781,-1.5803996421280908
10931,-0.5807664832115972,-1.0109369765143084,-0.13141756361883955
3336,0.3626371628625404,-0.35788544243134734,0.35157646255091085
2299,1.2812143971978849,1.2071863375260936,-1.0974056159583405
13473,-0.18354389539090765,-0.8195253199727509,-0.13141756361883955
9377,1.5791313380634018,1.03829369940119,-0.61441158978859
15005,-1.077294717987459,-1.07849403176427,0.8345704887206613
208,0.3626371628625404,0.9594771349429017,-0.13141756361883955
8486,1.6784369850185743,0.9819961533595555,-1.0974056159583405
3682,-0.8538570123383212,-0.9884179580976545,-0.13141756361883955
8922,-1.0524683062486662,-0.34662593322302043,0.8345704887206613
8419,0.38746357460133357,-0.7069302278894817,-1.0974056159583405
14907,-1.077294717987459,-1.044715504139289,0.8345704887206613
528,0.983297456332368,1.5449716137759013,0.35157646255091085
5329,-0.5559400714728041,0.1713114903600176,0.8345704887206613
779,-0.6552457184279764,-0.7632277739311163,0.8345704887206613
722,-1.0524683062486662,-1.1798296146392122,0.8345704887206613
7770,1.554304926324609,1.2297053559427475,-1.5803996421280908
9734,0.809512574160816,0.8919200796929401,-0.13141756361883955
7313,-0.7297249536443557,-1.0334559949309623,0.35157646255091085
1860,-1.0524683062486662,-1.07849403176427,1.3175645148904118
13017,0.3129843393849541,0.655470386318075,-0.13141756361883955
14671,-1.077294717987459,-0.93212041205602,0.8345704887206613
13898,0.08954663373581641,-0.7744872831394432,-2.063393668297841
13932,-1.077294717987459,-1.0221964857226353,1.3175645148904118
1992,2.497708572398747,2.4457323504420545,-1.0974056159583405
2332,-0.13389107191332153,0.6216918586930942,0.35157646255091085
9969,0.6357276919892645,0.8356225336513056,0.35157646255091085
6339,0.561248456772885,1.060812717817844,-0.61441158978859
10143,-0.6800721301667696,-0.6168541542228664,0.35157646255091085
12213,0.8343389858996093,1.432376521692632,-0.61441158978859
6117,0.8591653976384023,0.20509001798499835,-0.61441158978859
3459,-0.506287247995218,0.3965016745265559,0.35157646255091085
9965,0.16402586895219565,0.4865777481931712,-0.61441158978859
6567,0.4122899863401266,-0.8195253199727509,-2.063393668297841
11533,-0.30767595408487314,0.4302802021515366,0.35157646255091085
8496,1.7529162202349537,1.2297053559427475,-2.5463876944675916
13998,-0.5559400714728041,0.10375443511005612,0.35157646255091085
9551,-1.077294717987459,-1.0109369765143084,0.8345704887206613
5492,0.2881579276461611,-0.7632277739311163,-1.0974056159583405
8868,0.983297456332368,0.9594771349429017,0.35157646255091085
4518,-1.077294717987459,-0.4704805345146165,1.3175645148904118
13872,-1.077294717987459,-1.202348633055866,-0.61441158978859
8394,-1.0524683062486662,-1.1798296146392122,0.35157646255091085
5138,-0.9779890710322867,-1.067234522555943,-1.0974056159583405
6755,-0.9531626592934936,-0.14395476747313599,1.3175645148904118
14237,-1.077294717987459,-1.202348633055866,1.3175645148904118
12782,-0.6552457184279764,-1.0334559949309623,-0.61441158978859
257,1.554304926324609,0.8018440060263248,-1.0974056159583405
14966,-0.0594118366969423,-0.9096013936393662,-0.61441158978859
11572,0.2881579276461611,0.3402041284849213,-0.13141756361883955
13222,-1.077294717987459,-0.8533038475977316,0.8345704887206613
12240,-0.7545513653831489,0.10375443511005612,0.8345704887206613
6931,-1.0276418945098729,-1.1685701054308852,1.3175645148904118
14701,-0.5559400714728041,-0.16647378588978984,-0.13141756361883955
13556,-0.8042041888607351,-0.8870823752227124,0.35157646255091085
3625,-1.077294717987459,-1.191089123847539,0.35157646255091085
702,-0.8786834240771144,-1.0897535409725967,0.35157646255091085
3189,0.9336446328547815,0.35146363769324823,-1.5803996421280908
503,0.7350333389444368,1.2522243743594015,-0.61441158978859
12169,0.13919945721340263,0.6216918586930942,0.35157646255091085
14147,-1.077294717987459,-0.8645633568060586,1.3175645148904118
5441,-1.077294717987459,-1.1573105962225583,0.8345704887206613
2556,-1.077294717987459,-1.191089123847539,1.3175645148904118
848,-1.077294717987459,-0.5605566081812319,0.35157646255091085
2248,-0.6304193066891834,-0.673151700264501,-0.13141756361883955
5616,0.11437304547460941,0.8018440060263248,0.8345704887206613
8925,2.001180337622885,2.1529851110255547,0.35157646255091085
372,-1.077294717987459,-1.191089123847539,0.8345704887206613
14700,1.7529162202349537,1.1283697730678053,-1.5803996421280908
5317,-0.18354389539090765,0.5879133310681134,0.8345704887206613
10870,-1.077294717987459,-0.93212041205602,0.8345704887206613
5487,-1.077294717987459,-1.1798296146392122,1.3175645148904118
5303,-0.8290306005995282,0.013678361443440803,0.8345704887206613
4052,-1.0524683062486662,-1.07849403176427,0.35157646255091085
3937,-0.0594118366969423,-0.34662593322302043,0.8345704887206613
6252,-1.0524683062486662,-1.0334559949309623,0.8345704887206613
15179,1.554304926324609,2.3218777491504583,0.8345704887206613
14570,-1.0524683062486662,-1.1235320685975776,-0.61441158978859
12515,0.809512574160816,0.7680654784013441,-2.063393668297841
10976,-0.9779890710322867,-1.0897535409725967,0.35157646255091085
4076,-1.077294717987459,-0.9884179580976545,0.35157646255091085
997,-1.0276418945098729,-0.7632277739311163,0.8345704887206613
4332,-1.0524683062486662,-1.0897535409725967,0.35157646255091085
13453,-0.45663442451763175,-0.7407087555144625,1.3175645148904118
1176,1.1819087502427124,0.655470386318075,-0.61441158978859
14864,-0.258023130607287,-0.04261918459819377,0.35157646255091085
551,0.8591653976384023,1.432376521692632,-0.13141756361883955
4840,-0.9035098358159074,-0.4592210253062896,0.8345704887206613
13246,0.4867692215565058,0.5991728402764404,-1.5803996421280908
4372,-1.077294717987459,-1.202348633055866,1.3175645148904118
3497,2.0756595728392635,1.972832963692324,-1.0974056159583405
8287,0.9088182211159885,0.632951367901421,-0.61441158978859
13220,-0.8042041888607351,-0.5718161173895587,-1.5803996421280908
14249,-0.506287247995218,-0.9884179580976545,0.35157646255091085
1407,-0.9035098358159074,-0.9771584488893277,0.8345704887206613
12766,-0.5807664832115972,-1.0221964857226353,-1.0974056159583405
12897,-0.15871748365211455,0.37398265610990206,-0.13141756361883955
5176,-1.0524683062486662,-0.8758228660143854,0.8345704887206613
5829,-1.077294717987459,-1.202348633055866,0.8345704887206613
6062,-0.5807664832115972,0.12627345352670993,0.35157646255091085
15176,-0.20837030712970078,0.8919200796929401,-2.063393668297841
10192,-0.7048985419055627,-0.9996774673059815,-0.13141756361883955
6775,2.696319866309091,2.4119538228170736,-1.5803996421280908
3588,0.784686162422023,-0.3015878963897128,-0.13141756361883955
11731,-1.077294717987459,-1.067234522555943,1.3175645148904118
10505,-0.8538570123383212,-0.7069302278894817,0.8345704887206613
693,-1.0524683062486662,-1.1347915778059046,0.8345704887206613
2533,-1.0524683062486662,-1.1685701054308852,0.8345704887206613
5011,-0.7048985419055627,-0.4479615160979627,0.35157646255091085
3443,-0.33250236582366627,0.5428752942348057,0.35157646255091085
982,1.1819087502427124,0.7568059691930171,-0.61441158978859
8270,-1.0028154827710798,-0.4704805345146165,0.8345704887206613
5943,-0.009759013219356063,0.3176851100682675,0.35157646255091085
14457,1.9267011024065053,1.8714973808173818,-2.063393668297841
4222,2.3239236902271947,2.1755041294422086,-1.5803996421280908
91,-0.23319671886849389,0.05871639827674846,-0.13141756361883955
5652,2.671493454570298,2.5470679333169968,-1.5803996421280908
2266,-0.10906466017452843,-0.09891673063982834,0.35157646255091085
14429,0.8839918093771955,1.454895540109286,-0.13141756361883955
8297,-1.077294717987459,-0.8195253199727509,1.3175645148904118
9735,-0.6055928949503904,-0.0651382030148476,0.8345704887206613
9798,-0.6055928949503904,-0.7744872831394432,-0.13141756361883955
261,-1.077294717987459,-0.8195253199727509,1.3175645148904118
14247,-0.7545513653831489,-1.055975013347616,0.35157646255091085
3337,-1.077294717987459,-1.0334559949309623,0.8345704887206613
8523,1.5294785145858159,1.578750141400882,-1.0974056159583405
5497,0.03989381025823017,-0.7857467923477701,-0.61441158978859
10018,2.3239236902271947,2.3218777491504583,-1.5803996421280908
4016,-1.077294717987459,-1.202348633055866,1.3175645148904118
3626,-0.7048985419055627,-1.044715504139289,-0.13141756361883955
9383,1.2812143971978849,0.7905844968179979,-0.61441158978859
445,-1.0524683062486662,-0.7407087555144625,0.8345704887206613
6752,-1.077294717987459,-0.4254424976813089,1.3175645148904118
5111,0.561248456772885,-0.7744872831394432,-2.5463876944675916
5965,1.47982569110823,1.5337121045675743,-0.13141756361883955
12839,-0.5807664832115972,-0.661892191056174,-0.13141756361883955
3555,-0.8042041888607351,-0.5718161173895587,0.8345704887206613
2194,-1.077294717987459,-1.191089123847539,0.8345704887206613
8337,-0.7297249536443557,-0.8307848291810778,0.35157646255091085
7338,-1.077294717987459,-1.1122725593892506,0.8345704887206613
13114,-0.6552457184279764,-0.9771584488893277,0.35157646255091085
3367,-0.258023130607287,-0.09891673063982834,0.8345704887206613
11863,0.2385051041685749,1.0157746809845363,-0.13141756361883955
2867,-1.077294717987459,-1.1010130501809237,1.3175645148904118
2526,-0.3821551893012525,-0.9433799212643469,0.8345704887206613
10187,-1.077294717987459,-1.1573105962225583,0.8345704887206613
8816,-0.13389107191332153,-0.5267780805562511,-0.13141756361883955
8489,0.7350333389444368,0.5879133310681134,-1.5803996421280908
11820,0.6109012802504713,1.1171102638594783,-1.0974056159583405
1168,-0.7297249536443557,-0.5042590621395973,0.35157646255091085
4144,1.6784369850185743,1.713864251900805,-1.0974056159583405
5149,-1.077294717987459,-1.1010130501809237,0.8345704887206613
84,-0.7297249536443557,-0.3804044608480012,0.8345704887206613
3149,2.0756595728392635,1.7363832703174589,-2.063393668297841
14746,-0.9531626592934936,-0.2115118227230975,0.8345704887206613
880,-1.077294717987459,-0.41418298847298196,0.8345704887206613
6747,-0.10906466017452843,0.7455464599846903,0.8345704887206613
11147,0.2385051041685749,0.9819961533595555,-0.13141756361883955
6535,-1.0524683062486662,-1.1347915778059046,0.35157646255091085
7572,0.13919945721340263,-0.008840656973213026,0.35157646255091085
14663,0.4867692215565058,-0.25654985955640514,-2.5463876944675916
9267,0.7350333389444368,1.2297053559427475,-0.61441158978859
1467,-0.15871748365211455,-0.8983418844310392,-0.61441158978859
11192,1.8273954554513328,1.4886740677342667,-1.5803996421280908
5641,1.256387985459092,1.713864251900805,-0.13141756361883955
6537,-1.077294717987459,-1.1685701054308852,0.8345704887206613
14961,-0.7793777771219419,-1.07849403176427,-0.13141756361883955
452,-0.45663442451763175,-0.14395476747313599,0.8345704887206613
4326,0.13919945721340263,-0.5830756265978857,-1.0974056159583405
4044,-1.077294717987459,-1.1347915778059046,0.35157646255091085
11934,-0.5559400714728041,-0.1552142766814629,0.35157646255091085
4137,2.299097278488402,1.9615734544839971,-1.5803996421280908
3039,1.9018746906677122,1.713864251900805,-2.063393668297841
9307,2.3239236902271947,2.3443967675671122,-0.61441158978859
13585,0.08954663373581641,-0.04261918459819377,-0.13141756361883955
8614,1.7777426319737468,1.7814213071507665,-0.61441158978859
5825,-1.0028154827710798,-1.1573105962225583,0.8345704887206613
8158,-0.009759013219356063,0.5879133310681134,0.35157646255091085
10483,-0.3821551893012525,-0.14395476747313599,-0.61441158978859
579,0.4122899863401266,0.9369581165262478,0.35157646255091085
5236,-0.9283362475547006,-0.25654985955640514,0.35157646255091085
6571,0.6357276919892645,-0.7744872831394432,-1.0974056159583405
10734,0.5364220450340921,1.1396292822761322,-1.0974056159583405
7174,-1.077294717987459,-0.6393731726395202,0.8345704887206613
7467,-1.0524683062486662,-0.3353664240146935,1.3175645148904118
11902,1.231561573720299,1.454895540109286,-1.0974056159583405
8257,1.6536105732797814,1.601269159817536,-1.0974056159583405
11283,-0.6304193066891834,-0.9546394304726739,-0.13141756361883955
5587,-0.5311136597340109,0.03619737986009463,0.8345704887206613
12053,-1.077294717987459,-1.191089123847539,0.8345704887206613
2467,-0.6304193066891834,-0.5267780805562511,0.8345704887206613
4157,0.7102069272056438,1.2409648651510745,-0.13141756361883955
6349,1.3556936324142643,1.6575667058591705,-0.61441158978859
12209,-1.0524683062486662,-0.34662593322302043,0.35157646255091085
11037,1.2812143971978849,0.6779894047347288,-2.5463876944675916
413,-0.23319671886849389,-0.5830756265978857,0.35157646255091085
402,-1.0028154827710798,-1.0221964857226353,1.3175645148904118
4428,-1.077294717987459,-1.055975013347616,1.3175645148904118
2084,-0.3573287775624594,-0.1552142766814629,0.8345704887206613
3057,0.13919945721340263,0.8018440060263248,0.35157646255091085
13351,0.4867692215565058,1.0945912454428246,0.35157646255091085
11461,0.4867692215565058,1.0833317362344976,-0.61441158978859
7060,-1.077294717987459,-0.538037589764578,1.3175645148904118
164,-0.7793777771219419,0.0924949259017292,0.8345704887206613
13244,1.7529162202349537,1.2297053559427475,-2.063393668297841
12083,-1.0276418945098729,-1.07849403176427,-0.13141756361883955
14693,1.6784369850185743,0.9369581165262478,-1.5803996421280908
4302,1.057776691548747,0.06997590748507537,-2.063393668297841
9967,-0.8290306005995282,-0.26780936876473205,0.8345704887206613
11442,0.03989381025823017,0.5879133310681134,0.35157646255091085
3317,0.561248456772885,-0.5492970989729049,-0.61441158978859
12286,-0.6552457184279764,-0.0651382030148476,0.35157646255091085
7865,-0.9035098358159074,-0.11017623984815525,0.35157646255091085
7582,1.4053464558918505,0.3289446192765944,-2.063393668297841
13173,-1.077294717987459,-1.1460510870142313,-0.13141756361883955
3934,-0.7048985419055627,-0.6281136634311933,0.35157646255091085
6851,0.561248456772885,0.03619737986009463,-1.0974056159583405
1847,-0.9531626592934936,-1.067234522555943,0.35157646255091085
12101,-0.9779890710322867,-0.9433799212643469,0.35157646255091085
1334,1.2812143971978849,1.1396292822761322,-0.61441158978859
11765,1.6784369850185743,0.8018440060263248,-2.5463876944675916
13538,-0.48146083625642483,-0.8870823752227124,-1.0974056159583405
13981,0.18885228069098867,0.47531823898484427,-0.13141756361883955
12378,-1.077294717987459,-1.1573105962225583,0.35157646255091085
753,-1.0028154827710798,-1.0897535409725967,1.3175645148904118
3064,-1.077294717987459,-0.4367020068896358,1.3175645148904118
13303,2.497708572398747,2.4119538228170736,-2.5463876944675916
6997,-1.0524683062486662,-0.9546394304726739,0.8345704887206613
7536,1.7777426319737468,1.5111930861509206,-1.5803996421280908
9463,-0.9531626592934936,-1.0897535409725967,0.8345704887206613
706,0.6109012802504713,-0.7632277739311163,-2.063393668297841
3491,-0.9531626592934936,-0.2115118227230975,0.8345704887206613
9800,-0.9035098358159074,-0.93212041205602,0.8345704887206613
13880,-1.077294717987459,-1.191089123847539,1.3175645148904118
4573,1.9763539258840919,2.0966875649839203,-0.13141756361883955
11884,-0.45663442451763175,0.38524216531822897,0.35157646255091085
7631,-1.0524683062486662,-1.1347915778059046,0.35157646255091085
12159,0.784686162422023,0.9144390981095939,-0.61441158978859
7706,-1.0524683062486662,-1.067234522555943,1.3175645148904118
7054,0.16402586895219565,0.6216918586930942,-0.13141756361883955
5580,-1.0276418945098729,-0.5492970989729049,0.8345704887206613
14767,-0.7048985419055627,0.1713114903600176,0.8345704887206613
6840,1.5046521028470228,0.6216918586930942,-2.063393668297841
3151,-0.30767595408487314,0.27264707323495985,0.35157646255091085
14705,-0.9531626592934936,-0.49299955293127035,0.35157646255091085
6523,-1.077294717987459,-1.1235320685975776,0.8345704887206613
14364,-1.077294717987459,-0.5492970989729049,1.3175645148904118
3799,2.497708572398747,2.378175295192093,-1.5803996421280908
4022,-1.077294717987459,-1.191089123847539,0.8345704887206613
15038,-0.4069816010400455,-0.3015878963897128,1.3175645148904118
15026,-0.8290306005995282,-0.8645633568060586,-0.13141756361883955
1074,-1.077294717987459,-1.202348633055866,0.0
15277,-0.8290306005995282,-0.6844112094728279,1.3175645148904118
10624,0.6109012802504713,-0.5155185713479241,-1.0974056159583405
3438,-0.48146083625642483,0.37398265610990206,0.8345704887206613
9562,-1.0028154827710798,-0.797006301556097,0.35157646255091085
13729,0.08954663373581641,0.7005084231513826,0.35157646255091085
11875,-0.3573287775624594,0.5090967666098251,0.35157646255091085
2429,0.6357276919892645,0.7905844968179979,-0.13141756361883955
246,0.9088182211159885,0.7117679323597095,-0.61441158978859
3815,1.4301728676306433,1.8264593439840742,-0.61441158978859
8583,-0.5807664832115972,0.3064256008599406,0.8345704887206613
3632,-1.0028154827710798,-1.1573105962225583,1.3175645148904118
10223,-0.7048985419055627,-1.055975013347616,0.35157646255091085
2262,1.3556936324142643,0.5090967666098251,-2.063393668297841
2246,0.5860748685116783,-0.2115118227230975,0.35157646255091085
835,2.050833161100471,1.5674906321925552,-1.5803996421280908
5064,0.7102069272056438,-0.5267780805562511,-1.5803996421280908
6202,-0.18354389539090765,-0.93212041205602,-1.0974056159583405
432,-0.8042041888607351,-0.6168541542228664,-0.13141756361883955
13870,-0.10906466017452843,-0.9208609028476931,-2.063393668297841
1173,-1.0524683062486662,-0.7632277739311163,0.8345704887206613
8574,1.7032633967573674,1.9953519821089778,-0.13141756361883955
6437,1.6536105732797814,1.4999335769425937,-1.0974056159583405
8664,-0.10906466017452843,-0.07639771222317451,0.8345704887206613
4656,0.983297456332368,0.250128054818306,-0.13141756361883955
8856,-0.6304193066891834,-0.2340308411397513,0.35157646255091085
7925,0.5860748685116783,0.4077611837348828,-0.13141756361883955
5289,1.9267011024065053,-1.600072495240129e-16,-0.13141756361883955
3757,1.7032633967573674,1.3873384848593244,-1.0974056159583405
12528,2.1749652197944367,1.725123761109132,-2.5463876944675916
10110,0.8591653976384023,0.655470386318075,-0.61441158978859
250,0.38746357460133357,0.38524216531822897,0.0
8030,-1.077294717987459,-1.202348633055866,0.8345704887206613
7952,-0.9531626592934936,-0.8082658107644239,0.35157646255091085
7897,0.9584710445935745,1.1283697730678053,-0.13141756361883955
15015,-1.0524683062486662,-1.067234522555943,0.8345704887206613
7334,-1.077294717987459,-1.1235320685975776,1.3175645148904118
9082,-0.28284954234608,-0.7857467923477701,-0.61441158978859
2793,-1.077294717987459,-0.6506326818478472,1.3175645148904118
8253,-0.10906466017452843,0.5316157850264789,0.8345704887206613
12165,0.9336446328547815,1.0833317362344976,-0.61441158978859
7795,1.4053464558918505,1.5449716137759013,0.35157646255091085
13599,-1.077294717987459,-0.7632277739311163,0.8345704887206613
3407,0.08954663373581641,0.632951367901421,0.8345704887206613
2729,-1.077294717987459,-0.4254424976813089,1.3175645148904118
15192,1.256387985459092,1.7589022887341126,0.35157646255091085
9157,-0.3821551893012525,-0.8420443383894047,0.8345704887206613
433,0.11437304547460941,-0.07639771222317451,-0.61441158978859
9004,-0.5311136597340109,-0.008840656973213026,0.35157646255091085
7422,2.299097278488402,1.9277949268590164,-2.063393668297841
7592,0.2385051041685749,-0.26780936876473205,0.35157646255091085
11591,-0.6552457184279764,-0.4592210253062896,0.35157646255091085
13961,-0.6304193066891834,-0.3353664240146935,0.35157646255091085
11753,1.4549992793694364,0.44153971135986353,-2.5463876944675916
14908,-1.077294717987459,-1.055975013347616,1.3175645148904118
8759,-0.6800721301667696,-1.055975013347616,0.8345704887206613
12638,1.2812143971978849,1.421117012484305,-2.063393668297841
11432,1.47982569110823,1.3535599572343435,-1.0974056159583405
5629,2.6218406310927125,2.4795108780670354,-1.5803996421280908
4002,-1.0524683062486662,-1.1798296146392122,0.8345704887206613
8916,2.398402925443574,2.3443967675671122,-0.13141756361883955
4753,0.2881579276461611,-0.8082658107644239,-0.13141756361883955
1332,-0.23319671886849389,0.250128054818306,0.35157646255091085
10084,-0.4318080127788386,0.22760903640165217,-0.13141756361883955
8047,-0.15871748365211455,-0.8758228660143854,0.8345704887206613
8336,-0.258023130607287,-0.6281136634311933,-0.13141756361883955
4196,-0.03458542495814907,0.8018440060263248,-0.13141756361883955
1443,-1.077294717987459,-1.202348633055866,-0.13141756361883955
3681,-0.33250236582366627,-0.8082658107644239,-1.0974056159583405
8128,0.6357276919892645,0.5991728402764404,-0.13141756361883955
4310,0.08954663373581641,-0.40292347926465505,-0.61441158978859
7448,-1.0028154827710798,-0.25654985955640514,0.8345704887206613
4899,1.5294785145858159,1.8377188531924011,-0.13141756361883955
8470,-0.4318080127788386,-0.34662593322302043,0.8345704887206613
3985,0.7102069272056438,-0.673151700264501,-2.063393668297841
14925,-0.4069816010400455,-0.8195253199727509,-0.13141756361883955
13649,0.983297456332368,1.3873384848593244,-0.61441158978859
12092,-0.9779890710322867,-0.9996774673059815,1.3175645148904118
11089,0.3129843393849541,0.903179588901267,-0.61441158978859
2569,-1.077294717987459,-1.1798296146392122,0.8345704887206613
11767,-0.30767595408487314,-0.14395476747313599,-0.13141756361883955
4277,-0.6800721301667696,-0.3804044608480012,-0.13141756361883955
3666,0.7350333389444368,-0.673151700264501,-0.13141756361883955
8825,-0.8290306005995282,-0.7069302278894817,-0.13141756361883955
15196,0.7350333389444368,1.5449716137759013,-1.0974056159583405
2446,1.306040808936678,0.7568059691930171,-2.063393668297841
6821,1.47982569110823,0.9932556625678823,-0.61441158978859
14964,-0.6055928949503904,-1.0334559949309623,0.8345704887206613
6520,0.2385051041685749,-0.5830756265978857,-0.13141756361883955
5802,-1.077294717987459,-1.1460510870142313,0.8345704887206613
3657,-1.077294717987459,-1.191089123847539,-0.13141756361883955
11752,-0.10906466017452843,-0.24529035034807822,0.8345704887206613
12370,-0.8290306005995282,-0.9771584488893277,0.35157646255091085
3172,1.1570823385039195,0.7680654784013441,-0.61441158978859
1223,1.3805200441530574,1.5562311229842283,-1.0974056159583405
7272,0.6853805154668505,-0.673151700264501,-1.5803996421280908
3639,-1.0276418945098729,-1.1685701054308852,0.35157646255091085
4166,-0.8042041888607351,0.024937870651767717,0.8345704887206613
544,-0.5559400714728041,0.3402041284849213,0.8345704887206613
1204,1.3556936324142643,1.2634838835677282,-0.61441158978859
8410,-0.3573287775624594,-0.93212041205602,0.35157646255091085
9020,1.08260310328754,0.655470386318075,0.35157646255091085
13984,0.03989381025823017,0.4190206929432097,0.35157646255091085
7242,0.21367869242978188,-0.49299955293127035,-0.13141756361883955
2637,-1.077294717987459,-0.797006301556097,1.3175645148904118
14858,-0.9035098358159074,-0.4704805345146165,-0.61441158978859
14368,1.008123868071161,1.2747433927760552,-0.61441158978859
14181,-0.3821551893012525,-0.6844112094728279,-0.13141756361883955
12532,0.5115956332952991,0.8356225336513056,-0.61441158978859
6758,-0.6800721301667696,0.19383050877667143,0.8345704887206613
13385,-0.20837030712970078,0.26138756402663293,0.35157646255091085
14122,1.1322559267651264,0.9932556625678823,-1.5803996421280908
877,-0.3821551893012525,0.44153971135986353,0.8345704887206613
12435,-0.9531626592934936,-1.0897535409725967,0.8345704887206613
196,-0.30767595408487314,0.5203562758181519,0.8345704887206613
14954,-0.4318080127788386,-0.9884179580976545,-1.5803996421280908
3383,0.8343389858996093,0.779324987609671,-0.61441158978859
4379,-1.0276418945098729,-1.1685701054308852,0.8345704887206613
10565,-0.6055928949503904,-1.0109369765143084,-0.13141756361883955
10973,-1.0524683062486662,-1.1460510870142313,1.3175645148904118
2997,-0.8290306005995282,-0.5492970989729049,0.8345704887206613
3908,-0.9531626592934936,-0.5830756265978857,0.8345704887206613
2571,-1.0028154827710798,-1.1235320685975776,0.35157646255091085
7688,-0.9283362475547006,-1.067234522555943,0.35157646255091085
1755,1.1322559267651264,-0.08765722143150143,-2.063393668297841
6496,-0.18354389539090765,-0.4367020068896358,0.35157646255091085
13243,-0.7048985419055627,-0.25654985955640514,0.35157646255091085
14390,0.9584710445935745,1.443636030900959,0.35157646255091085
14697,1.7529162202349537,1.060812717817844,-2.5463876944675916
5721,-1.077294717987459,-0.6956707186811548,1.3175645148904118
6443,1.7529162202349537,1.443636030900959,-0.13141756361883955
14470,-0.13389107191332153,0.44153971135986353,-0.61441158978859
4969,-0.4069816010400455,0.26138756402663293,0.8345704887206613
6964,-1.077294717987459,-1.1460510870142313,0.35157646255091085
6814,0.4371163980789196,0.644210877109748,-0.13141756361883955
6479,0.3129843393849541,0.024937870651767717,-1.0974056159583405
4711,-1.077294717987459,-1.1685701054308852,1.3175645148904118
4163,2.5721878076151254,2.4119538228170736,-1.5803996421280908
8091,1.330867220675471,0.04745688906842155,-0.13141756361883955
8576,0.809512574160816,1.421117012484305,-0.61441158978859
11501,2.3735765137047813,2.366915785983766,-2.063393668297841
12681,0.5115956332952991,0.250128054818306,-0.61441158978859
2682,0.4122899863401266,0.9144390981095939,0.35157646255091085
13128,-0.9035098358159074,-1.1122725593892506,-1.0974056159583405
2508,0.8591653976384023,-0.49299955293127035,-2.5463876944675916
15010,-0.7048985419055627,-0.8645633568060586,0.8345704887206613
1510,-0.009759013219356063,-0.49299955293127035,-1.0974056159583405
4314,-0.7793777771219419,-0.8082658107644239,0.35157646255091085
9664,0.6357276919892645,1.3085219204010359,-0.13141756361883955
10432,-0.7793777771219419,0.0024188522351138884,0.8345704887206613
5356,0.4867692215565058,0.632951367901421,-1.0974056159583405
6639,1.330867220675471,0.37398265610990206,-0.61441158978859
5972,0.8839918093771955,1.2522243743594015,-0.13141756361883955
1244,2.3239236902271947,2.288099221525478,-1.5803996421280908
3734,-0.15871748365211455,-0.03135967538986686,-0.13141756361883955
9068,0.08954663373581641,-0.5267780805562511,0.8345704887206613
13537,-0.7297249536443557,-0.9771584488893277,1.3175645148904118
4121,0.21367869242978188,0.5203562758181519,-0.13141756361883955
7787,-0.258023130607287,0.3402041284849213,0.35157646255091085
13092,-0.8042041888607351,-0.9096013936393662,-0.13141756361883955
4995,1.5791313380634018,1.0157746809845363,-0.61441158978859
11100,1.2067351619815054,1.578750141400882,-2.063393668297841
8518,0.3129843393849541,0.7568059691930171,-0.13141756361883955
1876,-0.3573287775624594,-0.6168541542228664,0.8345704887206613
7907,1.6287841615409884,1.3310409388176898,-1.0974056159583405
15300,-1.077294717987459,-1.0334559949309623,0.8345704887206613
5262,0.16402586895219565,0.903179588901267,-0.13141756361883955
254,-0.48146083625642483,-0.18899280430644366,-0.61441158978859
8364,-1.077294717987459,-1.1685701054308852,0.8345704887206613
4511,2.1749652197944367,2.0178710005256315,-1.5803996421280908
9479,-1.077294717987459,-1.202348633055866,1.3175645148904118
5159,-1.077294717987459,-1.055975013347616,1.3175645148904118
12655,0.13919945721340263,0.5090967666098251,-0.13141756361883955
8126,-0.5559400714728041,-0.17773329509811675,0.35157646255091085
759,-0.9035098358159074,-1.0221964857226353,0.35157646255091085
5481,-0.8786834240771144,-1.1010130501809237,0.35157646255091085
654,-0.9283362475547006,-0.8533038475977316,1.3175645148904118
5297,1.554304926324609,1.8827568900257088,0.35157646255091085
9604,0.9584710445935745,1.027034190192863,-0.61441158978859
5812,-1.077294717987459,-1.1798296146392122,1.3175645148904118
5288,1.2812143971978849,1.7363832703174589,-0.13141756361883955
2892,-1.077294717987459,-1.191089123847539,1.3175645148904118
13715,1.554304926324609,1.7701617979424396,-1.0974056159583405
3401,2.1749652197944367,1.8151998347757472,-2.063393668297841
7626,0.5364220450340921,-0.6168541542228664,-0.61441158978859
5636,-0.0594118366969423,0.779324987609671,0.8345704887206613
1420,-1.077294717987459,-1.1573105962225583,1.3175645148904118
3044,0.46194280981771285,0.9144390981095939,-0.13141756361883955
2830,-1.077294717987459,-0.8983418844310392,0.8345704887206613
10369,1.9515275141452983,2.0403900189422854,-1.5803996421280908
328,-1.077294717987459,-1.1685701054308852,0.35157646255091085
10414,1.8522218671901263,2.0403900189422854,-2.063393668297841
253,1.2812143971978849,0.7680654784013441,-1.5803996421280908
13846,0.4371163980789196,-0.7181897370978086,-1.0974056159583405
7318,0.4122899863401266,-0.7407087555144625,-0.13141756361883955
6159,-1.077294717987459,-1.1235320685975776,0.8345704887206613
5323,-1.0276418945098729,-0.36914495163967426,1.3175645148904118
14620,-1.0276418945098729,-1.1460510870142313,0.8345704887206613
14576,-1.077294717987459,-1.1685701054308852,1.3175645148904118
4377,-1.077294717987459,-1.202348633055866,0.35157646255091085
6022,2.050833161100471,2.1867636386505356,-1.5803996421280908
5092,-1.077294717987459,-1.202348633055866,-0.13141756361883955
9470,-1.077294717987459,-1.191089123847539,0.8345704887206613
5377,0.784686162422023,0.35146363769324823,0.35157646255091085
3019,-1.077294717987459,-0.6844112094728279,0.8345704887206613
3029,0.08954663373581641,0.4865777481931712,-0.61441158978859
11895,-0.7793777771219419,-0.008840656973213026,0.8345704887206613
2636,0.4122899863401266,0.26138756402663293,-0.13141756361883955
13485,-1.077294717987459,-1.191089123847539,1.3175645148904118
9756,1.47982569110823,0.7342869507763633,-1.5803996421280908
1131,-1.0028154827710798,-1.0334559949309623,0.8345704887206613
3018,-0.9531626592934936,-0.48174004372294343,0.8345704887206613
2945,-1.077294717987459,-1.1460510870142313,1.3175645148904118
3659,-1.077294717987459,-1.191089123847539,0.8345704887206613
10834,1.256387985459092,1.049553208609517,-1.0974056159583405
15337,-0.15871748365211455,-0.9096013936393662,0.8345704887206613
12072,-1.077294717987459,-1.1573105962225583,0.35157646255091085
12296,1.231561573720299,1.0157746809845363,-1.0974056159583405
2663,-0.45663442451763175,0.06997590748507537,0.35157646255091085
14054,-0.9283362475547006,-0.09891673063982834,0.8345704887206613
5378,-0.9035098358159074,-0.6168541542228664,0.8345704887206613
8559,-0.6552457184279764,0.22760903640165217,0.35157646255091085
1362,-0.08423824843573531,-0.11017623984815525,-0.13141756361883955
7180,1.3805200441530574,1.1508887914844592,-0.13141756361883955
13734,0.7102069272056438,1.0720722270261707,-0.13141756361883955
5533,-1.077294717987459,-1.0109369765143084,1.3175645148904118
3481,-0.4069816010400455,0.44153971135986353,0.8345704887206613
14782,1.8770482789289193,-0.9096013936393662,-2.063393668297841
6255,0.18885228069098867,-0.4592210253062896,-0.13141756361883955
14263,0.26333151590736814,-0.7294492463061355,-2.063393668297841
8951,0.08954663373581641,0.8806605704846132,-0.13141756361883955
13005,0.06472022199702318,0.632951367901421,-0.13141756361883955
5112,-0.6800721301667696,-1.044715504139289,-0.61441158978859
5940,0.983297456332368,0.8581415520679594,-0.13141756361883955
14763,0.6109012802504713,1.2634838835677282,-1.0974056159583405
12231,-0.6800721301667696,0.20509001798499835,0.35157646255091085
11324,0.38746357460133357,-0.797006301556097,-0.61441158978859
2880,0.5364220450340921,-0.6393731726395202,-0.61441158978859
5839,-1.077294717987459,-1.202348633055866,1.3175645148904118
3381,0.16402586895219565,0.35146363769324823,-0.13141756361883955
12843,0.2385051041685749,-0.1552142766814629,-1.0974056159583405
1302,-0.5311136597340109,0.26138756402663293,0.35157646255091085
14538,1.08260310328754,-0.08765722143150143,-1.5803996421280908
7442,-1.077294717987459,-0.4592210253062896,1.3175645148904118
4957,1.7529162202349537,1.8151998347757472,-1.0974056159583405
4836,-1.077294717987459,-0.7407087555144625,0.8345704887206613
10896,0.7102069272056438,-0.36914495163967426,-2.063393668297841
13039,-0.6055928949503904,-0.29032838718138587,-0.61441158978859
9780,-0.20837030712970078,-0.40292347926465505,0.35157646255091085
10397,1.4301728676306433,1.8264593439840742,-1.0974056159583405
5720,-0.15871748365211455,0.23886854560997908,0.8345704887206613
3879,1.728089808496161,1.5674906321925552,-0.13141756361883955
9844,-1.0028154827710798,-1.1573105962225583,1.3175645148904118
942,-0.6800721301667696,0.08123541669340228,0.35157646255091085
12840,0.8343389858996093,-0.08765722143150143,-2.063393668297841
3235,-1.077294717987459,-1.1235320685975776,0.35157646255091085
15290,-0.45663442451763175,-0.7181897370978086,1.3175645148904118
3257,-1.077294717987459,-1.191089123847539,0.8345704887206613
11587,0.7350333389444368,0.3176851100682675,-2.063393668297841
11334,-1.077294717987459,-1.1798296146392122,1.3175645148904118
176,0.784686162422023,1.4098575032759781,0.35157646255091085
435,-0.7297249536443557,-0.5267780805562511,0.35157646255091085
13388,1.1074295150263334,1.027034190192863,-1.0974056159583405
7049,0.809512574160816,0.9707366441512285,0.35157646255091085
308,0.13919945721340263,-0.5830756265978857,-0.61441158978859
11619,0.809512574160816,-0.2227713319314244,-2.063393668297841
1565,1.8522218671901263,1.466155049317613,-1.5803996421280908
3964,-1.0028154827710798,-1.0334559949309623,0.8345704887206613
6727,1.2812143971978849,1.6913452334841512,0.35157646255091085
2135,-0.8290306005995282,-0.93212041205602,0.8345704887206613
15199,1.4301728676306433,1.6688262150674973,-1.0974056159583405
14657,0.3626371628625404,-0.39166397005632814,-1.0974056159583405
8846,1.3556936324142643,0.7342869507763633,-1.5803996421280908
8866,-0.0594118366969423,0.29516609165161367,-0.13141756361883955
12544,1.9515275141452983,1.8602378716090548,-1.0974056159583405
7393,-1.077294717987459,-0.7407087555144625,1.3175645148904118
2276,-1.077294717987459,-0.7744872831394432,1.3175645148904118
7072,1.2067351619815054,1.4999335769425937,0.8345704887206613
9458,-1.077294717987459,-1.1573105962225583,1.3175645148904118
2623,1.1819087502427124,0.36272314690157514,-0.61441158978859
9854,0.08954663373581641,-0.8758228660143854,-0.13141756361883955
14049,1.4053464558918505,1.8151998347757472,-2.063393668297841
231,0.5115956332952991,0.8018440060263248,0.35157646255091085
8222,0.4371163980789196,1.1396292822761322,0.8345704887206613
737,-0.45663442451763175,-0.9658989396810007,0.8345704887206613
14753,0.809512574160816,1.3310409388176898,-0.61441158978859
8677,0.75985975068323,0.11501394431838304,-1.0974056159583405
9412,-0.03458542495814907,-0.3015878963897128,0.35157646255091085
8971,-0.6304193066891834,0.1713114903600176,0.35157646255091085
5705,1.6536105732797814,1.5337121045675743,-0.61441158978859
8683,0.13919945721340263,-0.2340308411397513,0.8345704887206613
5935,1.4549992793694364,1.0045151717762093,-1.0974056159583405
6495,1.032950279809954,0.024937870651767717,-1.0974056159583405
755,-0.18354389539090765,-0.797006301556097,0.35157646255091085
8416,-0.9779890710322867,-1.1010130501809237,0.35157646255091085
14399,-1.0028154827710798,-0.24529035034807822,0.35157646255091085
8119,-1.0028154827710798,-0.6506326818478472,1.3175645148904118
11586,0.561248456772885,0.26138756402663293,-1.5803996421280908
6200,-1.077294717987459,-1.202348633055866,1.3175645148904118
9774,-1.077294717987459,-0.93212041205602,-0.13141756361883955
69,-1.0276418945098729,-0.797006301556097,0.8345704887206613
5367,-0.20837030712970078,0.0024188522351138884,0.35157646255091085
8084,-0.18354389539090765,-0.5718161173895587,0.8345704887206613
5682,1.9267011024065053,1.972832963692324,-1.0974056159583405
1680,1.330867220675471,1.454895540109286,-0.61441158978859
10899,-1.077294717987459,-1.0897535409725967,0.8345704887206613
5961,0.4122899863401266,0.8243630244429786,0.35157646255091085
2603,-1.077294717987459,-1.055975013347616,1.3175645148904118
7868,1.8273954554513328,1.9615734544839971,-0.13141756361883955
9485,-0.8290306005995282,-1.0897535409725967,0.35157646255091085
11891,0.13919945721340263,0.8356225336513056,-0.13141756361883955
9234,-0.28284954234608,0.1713114903600176,-0.13141756361883955
2283,0.46194280981771285,0.4865777481931712,0.35157646255091085
3732,-1.0524683062486662,-0.7519682647227893,0.35157646255091085
13309,0.7102069272056438,1.3535599572343435,-0.61441158978859
14443,0.4867692215565058,1.1171102638594783,0.35157646255091085
14128,0.16402586895219565,0.28390658244328676,-0.13141756361883955
6620,1.1074295150263334,-0.18899280430644366,-0.61441158978859
8650,0.7350333389444368,0.5766538218597865,0.35157646255091085
5127,0.46194280981771285,-0.7294492463061355,-0.61441158978859
1545,0.3129843393849541,0.28390658244328676,-0.13141756361883955
739,-1.077294717987459,-1.1798296146392122,0.35157646255091085
11742,0.03989381025823017,-0.40292347926465505,-0.61441158978859
11313,-0.4069816010400455,-0.9884179580976545,-0.61441158978859
6984,1.032950279809954,-0.2340308411397513,-2.063393668297841
6795,2.249444455010816,1.9390544360673434,-2.063393668297841
3518,0.6605541037280576,0.8919200796929401,0.35157646255091085
13816,-1.077294717987459,-1.067234522555943,0.8345704887206613
773,-1.077294717987459,-1.067234522555943,0.35157646255091085
865,1.306040808936678,1.578750141400882,-0.61441158978859
5200,-0.23319671886849389,-0.008840656973213026,0.8345704887206613
12113,0.21367869242978188,-0.1552142766814629,-0.13141756361883955
641,0.6605541037280576,0.06997590748507537,-1.0974056159583405
10312,0.9088182211159885,0.6216918586930942,-2.063393668297841
8760,-1.0524683062486662,-1.1798296146392122,0.8345704887206613
3203,-1.0276418945098729,-0.8758228660143854,1.3175645148904118
7288,-1.077294717987459,-1.202348633055866,0.8345704887206613
5204,-1.077294717987459,-0.7294492463061355,0.8345704887206613
14682,-0.08423824843573531,-0.11017623984815525,0.35157646255091085
6923,-1.0276418945098729,-1.1685701054308852,0.8345704887206613
15169,2.348750101965988,2.7835176266918618,0.8345704887206613
10604,-1.077294717987459,-1.1798296146392122,0.8345704887206613
11358,-0.20837030712970078,-0.7069302278894817,-0.61441158978859
14694,0.9336446328547815,0.6104323494847672,-1.5803996421280908
10718,2.100485984578057,1.9503139452756701,-2.5463876944675916
14930,-0.5559400714728041,-0.8983418844310392,0.8345704887206613
3309,-1.077294717987459,-1.1460510870142313,0.35157646255091085
363,-0.5311136597340109,-1.0109369765143084,-1.5803996421280908
3723,-1.077294717987459,-0.8758228660143854,0.35157646255091085
7670,-0.9779890710322867,-1.1347915778059046,0.8345704887206613
4726,0.38746357460133357,-0.8082658107644239,-2.5463876944675916
2940,-1.077294717987459,-1.1573105962225583,1.3175645148904118
471,-1.077294717987459,-0.6168541542228664,0.8345704887206613
1641,-0.5311136597340109,0.36272314690157514,0.8345704887206613
13818,0.16402586895219565,-0.5267780805562511,-0.61441158978859
12376,-0.6552457184279764,-0.9433799212643469,-0.13141756361883955
1172,0.4867692215565058,0.23886854560997908,-0.61441158978859
9620,-0.9779890710322867,-0.3128474055980397,0.8345704887206613
6085,1.08260310328754,0.9819961533595555,-0.61441158978859
13183,-0.7048985419055627,-0.8983418844310392,-0.13141756361883955
9375,1.8770482789289193,1.2071863375260936,-2.063393668297841
3364,-0.20837030712970078,-0.11017623984815525,1.3175645148904118
8509,0.6109012802504713,0.8356225336513056,-0.13141756361883955
1410,-0.8042041888607351,-0.9546394304726739,0.8345704887206613
9804,0.46194280981771285,-0.48174004372294343,-1.5803996421280908
6666,0.784686162422023,0.6667298955264018,-1.0974056159583405
815,0.809512574160816,0.5541348034431327,-0.13141756361883955
6500,-0.5807664832115972,-0.661892191056174,-0.13141756361883955
7322,-0.3573287775624594,-0.8870823752227124,-0.13141756361883955
2131,0.7350333389444368,-0.3804044608480012,-0.61441158978859
1797,0.2385051041685749,-0.8082658107644239,-1.5803996421280908
7727,-1.077294717987459,-0.9884179580976545,1.3175645148904118
4575,-0.8290306005995282,0.0024188522351138884,0.35157646255091085
5190,-0.08423824843573531,-0.05387869380652068,0.35157646255091085
8167,2.5225349841375393,2.24306118469217,-2.063393668297841
3122,-0.4318080127788386,0.38524216531822897,0.8345704887206613
5365,0.4122899863401266,0.37398265610990206,0.35157646255091085
4275,0.6853805154668505,0.4190206929432097,-0.13141756361883955
14216,-1.077294717987459,-1.191089123847539,1.3175645148904118
3089,-0.3821551893012525,0.5090967666098251,0.8345704887206613
9367,0.561248456772885,0.7680654784013441,0.8345704887206613
15316,-0.8290306005995282,-1.067234522555943,1.3175645148904118
9835,-1.077294717987459,-1.191089123847539,1.3175645148904118
5253,-1.0276418945098729,-0.3241069148063666,1.3175645148904118
1532,-0.8042041888607351,-0.5718161173895587,1.3175645148904118
8602,0.03989381025823017,0.7680654784013441,-0.61441158978859
2831,0.08954663373581641,-0.14395476747313599,0.8345704887206613
8269,1.9018746906677122,1.5449716137759013,-0.13141756361883955
14085,1.1074295150263334,1.466155049317613,-0.61441158978859
10092,0.8343389858996093,1.0157746809845363,-0.13141756361883955
11691,-1.077294717987459,-1.191089123847539,0.8345704887206613
8998,0.015067398519437164,0.47531823898484427,0.35157646255091085
1299,-1.0028154827710798,-0.29032838718138587,1.3175645148904118
6273,-1.0524683062486662,-0.8645633568060586,1.3175645148904118
5499,-0.7545513653831489,-0.9996774673059815,0.8345704887206613
9443,-1.0524683062486662,-1.07849403176427,0.8345704887206613
13670,1.1819087502427124,1.6463071966508436,-1.0974056159583405
14979,-0.7297249536443557,-0.9771584488893277,0.8345704887206613
1480,-0.7793777771219419,-1.0109369765143084,-0.61441158978859
1601,-0.7297249536443557,0.08123541669340228,0.35157646255091085
5091,-1.077294717987459,-1.202348633055866,0.35157646255091085
7067,0.75985975068323,1.162148300692786,0.35157646255091085
12096,-1.0524683062486662,-1.0334559949309623,0.8345704887206613
3661,-1.077294717987459,-1.1798296146392122,1.3175645148904118
13902,-0.9779890710322867,-1.07849403176427,0.8345704887206613
4825,-0.8042041888607351,-0.5155185713479241,1.3175645148904118
5680,1.728089808496161,1.8714973808173818,-0.13141756361883955
397,-0.8538570123383212,-0.9771584488893277,0.8345704887206613
11901,0.3626371628625404,0.9144390981095939,-0.61441158978859
2506,0.21367869242978188,-0.6281136634311933,-0.13141756361883955
10090,0.33781075112374737,0.7342869507763633,-0.13141756361883955
9406,-0.08423824843573531,-0.2340308411397513,-0.13141756361883955
3010,-0.3573287775624594,-0.0651382030148476,0.8345704887206613
13042,-0.15871748365211455,-0.04261918459819377,-1.0974056159583405
723,-1.077294717987459,-1.202348633055866,0.8345704887206613
300,-0.009759013219356063,-0.538037589764578,-1.0974056159583405
12883,0.9584710445935745,0.8919200796929401,-0.61441158978859
9979,0.3129843393849541,0.7568059691930171,-0.13141756361883955
7328,-0.8042041888607351,-0.9996774673059815,0.35157646255091085
4185,0.7102069272056438,1.3648194664426705,0.8345704887206613
15319,-1.077294717987459,-1.055975013347616,0.8345704887206613
13794,-1.077294717987459,-0.9433799212643469,1.3175645148904118
11469,0.38746357460133357,1.060812717817844,-0.13141756361883955
4582,-0.45663442451763175,0.36272314690157514,0.8345704887206613
14761,1.7777426319737468,1.9953519821089778,-1.0974056159583405
7367,-0.9035098358159074,-0.7407087555144625,0.35157646255091085
14507,-0.9531626592934936,-0.6506326818478472,1.3175645148904118
15027,-1.077294717987459,-0.5830756265978857,0.8345704887206613
7433,0.4371163980789196,0.9594771349429017,0.8345704887206613
12568,-1.0524683062486662,-0.3353664240146935,1.3175645148904118
6965,0.33781075112374737,-0.6506326818478472,-0.13141756361883955
1212,0.8343389858996093,1.0833317362344976,-0.13141756361883955
7055,1.3556936324142643,1.3760789756509975,-0.61441158978859
8361,-0.10906466017452843,-0.797006301556097,0.35157646255091085
12587,-0.28284954234608,0.5991728402764404,-0.13141756361883955
11158,0.08954663373581641,0.8131035152346517,-0.61441158978859
8839,1.47982569110823,0.632951367901421,-2.063393668297841
11006,-1.077294717987459,-1.044715504139289,1.3175645148904118
5427,-1.0028154827710798,-1.044715504139289,1.3175645148904118
9663,-0.7545513653831489,0.12627345352670993,0.8345704887206613
11583,0.9336446328547815,0.47531823898484427,-0.61441158978859
7216,-0.3821551893012525,-0.39166397005632814,0.8345704887206613
5994,0.809512574160816,1.3760789756509975,0.35157646255091085
3767,-0.3573287775624594,0.23886854560997908,0.8345704887206613
4272,1.5791313380634018,0.8806605704846132,-0.61441158978859
14840,0.784686162422023,0.9819961533595555,-1.0974056159583405
8981,1.9018746906677122,1.8264593439840742,-1.0974056159583405
786,-1.077294717987459,-0.9996774673059815,0.8345704887206613
9656,1.1074295150263334,1.612528669025863,-0.61441158978859
9125,-1.077294717987459,-1.202348633055866,1.3175645148904118
14115,0.38746357460133357,0.6779894047347288,-1.0974056159583405
7853,-0.33250236582366627,0.5428752942348057,0.35157646255091085
13567,0.33781075112374737,-0.3128474055980397,-0.61441158978859
2905,-1.077294717987459,-1.202348633055866,0.8345704887206613
4626,1.4301728676306433,1.027034190192863,-1.0974056159583405
996,1.1074295150263334,0.45279922056819044,-0.61441158978859
11740,-1.077294717987459,-1.0221964857226353,1.3175645148904118
14846,1.6536105732797814,1.3648194664426705,-1.5803996421280908
7246,-0.8042041888607351,-0.8983418844310392,0.8345704887206613
6250,-0.9283362475547006,-0.9546394304726739,0.8345704887206613
9329,0.03989381025823017,0.7905844968179979,0.35157646255091085
8055,-0.8538570123383212,-1.0334559949309623,0.35157646255091085
14626,0.4371163980789196,-0.7069302278894817,-0.61441158978859
5523,-0.7545513653831489,-0.8420443383894047,0.8345704887206613
10539,0.5115956332952991,-0.5267780805562511,-0.61441158978859
7505,0.809512574160816,1.3197814296093628,0.35157646255091085
156,0.7350333389444368,1.3535599572343435,-0.13141756361883955
10098,0.9088182211159885,0.9707366441512285,-0.13141756361883955
3085,0.4122899863401266,1.1508887914844592,-0.13141756361883955
12806,-0.3573287775624594,-0.8645633568060586,-0.61441158978859
1552,0.21367869242978188,0.3402041284849213,-0.13141756361883955
8978,-1.077294717987459,-0.5267780805562511,1.3175645148904118
9947,-0.9779890710322867,-0.6055946450145395,0.8345704887206613
495,2.150138808055643,2.0291305097339585,-2.063393668297841
2321,-0.8538570123383212,-0.12143574905648218,0.35157646255091085
912,-0.33250236582366627,0.5428752942348057,0.35157646255091085
9255,-0.6055928949503904,0.10375443511005612,0.35157646255091085
151,0.6109012802504713,1.2522243743594015,0.35157646255091085
8994,0.6853805154668505,0.9482176257345747,0.35157646255091085
10702,-0.45663442451763175,0.11501394431838304,0.8345704887206613
11887,-0.5311136597340109,0.29516609165161367,0.8345704887206613
1738,0.4122899863401266,-0.04261918459819377,-0.61441158978859
3001,-0.23319671886849389,-0.09891673063982834,-0.13141756361883955
12136,1.4301728676306433,0.8243630244429786,-2.5463876944675916
6961,-1.077294717987459,-1.1573105962225583,0.35157646255091085
13838,-1.077294717987459,-1.1573105962225583,1.3175645148904118
2883,-1.077294717987459,-1.1573105962225583,0.35157646255091085
3720,-1.077294717987459,-0.8983418844310392,1.3175645148904118
7127,0.21367869242978188,0.9707366441512285,0.35157646255091085
888,-0.6304193066891834,0.250128054818306,0.8345704887206613
5471,-1.0524683062486662,-1.1798296146392122,0.8345704887206613
3201,-1.077294717987459,-0.9433799212643469,0.8345704887206613
9924,1.032950279809954,0.21634952719332526,-2.063393668297841
4823,-1.077294717987459,-0.8420443383894047,1.3175645148904118
4704,-0.4069816010400455,-0.8533038475977316,0.35157646255091085
343,-0.13389107191332153,-0.9096013936393662,-0.61441158978859
4136,2.2246180432720224,1.9052759084423625,-2.063393668297841
11043,-0.5807664832115972,-0.25654985955640514,-1.0974056159583405
3188,0.784686162422023,0.3064256008599406,-1.0974056159583405
4522,0.6357276919892645,1.18466731910944,-0.61441158978859
2223,-0.506287247995218,-0.8420443383894047,0.8345704887206613
2121,-1.077294717987459,-1.0334559949309623,1.3175645148904118
6858,-1.077294717987459,-0.9658989396810007,0.8345704887206613
10626,0.2881579276461611,-0.5718161173895587,-1.0974056159583405
9896,-1.077294717987459,-1.1122725593892506,0.35157646255091085
11777,-0.45663442451763175,-0.12143574905648218,0.35157646255091085
9697,1.7777426319737468,1.9165354176506895,-1.0974056159583405
7366,-0.009759013219356063,-0.24529035034807822,0.35157646255091085
12494,-1.0524683062486662,-0.7857467923477701,0.8345704887206613
4734,-0.30767595408487314,-0.9658989396810007,-0.13141756361883955
12922,1.6287841615409884,1.8151998347757472,-2.063393668297841
1465,-1.077294717987459,-1.191089123847539,1.3175645148904118
4593,-1.077294717987459,-0.5155185713479241,1.3175645148904118
3565,-0.258023130607287,-0.35788544243134734,-0.13141756361883955
5840,-1.077294717987459,-1.202348633055866,1.3175645148904118
283,0.6853805154668505,-0.04261918459819377,-0.13141756361883955
14234,-1.077294717987459,-1.202348633055866,1.3175645148904118
6175,-0.6304193066891834,-0.9771584488893277,0.35157646255091085
10529,1.008123868071161,-0.25654985955640514,-1.0974056159583405
4151,0.8591653976384023,1.2860029019843822,-0.13141756361883955
14834,1.3556936324142643,1.3985979940676512,-0.61441158978859
10221,-1.077294717987459,-1.202348633055866,1.3175645148904118
7376,0.4371163980789196,0.12627345352670993,0.35157646255091085
8744,-1.077294717987459,-1.202348633055866,1.3175645148904118
15000,-1.077294717987459,-1.1010130501809237,0.8345704887206613
8968,0.6357276919892645,1.1959268283177669,-0.13141756361883955
3161,0.9584710445935745,0.9482176257345747,-0.61441158978859
2630,0.33781075112374737,0.11501394431838304,-0.61441158978859
12127,0.809512574160816,0.36272314690157514,-1.5803996421280908
13062,-1.077294717987459,-0.93212041205602,0.8345704887206613
10249,-0.03458542495814907,-0.7744872831394432,-1.0974056159583405
1203,0.784686162422023,0.9256986073179209,-0.13141756361883955
13995,0.16402586895219565,0.632951367901421,-0.61441158978859
10400,-0.3821551893012525,0.5090967666098251,0.8345704887206613
616,0.21367869242978188,0.27264707323495985,-0.13141756361883955
3114,1.306040808936678,1.6913452334841512,-0.61441158978859
12408,-0.23319671886849389,-0.9433799212643469,-0.61441158978859
7481,1.6536105732797814,1.9615734544839971,-0.13141756361883955
9545,-0.7048985419055627,-0.7857467923477701,0.35157646255091085
2728,1.231561573720299,1.7026047426924782,0.35157646255091085
12148,-1.077294717987459,-0.6956707186811548,0.35157646255091085
12632,0.16402586895219565,0.779324987609671,-1.0974056159583405
10125,1.306040808936678,0.5766538218597865,-1.5803996421280908
1357,-1.077294717987459,-0.8195253199727509,0.35157646255091085
9792,-0.3573287775624594,-0.6055946450145395,0.35157646255091085
7798,-0.10906466017452843,0.5653943126514596,0.35157646255091085
14438,0.38746357460133357,1.0720722270261707,0.35157646255091085
13725,-0.7545513653831489,0.0024188522351138884,0.8345704887206613
1590,0.8839918093771955,1.2634838835677282,-0.13141756361883955
14900,0.06472022199702318,-0.3804044608480012,-0.13141756361883955
3140,0.8343389858996093,1.173407809901113,-0.13141756361883955
5338,1.9515275141452983,1.713864251900805,-1.0974056159583405
547,-1.0524683062486662,-0.3353664240146935,1.3175645148904118
7118,2.001180337622885,2.1642446202338816,-0.61441158978859
11908,1.256387985459092,1.3985979940676512,-1.5803996421280908
14950,-1.0028154827710798,-1.1460510870142313,0.8345704887206613
26,-0.5559400714728041,-0.8983418844310392,-0.61441158978859
1067,-1.077294717987459,-1.191089123847539,0.35157646255091085
3918,-0.30767595408487314,-0.2115118227230975,0.8345704887206613
6604,-1.077294717987459,-1.1235320685975776,1.3175645148904118
5529,-0.20837030712970078,-0.5492970989729049,-0.13141756361883955
6678,-0.8786834240771144,-0.3353664240146935,0.35157646255091085
5398,-0.45663442451763175,-0.5267780805562511,1.3175645148904118
11763,-0.8042041888607351,-0.538037589764578,0.35157646255091085
8081,0.3626371628625404,-0.41418298847298196,-0.61441158978859
9834,-0.6552457184279764,-1.0221964857226353,-0.61441158978859
15261,-1.077294717987459,-0.7407087555144625,0.35157646255091085
437,0.9088182211159885,0.36272314690157514,-0.13141756361883955
10675,-0.8042041888607351,-0.4592210253062896,0.8345704887206613
13976,1.9267011024065053,1.3423004480260168,-2.5463876944675916
5269,1.008123868071161,1.5337121045675743,-0.61441158978859
1861,0.18885228069098867,-0.5943351358062126,-0.13141756361883955
10683,0.784686162422023,0.6667298955264018,-0.61441158978859
8316,-0.3573287775624594,-0.4367020068896358,-0.61441158978859
15098,1.9018746906677122,2.1642446202338816,1.3175645148904118
2706,-0.08423824843573531,0.7117679323597095,-0.13141756361883955
12966,1.6784369850185743,1.9615734544839971,-2.063393668297841
5325,0.561248456772885,1.0720722270261707,-0.13141756361883955
6957,-1.0524683062486662,-1.1347915778059046,1.3175645148904118
11796,1.8770482789289193,1.5449716137759013,-2.063393668297841
14080,-0.33250236582366627,0.47531823898484427,0.35157646255091085
9058,0.38746357460133357,-0.29032838718138587,-0.13141756361883955
14420,2.497708572398747,-0.8870823752227124,-2.063393668297841
4011,-1.077294717987459,-1.202348633055866,0.35157646255091085
13738,1.9763539258840919,1.7363832703174589,-2.063393668297841
534,0.9336446328547815,1.5111930861509206,-0.13141756361883955
11831,1.9763539258840919,2.0629090373589394,-0.61441158978859
585,-1.077294717987459,-0.5605566081812319,0.8345704887206613
11285,-1.077294717987459,-1.1573105962225583,0.8345704887206613
8919,-0.258023130607287,0.5991728402764404,0.8345704887206613
10373,-1.077294717987459,-0.4254424976813089,1.3175645148904118
11696,0.5860748685116783,-0.7294492463061355,-2.5463876944675916
8761,-1.077294717987459,-1.202348633055866,0.8345704887206613
6464,0.4371163980789196,0.3289446192765944,0.35157646255091085
12016,0.16402586895219565,-0.7519682647227893,-1.0974056159583405
14302,0.26333151590736814,-0.27906887797305896,-0.61441158978859
1916,-1.077294717987459,-0.7294492463061355,1.3175645148904118
13553,-0.30767595408487314,-0.7069302278894817,-0.13141756361883955
8107,-0.4069816010400455,-0.3128474055980397,-0.13141756361883955
14580,-0.7793777771219419,-1.055975013347616,0.8345704887206613
1910,-1.0524683062486662,-0.7181897370978086,0.8345704887206613
10869,-0.8538570123383212,-0.6956707186811548,0.8345704887206613
13778,0.11437304547460941,0.024937870651767717,0.35157646255091085
1133,-1.077294717987459,-1.1010130501809237,1.3175645148904118
9987,-0.6552457184279764,0.06997590748507537,-0.13141756361883955
12068,0.6853805154668505,-0.661892191056174,-2.5463876944675916
1317,1.6784369850185743,1.6237881782341896,-0.13141756361883955
4368,-1.077294717987459,-1.202348633055866,0.35157646255091085
8313,0.6109012802504713,0.03619737986009463,0.35157646255091085
11723,-1.077294717987459,-1.1010130501809237,1.3175645148904118
8855,1.7529162202349537,1.1058507546511516,-1.5803996421280908
7325,-1.0524683062486662,-1.1347915778059046,0.8345704887206613
6080,0.5364220450340921,0.7568059691930171,-0.13141756361883955
14718,1.9763539258840919,1.601269159817536,-2.5463876944675916
2601,-0.8538570123383212,-0.8983418844310392,-0.13141756361883955
6568,-0.6800721301667696,-1.055975013347616,-0.13141756361883955
2173,-1.077294717987459,-1.202348633055866,1.3175645148904118
3605,-0.009759013219356063,-0.7181897370978086,-1.5803996421280908
6429,0.8591653976384023,1.162148300692786,0.8345704887206613
7995,-0.9779890710322867,-1.07849403176427,0.8345704887206613
3768,1.8522218671901263,1.6575667058591705,-1.0974056159583405
5077,-0.506287247995218,-0.93212041205602,0.35157646255091085
8274,2.1253123963168505,1.5562311229842283,-0.13141756361883955
4631,1.4053464558918505,0.9144390981095939,-1.0974056159583405
10141,1.1570823385039195,0.20509001798499835,-2.5463876944675916
240,1.9018746906677122,1.4098575032759781,-0.61441158978859
9016,0.26333151590736814,0.3176851100682675,0.35157646255091085
9445,0.6357276919892645,-0.5155185713479241,-0.61441158978859
7602,0.2881579276461611,-0.40292347926465505,-0.13141756361883955
8771,0.7102069272056438,-0.7294492463061355,-1.0974056159583405
1867,-1.077294717987459,-1.07849403176427,1.3175645148904118
11094,-0.30767595408487314,0.45279922056819044,0.35157646255091085
15210,1.2812143971978849,1.5111930861509206,-0.13141756361883955
2521,-1.077294717987459,-1.1685701054308852,0.35157646255091085
12574,1.1819087502427124,1.6463071966508436,-1.0974056159583405
1820,-0.6055928949503904,-1.0334559949309623,-0.61441158978859
2410,-1.077294717987459,-0.5492970989729049,0.8345704887206613
8243,2.0756595728392635,2.006611491317305,-0.13141756361883955
6637,-1.077294717987459,-0.93212041205602,1.3175645148904118
5187,1.008123868071161,0.4302802021515366,-0.61441158978859
10287,0.5364220450340921,-0.020100166181539942,-1.0974056159583405
4565,-0.33250236582366627,0.5428752942348057,0.8345704887206613
7942,0.6853805154668505,0.14879247194336379,0.8345704887206613
12622,0.13919945721340263,0.8356225336513056,-1.0974056159583405
6391,0.21367869242978188,0.9932556625678823,0.35157646255091085
2118,-1.0524683062486662,-0.9771584488893277,0.35157646255091085
3779,2.348750101965988,2.0854280557755933,-2.063393668297841
4961,1.057776691548747,1.3648194664426705,-0.13141756361883955
2809,0.5115956332952991,0.4190206929432097,-0.13141756361883955
498,2.3735765137047813,2.1867636386505356,-2.063393668297841
14168,-0.45663442451763175,-0.5718161173895587,-0.13141756361883955
10255,-1.0524683062486662,-1.1010130501809237,1.3175645148904118
4284,1.057776691548747,0.4190206929432097,-1.0974056159583405
13398,1.3556936324142643,0.8806605704846132,-2.063393668297841
9178,-1.077294717987459,-1.044715504139289,1.3175645148904118
228,-0.9035098358159074,-0.29032838718138587,0.8345704887206613
8965,1.5791313380634018,1.8039403255674202,-0.13141756361883955
10023,1.5791313380634018,1.9052759084423625,-2.063393668297841
2741,-0.15871748365211455,0.6892489139430557,0.35157646255091085
9731,1.4549992793694364,1.2972624111927091,0.35157646255091085
6001,0.26333151590736814,1.027034190192863,0.35157646255091085
5718,1.7529162202349537,1.3535599572343435,-1.5803996421280908
10456,-1.0028154827710798,-0.4367020068896358,1.3175645148904118
5583,-1.0028154827710798,-0.48174004372294343,0.8345704887206613
12930,-1.077294717987459,-0.4254424976813089,0.8345704887206613
13223,-1.077294717987459,-0.8420443383894047,0.35157646255091085
9638,0.784686162422023,1.3085219204010359,-0.13141756361883955
1128,0.5364220450340921,-0.5267780805562511,0.8345704887206613
10646,-0.23319671886849389,-0.5155185713479241,0.35157646255091085
1706,-0.7297249536443557,-0.27906887797305896,0.8345704887206613
7450,0.6357276919892645,1.2297053559427475,0.35157646255091085
3153,2.0756595728392635,1.6688262150674973,-1.0974056159583405
9703,-1.0028154827710798,-0.3015878963897128,0.8345704887206613
15130,-1.0028154827710798,0.024937870651767717,0.8345704887206613
14745,1.8273954554513328,1.9052759084423625,-0.61441158978859
6240,0.8343389858996093,-0.4704805345146165,-1.5803996421280908
7104,-0.3573287775624594,0.5316157850264789,0.8345704887206613
11481,-0.4069816010400455,0.47531823898484427,0.35157646255091085
2721,2.2246180432720224,2.288099221525478,-0.61441158978859
7445,0.21367869242978188,0.8919200796929401,0.35157646255091085
7893,0.75985975068323,1.060812717817844,-0.13141756361883955
14795,1.032950279809954,1.5449716137759013,0.35157646255091085
11688,-1.077294717987459,-1.191089123847539,1.3175645148904118
8042,0.75985975068323,-0.7069302278894817,-1.5803996421280908
13438,-1.077294717987459,-0.9996774673059815,1.3175645148904118
9356,-0.3573287775624594,0.26138756402663293,0.35157646255091085
9621,0.11437304547460941,0.7005084231513826,-0.13141756361883955
11852,2.050833161100471,2.1980231478588625,-1.5803996421280908
13573,0.7102069272056438,-0.08765722143150143,-1.0974056159583405
10581,-0.18354389539090765,-0.93212041205602,-1.0974056159583405
11107,2.5721878076151254,2.4457323504420545,-2.5463876944675916
10218,-1.077294717987459,-1.202348633055866,1.3175645148904118
6054,0.7350333389444368,1.1959268283177669,-1.0974056159583405
12749,-1.077294717987459,-1.1685701054308852,1.3175645148904118
12455,-0.8042041888607351,-0.9208609028476931,0.35157646255091085
2550,-1.0524683062486662,-1.1798296146392122,0.35157646255091085
7440,0.8839918093771955,1.3197814296093628,-0.13141756361883955
6768,0.809512574160816,1.3648194664426705,0.35157646255091085
9936,-1.077294717987459,-0.8420443383894047,1.3175645148904118
13610,0.08954663373581641,0.3402041284849213,-0.61441158978859
6449,0.3129843393849541,0.5541348034431327,-0.13141756361883955
10599,-1.0524683062486662,-1.1685701054308852,0.35157646255091085
14919,-0.258023130607287,-0.7181897370978086,-0.13141756361883955
2644,-0.13389107191332153,0.06997590748507537,0.35157646255091085
13419,1.4053464558918505,0.47531823898484427,-2.063393668297841
4487,0.8343389858996093,0.903179588901267,-0.61441158978859
2061,-0.4069816010400455,0.12627345352670993,-0.13141756361883955
4645,1.4549992793694364,0.6667298955264018,-2.063393668297841
14408,0.6357276919892645,1.3085219204010359,-1.0974056159583405
13262,0.4867692215565058,0.8243630244429786,-1.0974056159583405
14835,-1.0524683062486662,-0.5042590621395973,1.3175645148904118
13814,-0.3821551893012525,-0.673151700264501,0.35157646255091085
7265,-0.7793777771219419,-0.9996774673059815,0.35157646255091085
4174,-0.7793777771219419,0.08123541669340228,0.35157646255091085
12777,-0.7297249536443557,-1.067234522555943,-1.0974056159583405
9150,-1.077294717987459,-1.1573105962225583,1.3175645148904118
8543,1.47982569110823,1.7589022887341126,-0.13141756361883955
12222,0.06472022199702318,0.8919200796929401,0.35157646255091085
983,0.9088182211159885,0.6104323494847672,-0.61441158978859
14498,-0.7545513653831489,-0.3804044608480012,0.35157646255091085
5480,0.015067398519437164,-0.8758228660143854,-0.61441158978859
12854,0.8343389858996093,0.29516609165161367,-2.063393668297841
4797,-1.077294717987459,-1.0334559949309623,0.35157646255091085
9858,0.2385051041685749,-0.8420443383894047,-1.0974056159583405
3662,0.33781075112374737,-0.7744872831394432,-0.61441158978859
14127,-0.8042041888607351,-0.36914495163967426,0.8345704887206613
6947,-1.0276418945098729,-1.1460510870142313,0.35157646255091085
4657,0.9088182211159885,0.20509001798499835,-1.0974056159583405
6414,-0.03458542495814907,0.6892489139430557,0.35157646255091085
3150,-0.9779890710322867,-0.39166397005632814,0.8345704887206613
9619,0.2385051041685749,0.7680654784013441,0.35157646255091085
11078,1.4549992793694364,1.5111930861509206,-1.0974056159583405
4813,0.7350333389444368,0.1600519811516907,-0.61441158978859
5969,2.100485984578057,1.9390544360673434,-1.5803996421280908
2939,-1.077294717987459,-1.1685701054308852,1.3175645148904118
1340,1.9515275141452983,1.2409648651510745,-1.5803996421280908
1391,0.809512574160816,-0.20025231351477057,-0.61441158978859
12650,1.554304926324609,1.3985979940676512,-2.5463876944675916
13212,0.784686162422023,0.13753296273503687,-1.0974056159583405
9468,-1.077294717987459,-1.191089123847539,0.8345704887206613
11142,1.330867220675471,1.7363832703174589,-1.5803996421280908
11265,0.21367869242978188,-0.5492970989729049,-1.0974056159583405
13236,-1.077294717987459,-0.7519682647227893,0.35157646255091085
6146,0.4867692215565058,-0.40292347926465505,0.35157646255091085
1412,0.03989381025823017,-0.6956707186811548,-0.13141756361883955
2256,1.1322559267651264,0.29516609165161367,-1.5803996421280908
11337,-1.077294717987459,-1.1685701054308852,1.3175645148904118
11877,0.5364220450340921,1.1959268283177669,-0.61441158978859
6120,-0.9531626592934936,-0.7632277739311163,0.8345704887206613
2212,-1.077294717987459,-1.1573105962225583,1.3175645148904118
5603,-1.0276418945098729,-0.39166397005632814,0.8345704887206613
6004,-0.5807664832115972,0.3064256008599406,0.8345704887206613
5417,-1.077294717987459,-1.07849403176427,1.3175645148904118
4938,-1.077294717987459,-0.4479615160979627,1.3175645148904118
3624,-1.0028154827710798,-1.1460510870142313,0.8345704887206613
3158,-1.077294717987459,-0.6506326818478472,0.8345704887206613
4267,0.8343389858996093,0.632951367901421,0.35157646255091085
463,1.2812143971978849,1.049553208609517,-0.61441158978859
1754,0.4371163980789196,-0.29032838718138587,-0.61441158978859
9436,-1.0524683062486662,-1.044715504139289,0.8345704887206613
9233,-0.9531626592934936,-0.4367020068896358,0.35157646255091085
6380,-1.077294717987459,-0.4254424976813089,1.3175645148904118
3829,1.3556936324142643,1.7814213071507665,-0.13141756361883955
378,-0.3573287775624594,-0.9096013936393662,0.8345704887206613
10239,-1.0524683062486662,-1.1573105962225583,0.8345704887206613
1335,1.728089808496161,1.3423004480260168,-1.0974056159583405
14871,1.5294785145858159,0.7117679323597095,-2.5463876944675916
2716,-1.0028154827710798,-0.2340308411397513,0.8345704887206613
9837,0.015067398519437164,-0.8758228660143854,-1.0974056159583405
10520,1.1819087502427124,-0.05387869380652068,-2.5463876944675916
13862,-0.10906466017452843,-0.9208609028476931,-1.5803996421280908
9932,-0.8786834240771144,-0.6393731726395202,1.3175645148904118
6322,-0.9779890710322867,-0.3804044608480012,0.8345704887206613
9438,-0.28284954234608,-0.7069302278894817,0.35157646255091085
12701,-0.258023130607287,-0.41418298847298196,-0.61441158978859
1894,-0.9283362475547006,-0.7069302278894817,0.8345704887206613
4661,1.4053464558918505,0.3064256008599406,-2.063393668297841
9918,-0.5807664832115972,-0.6506326818478472,0.8345704887206613
7769,1.306040808936678,1.0833317362344976,-0.13141756361883955
7090,1.032950279809954,1.5224525953592474,0.35157646255091085
6221,-0.5807664832115972,-0.9771584488893277,0.8345704887206613
10279,-1.077294717987459,-1.0221964857226353,0.8345704887206613
10261,-0.33250236582366627,-0.7632277739311163,-1.0974056159583405
7037,0.08954663373581641,0.35146363769324823,-0.13141756361883955
14990,-0.48146083625642483,-0.9096013936393662,0.8345704887206613
8886,0.33781075112374737,0.8131035152346517,0.35157646255091085
13075,0.2881579276461611,-0.3128474055980397,-0.61441158978859
13322,-0.13389107191332153,0.7230274415680364,-0.13141756361883955
10562,-0.8538570123383212,-1.07849403176427,0.35157646255091085
11410,-1.077294717987459,-0.7519682647227893,1.3175645148904118
3992,-1.077294717987459,-1.191089123847539,0.8345704887206613
6691,-0.009759013219356063,0.5203562758181519,0.8345704887206613
1030,0.6109012802504713,-0.3241069148063666,-0.61441158978859
2220,-1.077294717987459,-1.1347915778059046,1.3175645148904118
11860,-0.20837030712970078,0.6667298955264018,0.35157646255091085
14209,0.2385051041685749,-0.7519682647227893,-1.5803996421280908
3793,2.001180337622885,2.0516495281506124,-2.063393668297841
11189,-0.10906466017452843,0.3965016745265559,-1.0974056159583405
12855,0.9336446328547815,0.35146363769324823,-0.13141756361883955
4327,0.2881579276461611,-0.5492970989729049,-1.0974056159583405
13111,-0.30767595408487314,-0.8645633568060586,-2.5463876944675916
8302,-0.009759013219356063,-0.0651382030148476,0.35157646255091085
14559,0.2881579276461611,-0.6055946450145395,-1.0974056159583405
13493,-1.077294717987459,-1.202348633055866,0.8345704887206613
5731,1.032950279809954,0.6667298955264018,-1.0974056159583405
2917,-1.0524683062486662,-1.1798296146392122,-0.13141756361883955
5586,-0.506287247995218,0.04745688906842155,0.35157646255091085
12290,-0.3821551893012525,0.12627345352670993,0.8345704887206613
6326,2.2742708667496085,1.9165354176506895,-1.5803996421280908
1515,-1.077294717987459,-1.0109369765143084,1.3175645148904118
14509,-1.077294717987459,-0.8420443383894047,1.3175645148904118
13915,-1.077294717987459,-1.1010130501809237,0.8345704887206613
13095,-1.0524683062486662,-1.07849403176427,-0.13141756361883955
2263,-1.077294717987459,-0.8645633568060586,0.35157646255091085
4479,-0.0594118366969423,0.23886854560997908,-0.13141756361883955
4239,0.5860748685116783,0.9819961533595555,0.35157646255091085
13431,-1.0524683062486662,-0.9096013936393662,0.35157646255091085
12872,-0.18354389539090765,0.05871639827674846,-1.5803996421280908
893,-0.9779890710322867,-0.17773329509811675,0.8345704887206613
1490,-0.4318080127788386,-0.8307848291810778,-0.13141756361883955
12301,1.9763539258840919,1.173407809901113,-2.063393668297841
12683,-1.077294717987459,-0.8420443383894047,0.35157646255091085
8516,0.06472022199702318,0.5653943126514596,0.35157646255091085
2933,0.6853805154668505,-0.6956707186811548,-0.61441158978859
14106,0.8591653976384023,1.0833317362344976,-0.13141756361883955
1129,-1.077294717987459,-1.1122725593892506,-0.13141756361883955
731,0.2385051041685749,-0.8307848291810778,-0.61441158978859
3084,1.08260310328754,1.601269159817536,-0.61441158978859
7297,-0.0594118366969423,-0.9096013936393662,-0.61441158978859
4588,0.75985975068323,1.2522243743594015,0.35157646255091085
2795,0.809512574160816,0.8806605704846132,-0.13141756361883955
7601,-1.0276418945098729,-0.9771584488893277,0.8345704887206613
798,-1.077294717987459,-0.8983418844310392,1.3175645148904118
6232,-1.077294717987459,-1.1460510870142313,1.3175645148904118
734,0.13919945721340263,-0.8420443383894047,-1.0974056159583405
8909,0.2881579276461611,0.9707366441512285,0.8345704887206613
2244,-1.077294717987459,-1.0221964857226353,1.3175645148904118
178,1.231561573720299,1.6913452334841512,-0.61441158978859
1174,-1.077294717987459,-0.8195253199727509,0.35157646255091085
790,-0.8538570123383212,-0.7294492463061355,0.35157646255091085
12308,-0.23319671886849389,-0.04261918459819377,-0.61441158978859
198,-0.9283362475547006,-0.1552142766814629,0.35157646255091085
14202,-0.20837030712970078,-0.8082658107644239,-0.61441158978859
7675,-0.9283362475547006,-1.1122725593892506,0.35157646255091085
548,0.8591653976384023,1.443636030900959,-0.13141756361883955
3339,-1.0028154827710798,-0.93212041205602,0.35157646255091085
9426,-0.8042041888607351,-0.8195253199727509,0.35157646255091085
7465,-0.03458542495814907,0.8018440060263248,0.35157646255091085
8902,-0.5559400714728041,0.23886854560997908,0.8345704887206613
13295,1.330867220675471,1.6913452334841512,-2.063393668297841
12641,1.1322559267651264,1.2972624111927091,-1.0974056159583405
7533,-1.0276418945098729,-0.4704805345146165,0.8345704887206613
66,0.18885228069098867,-0.0651382030148476,-0.61441158978859
4712,-1.0028154827710798,-1.1122725593892506,0.8345704887206613
5214,-0.506287247995218,-0.03135967538986686,0.8345704887206613
12275,1.5294785145858159,1.5224525953592474,-1.5803996421280908
5033,-1.077294717987459,-0.9771584488893277,-0.13141756361883955
10402,-0.4069816010400455,0.4865777481931712,0.8345704887206613
2572,-0.10906466017452843,-0.8420443383894047,-0.61441158978859
10480,1.728089808496161,0.9594771349429017,-2.063393668297841
11009,1.1074295150263334,-0.08765722143150143,-1.0974056159583405
622,-0.30767595408487314,-0.11017623984815525,0.35157646255091085
6222,-0.0594118366969423,-0.8420443383894047,0.8345704887206613
787,-1.077294717987459,-0.9996774673059815,0.35157646255091085
3332,0.8839918093771955,-0.25654985955640514,-0.61441158978859
14772,-0.6552457184279764,0.23886854560997908,1.3175645148904118
6008,-0.6800721301667696,0.20509001798499835,0.8345704887206613
10803,2.249444455010816,2.0629090373589394,-2.063393668297841
8334,-1.0028154827710798,-0.9658989396810007,0.8345704887206613
13926,-0.45663442451763175,-0.6956707186811548,0.35157646255091085
10767,0.7102069272056438,1.3535599572343435,-0.61441158978859
8899,0.8343389858996093,1.2747433927760552,-0.61441158978859
515,1.3805200441530574,1.7476427795257858,-0.61441158978859
478,-0.8786834240771144,-0.25654985955640514,0.8345704887206613
4476,-0.45663442451763175,-0.07639771222317451,-0.13141756361883955
12566,-1.077294717987459,-0.4254424976813089,1.3175645148904118
9022,1.6784369850185743,0.8806605704846132,-1.5803996421280908
6899,-0.45663442451763175,-0.8870823752227124,-0.61441158978859
1033,-0.258023130607287,-0.6506326818478472,0.35157646255091085
10291,-0.03458542495814907,-0.2115118227230975,-0.61441158978859
2598,-1.077294717987459,-1.07849403176427,0.8345704887206613
1514,0.7350333389444368,-0.17773329509811675,-0.61441158978859
6191,-0.8042041888607351,-1.0897535409725967,0.8345704887206613
11405,0.015067398519437164,0.0924949259017292,0.8345704887206613
7237,0.5115956332952991,-0.3241069148063666,-1.0974056159583405
5753,-1.077294717987459,-0.9096013936393662,0.8345704887206613
10384,-1.0524683062486662,-0.3353664240146935,1.3175645148904118
13197,1.08260310328754,-0.14395476747313599,-1.5803996421280908
8236,1.256387985459092,1.601269159817536,0.35157646255091085
8536,2.2742708667496085,2.1529851110255547,-0.61441158978859
5521,1.1322559267651264,-0.2340308411397513,-2.063393668297841
1462,0.26333151590736814,-0.8307848291810778,-0.13141756361883955
7915,-0.03458542495814907,0.20509001798499835,0.35157646255091085
1871,-1.0524683062486662,-1.0221964857226353,1.3175645148904118
12496,-0.7048985419055627,-0.4367020068896358,0.35157646255091085
7209,-0.7793777771219419,-0.5605566081812319,1.3175645148904118
10305,-0.45663442451763175,-0.25654985955640514,-0.13141756361883955
7349,-0.9035098358159074,-0.9208609028476931,-0.13141756361883955
4623,2.0260067493616774,1.466155049317613,-2.063393668297841
9681,-0.258023130607287,0.5991728402764404,0.8345704887206613
4818,-0.9779890710322867,-0.7294492463061355,0.35157646255091085
220,-0.258023130607287,0.3965016745265559,0.35157646255091085
14053,0.6853805154668505,1.3423004480260168,-0.13141756361883955
9212,0.5860748685116783,0.38524216531822897,-1.0974056159583405
2476,0.26333151590736814,-0.2227713319314244,-0.13141756361883955
4248,-1.0276418945098729,-0.48174004372294343,1.3175645148904118
11707,-1.077294717987459,-1.1573105962225583,0.8345704887206613
14055,-0.5559400714728041,0.3402041284849213,0.8345704887206613
13158,-0.8042041888607351,-1.055975013347616,-0.61441158978859
6487,0.983297456332368,0.1600519811516907,-1.0974056159583405
9639,1.7777426319737468,1.9390544360673434,-0.61441158978859
14210,-1.0276418945098729,-1.1235320685975776,0.8345704887206613
5650,-1.077294717987459,-0.4254424976813089,1.3175645148904118
13965,0.9088182211159885,0.6216918586930942,-1.0974056159583405
11060,0.18885228069098867,0.4865777481931712,-0.13141756361883955
8052,0.11437304547460941,-0.7857467923477701,-2.063393668297841
14105,0.561248456772885,0.9144390981095939,-0.61441158978859
2881,-0.3821551893012525,-0.8645633568060586,0.8345704887206613
1677,1.9018746906677122,1.8039403255674202,-1.0974056159583405
6060,2.199791631533229,1.972832963692324,-1.0974056159583405
901,-0.6304193066891834,0.26138756402663293,0.8345704887206613
14662,0.38746357460133357,-0.3128474055980397,-0.13141756361883955
14622,-1.0524683062486662,-1.1573105962225583,1.3175645148904118
2296,-0.20837030712970078,0.23886854560997908,-0.61441158978859
12756,-1.077294717987459,-1.191089123847539,-0.13141756361883955
8488,1.6039577498021953,0.9932556625678823,-2.5463876944675916
9214,-0.30767595408487314,-0.08765722143150143,-0.13141756361883955
8955,1.008123868071161,1.5111930861509206,-0.13141756361883955
12916,-0.30767595408487314,0.4302802021515366,0.35157646255091085
12122,-0.4318080127788386,-0.34662593322302043,0.8345704887206613
6772,-0.8042041888607351,0.013678361443440803,0.8345704887206613
12121,-1.077294717987459,-0.8870823752227124,0.8345704887206613
7257,-0.45663442451763175,-0.8420443383894047,0.8345704887206613
2580,0.8343389858996093,-0.5605566081812319,-1.0974056159583405
7966,-0.08423824843573531,-0.5155185713479241,-0.13141756361883955
14556,0.5364220450340921,-0.5042590621395973,-2.063393668297841
11376,-1.0524683062486662,-0.9771584488893277,1.3175645148904118
15126,2.7211462780478843,3.143821921358323,-2.5463876944675916
10008,-1.0524683062486662,-0.34662593322302043,1.3175645148904118
9567,0.784686162422023,0.27264707323495985,-1.0974056159583405
5254,0.9584710445935745,1.4098575032759781,0.35157646255091085
681,0.9088182211159885,-0.48174004372294343,-2.063393668297841
14298,-0.9779890710322867,-0.9096013936393662,0.35157646255091085
3159,-0.48146083625642483,0.04745688906842155,0.8345704887206613
14456,1.3805200441530574,1.578750141400882,-0.61441158978859
2987,-1.077294717987459,-0.9096013936393662,1.3175645148904118
4908,1.057776691548747,1.578750141400882,-0.13141756361883955
1882,-1.077294717987459,-0.9996774673059815,1.3175645148904118
8882,0.3129843393849541,0.7455464599846903,0.35157646255091085
1940,2.1749652197944367,1.8151998347757472,-2.5463876944675916
3296,-1.0276418945098729,-1.1460510870142313,0.8345704887206613
3534,1.3805200441530574,0.9256986073179209,-0.13141756361883955
5974,-1.077294717987459,-0.49299955293127035,1.3175645148904118
3729,-1.077294717987459,-0.8307848291810778,0.35157646255091085
490,0.13919945721340263,0.7230274415680364,-0.13141756361883955
5708,0.809512574160816,1.0157746809845363,-0.13141756361883955
1181,1.1322559267651264,0.7230274415680364,-2.063393668297841
1375,-1.077294717987459,-0.9433799212643469,1.3175645148904118
5014,-0.6055928949503904,-0.41418298847298196,0.8345704887206613
626,-0.4318080127788386,-0.24529035034807822,0.8345704887206613
4758,0.13919945721340263,-0.8082658107644239,-1.0974056159583405
10575,-1.0524683062486662,-1.1798296146392122,0.35157646255091085
11716,-1.077294717987459,-1.1347915778059046,1.3175645148904118
11218,0.7102069272056438,0.37398265610990206,-1.5803996421280908
4180,-1.077294717987459,-0.4254424976813089,0.8345704887206613
11578,-0.9283362475547006,-0.5605566081812319,0.8345704887206613
9121,-0.3821551893012525,-0.9771584488893277,-0.61441158978859
2887,0.08954663373581641,-0.7857467923477701,-1.0974056159583405
8876,0.983297456332368,1.0833317362344976,-0.13141756361883955
4539,-0.7297249536443557,0.13753296273503687,0.8345704887206613
10941,-1.0524683062486662,-1.1798296146392122,1.3175645148904118
6671,1.80256904371254,1.2747433927760552,-1.0974056159583405
6453,1.5046521028470228,1.03829369940119,0.8345704887206613
1366,0.13919945721340263,-0.05387869380652068,-0.13141756361883955
2639,0.3626371628625404,0.28390658244328676,0.35157646255091085
14530,0.015067398519437164,-0.3353664240146935,-0.13141756361883955
5602,0.08954663373581641,0.6667298955264018,0.35157646255091085
13874,0.03989381025823017,-0.8870823752227124,-1.0974056159583405
5730,0.5364220450340921,0.44153971135986353,-0.13141756361883955
7204,-0.8786834240771144,-0.5943351358062126,0.8345704887206613
5296,1.1074295150263334,1.612528669025863,-0.13141756361883955
10591,-1.077294717987459,-1.191089123847539,1.3175645148904118
2938,-1.077294717987459,-1.1685701054308852,1.3175645148904118
10476,0.16402586895219565,0.27264707323495985,-0.61441158978859
13291,0.06472022199702318,0.7905844968179979,0.35157646255091085
8890,1.330867220675471,1.4886740677342667,0.35157646255091085
5979,-1.077294717987459,-0.4704805345146165,1.3175645148904118
4534,-0.4318080127788386,0.4302802021515366,0.8345704887206613
15069,0.5364220450340921,0.7230274415680364,-2.063393668297841
7669,-1.077294717987459,-1.191089123847539,1.3175645148904118
7607,-0.7297249536443557,-0.8420443383894047,0.35157646255091085
12292,-0.30767595408487314,0.1600519811516907,-0.13141756361883955
10083,-0.03458542495814907,0.5541348034431327,-0.61441158978859
12466,-0.009759013219356063,-0.5155185713479241,-1.5803996421280908
14918,-0.9283362475547006,-0.9771584488893277,1.3175645148904118
6681,0.5860748685116783,0.7905844968179979,-0.13141756361883955
5428,0.33781075112374737,-0.5943351358062126,-1.5803996421280908
5266,0.11437304547460941,0.8919200796929401,0.35157646255091085
14089,-0.08423824843573531,0.6216918586930942,0.8345704887206613
15048,-0.30767595408487314,-0.04261918459819377,0.8345704887206613
1784,-1.077294717987459,-1.1460510870142313,0.35157646255091085
7116,-1.0028154827710798,-0.2227713319314244,0.8345704887206613
494,1.5294785145858159,1.6688262150674973,-1.5803996421280908
9287,-0.8042041888607351,0.05871639827674846,0.35157646255091085
13903,0.4867692215565058,-0.6393731726395202,-2.063393668297841
2038,0.6357276919892645,1.1058507546511516,-0.13141756361883955
4041,0.6109012802504713,-0.6055946450145395,-0.61441158978859
2897,-1.077294717987459,-1.191089123847539,-0.13141756361883955
8558,-1.077294717987459,-0.4367020068896358,1.3175645148904118
10032,0.38746357460133357,1.1396292822761322,0.35157646255091085
10074,-0.258023130607287,0.46405872977651735,0.35157646255091085
10182,-0.9035098358159074,-1.0334559949309623,-0.13141756361883955
2653,-1.077294717987459,-0.6844112094728279,1.3175645148904118
15278,-1.077294717987459,-1.0221964857226353,1.3175645148904118
8514,0.8839918093771955,1.0720722270261707,-0.61441158978859
2031,0.4371163980789196,1.03829369940119,-0.13141756361883955
5089,-0.20837030712970078,-0.9208609028476931,0.35157646255091085
813,-1.077294717987459,-0.7857467923477701,0.8345704887206613
7235,-0.6055928949503904,-0.7181897370978086,0.8345704887206613
6280,-1.077294717987459,-0.8645633568060586,1.3175645148904118
14130,-0.506287247995218,-0.16647378588978984,0.35157646255091085
1079,-1.077294717987459,-1.202348633055866,0.8345704887206613
2226,-0.7793777771219419,-0.93212041205602,0.35157646255091085
11955,0.6853805154668505,0.23886854560997908,-1.0974056159583405
14030,-0.3821551893012525,0.46405872977651735,-0.61441158978859
11450,-1.077294717987459,-0.5042590621395973,1.3175645148904118
3261,-1.077294717987459,-1.191089123847539,1.3175645148904118
5649,-1.077294717987459,-0.4254424976813089,0.8345704887206613
3862,1.057776691548747,1.3985979940676512,0.35157646255091085
2936,-1.077294717987459,-1.1685701054308852,1.3175645148904118
11498,1.057776691548747,1.590009650609209,-1.0974056159583405
7080,0.3626371628625404,1.0045151717762093,0.35157646255091085
3917,-0.6552457184279764,-0.4254424976813089,0.35157646255091085
12484,-1.077294717987459,-0.9096013936393662,0.8345704887206613
305,0.809512574160816,-0.35788544243134734,-0.61441158978859
4056,1.08260310328754,-0.3128474055980397,-1.0974056159583405
14602,-0.5559400714728041,-1.0221964857226353,-0.13141756361883955
2999,0.7102069272056438,0.37398265610990206,0.35157646255091085
13263,-0.506287247995218,0.11501394431838304,0.8345704887206613
1231,1.5046521028470228,1.713864251900805,-1.0974056159583405
2313,1.1074295150263334,1.3197814296093628,-0.13141756361883955
12049,-0.8538570123383212,-1.1010130501809237,-0.61441158978859
10508,-0.9779890710322867,-0.8307848291810778,0.35157646255091085
13749,2.100485984578057,1.601269159817536,-2.5463876944675916
4321,0.26333151590736814,-0.48174004372294343,-0.61441158978859
15214,0.11437304547460941,0.8468820428596324,0.8345704887206613
6470,-0.7048985419055627,-0.4254424976813089,-0.13141756361883955
15232,2.100485984578057,1.2634838835677282,-2.5463876944675916
7500,0.809512574160816,1.3535599572343435,-0.61441158978859
12937,-0.5807664832115972,0.29516609165161367,0.8345704887206613
3899,0.2881579276461611,0.38524216531822897,0.8345704887206613
3567,0.5364220450340921,-0.04261918459819377,-1.0974056159583405
5452,-0.5807664832115972,-1.0109369765143084,-1.0974056159583405
8022,-1.077294717987459,-1.202348633055866,1.3175645148904118
13273,0.08954663373581641,0.6779894047347288,0.35157646255091085
12133,0.9584710445935745,0.5428752942348057,-0.61441158978859
4270,0.4122899863401266,0.36272314690157514,-0.13141756361883955
8531,-0.8786834240771144,-0.14395476747313599,0.8345704887206613
4086,-0.03458542495814907,-0.14395476747313599,0.8345704887206613
6663,1.5791313380634018,1.0045151717762093,-1.5803996421280908
12462,-1.077294717987459,-1.067234522555943,1.3175645148904118
588,-1.0524683062486662,-0.49299955293127035,0.8345704887206613
3365,-1.077294717987459,-0.8195253199727509,1.3175645148904118
2670,1.330867220675471,1.3310409388176898,0.35157646255091085
5515,-0.23319671886849389,-0.7069302278894817,-0.13141756361883955
15262,-0.9283362475547006,-0.5605566081812319,-0.13141756361883955
13200,-0.28284954234608,-0.5718161173895587,-0.13141756361883955
2395,2.547361395876333,2.3106182399421313,-1.5803996421280908
5506,0.9088182211159885,-0.5042590621395973,-1.0974056159583405
2170,-0.30767595408487314,-0.9546394304726739,-1.0974056159583405
14398,1.1570823385039195,1.6237881782341896,-1.5803996421280908
8134,0.3626371628625404,0.5316157850264789,0.35157646255091085
9549,-0.10906466017452843,-0.49299955293127035,0.35157646255091085
14430,1.256387985459092,1.6913452334841512,-1.0974056159583405
10472,0.46194280981771285,0.49783725740149815,-1.0974056159583405
12792,-0.258023130607287,-0.9096013936393662,-0.61441158978859
5673,1.1570823385039195,1.578750141400882,-0.13141756361883955
2774,1.3556936324142643,1.4886740677342667,-1.0974056159583405
7620,-0.18354389539090765,-0.7407087555144625,-0.13141756361883955
6559,-1.077294717987459,-1.202348633055866,1.3175645148904118
10146,1.08260310328754,0.08123541669340228,-2.063393668297841
8456,-1.077294717987459,-0.9996774673059815,1.3175645148904118
14584,-1.077294717987459,-1.191089123847539,1.3175645148904118
14374,1.256387985459092,1.4999335769425937,-0.13141756361883955
5798,-0.10906466017452843,-0.7632277739311163,0.35157646255091085
5982,0.7350333389444368,1.2522243743594015,0.35157646255091085
5882,-1.077294717987459,-1.0897535409725967,0.8345704887206613
14731,0.08954663373581641,0.644210877109748,0.35157646255091085
10866,0.784686162422023,0.1600519811516907,-0.61441158978859
2181,0.2881579276461611,-0.8420443383894047,-0.61441158978859
12198,2.3735765137047813,2.2993587307338044,-2.5463876944675916
1473,-0.08423824843573531,-0.8533038475977316,-0.13141756361883955
6103,-0.5311136597340109,-0.27906887797305896,0.35157646255091085
11599,-0.9283362475547006,-0.7407087555144625,0.35157646255091085
9362,0.8839918093771955,1.027034190192863,-0.61441158978859
11247,-1.077294717987459,-0.9996774673059815,0.35157646255091085
421,-0.7048985419055627,-0.7181897370978086,-1.0974056159583405
2306,-1.0028154827710798,-0.41418298847298196,0.35157646255091085
13100,-1.077294717987459,-1.1235320685975776,-0.13141756361883955
171,-0.9283362475547006,-0.09891673063982834,0.35157646255091085
3956,0.4371163980789196,-0.4367020068896358,-0.13141756361883955
5606,1.231561573720299,1.466155049317613,-0.13141756361883955
14188,0.13919945721340263,-0.5830756265978857,-1.5803996421280908
8462,-0.7297249536443557,-0.6281136634311933,0.8345704887206613
1725,0.5860748685116783,0.250128054818306,-0.61441158978859
8938,-0.7297249536443557,0.1600519811516907,0.8345704887206613
10450,0.16402586895219565,0.6779894047347288,-1.0974056159583405
15284,0.6357276919892645,-0.36914495163967426,-0.61441158978859
11092,-0.8042041888607351,-0.03135967538986686,1.3175645148904118
904,-0.18354389539090765,0.6892489139430557,0.8345704887206613
3494,1.008123868071161,1.3873384848593244,-0.61441158978859
8346,-1.077294717987459,-1.1010130501809237,1.3175645148904118
12365,-0.30767595408487314,-0.7632277739311163,0.35157646255091085
7797,0.809512574160816,1.1959268283177669,0.35157646255091085
7396,0.4122899863401266,0.45279922056819044,0.35157646255091085
14354,2.1253123963168505,1.6913452334841512,-2.5463876944675916
2080,-0.7048985419055627,-0.35788544243134734,0.35157646255091085
7928,-0.7545513653831489,-0.4367020068896358,0.8345704887206613
11460,0.4122899863401266,1.0157746809845363,-1.0974056159583405
7933,-0.20837030712970078,-0.13269525826480907,-0.61441158978859
10086,-0.8538570123383212,-0.20025231351477057,0.35157646255091085
10898,-0.9779890710322867,-0.9996774673059815,0.8345704887206613
7211,-1.077294717987459,-0.8870823752227124,0.8345704887206613
4677,-0.9531626592934936,-0.8983418844310392,-0.13141756361883955
6533,-0.7048985419055627,-0.9658989396810007,0.35157646255091085
5209,-0.3573287775624594,0.024937870651767717,0.35157646255091085
2646,0.4371163980789196,0.44153971135986353,0.35157646255091085
11717,0.06472022199702318,-0.6844112094728279,-0.13141756361883955
11201,0.7350333389444368,0.6779894047347288,-1.0974056159583405
10109,-0.8538570123383212,-0.41418298847298196,0.35157646255091085
13376,-0.23319671886849389,0.3402041284849213,0.8345704887206613
10794,1.554304926324609,1.7701617979424396,-1.5803996421280908
6365,2.5225349841375393,2.4344728412337275,-0.61441158978859
11850,-0.8786834240771144,-0.03135967538986686,0.35157646255091085
2155,-0.4069816010400455,-0.8983418844310392,-1.0974056159583405
11178,1.330867220675471,1.443636030900959,-1.0974056159583405
7370,-1.077294717987459,-0.9096013936393662,1.3175645148904118
13651,0.03989381025823017,0.7455464599846903,-0.13141756361883955
7837,-0.8290306005995282,0.03619737986009463,0.35157646255091085
3715,-0.8786834240771144,-0.7181897370978086,0.35157646255091085
8111,-1.077294717987459,-0.8420443383894047,1.3175645148904118
11522,1.1322559267651264,1.5337121045675743,-1.5803996421280908
12718,0.13919945721340263,-0.4704805345146165,-0.13141756361883955
3622,-1.077294717987459,-1.191089123847539,-0.13141756361883955
4516,1.2812143971978849,1.5562311229842283,0.35157646255091085
7354,-1.077294717987459,-1.0334559949309623,1.3175645148904118
8750,-1.077294717987459,-1.202348633055866,1.3175645148904118
1436,-1.077294717987459,-1.191089123847539,0.8345704887206613
507,-0.3573287775624594,0.45279922056819044,0.35157646255091085
5275,-1.0028154827710798,-0.2227713319314244,0.8345704887206613
5663,0.6605541037280576,1.3085219204010359,0.35157646255091085
5402,1.330867220675471,0.08123541669340228,-2.063393668297841
5930,-1.077294717987459,-0.7632277739311163,1.3175645148904118
8947,-0.7793777771219419,0.0924949259017292,0.8345704887206613
2339,2.2246180432720224,2.231801675483843,-0.61441158978859
10100,1.4301728676306433,1.2184458467344206,-1.0974056159583405
4386,-0.6304193066891834,-1.0221964857226353,-1.0974056159583405
14688,-1.077294717987459,-0.8195253199727509,1.3175645148904118
7680,-1.0524683062486662,-1.1573105962225583,0.8345704887206613
12421,-1.077294717987459,-1.191089123847539,1.3175645148904118
11573,-0.6800721301667696,-0.29032838718138587,0.8345704887206613
8693,-1.077294717987459,-1.0221964857226353,1.3175645148904118
643,-0.08423824843573531,-0.27906887797305896,0.35157646255091085
1539,-1.077294717987459,-0.8195253199727509,0.35157646255091085
1211,-0.48146083625642483,0.13753296273503687,0.8345704887206613
15334,-0.20837030712970078,-0.8870823752227124,0.35157646255091085
14006,0.5860748685116783,1.03829369940119,-0.13141756361883955
8864,0.16402586895219565,0.4190206929432097,-0.13141756361883955
6106,0.4371163980789196,0.21634952719332526,-0.61441158978859
5615,-1.077294717987459,-0.4592210253062896,1.3175645148904118
13497,-1.077294717987459,-1.202348633055866,1.3175645148904118
1464,0.11437304547460941,-0.8533038475977316,0.35157646255091085
1192,-0.10906466017452843,0.20509001798499835,0.8345704887206613
3590,1.08260310328754,-0.25654985955640514,-1.5803996421280908
15052,-0.9283362475547006,-0.34662593322302043,0.8345704887206613
6360,2.050833161100471,2.1529851110255547,0.35157646255091085
8697,0.2881579276461611,-0.3804044608480012,-0.61441158978859
12475,-1.077294717987459,-0.9996774673059815,1.3175645148904118
6719,2.398402925443574,2.3106182399421313,-1.0974056159583405
506,0.8591653976384023,1.3535599572343435,0.35157646255091085
13523,-0.3573287775624594,-0.93212041205602,-0.61441158978859
9462,-1.077294717987459,-1.1685701054308852,0.8345704887206613
14293,-0.7545513653831489,-0.8082658107644239,0.35157646255091085
9840,-0.10906466017452843,-0.9096013936393662,-2.063393668297841
1773,-0.6552457184279764,-0.8758228660143854,-0.13141756361883955
272,-0.7048985419055627,-0.538037589764578,0.35157646255091085
12518,-0.30767595408487314,0.10375443511005612,-0.13141756361883955
14384,2.348750101965988,-0.8983418844310392,-2.5463876944675916
3618,0.33781075112374737,-0.7407087555144625,-0.61441158978859
2381,1.6287841615409884,1.9052759084423625,-0.13141756361883955
7008,-1.077294717987459,-0.8870823752227124,0.8345704887206613
13422,1.554304926324609,0.46405872977651735,-2.063393668297841
4633,1.554304926324609,0.9482176257345747,-1.0974056159583405
8504,-0.48146083625642483,0.024937870651767717,0.35157646255091085
746,-1.077294717987459,-1.1685701054308852,-0.13141756361883955
7707,-1.077294717987459,-1.1010130501809237,0.35157646255091085
3569,-0.8042041888607351,-0.7069302278894817,0.8345704887206613
8982,1.4053464558918505,1.5337121045675743,-0.13141756361883955
9997,-0.6055928949503904,0.18257099956834452,0.35157646255091085
8557,-1.077294717987459,-0.4367020068896358,1.3175645148904118
6448,1.1819087502427124,1.060812717817844,-0.61441158978859
5599,2.0756595728392635,1.8602378716090548,-1.0974056159583405
14336,-1.0524683062486662,-0.661892191056174,1.3175645148904118
11018,0.8591653976384023,0.11501394431838304,-1.0974056159583405
8572,0.5860748685116783,1.2747433927760552,0.8345704887206613
10810,-0.3573287775624594,0.3289446192765944,0.8345704887206613
1912,-0.9779890710322867,-0.5943351358062126,0.35157646255091085
14350,0.4867692215565058,0.7117679323597095,-0.13141756361883955
599,0.6357276919892645,0.8356225336513056,-0.61441158978859
3892,2.0260067493616774,1.4886740677342667,-1.5803996421280908
5540,-0.08423824843573531,-0.27906887797305896,-0.13141756361883955
1652,2.050833161100471,2.1304660926089007,-2.5463876944675916
8106,0.3129843393849541,0.05871639827674846,-0.61441158978859
1893,-1.077294717987459,-0.8983418844310392,0.35157646255091085
11386,0.9336446328547815,0.19383050877667143,-2.063393668297841
6502,-1.077294717987459,-1.0221964857226353,1.3175645148904118
4362,-0.9283362475547006,-1.1235320685975776,0.8345704887206613
14994,0.46194280981771285,-0.5943351358062126,-1.0974056159583405
375,-0.9035098358159074,-1.0897535409725967,0.35157646255091085
1966,-1.077294717987459,-0.4479615160979627,1.3175645148904118
3957,-0.7297249536443557,-0.8533038475977316,0.35157646255091085
13478,-0.9531626592934936,-1.0897535409725967,0.8345704887206613
5696,-0.5807664832115972,0.13753296273503687,0.8345704887206613
1243,2.0756595728392635,2.1417256018172277,-1.0974056159583405
12663,2.050833161100471,1.2860029019843822,-2.5463876944675916
12357,-0.7048985419055627,-0.8420443383894047,0.35157646255091085
9354,0.6853805154668505,1.0157746809845363,0.35157646255091085
941,1.9763539258840919,1.9277949268590164,-1.5803996421280908
10586,-0.48146083625642483,-0.9996774673059815,-0.61441158978859
3346,0.2385051041685749,-0.25654985955640514,-0.61441158978859
2657,0.7102069272056438,0.7680654784013441,0.35157646255091085
15004,0.3626371628625404,-0.5492970989729049,1.3175645148904118
10007,-0.7297249536443557,0.10375443511005612,0.8345704887206613
5326,0.8343389858996093,1.2297053559427475,-0.61441158978859
10034,0.5115956332952991,1.2184458467344206,-0.13141756361883955
6578,-1.077294717987459,-1.191089123847539,1.3175645148904118
2799,1.6039577498021953,1.2297053559427475,-0.61441158978859
4306,1.1570823385039195,0.024937870651767717,-0.13141756361883955
11098,1.306040808936678,1.6350476874425166,-1.5803996421280908
12586,-1.0276418945098729,-0.26780936876473205,-0.13141756361883955
7244,0.7350333389444368,-0.35788544243134734,-0.61441158978859
298,-1.077294717987459,-1.055975013347616,1.3175645148904118
12517,-1.077294717987459,-0.673151700264501,0.8345704887206613
3823,2.547361395876333,2.4795108780670354,-2.063393668297841
10165,-0.0594118366969423,-0.5830756265978857,-0.13141756361883955
7977,0.46194280981771285,-0.48174004372294343,-1.0974056159583405
2035,2.3735765137047813,2.1529851110255547,-1.5803996421280908
4039,-0.30767595408487314,-0.8533038475977316,0.8345704887206613
10036,1.1570823385039195,1.6575667058591705,-0.61441158978859
11001,-0.08423824843573531,-0.5830756265978857,-0.13141756361883955
1499,0.06472022199702318,-0.5943351358062126,-0.61441158978859
3512,-0.9531626592934936,-0.3353664240146935,0.35157646255091085
15219,0.13919945721340263,0.8581415520679594,-2.063393668297841
8844,1.008123868071161,0.5316157850264789,-0.13141756361883955
8362,-0.8290306005995282,-1.0221964857226353,0.35157646255091085
6828,-0.5559400714728041,-0.2340308411397513,0.8345704887206613
7130,-0.5311136597340109,0.3289446192765944,0.8345704887206613
14991,-0.9779890710322867,-0.9546394304726739,-0.61441158978859
11554,-1.0028154827710798,-0.4479615160979627,0.8345704887206613
4085,0.26333151590736814,-0.020100166181539942,0.8345704887206613
242,-0.8786834240771144,-0.36914495163967426,0.35157646255091085
13043,-1.0276418945098729,-0.7069302278894817,-2.5463876944675916
1644,2.5225349841375393,2.4344728412337275,-1.5803996421280908
7371,-0.28284954234608,-0.3015878963897128,0.8345704887206613
9676,0.8839918093771955,1.466155049317613,0.35157646255091085
5594,1.5791313380634018,1.4999335769425937,0.8345704887206613
11500,2.5225349841375393,2.4569918596503815,-2.5463876944675916
10511,-1.077294717987459,-0.9771584488893277,1.3175645148904118
5231,0.9088182211159885,1.1396292822761322,-0.61441158978859
2076,-0.7545513653831489,-0.35788544243134734,0.35157646255091085
4103,0.16402586895219565,0.21634952719332526,-0.13141756361883955
7493,1.8522218671901263,2.0403900189422854,-0.13141756361883955
9043,1.3556936324142643,0.3064256008599406,-1.0974056159583405
5968,2.3735765137047813,2.0741685465672663,-2.063393668297841
12817,-0.8290306005995282,-0.9546394304726739,-1.0974056159583405
12109,1.032950279809954,-0.020100166181539942,-2.063393668297841
3966,-1.077294717987459,-1.1235320685975776,0.8345704887206613
10622,-1.077294717987459,-1.1235320685975776,0.8345704887206613
15019,-0.8042041888607351,-0.7069302278894817,0.8345704887206613
14396,-0.33250236582366627,0.5203562758181519,0.8345704887206613
6754,-1.0276418945098729,-0.27906887797305896,0.8345704887206613
10721,-0.20837030712970078,0.4865777481931712,-0.13141756361883955
9322,1.032950279809954,1.5224525953592474,0.35157646255091085
12758,0.18885228069098867,-0.8307848291810778,-1.0974056159583405
4078,1.1322559267651264,0.21634952719332526,-1.5803996421280908
7754,0.5860748685116783,0.4302802021515366,-0.61441158978859
8832,-1.077294717987459,-0.8983418844310392,0.8345704887206613
2778,-0.28284954234608,0.36272314690157514,0.8345704887206613
4603,1.1819087502427124,1.3535599572343435,0.35157646255091085
4932,-1.077294717987459,-0.4367020068896358,1.3175645148904118
1985,1.6536105732797814,1.9503139452756701,-1.0974056159583405
3861,1.256387985459092,1.5337121045675743,0.35157646255091085
7774,-0.8290306005995282,-0.27906887797305896,0.8345704887206613
325,-1.077294717987459,-1.1573105962225583,1.3175645148904118
14401,1.80256904371254,2.0291305097339585,-1.5803996421280908
6394,0.75985975068323,1.3648194664426705,-0.13141756361883955
15114,2.1749652197944367,2.7384795898585543,-1.5803996421280908
4054,-0.7545513653831489,-0.8983418844310392,-0.13141756361883955
2237,-0.03458542495814907,-0.5492970989729049,-0.13141756361883955
5229,-0.5311136597340109,0.0924949259017292,0.35157646255091085
4571,-1.0028154827710798,-0.24529035034807822,0.8345704887206613
8976,0.8839918093771955,1.2860029019843822,0.35157646255091085
7454,-1.077294717987459,-0.41418298847298196,1.3175645148904118
1268,-0.4318080127788386,0.46405872977651735,0.35157646255091085
864,0.26333151590736814,0.8806605704846132,-0.13141756361883955
4942,-1.077294717987459,-0.4592210253062896,1.3175645148904118
2253,-1.077294717987459,-0.93212041205602,0.8345704887206613
6010,0.16402586895219565,0.9707366441512285,0.35157646255091085
6911,-1.077294717987459,-1.191089123847539,0.35157646255091085
14285,-1.077294717987459,-1.07849403176427,0.35157646255091085
6998,0.8343389858996093,-0.05387869380652068,-0.13141756361883955
371,-0.9035098358159074,-1.1010130501809237,0.35157646255091085
10984,0.4371163980789196,-0.6168541542228664,-1.0974056159583405
7940,-0.258023130607287,-0.25654985955640514,-0.13141756361883955
609,1.554304926324609,1.060812717817844,-1.0974056159583405
4651,-0.23319671886849389,-0.2115118227230975,0.35157646255091085
12834,-0.7297249536443557,-0.7857467923477701,0.35157646255091085
8872,2.100485984578057,1.6237881782341896,-2.5463876944675916
11963,1.057776691548747,0.23886854560997908,-1.0974056159583405
14807,0.561248456772885,1.173407809901113,-0.13141756361883955
11526,-0.8538570123383212,-0.07639771222317451,0.35157646255091085
2364,-1.0028154827710798,-0.2227713319314244,1.3175645148904118
7766,1.9018746906677122,1.3310409388176898,-2.063393668297841
7148,-0.6304193066891834,0.14879247194336379,0.8345704887206613
9103,-1.077294717987459,-1.191089123847539,1.3175645148904118
3789,1.3805200441530574,1.6463071966508436,-0.13141756361883955
11193,0.11437304547460941,0.49783725740149815,-1.0974056159583405
5581,0.561248456772885,0.7117679323597095,0.35157646255091085
9452,-0.7048985419055627,-0.9546394304726739,0.8345704887206613
5060,-1.077294717987459,-1.1122725593892506,0.8345704887206613
15045,-0.8786834240771144,-1.1347915778059046,-0.61441158978859
13509,-1.077294717987459,-1.202348633055866,1.3175645148904118
8671,0.2385051041685749,-0.008840656973213026,-0.61441158978859
662,0.6357276919892645,-0.29032838718138587,-1.0974056159583405
14187,-0.9531626592934936,-0.9884179580976545,0.8345704887206613
10407,-1.077294717987459,-0.4254424976813089,1.3175645148904118
2776,1.057776691548747,1.2972624111927091,-0.13141756361883955
4535,-0.15871748365211455,0.6779894047347288,0.8345704887206613
7189,1.306040808936678,0.8581415520679594,0.35157646255091085
9948,0.18885228069098867,0.250128054818306,-0.61441158978859
5573,0.5364220450340921,0.5766538218597865,0.35157646255091085
6135,-0.258023130607287,-0.5267780805562511,0.35157646255091085
4427,0.5115956332952991,-0.3804044608480012,-0.13141756361883955
5247,-0.7545513653831489,0.013678361443440803,0.8345704887206613
10633,1.008123868071161,-0.27906887797305896,-2.5463876944675916
3981,0.8839918093771955,-0.6055946450145395,-1.5803996421280908
7825,0.75985975068323,1.3760789756509975,-0.13141756361883955
2669,-0.8042041888607351,-0.18899280430644366,0.8345704887206613
3977,-1.077294717987459,-1.1573105962225583,1.3175645148904118
279,0.33781075112374737,-0.11017623984815525,-0.13141756361883955
13645,-0.6800721301667696,0.08123541669340228,0.8345704887206613
8718,0.13919945721340263,-0.673151700264501,0.35157646255091085
7452,1.008123868071161,1.4886740677342667,-0.13141756361883955
5197,1.330867220675471,0.779324987609671,-2.063393668297841
13689,0.983297456332368,1.5449716137759013,-0.61441158978859
14300,1.2812143971978849,0.03619737986009463,-1.5803996421280908
4155,0.015067398519437164,0.7230274415680364,0.35157646255091085
10356,-0.5311136597340109,0.21634952719332526,0.8345704887206613
4883,0.015067398519437164,0.7117679323597095,-0.13141756361883955
5807,-1.0524683062486662,-1.1347915778059046,1.3175645148904118
3809,-1.0028154827710798,-0.2340308411397513,0.8345704887206613
8713,-0.5311136597340109,-0.8307848291810778,0.8345704887206613
10455,0.2385051041685749,0.6667298955264018,-0.61441158978859
4683,-1.077294717987459,-1.055975013347616,1.3175645148904118
15113,1.330867220675471,2.0966875649839203,0.35157646255091085
12911,-1.0028154827710798,-0.3353664240146935,0.8345704887206613
12973,0.2385051041685749,0.9819961533595555,-1.0974056159583405
5593,0.809512574160816,1.03829369940119,-0.13141756361883955
11061,0.015067398519437164,0.38524216531822897,0.35157646255091085
6897,-1.0028154827710798,-1.0897535409725967,0.35157646255091085
4563,-0.8042041888607351,0.05871639827674846,0.8345704887206613
8376,-0.3821551893012525,-0.9658989396810007,0.35157646255091085
12500,-1.077294717987459,-0.797006301556097,1.3175645148904118
12961,0.38746357460133357,1.1283697730678053,-1.0974056159583405
1269,-0.7048985419055627,0.18257099956834452,0.35157646255091085
2350,1.1322559267651264,1.6237881782341896,-0.13141756361883955
8745,-1.077294717987459,-1.202348633055866,0.8345704887206613
1384,-1.077294717987459,-0.9996774673059815,1.3175645148904118
9595,0.7350333389444368,0.7568059691930171,-0.61441158978859
9036,0.015067398519437164,-0.11017623984815525,-0.13141756361883955
5856,-0.9283362475547006,-1.0897535409725967,0.8345704887206613
297,-1.077294717987459,-1.044715504139289,1.3175645148904118
8635,0.2385051041685749,0.5991728402764404,0.8345704887206613
13506,-0.7545513653831489,-1.067234522555943,-0.13141756361883955
14021,1.330867220675471,1.6575667058591705,-1.0974056159583405
10065,-0.258023130607287,0.5203562758181519,-0.61441158978859
2077,-0.6304193066891834,-0.26780936876473205,0.8345704887206613
9593,0.8343389858996093,0.779324987609671,-0.13141756361883955
12239,-0.03458542495814907,0.779324987609671,0.8345704887206613
2229,-1.077294717987459,-1.1010130501809237,1.3175645148904118
2842,-0.5311136597340109,-0.5830756265978857,-1.0974056159583405
2537,-0.6055928949503904,-1.0221964857226353,0.35157646255091085
194,1.7032633967573674,1.9165354176506895,-0.13141756361883955
12720,0.5364220450340921,-0.3804044608480012,-2.063393668297841
7362,-0.03458542495814907,-0.39166397005632814,0.35157646255091085
6636,-1.077294717987459,-0.93212041205602,1.3175645148904118
7498,1.032950279809954,1.5111930861509206,-0.61441158978859
11110,2.6218406310927125,2.4682513688587084,-2.5463876944675916
4042,-0.9531626592934936,-1.055975013347616,0.8345704887206613
6553,-1.077294717987459,-1.202348633055866,1.3175645148904118
13451,-1.077294717987459,-1.067234522555943,1.3175645148904118
5505,-0.8786834240771144,-1.0221964857226353,0.35157646255091085
6854,0.16402586895219565,-0.17773329509811675,0.35157646255091085
6761,0.9584710445935745,1.4999335769425937,-0.13141756361883955
5300,2.3735765137047813,-1.600072495240129e-16,-0.61441158978859
11838,1.5046521028470228,1.8151998347757472,-1.5803996421280908
320,-1.077294717987459,-1.1460510870142313,0.0
7135,-0.23319671886849389,0.5879133310681134,0.8345704887206613
1371,-0.45663442451763175,-0.4254424976813089,-0.13141756361883955
15061,2.1749652197944367,1.3760789756509975,-2.5463876944675916
2654,-1.077294717987459,-0.6844112094728279,1.3175645148904118
9099,-0.03458542495814907,-0.8307848291810778,0.35157646255091085
10714,-0.009759013219356063,0.5879133310681134,-0.61441158978859
3398,-0.9531626592934936,-0.36914495163967426,0.35157646255091085
8532,-0.258023130607287,0.46405872977651735,0.35157646255091085
9818,0.75985975068323,-0.5605566081812319,-2.5463876944675916
11529,-1.0524683062486662,-0.40292347926465505,1.3175645148904118
10812,-1.0524683062486662,-0.48174004372294343,0.8345704887206613
12882,1.330867220675471,1.0833317362344976,-1.5803996421280908
926,-0.13389107191332153,0.6667298955264018,0.35157646255091085
244,0.4867692215565058,0.5316157850264789,0.35157646255091085
7469,0.8343389858996093,1.443636030900959,-0.13141756361883955
8207,2.671493454570298,2.5470679333169968,-1.0974056159583405
143,1.4053464558918505,1.713864251900805,-0.61441158978859
5983,-0.9283362475547006,-0.16647378588978984,0.35157646255091085
8151,0.4122899863401266,0.8018440060263248,0.35157646255091085
2363,-0.9283362475547006,-0.09891673063982834,1.3175645148904118
11227,1.306040808936678,0.45279922056819044,-2.063393668297841
129,-0.9531626592934936,-0.24529035034807822,1.3175645148904118
1161,1.3805200441530574,0.4190206929432097,-1.0974056159583405
10639,1.032950279809954,-0.17773329509811675,-2.5463876944675916
15029,-0.7545513653831489,-0.6506326818478472,0.8345704887206613
5953,1.728089808496161,1.4886740677342667,-1.5803996421280908
287,-0.4069816010400455,-0.538037589764578,0.0
9597,1.6784369850185743,1.2972624111927091,-1.0974056159583405
5308,-0.4069816010400455,0.44153971135986353,0.8345704887206613
8681,-0.7048985419055627,-0.6168541542228664,0.8345704887206613
1170,-0.28284954234608,-0.20025231351477057,-0.61441158978859
13340,1.8522218671901263,2.0178710005256315,-0.61441158978859
9404,-0.3573287775624594,-0.34662593322302043,0.35157646255091085
6792,-0.23319671886849389,0.44153971135986353,0.8345704887206613
11232,0.3626371628625404,-0.020100166181539942,-0.61441158978859
1859,-0.33250236582366627,-0.7744872831394432,0.35157646255091085
10940,-1.0524683062486662,-1.1798296146392122,0.8345704887206613
10140,-0.8786834240771144,-0.7181897370978086,0.8345704887206613
6781,-0.6304193066891834,0.1600519811516907,-0.13141756361883955
11331,-0.5311136597340109,-0.9771584488893277,-1.5803996421280908
10420,-0.5807664832115972,0.27264707323495985,0.8345704887206613
3121,-0.9283362475547006,-0.1552142766814629,1.3175645148904118
8579,1.3805200441530574,1.7926808163590935,-0.61441158978859
1311,-0.6055928949503904,0.12627345352670993,0.35157646255091085
1032,-0.20837030712970078,-0.6168541542228664,0.8345704887206613
8339,0.983297456332368,-0.27906887797305896,-1.0974056159583405
10245,-0.5807664832115972,-0.9546394304726739,0.35157646255091085
6382,0.13919945721340263,0.9482176257345747,-0.13141756361883955
7910,0.8343389858996093,0.8581415520679594,0.35157646255091085
931,1.008123868071161,1.454895540109286,0.35157646255091085
691,-1.077294717987459,-1.1573105962225583,1.3175645148904118
10138,0.9088182211159885,0.1713114903600176,-1.0974056159583405
6364,2.3239236902271947,2.3218777491504583,-1.0974056159583405
1909,-0.7297249536443557,-0.39166397005632814,0.8345704887206613
9021,1.7529162202349537,0.9369581165262478,-0.13141756361883955
13687,-0.8042041888607351,0.06997590748507537,1.3175645148904118
15282,-0.15871748365211455,-0.5042590621395973,-0.61441158978859
44,-0.48146083625642483,-0.7294492463061355,0.35157646255091085
3939,0.26333151590736814,-0.24529035034807822,0.35157646255091085
10104,-0.20837030712970078,0.19383050877667143,0.35157646255091085
7108,-1.077294717987459,-0.4254424976813089,1.3175645148904118
9602,-0.4069816010400455,0.10375443511005612,-0.13141756361883955
4319,-0.45663442451763175,-0.7069302278894817,-0.61441158978859
2965,-1.0524683062486662,-1.0334559949309623,0.35157646255091085
3969,-1.077294717987459,-1.1235320685975776,-2.5463876944675916
9379,1.7777426319737468,1.0833317362344976,-1.0974056159583405
13754,-0.506287247995218,-0.008840656973213026,0.35157646255091085
10215,-1.077294717987459,-1.202348633055866,0.8345704887206613
13209,0.8343389858996093,0.10375443511005612,-2.063393668297841
7478,0.38746357460133357,1.1283697730678053,0.35157646255091085
6308,-0.8538570123383212,-0.34662593322302043,0.35157646255091085
4159,2.1253123963168505,2.1304660926089007,-1.5803996421280908
3092,1.08260310328754,1.612528669025863,-0.13141756361883955
11981,0.08954663373581641,-0.41418298847298196,0.35157646255091085
7954,0.18885228069098867,-0.24529035034807822,0.35157646255091085
5555,-1.077294717987459,-0.8307848291810778,1.3175645148904118
3982,0.75985975068323,-0.6393731726395202,-2.063393668297841
14212,-1.0524683062486662,-1.1460510870142313,-0.13141756361883955
6940,-0.20837030712970078,-0.93212041205602,0.35157646255091085
1404,-1.077294717987459,-1.1010130501809237,1.3175645148904118
3195,1.330867220675471,0.38524216531822897,-1.5803996421280908
14666,1.306040808936678,0.05871639827674846,-2.5463876944675916
10504,1.2812143971978849,0.28390658244328676,-2.5463876944675916
9974,-1.077294717987459,-0.5830756265978857,1.3175645148904118
969,1.9763539258840919,1.4886740677342667,-2.063393668297841
12445,0.11437304547460941,-0.7069302278894817,-0.61441158978859
6543,-0.33250236582366627,-0.9096013936393662,-0.13141756361883955
9117,0.6357276919892645,-0.7744872831394432,-2.063393668297841
2843,-1.077294717987459,-0.9884179580976545,0.8345704887206613
2851,-0.45663442451763175,-0.6393731726395202,0.35157646255091085
12634,0.4371163980789196,0.9482176257345747,-1.5803996421280908
13383,-0.15871748365211455,0.3289446192765944,-1.0974056159583405
5956,0.16402586895219565,0.5991728402764404,0.8345704887206613
10855,1.3556936324142643,0.5991728402764404,-2.5463876944675916
12235,0.7102069272056438,1.3423004480260168,-0.61441158978859
4471,1.330867220675471,0.8806605704846132,-0.61441158978859
12815,0.3129843393849541,-0.6055946450145395,-1.0974056159583405
12313,-0.03458542495814907,0.0024188522351138884,0.35157646255091085
1789,-1.077294717987459,-1.1685701054308852,1.3175645148904118
12692,-1.077294717987459,-0.8983418844310392,0.35157646255091085
2059,1.6536105732797814,1.421117012484305,-1.5803996421280908
7143,1.057776691548747,1.454895540109286,-0.13141756361883955
9578,0.2385051041685749,0.19383050877667143,0.35157646255091085
1902,-1.0524683062486662,-0.7744872831394432,0.8345704887206613
4686,-1.077294717987459,-1.07849403176427,1.3175645148904118
10377,1.1570823385039195,1.601269159817536,-1.0974056159583405
8090,0.9336446328547815,-0.08765722143150143,-0.13141756361883955
4922,-0.5559400714728041,0.3402041284849213,0.8345704887206613
6785,1.231561573720299,1.4999335769425937,0.35157646255091085
13652,-1.077294717987459,-0.4592210253062896,1.3175645148904118
75,-0.009759013219356063,-0.03135967538986686,-0.13141756361883955
2345,2.44805574892116,2.378175295192093,-1.5803996421280908
6447,0.9336446328547815,0.9482176257345747,-0.13141756361883955
8430,-1.077294717987459,-1.1235320685975776,0.8345704887206613
8622,0.03989381025823017,0.6104323494847672,0.35157646255091085
4586,-0.20837030712970078,0.5653943126514596,0.8345704887206613
14771,-0.8786834240771144,-0.03135967538986686,1.3175645148904118
9883,-0.03458542495814907,-0.7857467923477701,-1.0974056159583405
11979,0.5115956332952991,-0.2340308411397513,-2.063393668297841
12503,-1.077294717987459,-0.7744872831394432,1.3175645148904118
1553,1.2067351619815054,0.903179588901267,-0.61441158978859
5874,-1.077294717987459,-1.1235320685975776,1.3175645148904118
8432,-1.077294717987459,-1.1235320685975776,0.8345704887206613
8975,-1.0276418945098729,-0.36914495163967426,1.3175645148904118
12760,-0.28284954234608,-0.9433799212643469,-1.5803996421280908
14969,-1.0524683062486662,-1.1798296146392122,0.8345704887206613
9169,0.3626371628625404,-0.5042590621395973,-1.0974056159583405
11467,1.554304926324609,1.8151998347757472,-1.5803996421280908
5695,0.9088182211159885,1.2409648651510745,-0.13141756361883955
2941,-1.077294717987459,-1.1573105962225583,1.3175645148904118
10206,-1.077294717987459,-1.202348633055866,0.8345704887206613
10243,-0.7793777771219419,-1.0221964857226353,0.8345704887206613
7381,-0.009759013219356063,-0.020100166181539942,-0.13141756361883955
12359,0.5115956332952991,-0.4479615160979627,-1.5803996421280908
1620,-0.33250236582366627,0.5428752942348057,0.35157646255091085
15328,-0.9531626592934936,-1.1685701054308852,-1.0974056159583405
7905,2.1749652197944367,1.6350476874425166,-2.063393668297841
10797,1.7032633967573674,1.8264593439840742,-2.5463876944675916
12437,-1.077294717987459,-1.1573105962225583,1.3175645148904118
6782,1.6287841615409884,1.7589022887341126,0.35157646255091085
12534,-0.009759013219356063,0.5090967666098251,-0.13141756361883955
13477,-1.0276418945098729,-1.1235320685975776,0.35157646255091085
10266,-1.077294717987459,-1.0897535409725967,1.3175645148904118
1609,-0.8290306005995282,0.0024188522351138884,0.8345704887206613
3096,0.9088182211159885,1.4886740677342667,-0.13141756361883955
2415,1.47982569110823,1.4774145585259397,-0.61441158978859
10744,-0.7297249536443557,0.12627345352670993,0.35157646255091085
2017,1.9515275141452983,2.0741685465672663,0.35157646255091085
2971,-0.4318080127788386,-0.6506326818478472,0.35157646255091085
15039,-1.077294717987459,-0.7294492463061355,1.3175645148904118
3246,-0.5807664832115972,-0.93212041205602,-0.13141756361883955
124,1.1819087502427124,1.3985979940676512,-0.61441158978859
1106,0.6605541037280576,-0.7069302278894817,-0.61441158978859
1814,-0.9779890710322867,-1.1460510870142313,0.35157646255091085
11962,1.554304926324609,0.44153971135986353,-2.5463876944675916
14060,0.6605541037280576,1.3197814296093628,0.8345704887206613
8790,-0.30767595408487314,-0.8307848291810778,0.35157646255091085
2123,-1.077294717987459,-1.044715504139289,0.8345704887206613
14414,-0.5559400714728041,0.3402041284849213,0.8345704887206613
10726,0.9088182211159885,1.3310409388176898,-1.0974056159583405
10967,-1.077294717987459,-1.1798296146392122,1.3175645148904118
8970,0.21367869242978188,0.8806605704846132,0.8345704887206613
14833,-0.7545513653831489,-0.07639771222317451,0.35157646255091085
2197,-0.7297249536443557,-1.044715504139289,-1.0974056159583405
4051,-0.6800721301667696,-0.8983418844310392,-0.13141756361883955
1216,0.6357276919892645,1.0157746809845363,-0.61441158978859
7701,-1.077294717987459,-1.1235320685975776,1.3175645148904118
725,0.13919945721340263,-0.8645633568060586,-0.61441158978859
9170,0.38746357460133357,-0.48174004372294343,-0.13141756361883955
808,-1.0524683062486662,-0.7632277739311163,0.35157646255091085
11488,1.2067351619815054,1.6913452334841512,-1.5803996421280908
10679,-0.20837030712970078,0.024937870651767717,-0.13141756361883955
4906,-1.077294717987459,-0.4367020068896358,1.3175645148904118
10694,0.38746357460133357,0.6104323494847672,-0.13141756361883955
13873,-1.077294717987459,-1.202348633055866,1.3175645148904118
3962,0.8343389858996093,-0.40292347926465505,-1.5803996421280908
11878,-0.009759013219356063,0.7905844968179979,0.35157646255091085
2671,1.1074295150263334,1.2184458467344206,-0.13141756361883955
9754,-0.7793777771219419,-0.4479615160979627,0.8345704887206613
9427,-1.0524683062486662,-0.9996774673059815,1.3175645148904118
9417,-0.45663442451763175,-0.5492970989729049,0.8345704887206613
1764,-1.077294717987459,-1.07849403176427,0.35157646255091085
10963,0.5364220450340921,-0.7632277739311163,-2.063393668297841
607,0.4122899863401266,0.5879133310681134,0.35157646255091085
9657,-0.08423824843573531,0.7568059691930171,0.35157646255091085
9937,-1.0028154827710798,-0.7181897370978086,1.3175645148904118
3217,-0.7297249536443557,-0.7744872831394432,-0.13141756361883955
5737,0.2881579276461611,0.20509001798499835,0.35157646255091085
8479,-1.0524683062486662,-0.7632277739311163,0.8345704887206613
2053,0.5364220450340921,0.8694010612762862,-0.13141756361883955
3164,0.6109012802504713,0.7005084231513826,-1.0974056159583405
11258,-0.8290306005995282,-0.8758228660143854,-0.61441158978859
11743,-0.9035098358159074,-0.8420443383894047,0.8345704887206613
13650,1.7777426319737468,1.8827568900257088,-1.5803996421280908
1657,1.8273954554513328,1.972832963692324,-0.61441158978859
8069,-0.28284954234608,-0.7519682647227893,0.8345704887206613
8644,1.6287841615409884,1.1171102638594783,-1.5803996421280908
2710,-0.8042041888607351,0.04745688906842155,0.35157646255091085
14067,1.9018746906677122,2.0741685465672663,-0.61441158978859
7549,1.9018746906677122,1.2184458467344206,-0.13141756361883955
4266,1.231561573720299,0.8356225336513056,-0.13141756361883955
6715,-1.077294717987459,-0.4479615160979627,1.3175645148904118
422,-1.077294717987459,-0.9884179580976545,1.3175645148904118
5316,1.1322559267651264,1.5111930861509206,0.35157646255091085
8849,0.7350333389444368,0.49783725740149815,-0.61441158978859
2845,0.7102069272056438,-0.12143574905648218,-1.5803996421280908
4066,0.46194280981771285,-0.3353664240146935,-0.13141756361883955
13519,-1.077294717987459,-1.191089123847539,0.8345704887206613
5244,1.6536105732797814,1.7476427795257858,-0.13141756361883955
1001,0.9584710445935745,0.29516609165161367,-1.5803996421280908
4198,0.809512574160816,1.421117012484305,0.35157646255091085
2418,0.7350333389444368,1.0045151717762093,-0.61441158978859
11982,1.2067351619815054,-0.0651382030148476,-1.5803996421280908
3575,-1.077294717987459,-0.9996774673059815,1.3175645148904118
6726,2.696319866309091,2.502029896483689,-1.5803996421280908
3847,1.4549992793694364,1.7701617979424396,-0.61441158978859
961,0.015067398519437164,0.49783725740149815,0.8345704887206613
13630,0.983297456332368,1.173407809901113,-0.61441158978859
10680,-0.45663442451763175,-0.13269525826480907,-0.13141756361883955
15223,-0.23319671886849389,0.38524216531822897,-1.0974056159583405
757,-0.7297249536443557,-0.9546394304726739,-0.13141756361883955
5313,0.5364220450340921,1.1508887914844592,0.35157646255091085
2284,-0.03458542495814907,0.20509001798499835,0.35157646255091085
12884,-0.3573287775624594,0.08123541669340228,-0.13141756361883955
9606,-0.6800721301667696,-0.08765722143150143,-0.13141756361883955
4827,-1.0524683062486662,-0.7519682647227893,0.8345704887206613
13590,1.4549992793694364,0.6892489139430557,-2.5463876944675916
807,-0.7297249536443557,-0.4704805345146165,0.8345704887206613
3907,-0.9283362475547006,-0.5492970989729049,0.8345704887206613
7023,-1.077294717987459,-0.7857467923477701,1.3175645148904118
1956,-0.4318080127788386,0.3064256008599406,0.8345704887206613
9343,1.1819087502427124,1.443636030900959,-0.13141756361883955
10498,-0.8786834240771144,-0.661892191056174,0.8345704887206613
12505,-0.20837030712970078,0.013678361443440803,0.35157646255091085
2402,-1.0028154827710798,-0.3241069148063666,0.8345704887206613
11024,0.5364220450340921,0.0924949259017292,-0.13141756361883955
1073,-0.8538570123383212,-1.0897535409725967,0.35157646255091085
6524,-0.5311136597340109,-0.8533038475977316,-0.13141756361883955
14296,-0.6552457184279764,-0.7407087555144625,0.8345704887206613
15332,-1.077294717987459,-1.07849403176427,0.8345704887206613
8095,-0.9035098358159074,-0.7632277739311163,0.8345704887206613
11427,0.5860748685116783,0.7568059691930171,-1.5803996421280908
12866,0.8343389858996093,0.5203562758181519,-1.5803996421280908
11465,2.299097278488402,2.231801675483843,-2.5463876944675916
12245,0.8591653976384023,1.4098575032759781,-0.13141756361883955
1003,-0.9283362475547006,-0.7069302278894817,1.3175645148904118
7658,-0.0594118366969423,-0.9096013936393662,-0.13141756361883955
14449,1.5046521028470228,1.713864251900805,-1.5803996421280908
7566,-1.077294717987459,-0.8195253199727509,0.8345704887206613
14174,0.03989381025823017,-0.4479615160979627,0.35157646255091085
5368,-1.0028154827710798,-0.6393731726395202,0.8345704887206613
12384,-1.077294717987459,-1.1685701054308852,1.3175645148904118
6289,-1.077294717987459,-0.797006301556097,1.3175645148904118
12346,-1.0028154827710798,-0.93212041205602,0.8345704887206613
13518,-0.5559400714728041,-0.9996774673059815,0.35157646255091085
9772,-0.4318080127788386,-0.41418298847298196,0.35157646255091085
985,-0.45663442451763175,-0.17773329509811675,0.35157646255091085
11014,-0.9531626592934936,-0.8645633568060586,0.8345704887206613
6169,-0.9531626592934936,-1.067234522555943,0.8345704887206613
11736,-0.9283362475547006,-0.9096013936393662,0.8345704887206613
7384,-0.4318080127788386,-0.2227713319314244,0.8345704887206613
14287,0.33781075112374737,-0.4592210253062896,-1.5803996421280908
14019,0.561248456772885,1.1396292822761322,-0.13141756361883955
9954,0.3626371628625404,0.44153971135986353,-0.61441158978859
14379,2.3239236902271947,2.1755041294422086,-2.5463876944675916
9460,-0.8290306005995282,-1.0334559949309623,0.35157646255091085
2462,0.561248456772885,0.13753296273503687,-2.5463876944675916
268,-0.7297249536443557,-0.5155185713479241,0.8345704887206613
7962,1.2067351619815054,-0.03135967538986686,-1.5803996421280908
3580,-0.10906466017452843,-0.48174004372294343,0.35157646255091085
71,-1.077294717987459,-0.8645633568060586,1.3175645148904118
13426,-1.077294717987459,-0.93212041205602,1.3175645148904118
12460,-1.077294717987459,-1.07849403176427,1.3175645148904118
11809,2.2246180432720224,1.9503139452756701,-2.5463876944675916
2821,0.8343389858996093,0.36272314690157514,-0.61441158978859
14363,-1.077294717987459,-0.5492970989729049,1.3175645148904118
589,0.11437304547460941,0.632951367901421,-0.13141756361883955
10708,1.231561573720299,1.3197814296093628,-1.5803996421280908
11308,-0.5807664832115972,-1.0221964857226353,-0.13141756361883955
11311,0.5115956332952991,-0.797006301556097,-1.5803996421280908
11907,0.7350333389444368,1.0945912454428246,-0.13141756361883955
11074,-0.9779890710322867,-0.36914495163967426,0.35157646255091085
3758,-1.0524683062486662,-0.5605566081812319,1.3175645148904118
6845,-0.3821551893012525,-0.3241069148063666,0.35157646255091085
2028,1.2067351619815054,1.5562311229842283,-0.61441158978859
8869,-1.077294717987459,-0.6393731726395202,0.8345704887206613
11112,1.9515275141452983,2.107947074192247,-2.063393668297841
12545,2.050833161100471,1.9277949268590164,-2.5463876944675916
5454,-0.23319671886849389,-0.93212041205602,-0.13141756361883955
14387,0.4371163980789196,1.0720722270261707,0.35157646255091085
11943,0.784686162422023,0.49783725740149815,-1.5803996421280908
13498,-0.8538570123383212,-1.1010130501809237,1.3175645148904118
13634,1.4301728676306433,1.4886740677342667,-1.5803996421280908
2432,0.9088182211159885,0.903179588901267,-0.13141756361883955
4647,1.1570823385039195,0.49783725740149815,-0.61441158978859
8469,-1.0524683062486662,-0.8307848291810778,0.35157646255091085
9892,-0.4069816010400455,-0.8195253199727509,0.35157646255091085
896,0.5860748685116783,1.2747433927760552,-0.13141756361883955
12623,1.057776691548747,1.443636030900959,-2.063393668297841
1587,-0.45663442451763175,0.26138756402663293,0.35157646255091085
6686,1.032950279809954,1.1283697730678053,0.35157646255091085
1719,-0.0594118366969423,0.013678361443440803,0.8345704887206613
6100,-0.03458542495814907,0.05871639827674846,0.35157646255091085
3806,-0.45663442451763175,0.4190206929432097,0.35157646255091085
8806,-1.077294717987459,-1.07849403176427,0.8345704887206613
12277,0.8591653976384023,1.1058507546511516,-1.0974056159583405
3961,-0.4069816010400455,-0.7519682647227893,-0.13141756361883955
10912,-1.077294717987459,-1.1460510870142313,0.8345704887206613
7036,0.13919945721340263,0.37398265610990206,0.35157646255091085
13430,0.4867692215565058,-0.08765722143150143,-1.5803996421280908
890,0.4122899863401266,1.1396292822761322,-0.13141756361883955
13833,-1.0524683062486662,-1.1122725593892506,1.3175645148904118
4006,-0.9035098358159074,-1.1235320685975776,0.8345704887206613
4939,-0.28284954234608,0.5541348034431327,0.8345704887206613
12146,0.03989381025823017,0.26138756402663293,-0.61441158978859
10044,1.8273954554513328,2.0516495281506124,-2.063393668297841
5898,-1.0524683062486662,-0.9658989396810007,1.3175645148904118
13119,-1.077294717987459,-1.191089123847539,1.3175645148904118
12802,0.26333151590736814,-0.7294492463061355,-1.5803996421280908
11569,0.03989381025823017,0.23886854560997908,-1.0974056159583405
584,-0.13389107191332153,0.49783725740149815,0.35157646255091085
3932,-1.077294717987459,-0.9433799212643469,0.8345704887206613
1260,-0.18354389539090765,0.6779894047347288,0.35157646255091085
10697,1.231561573720299,1.1508887914844592,-1.0974056159583405
310,-1.077294717987459,-1.1010130501809237,0.35157646255091085
1716,-1.077294717987459,-0.7857467923477701,1.3175645148904118
6009,-0.7545513653831489,0.12627345352670993,0.8345704887206613
2052,0.3626371628625404,0.779324987609671,0.35157646255091085
11495,2.4728821606599536,2.4344728412337275,-2.5463876944675916
4668,-0.23319671886849389,-0.4367020068896358,-0.13141756361883955
4298,1.231561573720299,0.20509001798499835,-1.5803996421280908
6646,-0.03458542495814907,-0.09891673063982834,0.8345704887206613
3783,-0.009759013219356063,0.655470386318075,0.8345704887206613
1008,-0.258023130607287,-0.34662593322302043,0.35157646255091085
7347,-1.0028154827710798,-0.9996774673059815,0.8345704887206613
12795,-0.6055928949503904,-0.9884179580976545,-0.61441158978859
14383,2.348750101965988,-0.8983418844310392,-2.063393668297841
8383,0.6357276919892645,-0.7744872831394432,-1.5803996421280908
10349,0.5115956332952991,0.9482176257345747,0.35157646255091085
4059,-1.0524683062486662,-1.044715504139289,0.35157646255091085
8721,-1.077294717987459,-1.1460510870142313,0.8345704887206613
90,-0.4069816010400455,-0.07639771222317451,0.35157646255091085
1987,1.7529162202349537,2.0178710005256315,-1.0974056159583405
11086,-0.506287247995218,0.22760903640165217,-0.61441158978859
14818,-0.7545513653831489,0.013678361443440803,0.35157646255091085
11989,-0.15871748365211455,-0.5943351358062126,0.35157646255091085
7279,0.6357276919892645,-0.7519682647227893,-1.5803996421280908
14180,-0.33250236582366627,-0.6506326818478472,-1.5803996421280908
12945,1.3556936324142643,1.7701617979424396,-1.5803996421280908
13320,-0.18354389539090765,0.6892489139430557,-0.13141756361883955
14915,-1.0028154827710798,-1.0109369765143084,0.8345704887206613
9517,-0.7793777771219419,-1.0109369765143084,0.35157646255091085
13318,1.1819087502427124,1.6688262150674973,-1.0974056159583405
13204,-0.506287247995218,-0.6281136634311933,0.35157646255091085
2925,-1.077294717987459,-1.191089123847539,1.3175645148904118
11441,-1.0524683062486662,-0.48174004372294343,0.8345704887206613
8185,2.547361395876333,2.4232133320254006,-1.5803996421280908
5884,-0.7793777771219419,-0.8870823752227124,1.3175645148904118
2341,2.8204519250030566,2.5808464609419772,-2.063393668297841
11617,-0.9035098358159074,-0.8645633568060586,0.35157646255091085
10897,-1.077294717987459,-1.0897535409725967,0.35157646255091085
627,0.2385051041685749,0.11501394431838304,0.8345704887206613
10298,0.7350333389444368,0.27264707323495985,-0.61441158978859
7545,0.9088182211159885,0.903179588901267,-0.13141756361883955
9966,-1.077294717987459,-0.6393731726395202,0.35157646255091085
4765,-0.30767595408487314,-0.8758228660143854,-0.61441158978859
14739,0.13919945721340263,0.7568059691930171,-0.13141756361883955
12952,0.6605541037280576,1.3310409388176898,-0.61441158978859
128,1.008123868071161,1.3310409388176898,-0.61441158978859
12247,-0.20837030712970078,0.6104323494847672,0.8345704887206613
10652,0.2881579276461611,-0.12143574905648218,-0.13141756361883955
4182,-1.077294717987459,-0.4254424976813089,1.3175645148904118
7299,-1.077294717987459,-1.202348633055866,0.35157646255091085
6995,0.9088182211159885,-0.08765722143150143,-1.0974056159583405
2398,-0.3573287775624594,0.4190206929432097,0.35157646255091085
13745,-0.8290306005995282,-0.2227713319314244,0.35157646255091085
1186,0.26333151590736814,0.35146363769324823,0.8345704887206613
12522,0.7350333389444368,0.8356225336513056,-0.13141756361883955
14910,-0.20837030712970078,-0.6055946450145395,-0.61441158978859
5314,-0.7297249536443557,0.0924949259017292,0.8345704887206613
9220,1.6039577498021953,1.03829369940119,-2.5463876944675916
4247,-1.077294717987459,-0.6168541542228664,0.8345704887206613
14659,0.2385051041685749,-0.40292347926465505,-0.61441158978859
9107,-0.3573287775624594,-0.9546394304726739,-0.61441158978859
9497,-1.0524683062486662,-1.1798296146392122,0.35157646255091085
1096,-1.077294717987459,-1.191089123847539,1.3175645148904118
6653,1.2067351619815054,0.6216918586930942,-1.0974056159583405
1273,-0.3821551893012525,0.5090967666098251,0.8345704887206613
5698,0.6357276919892645,1.03829369940119,0.35157646255091085
12754,-1.077294717987459,-1.191089123847539,1.3175645148904118
8728,-0.8786834240771144,-1.044715504139289,-0.13141756361883955
6797,-0.15871748365211455,0.45279922056819044,0.8345704887206613
9590,-1.0276418945098729,-0.6055946450145395,0.8345704887206613
6615,-0.8786834240771144,-0.93212041205602,-0.13141756361883955
3358,-0.9283362475547006,-0.673151700264501,1.3175645148904118
7755,0.5364220450340921,0.4302802021515366,-0.61441158978859
183,0.6853805154668505,1.3197814296093628,-0.13141756361883955
12123,0.5860748685116783,0.18257099956834452,-2.063393668297841
11580,0.13919945721340263,0.13753296273503687,-0.61441158978859
6513,-1.077294717987459,-1.07849403176427,1.3175645148904118
4567,2.001180337622885,2.1417256018172277,-1.5803996421280908
6603,-1.077294717987459,-1.1347915778059046,1.3175645148904118
14321,-1.077294717987459,-0.8307848291810778,1.3175645148904118
1961,-1.077294717987459,-0.4704805345146165,1.3175645148904118
4992,0.5115956332952991,0.5428752942348057,-0.13141756361883955
4891,1.1570823385039195,1.5562311229842283,-1.0974056159583405
8039,-1.0524683062486662,-1.1685701054308852,0.8345704887206613
5869,-1.077294717987459,-1.1460510870142313,0.35157646255091085
9570,-1.0028154827710798,-0.7294492463061355,0.8345704887206613
14553,-0.7297249536443557,-0.8870823752227124,0.35157646255091085
6226,-1.077294717987459,-1.1685701054308852,1.3175645148904118
12737,0.5115956332952991,-0.5943351358062126,-2.063393668297841
10856,0.983297456332368,0.4302802021515366,-2.063393668297841
1251,2.1253123963168505,2.209282657067189,-1.5803996421280908
3176,-0.8290306005995282,-0.4592210253062896,0.8345704887206613
3359,-1.0524683062486662,-0.8082658107644239,0.8345704887206613
11930,-1.0524683062486662,-0.6168541542228664,0.8345704887206613
9850,-0.9283362475547006,-1.1235320685975776,0.35157646255091085
12164,0.5860748685116783,0.8581415520679594,-0.61441158978859
15082,0.5115956332952991,0.7680654784013441,0.8345704887206613
7411,1.231561573720299,1.162148300692786,-0.61441158978859
7538,0.33781075112374737,0.6667298955264018,0.35157646255091085
1051,-0.45663442451763175,-0.8645633568060586,0.35157646255091085
9221,0.784686162422023,0.644210877109748,-1.0974056159583405
8464,-0.20837030712970078,-0.3128474055980397,0.8345704887206613
4763,-1.077294717987459,-1.1685701054308852,0.35157646255091085
15163,-0.0594118366969423,1.162148300692786,0.8345704887206613
1874,0.9336446328547815,-0.18899280430644366,-2.5463876944675916
9278,0.3626371628625404,1.03829369940119,0.35157646255091085
10590,-0.9531626592934936,-1.1347915778059046,0.8345704887206613
7282,-0.6800721301667696,-1.044715504139289,0.8345704887206613
9008,1.3805200441530574,1.1171102638594783,-0.13141756361883955
11678,-1.077294717987459,-1.202348633055866,1.3175645148904118
4322,1.1074295150263334,-0.26780936876473205,-1.5803996421280908
9448,1.008123868071161,-0.4704805345146165,-2.063393668297841
5831,-0.33250236582366627,-0.9658989396810007,-1.5803996421280908
12443,-1.077294717987459,-1.1460510870142313,1.3175645148904118
12368,0.9088182211159885,-0.4704805345146165,-2.063393668297841
12506,-0.08423824843573531,0.10375443511005612,0.35157646255091085
13452,0.16402586895219565,-0.5155185713479241,-0.61441158978859
11931,1.1322559267651264,0.8806605704846132,-1.5803996421280908
4485,1.47982569110823,1.2297053559427475,-1.0974056159583405
8615,-0.5559400714728041,0.18257099956834452,0.8345704887206613
3924,0.3626371628625404,0.03619737986009463,-0.61441158978859
14545,-0.15871748365211455,-0.5830756265978857,-1.0974056159583405
10089,-0.03458542495814907,0.49783725740149815,-0.61441158978859
11322,-1.077294717987459,-1.191089123847539,0.8345704887206613
7850,-1.0524683062486662,-0.3353664240146935,0.8345704887206613
12391,0.11437304547460941,-0.8420443383894047,-1.5803996421280908
3113,0.6605541037280576,1.2747433927760552,0.35157646255091085
3303,-0.30767595408487314,-0.8870823752227124,0.8345704887206613
9536,-1.0524683062486662,-1.055975013347616,0.8345704887206613
1690,1.9267011024065053,1.6237881782341896,-2.063393668297841
9861,-0.5559400714728041,-1.0109369765143084,-0.13141756361883955
5048,-1.0524683062486662,-1.0221964857226353,0.35157646255091085
10330,1.47982569110823,1.2522243743594015,-1.5803996421280908
3308,-0.506287247995218,-0.9096013936393662,-0.13141756361883955
1504,-0.009759013219356063,-0.5605566081812319,0.35157646255091085
1806,-1.0524683062486662,-1.1798296146392122,-0.13141756361883955
3871,0.7102069272056438,1.0945912454428246,0.35157646255091085
10198,0.06472022199702318,-0.8533038475977316,-1.0974056159583405
3791,2.150138808055643,2.1192065834005738,-0.61441158978859
14614,-1.077294717987459,-1.191089123847539,1.3175645148904118
11862,0.561248456772885,1.2522243743594015,-0.61441158978859
10676,-0.3573287775624594,-0.11017623984815525,0.8345704887206613
1717,-0.8538570123383212,-0.49299955293127035,1.3175645148904118
2696,-1.077294717987459,-0.4479615160979627,0.8345704887206613
1848,-0.8290306005995282,-1.0109369765143084,0.35157646255091085
4512,0.9336446328547815,1.2972624111927091,-0.61441158978859
12412,-1.0028154827710798,-1.1573105962225583,0.8345704887206613
6622,-1.077294717987459,-1.044715504139289,0.8345704887206613
3435,1.9515275141452983,2.0741685465672663,-0.61441158978859
10385,-0.4069816010400455,0.47531823898484427,0.35157646255091085
142,0.4122899863401266,1.049553208609517,-0.13141756361883955
10743,-0.45663442451763175,0.3965016745265559,0.8345704887206613
6992,0.8591653976384023,-0.1552142766814629,-0.61441158978859
10345,1.1570823385039195,1.2972624111927091,-1.0974056159583405
10108,-0.009759013219356063,0.21634952719332526,0.35157646255091085
1117,0.015067398519437164,-0.7744872831394432,-0.61441158978859
1756,0.9336446328547815,-0.16647378588978984,-2.5463876944675916
497,2.2742708667496085,2.1192065834005738,-1.5803996421280908
6751,-1.0524683062486662,-0.3353664240146935,1.3175645148904118
870,-0.4318080127788386,0.36272314690157514,0.35157646255091085
3357,-0.8786834240771144,-0.6393731726395202,0.35157646255091085
9104,-1.077294717987459,-1.191089123847539,0.35157646255091085
7678,0.6853805154668505,-0.7181897370978086,-2.5463876944675916
721,-0.7048985419055627,-1.055975013347616,0.8345704887206613
886,-0.7048985419055627,0.1713114903600176,0.8345704887206613
14735,-0.5807664832115972,0.13753296273503687,0.8345704887206613
11245,-0.7545513653831489,-0.7181897370978086,1.3175645148904118
15236,1.8770482789289193,1.1396292822761322,-1.0974056159583405
8347,-0.8042041888607351,-0.93212041205602,0.35157646255091085
9712,1.256387985459092,1.454895540109286,0.35157646255091085
8102,-1.077294717987459,-0.8983418844310392,0.35157646255091085
13346,0.18885228069098867,0.9144390981095939,-0.61441158978859
10465,0.8591653976384023,0.903179588901267,-1.0974056159583405
314,-1.0276418945098729,-1.067234522555943,0.8345704887206613
13731,0.5364220450340921,0.9932556625678823,-1.0974056159583405
11454,0.2881579276461611,0.8806605704846132,-0.61441158978859
4204,0.13919945721340263,0.9256986073179209,0.35157646255091085
5850,-1.077294717987459,-1.191089123847539,0.35157646255091085
6129,0.5364220450340921,-0.13269525826480907,-1.0974056159583405
5447,-0.8538570123383212,-1.055975013347616,0.8345704887206613
3129,1.1322559267651264,1.466155049317613,0.35157646255091085
1996,0.8343389858996093,1.443636030900959,-1.0974056159583405
11377,-0.9779890710322867,-0.8983418844310392,0.8345704887206613
3968,0.809512574160816,-0.49299955293127035,-0.61441158978859
12118,-0.8042041888607351,-0.6393731726395202,-0.61441158978859
336,-0.30767595408487314,-0.93212041205602,-0.61441158978859
12119,-0.8290306005995282,-0.6393731726395202,-0.13141756361883955
12847,0.8839918093771955,0.18257099956834452,-1.5803996421280908
10625,-0.7048985419055627,-0.8983418844310392,-0.13141756361883955
2985,-0.6800721301667696,-0.5718161173895587,0.8345704887206613
4620,1.8770482789289193,1.454895540109286,-1.5803996421280908
6531,0.6357276919892645,-0.6055946450145395,-0.61441158978859
10087,-1.0276418945098729,-0.4479615160979627,-0.13141756361883955
3558,-0.28284954234608,-0.27906887797305896,-0.13141756361883955
14942,0.33781075112374737,-0.7407087555144625,-1.5803996421280908
3416,-1.077294717987459,-0.49299955293127035,1.3175645148904118
307,-1.077294717987459,-1.0897535409725967,0.8345704887206613
15231,1.306040808936678,1.060812717817844,-1.5803996421280908
11635,-1.077294717987459,-1.1122725593892506,0.35157646255091085
348,-0.8786834240771144,-1.1122725593892506,0.35157646255091085
5918,0.21367869242978188,0.06997590748507537,-0.61441158978859
13488,-1.0276418945098729,-1.1573105962225583,1.3175645148904118
7243,-1.077294717987459,-1.07849403176427,1.3175645148904118
14586,-0.9035098358159074,-1.1122725593892506,-0.61441158978859
4482,0.46194280981771285,0.6104323494847672,0.8345704887206613
12192,-0.6800721301667696,0.12627345352670993,1.3175645148904118
9421,-0.5559400714728041,-0.6393731726395202,0.8345704887206613
8263,1.2812143971978849,1.3085219204010359,-0.13141756361883955
10324,1.7777426319737468,1.2860029019843822,-2.5463876944675916
6855,-1.077294717987459,-0.9433799212643469,1.3175645148904118
12479,-0.7793777771219419,-0.661892191056174,0.35157646255091085
10970,-1.0276418945098729,-1.1347915778059046,-0.13141756361883955
12499,-1.0524683062486662,-0.7407087555144625,1.3175645148904118
10303,0.784686162422023,0.38524216531822897,-0.13141756361883955
1666,-0.45663442451763175,0.3402041284849213,0.8345704887206613
7579,0.983297456332368,0.23886854560997908,-0.61441158978859
5570,0.5860748685116783,0.5541348034431327,-0.61441158978859
52,-0.4318080127788386,-0.6281136634311933,-0.13141756361883955
10196,-1.077294717987459,-1.1798296146392122,1.3175645148904118
6263,-1.0524683062486662,-0.9658989396810007,1.3175645148904118
1445,-1.0028154827710798,-1.1573105962225583,-0.13141756361883955
10073,0.08954663373581641,0.7342869507763633,0.35157646255091085
10419,-0.6552457184279764,0.20509001798499835,0.35157646255091085
1695,-0.08423824843573531,0.37398265610990206,-0.61441158978859
1574,1.256387985459092,1.2860029019843822,-0.61441158978859
11364,0.4867692215565058,-0.4254424976813089,-0.13141756361883955
4405,-1.077294717987459,-1.1460510870142313,0.8345704887206613
1630,2.5721878076151254,2.490770387275362,-1.5803996421280908
12900,-0.9035098358159074,-0.26780936876473205,0.8345704887206613
1881,-1.0524683062486662,-0.9658989396810007,1.3175645148904118
5074,-1.077294717987459,-1.1573105962225583,1.3175645148904118
5509,-0.9779890710322867,-1.044715504139289,0.35157646255091085
14916,-0.6304193066891834,-0.8195253199727509,-0.61441158978859
11287,0.06472022199702318,-0.7857467923477701,-1.0974056159583405
9040,-1.0524683062486662,-0.8533038475977316,0.8345704887206613
10894,0.7102069272056438,-0.34662593322302043,-0.61441158978859
10637,-0.5311136597340109,-0.7407087555144625,-0.13141756361883955
186,1.032950279809954,1.5449716137759013,-0.61441158978859
5558,0.7350333389444368,0.4190206929432097,0.35157646255091085
7185,0.4867692215565058,0.5090967666098251,0.35157646255091085
14197,-1.077294717987459,-1.1347915778059046,1.3175645148904118
11778,-0.5311136597340109,-0.16647378588978984,0.35157646255091085
6587,0.11437304547460941,-0.8082658107644239,0.35157646255091085
1234,0.33781075112374737,0.9707366441512285,0.35157646255091085
12047,-1.077294717987459,-1.202348633055866,1.3175645148904118
3915,1.6039577498021953,0.7230274415680364,-1.0974056159583405
446,1.330867220675471,0.7342869507763633,-1.5803996421280908
844,-1.077294717987459,-0.5830756265978857,0.8345704887206613
5201,0.06472022199702318,0.19383050877667143,0.8345704887206613
14734,-0.009759013219356063,0.5991728402764404,-0.13141756361883955
11823,-0.7793777771219419,0.0024188522351138884,0.8345704887206613
2440,1.7529162202349537,1.0720722270261707,-1.5803996421280908
3103,1.554304926324609,1.8827568900257088,-0.13141756361883955
7692,0.26333151590736814,-0.6956707186811548,-0.13141756361883955
4774,-0.18354389539090765,-0.7857467923477701,-0.13141756361883955
9718,1.5791313380634018,1.5674906321925552,-1.0974056159583405
6974,0.784686162422023,-0.4367020068896358,-1.0974056159583405
6094,-0.6800721301667696,-0.29032838718138587,0.8345704887206613
9486,-1.077294717987459,-1.202348633055866,0.35157646255091085
2153,-0.9779890710322867,-1.0897535409725967,0.35157646255091085
5518,0.26333151590736814,-0.5267780805562511,-1.0974056159583405
12288,0.46194280981771285,0.7230274415680364,0.35157646255091085
5067,-1.077294717987459,-1.1347915778059046,1.3175645148904118
12949,-1.0524683062486662,-0.3353664240146935,1.3175645148904118
12948,0.16402586895219565,0.9594771349429017,-0.13141756361883955
12778,-0.8290306005995282,-1.0897535409725967,0.35157646255091085
776,0.38746357460133357,-0.40292347926465505,-2.063393668297841
8417,-1.077294717987459,-1.1685701054308852,0.35157646255091085
14269,0.18885228069098867,-0.6956707186811548,-1.5803996421280908
6324,1.4053464558918505,1.4098575032759781,-0.13141756361883955
4920,2.1749652197944367,2.265580203108824,-0.61441158978859
13356,-0.7793777771219419,-0.008840656973213026,1.3175645148904118
9182,-0.5807664832115972,-0.7069302278894817,0.35157646255091085
14574,-1.077294717987459,-1.1685701054308852,0.8345704887206613
10815,-0.6304193066891834,0.04745688906842155,0.8345704887206613
3136,0.5115956332952991,1.0045151717762093,0.35157646255091085
12920,1.2812143971978849,1.578750141400882,-1.5803996421280908
5462,-0.0594118366969423,-0.9096013936393662,-0.13141756361883955
3183,-1.077294717987459,-0.8195253199727509,0.8345704887206613
12738,0.26333151590736814,-0.661892191056174,-1.0974056159583405
7522,0.2385051041685749,0.7905844968179979,0.35157646255091085
12745,0.26333151590736814,-0.7181897370978086,-0.61441158978859
3199,-0.45663442451763175,-0.4479615160979627,0.8345704887206613
11606,1.2812143971978849,0.1600519811516907,-1.0974056159583405
1289,0.8343389858996093,1.3873384848593244,-0.61441158978859
15239,1.6039577498021953,0.8468820428596324,-0.61441158978859
14649,-0.15871748365211455,-0.6506326818478472,-0.61441158978859
11409,-0.5807664832115972,-0.24529035034807822,0.35157646255091085
7542,0.6357276919892645,0.7905844968179979,0.35157646255091085
1879,-1.0524683062486662,-0.9771584488893277,0.8345704887206613
13031,-0.7545513653831489,-0.3241069148063666,-0.13141756361883955
10236,-0.5807664832115972,-0.9884179580976545,-0.13141756361883955
5457,-0.45663442451763175,-0.9884179580976545,-0.13141756361883955
2148,-0.28284954234608,-0.8307848291810778,0.8345704887206613
4131,1.7777426319737468,1.578750141400882,-1.5803996421280908
1036,-1.077294717987459,-1.0897535409725967,0.8345704887206613
8828,-0.9531626592934936,-0.7744872831394432,1.3175645148904118
14625,-1.077294717987459,-1.1685701054308852,0.8345704887206613
4134,2.1253123963168505,1.8151998347757472,-1.0974056159583405
649,0.11437304547460941,-0.27906887797305896,0.35157646255091085
9275,1.80256904371254,1.9615734544839971,-1.0974056159583405
6711,0.5115956332952991,1.0833317362344976,0.35157646255091085
861,0.33781075112374737,0.9144390981095939,-0.61441158978859
9095,-0.30767595408487314,-0.8758228660143854,-0.13141756361883955
191,-0.9283362475547006,-0.13269525826480907,0.8345704887206613
8301,-1.0028154827710798,-0.7294492463061355,0.35157646255091085
6026,-0.9035098358159074,-0.07639771222317451,0.8345704887206613
1942,2.1253123963168505,1.8151998347757472,-2.063393668297841
4331,-0.9531626592934936,-1.0221964857226353,0.8345704887206613
13595,1.306040808936678,0.7230274415680364,-1.5803996421280908
8775,-0.8042041888607351,-1.055975013347616,0.35157646255091085
7972,0.26333151590736814,-0.4704805345146165,-0.13141756361883955
11864,1.728089808496161,2.006611491317305,-1.0974056159583405
11474,-1.077294717987459,-0.4479615160979627,1.3175645148904118
11374,-1.0028154827710798,-0.9433799212643469,0.8345704887206613
2775,-0.7048985419055627,0.013678361443440803,0.35157646255091085
4145,1.5294785145858159,1.6350476874425166,-1.0974056159583405
13206,1.032950279809954,-0.008840656973213026,-1.5803996421280908
2617,1.008123868071161,0.1713114903600176,-1.0974056159583405
2411,0.9584710445935745,1.2297053559427475,0.35157646255091085
1094,-1.077294717987459,-1.202348633055866,0.8345704887206613
6065,2.2742708667496085,1.9277949268590164,-2.063393668297841
1546,-1.077294717987459,-0.7632277739311163,1.3175645148904118
4589,1.1570823385039195,1.4886740677342667,-0.13141756361883955
6034,0.5860748685116783,1.2297053559427475,0.35157646255091085
10388,-1.0524683062486662,-0.3353664240146935,0.8345704887206613
6953,-0.03458542495814907,-0.8307848291810778,-0.13141756361883955
3135,-0.5559400714728041,0.19383050877667143,0.8345704887206613
3856,1.7777426319737468,1.8827568900257088,-1.0974056159583405
14154,-0.13389107191332153,-0.24529035034807822,0.8345704887206613
6419,0.7102069272056438,1.173407809901113,0.35157646255091085
3805,1.008123868071161,1.5224525953592474,-0.13141756361883955
13379,-0.45663442451763175,0.13753296273503687,0.8345704887206613
14479,-0.15871748365211455,0.3289446192765944,0.35157646255091085
7431,-0.9283362475547006,-0.2340308411397513,0.35157646255091085
6774,1.8273954554513328,1.9503139452756701,-1.0974056159583405
13484,-0.8042041888607351,-1.067234522555943,0.8345704887206613
464,0.6109012802504713,0.7005084231513826,0.35157646255091085
1257,0.5115956332952991,1.2184458467344206,0.8345704887206613
2259,-0.6552457184279764,-0.5155185713479241,0.8345704887206613
5630,2.001180337622885,2.1192065834005738,-0.61441158978859
14865,1.8522218671901263,0.9707366441512285,-1.5803996421280908
6231,-1.077294717987459,-1.1460510870142313,1.3175645148904118
7382,-0.6304193066891834,-0.3804044608480012,0.35157646255091085
10826,0.3626371628625404,0.6779894047347288,-0.13141756361883955
12660,0.9584710445935745,0.9144390981095939,-1.5803996421280908
1262,1.8273954554513328,2.0629090373589394,-0.61441158978859
13821,-0.15871748365211455,-0.661892191056174,-0.13141756361883955
7212,0.6109012802504713,0.12627345352670993,0.35157646255091085
975,-0.3573287775624594,0.013678361443440803,-0.61441158978859
10974,-0.03458542495814907,-0.8195253199727509,0.35157646255091085
5866,0.3129843393849541,-0.6844112094728279,-0.61441158978859
9133,-1.077294717987459,-1.191089123847539,0.8345704887206613
6582,-1.077294717987459,-1.191089123847539,1.3175645148904118
2387,0.784686162422023,1.3423004480260168,-0.13141756361883955
14927,-0.4318080127788386,-0.8420443383894047,0.8345704887206613
5021,-0.13389107191332153,-0.2340308411397513,0.35157646255091085
7129,-0.9779890710322867,-0.20025231351477057,0.8345704887206613
12820,-1.077294717987459,-1.1010130501809237,-0.13141756361883955
3882,2.150138808055643,1.7363832703174589,-1.0974056159583405
6055,1.4053464558918505,1.590009650609209,-2.063393668297841
13950,-1.077294717987459,-0.8758228660143854,1.3175645148904118
11278,0.13919945721340263,-0.7069302278894817,-1.0974056159583405
10920,-0.45663442451763175,-0.9096013936393662,-0.13141756361883955
3875,0.46194280981771285,0.8919200796929401,0.8345704887206613
2789,-1.0276418945098729,-0.49299955293127035,0.8345704887206613
9136,-0.30767595408487314,-0.93212041205602,0.8345704887206613
13642,2.2246180432720224,2.0516495281506124,-2.063393668297841
1857,-1.077294717987459,-1.1235320685975776,0.35157646255091085
13308,-0.45663442451763175,0.4302802021515366,-0.13141756361883955
4108,1.2067351619815054,0.8581415520679594,-1.0974056159583405
5213,0.809512574160816,0.8131035152346517,-0.13141756361883955
8281,0.3626371628625404,0.44153971135986353,0.8345704887206613
3255,-1.077294717987459,-1.1798296146392122,0.8345704887206613
7323,-1.077294717987459,-1.1573105962225583,1.3175645148904118
2690,1.231561573720299,1.5224525953592474,-0.13141756361883955
7389,-0.5559400714728041,-0.24529035034807822,0.8345704887206613
4627,1.306040808936678,0.9482176257345747,-1.0974056159583405
14521,-0.9779890710322867,-0.7857467923477701,0.8345704887206613
1319,0.4867692215565058,0.8919200796929401,-0.61441158978859
11574,0.7102069272056438,0.5316157850264789,-0.61441158978859
15160,0.16402586895219565,1.5674906321925552,1.3175645148904118
5162,-1.077294717987459,-1.044715504139289,0.35157646255091085
13080,-1.077294717987459,-1.044715504139289,0.8345704887206613
13963,1.7777426319737468,0.9819961533595555,-2.5463876944675916
1135,-0.3573287775624594,-0.7294492463061355,0.35157646255091085
4529,1.1074295150263334,1.5449716137759013,-0.13141756361883955
3505,2.3239236902271947,2.006611491317305,-2.5463876944675916
4749,-1.077294717987459,-1.191089123847539,0.8345704887206613
7086,-0.9779890710322867,-0.2115118227230975,1.3175645148904118
9941,-1.077294717987459,-0.8082658107644239,1.3175645148904118
11620,1.2067351619815054,-0.12143574905648218,-2.5463876944675916
15141,1.1074295150263334,2.0966875649839203,-0.13141756361883955
6336,1.9763539258840919,1.8940163992340358,-0.61441158978859
11195,-0.8290306005995282,-0.27906887797305896,0.8345704887206613
6982,-0.6055928949503904,-0.797006301556097,0.8345704887206613
13063,0.9336446328547815,0.11501394431838304,-1.5803996421280908
2505,0.46194280981771285,-0.5492970989729049,-0.61441158978859
2904,-0.03458542495814907,-0.8983418844310392,-0.61441158978859
570,2.4728821606599536,2.0516495281506124,-2.063393668297841
1448,-1.077294717987459,-1.202348633055866,0.35157646255091085
3414,0.5115956332952991,1.0045151717762093,-1.0974056159583405
14082,-0.30767595408487314,0.4865777481931712,0.8345704887206613
11028,-1.0524683062486662,-0.8195253199727509,1.3175645148904118
9290,1.7529162202349537,2.006611491317305,0.35157646255091085
12194,-0.4069816010400455,0.3965016745265559,-0.13141756361883955
6837,-0.18354389539090765,-0.11017623984815525,0.8345704887206613
3226,-1.077294717987459,-1.07849403176427,1.3175645148904118
14951,-0.6552457184279764,-1.0334559949309623,-0.13141756361883955
4383,-0.7545513653831489,-1.067234522555943,-0.13141756361883955
9229,-0.0594118366969423,0.27264707323495985,-0.13141756361883955
7845,-1.0524683062486662,-0.3353664240146935,0.35157646255091085
3539,1.3556936324142643,0.8243630244429786,-0.61441158978859
12899,0.561248456772885,0.8919200796929401,-0.61441158978859
13759,-1.077294717987459,-0.7181897370978086,0.8345704887206613
2827,-0.4318080127788386,-0.34662593322302043,0.35157646255091085
5780,-0.9531626592934936,-0.9546394304726739,1.3175645148904118
4996,0.5115956332952991,0.47531823898484427,-0.61441158978859
1338,0.03989381025823017,0.36272314690157514,-0.13141756361883955
3262,-1.077294717987459,-1.191089123847539,0.35157646255091085
7876,-0.9035098358159074,-0.1552142766814629,0.8345704887206613
11063,-1.0524683062486662,-0.5605566081812319,1.3175645148904118
6838,1.5046521028470228,0.655470386318075,-0.61441158978859
5741,-0.506287247995218,-0.3015878963897128,0.8345704887206613
650,1.231561573720299,0.10375443511005612,-1.5803996421280908
6039,0.4867692215565058,1.1396292822761322,0.35157646255091085
2258,0.4122899863401266,0.03619737986009463,-1.5803996421280908
5395,-0.0594118366969423,-0.3128474055980397,-0.13141756361883955
14743,2.398402925443574,2.1980231478588625,-2.5463876944675916
7082,-0.9035098358159074,-0.12143574905648218,0.8345704887206613
11914,0.8839918093771955,1.0945912454428246,-0.61441158978859
3521,0.8343389858996093,0.9594771349429017,-0.13141756361883955
11523,-0.48146083625642483,0.3402041284849213,-2.063393668297841
4478,-0.28284954234608,0.08123541669340228,-0.61441158978859
5660,1.5791313380634018,1.9052759084423625,-1.0974056159583405
13358,-0.0594118366969423,0.644210877109748,0.35157646255091085
67,-0.6800721301667696,-0.5267780805562511,0.35157646255091085
14389,-0.8042041888607351,0.013678361443440803,0.8345704887206613
12153,0.983297456332368,0.9256986073179209,-1.5803996421280908
7609,-1.077294717987459,-1.07849403176427,0.8345704887206613
1258,0.06472022199702318,0.8806605704846132,0.35157646255091085
12242,-0.08423824843573531,0.7342869507763633,0.8345704887206613
13073,-0.28284954234608,-0.5042590621395973,-0.13141756361883955
991,-0.33250236582366627,-0.16647378588978984,-0.13141756361883955
3504,1.057776691548747,1.3197814296093628,-0.13141756361883955
8305,-0.4069816010400455,-0.3241069148063666,0.8345704887206613
919,0.5860748685116783,1.2409648651510745,-0.61441158978859
165,-0.28284954234608,0.5991728402764404,0.35157646255091085
10107,0.33781075112374737,0.4302802021515366,-0.13141756361883955
13110,-1.077294717987459,-1.1573105962225583,0.8345704887206613
9141,-0.3821551893012525,-0.93212041205602,0.35157646255091085
4594,1.7032633967573674,1.7589022887341126,0.35157646255091085
12434,-0.7545513653831489,-1.0221964857226353,0.35157646255091085
2850,-1.077294717987459,-1.0221964857226353,0.8345704887206613
12527,-0.3573287775624594,0.1713114903600176,-0.13141756361883955
15309,-1.077294717987459,-1.1460510870142313,0.8345704887206613
12456,0.015067398519437164,-0.6168541542228664,-1.0974056159583405
4460,-0.8042041888607351,-0.5155185713479241,0.8345704887206613
11437,-0.6552457184279764,-0.020100166181539942,0.8345704887206613
6623,0.11437304547460941,-0.4592210253062896,-0.61441158978859
9306,2.398402925443574,2.3894348044004197,-0.61441158978859
12867,-1.0524683062486662,-0.7181897370978086,0.35157646255091085
8490,-1.0524683062486662,-0.673151700264501,0.8345704887206613
9867,-1.0276418945098729,-1.1573105962225583,1.3175645148904118
2735,1.9267011024065053,2.1192065834005738,-1.5803996421280908
5669,2.5721878076151254,2.4232133320254006,-0.61441158978859
4988,0.18885228069098867,0.4865777481931712,0.8345704887206613
13817,-1.077294717987459,-1.07849403176427,0.8345704887206613
2378,2.7707991015254705,2.5583274425253237,-1.0974056159583405
10643,-0.9779890710322867,-0.9208609028476931,0.8345704887206613
4172,2.1749652197944367,2.231801675483843,-0.61441158978859
8092,-0.45663442451763175,-0.5943351358062126,0.8345704887206613
12264,1.4549992793694364,1.6237881782341896,-1.0974056159583405
2103,0.561248456772885,0.013678361443440803,0.35157646255091085
3759,-1.077294717987459,-0.6168541542228664,1.3175645148904118
13975,1.9018746906677122,1.3085219204010359,-2.063393668297841
1837,0.18885228069098867,-0.797006301556097,-0.61441158978859
13555,0.784686162422023,-0.34662593322302043,-1.0974056159583405
12744,-0.009759013219356063,-0.7744872831394432,-1.5803996421280908
12516,-0.03458542495814907,0.27264707323495985,-0.13141756361883955
5710,0.4122899863401266,0.7455464599846903,0.8345704887206613
8799,0.4867692215565058,-0.5267780805562511,-0.61441158978859
4500,2.0756595728392635,1.8039403255674202,-0.61441158978859
1093,-1.077294717987459,-1.202348633055866,1.3175645148904118
13594,-0.8786834240771144,-0.5492970989729049,0.8345704887206613
6718,2.5970142193539187,2.4119538228170736,-1.5803996421280908
11012,-1.077294717987459,-1.0109369765143084,1.3175645148904118
8960,2.7211462780478843,2.4795108780670354,-2.5463876944675916
160,-0.45663442451763175,0.4302802021515366,0.8345704887206613
203,-0.9779890710322867,-0.24529035034807822,0.8345704887206613
6483,0.9584710445935745,0.22760903640165217,-0.13141756361883955
3940,0.03989381025823017,-0.34662593322302043,0.8345704887206613
15121,2.696319866309091,3.0087078108584002,0.8345704887206613
4933,-0.3821551893012525,0.4865777481931712,0.8345704887206613
11856,0.2881579276461611,1.060812717817844,0.35157646255091085
7647,0.5860748685116783,-0.7744872831394432,-1.5803996421280908
1230,0.8343389858996093,1.2860029019843822,-0.61441158978859
9166,-1.077294717987459,-1.1010130501809237,0.8345704887206613
3046,-0.30767595408487314,0.37398265610990206,0.8345704887206613
7957,-1.077294717987459,-0.9884179580976545,0.8345704887206613
2915,-1.077294717987459,-1.202348633055866,0.8345704887206613
13941,-1.077294717987459,-0.93212041205602,0.8345704887206613
4251,1.1819087502427124,1.162148300692786,-1.0974056159583405
6111,0.18885228069098867,0.013678361443440803,-0.61441158978859
6204,-1.077294717987459,-1.202348633055866,0.8345704887206613
2725,2.4728821606599536,2.4344728412337275,-1.5803996421280908
4290,-0.9283362475547006,-0.7069302278894817,0.8345704887206613
4334,-1.0028154827710798,-1.067234522555943,0.8345704887206613
383,-1.077294717987459,-1.1573105962225583,1.3175645148904118
7485,0.9088182211159885,1.4886740677342667,0.35157646255091085
4886,1.554304926324609,1.7701617979424396,-1.5803996421280908
857,-0.009759013219356063,0.6216918586930942,0.35157646255091085
370,-0.28284954234608,-0.93212041205602,0.35157646255091085
6539,0.13919945721340263,-0.7744872831394432,-0.13141756361883955
2561,-1.077294717987459,-1.191089123847539,0.8345704887206613
3801,2.3735765137047813,2.3218777491504583,-1.0974056159583405
5455,-1.077294717987459,-1.191089123847539,0.8345704887206613
13180,-1.077294717987459,-1.1235320685975776,-0.13141756361883955
13433,0.26333151590736814,-0.2227713319314244,-0.13141756361883955
6859,0.8839918093771955,0.013678361443440803,0.35157646255091085
10447,1.1819087502427124,1.3535599572343435,-2.063393668297841
13321,-0.18354389539090765,0.6892489139430557,0.35157646255091085
15246,-0.6800721301667696,-0.3015878963897128,-1.0974056159583405
5944,1.6784369850185743,1.2972624111927091,-1.5803996421280908
615,1.728089808496161,1.027034190192863,-2.063393668297841
2575,-1.077294717987459,-1.1573105962225583,0.35157646255091085
53,0.75985975068323,-0.16647378588978984,-0.61441158978859
10932,0.4867692215565058,-0.7857467923477701,-1.5803996421280908
3340,0.26333151590736814,-0.3353664240146935,-0.13141756361883955
12252,-0.9779890710322867,-0.2340308411397513,1.3175645148904118
9897,-0.4318080127788386,-0.7857467923477701,0.35157646255091085
13914,-0.3821551893012525,-0.7744872831394432,-0.61441158978859
15171,-0.7048985419055627,0.8694010612762862,1.3175645148904118
10285,-0.30767595408487314,-0.5042590621395973,0.35157646255091085
14129,-0.4069816010400455,-0.07639771222317451,1.3175645148904118
5876,0.46194280981771285,-0.5492970989729049,-0.61441158978859
10431,1.6287841615409884,1.7926808163590935,-1.5803996421280908
8995,0.33781075112374737,0.7230274415680364,0.35157646255091085
1812,-1.077294717987459,-1.202348633055866,0.8345704887206613
990,-1.0524683062486662,-0.7519682647227893,0.8345704887206613
10630,1.032950279809954,-0.3241069148063666,-2.5463876944675916
12870,-0.8538570123383212,-0.4704805345146165,-1.0974056159583405
8411,-0.9035098358159074,-1.0897535409725967,0.35157646255091085
2942,-1.077294717987459,-1.1573105962225583,1.3175645148904118
9480,-0.9283362475547006,-1.1235320685975776,0.8345704887206613
3163,0.13919945721340263,0.44153971135986353,-1.5803996421280908
4678,-1.077294717987459,-1.0334559949309623,0.8345704887206613
2618,0.9088182211159885,0.14879247194336379,-1.0974056159583405
3612,0.13919945721340263,-0.7407087555144625,-0.61441158978859
8235,-1.0276418945098729,-0.3241069148063666,1.3175645148904118
7871,1.8273954554513328,1.9277949268590164,-1.0974056159583405
13347,1.554304926324609,1.8039403255674202,-0.61441158978859
3792,1.7529162202349537,1.8940163992340358,-0.61441158978859
9695,0.983297456332368,1.443636030900959,-0.61441158978859
10364,0.5364220450340921,1.1058507546511516,-1.0974056159583405
10045,2.398402925443574,2.366915785983766,-2.063393668297841
3439,0.46194280981771285,1.1508887914844592,0.35157646255091085
1892,-1.0524683062486662,-0.8533038475977316,0.8345704887206613
14796,0.08954663373581641,0.8806605704846132,-0.13141756361883955
14323,-0.23319671886849389,-0.11017623984815525,0.35157646255091085
5255,-0.33250236582366627,0.46405872977651735,0.35157646255091085
13908,-1.077294717987459,-1.1347915778059046,0.35157646255091085
5167,0.6605541037280576,-0.20025231351477057,-0.13141756361883955
6460,-0.4069816010400455,-0.09891673063982834,0.35157646255091085
1505,0.06472022199702318,-0.5267780805562511,-0.13141756361883955
12001,-0.9035098358159074,-0.9884179580976545,-0.13141756361883955
670,-0.6304193066891834,-0.8195253199727509,0.35157646255091085
9471,-0.7793777771219419,-1.067234522555943,-0.13141756361883955
11631,-1.0524683062486662,-1.067234522555943,1.3175645148904118
897,0.7102069272056438,1.3648194664426705,-0.61441158978859
3306,-0.6055928949503904,-0.9546394304726739,-0.13141756361883955
8026,-1.077294717987459,-1.202348633055866,-0.13141756361883955
6239,0.6109012802504713,-0.538037589764578,-1.0974056159583405
2890,-1.077294717987459,-1.1798296146392122,1.3175645148904118
6003,-0.48146083625642483,0.4077611837348828,0.8345704887206613
7739,-0.4069816010400455,-0.3353664240146935,0.8345704887206613
11683,-1.077294717987459,-1.202348633055866,1.3175645148904118
11105,-0.9283362475547006,-0.13269525826480907,0.35157646255091085
8397,-0.08423824843573531,-0.9096013936393662,0.8345704887206613
2,-1.077294717987459,-1.191089123847539,-0.13141756361883955
9961,1.032950279809954,0.9369581165262478,-0.61441158978859
13047,0.5364220450340921,0.23886854560997908,-0.61441158978859
6079,0.4867692215565058,0.7342869507763633,-0.13141756361883955
531,0.3626371628625404,1.1171102638594783,0.35157646255091085
13233,-0.33250236582366627,-0.09891673063982834,-0.13141756361883955
8181,1.2812143971978849,1.6463071966508436,0.8345704887206613
13281,2.398402925443574,2.1867636386505356,-2.063393668297841
6476,0.5860748685116783,0.19383050877667143,-0.13141756361883955
15111,1.8273954554513328,2.1642446202338816,-0.13141756361883955
13006,1.08260310328754,1.2747433927760552,-2.063393668297841
8923,0.7102069272056438,1.3423004480260168,0.8345704887206613
3406,-1.077294717987459,-0.5492970989729049,1.3175645148904118
5991,0.6605541037280576,1.2522243743594015,-0.13141756361883955
6328,-0.23319671886849389,0.37398265610990206,0.35157646255091085
11176,-0.4069816010400455,0.28390658244328676,0.35157646255091085
2565,-1.077294717987459,-1.1798296146392122,1.3175645148904118
2581,0.9088182211159885,-0.538037589764578,-2.5463876944675916
12524,0.13919945721340263,0.49783725740149815,-0.13141756361883955
8385,-1.077294717987459,-1.202348633055866,0.8345704887206613
2607,-0.009759013219356063,-0.48174004372294343,-0.61441158978859
10725,2.199791631533229,2.0966875649839203,-2.5463876944675916
14542,0.38746357460133357,-0.36914495163967426,-0.13141756361883955
9447,-0.3573287775624594,-0.8082658107644239,0.35157646255091085
2104,-1.077294717987459,-0.93212041205602,1.3175645148904118
14278,-1.077294717987459,-1.1122725593892506,1.3175645148904118
10930,-0.03458542495814907,-0.8758228660143854,-0.13141756361883955
14048,1.4053464558918505,1.8151998347757472,-1.5803996421280908
4994,0.4371163980789196,0.46405872977651735,0.35157646255091085
11466,2.4232293371823674,2.3106182399421313,-2.5463876944675916
5057,0.3129843393849541,-0.5492970989729049,0.35157646255091085
658,-1.077294717987459,-1.0221964857226353,0.8345704887206613
4434,-1.077294717987459,-1.0221964857226353,0.8345704887206613
14575,-1.077294717987459,-1.1685701054308852,0.8345704887206613
3816,1.9267011024065053,2.1192065834005738,-0.13141756361883955
6773,0.3626371628625404,1.027034190192863,-0.61441158978859
14462,2.2246180432720224,1.9615734544839971,-2.063393668297841
9813,-0.5311136597340109,-0.8645633568060586,-0.61441158978859
14474,-1.0276418945098729,-0.48174004372294343,0.8345704887206613
7260,0.5364220450340921,-0.6055946450145395,0.35157646255091085
3904,-1.077294717987459,-0.7519682647227893,1.3175645148904118
10944,-0.9779890710322867,-1.1460510870142313,0.8345704887206613
13669,-1.077294717987459,-0.4367020068896358,0.8345704887206613
9288,-0.10906466017452843,0.7342869507763633,0.35157646255091085
6811,-0.6552457184279764,-0.09891673063982834,0.8345704887206613
11042,-0.7048985419055627,-0.35788544243134734,0.35157646255091085
9359,-0.20837030712970078,0.35146363769324823,0.35157646255091085
3700,-1.0524683062486662,-1.0109369765143084,1.3175645148904118
11701,-1.077294717987459,-1.1798296146392122,0.35157646255091085
1788,-1.077294717987459,-1.1573105962225583,0.35157646255091085
13032,-0.5807664832115972,-0.18899280430644366,-2.063393668297841
6314,-0.28284954234608,0.19383050877667143,0.35157646255091085
3645,-1.077294717987459,-1.202348633055866,0.35157646255091085
1776,-1.0028154827710798,-1.055975013347616,0.8345704887206613
192,2.150138808055643,2.0854280557755933,-0.61441158978859
9012,1.8522218671901263,1.162148300692786,-2.5463876944675916
10500,-1.077294717987459,-0.8983418844310392,1.3175645148904118
13201,-0.6800721301667696,-0.7407087555144625,-1.0974056159583405
14683,-0.7793777771219419,-0.538037589764578,1.3175645148904118
5388,-0.7297249536443557,-0.5718161173895587,0.8345704887206613
10546,0.7350333389444368,-0.5492970989729049,-2.5463876944675916
4951,2.2246180432720224,2.1304660926089007,-1.5803996421280908
2687,-0.6552457184279764,0.10375443511005612,0.8345704887206613
4390,-1.077294717987459,-1.191089123847539,0.35157646255091085
4927,1.8522218671901263,2.0741685465672663,-0.13141756361883955
5552,-0.28284954234608,-0.2115118227230975,0.35157646255091085
11965,-0.9779890710322867,-0.797006301556097,1.3175645148904118
238,0.983297456332368,0.9707366441512285,-0.61441158978859
14233,-1.077294717987459,-1.202348633055866,1.3175645148904118
10496,-0.10906466017452843,-0.16647378588978984,-1.0974056159583405
6901,-0.0594118366969423,-0.797006301556097,-0.13141756361883955
12735,0.561248456772885,-0.5605566081812319,-1.5803996421280908
15203,-0.9779890710322867,-0.48174004372294343,-0.13141756361883955
9137,-0.8538570123383212,-1.07849403176427,0.8345704887206613
11084,-0.9779890710322867,-0.3015878963897128,0.35157646255091085
8640,1.7032633967573674,1.3310409388176898,-0.13141756361883955
5097,-1.077294717987459,-1.202348633055866,1.3175645148904118
12733,-1.077294717987459,-1.1235320685975776,0.8345704887206613
11436,1.5791313380634018,1.4774145585259397,-2.063393668297841
12960,0.2881579276461611,1.060812717817844,-0.61441158978859
3552,-0.506287247995218,-0.3353664240146935,0.8345704887206613
15295,-0.6055928949503904,-0.8307848291810778,0.8345704887206613
3360,-1.077294717987459,-0.8533038475977316,1.3175645148904118
8328,-1.0276418945098729,-0.9546394304726739,0.8345704887206613
5628,2.2246180432720224,2.24306118469217,-1.0974056159583405
7751,0.015067398519437164,0.06997590748507537,0.35157646255091085
5783,1.008123868071161,-0.29032838718138587,-1.5803996421280908
4507,-0.8538570123383212,-0.1552142766814629,0.8345704887206613
15094,-1.077294717987459,-0.7632277739311163,0.8345704887206613
146,-0.258023130607287,0.5541348034431327,-0.61441158978859
11299,-0.5311136597340109,-0.9996774673059815,-0.13141756361883955
2294,0.7350333389444368,0.8243630244429786,-0.13141756361883955
7178,1.6287841615409884,1.3085219204010359,-1.5803996421280908
9928,-1.0524683062486662,-0.8533038475977316,1.3175645148904118
14636,-0.6055928949503904,-0.9096013936393662,0.35157646255091085
15274,-0.30767595408487314,-0.49299955293127035,-1.0974056159583405
14549,-1.077294717987459,-1.07849403176427,0.8345704887206613
14286,0.3626371628625404,-0.4704805345146165,-1.5803996421280908
8690,0.6357276919892645,-0.16647378588978984,-0.61441158978859
7081,0.7350333389444368,1.2747433927760552,0.35157646255091085
4733,-1.077294717987459,-1.202348633055866,1.3175645148904118
8912,-1.0524683062486662,-0.34662593322302043,1.3175645148904118
4384,-0.9531626592934936,-1.1235320685975776,0.8345704887206613
12079,0.6853805154668505,-0.5605566081812319,-2.063393668297841
14079,-0.6800721301667696,0.14879247194336379,0.8345704887206613
11842,1.1074295150263334,1.590009650609209,-1.5803996421280908
4545,0.5860748685116783,1.2747433927760552,0.8345704887206613
596,0.8839918093771955,1.027034190192863,-0.61441158978859
13959,0.8343389858996093,0.46405872977651735,-1.0974056159583405
10782,-1.077294717987459,-0.4479615160979627,0.8345704887206613
5164,-0.33250236582366627,-0.6055946450145395,-0.13141756361883955
15182,-0.9035098358159074,0.11501394431838304,0.35157646255091085
1647,-0.5807664832115972,0.29516609165161367,0.35157646255091085
6815,0.7102069272056438,0.7905844968179979,0.35157646255091085
2700,1.2812143971978849,1.6350476874425166,-0.13141756361883955
1700,0.015067398519437164,0.38524216531822897,-0.13141756361883955
2773,1.4549992793694364,1.5562311229842283,-0.13141756361883955
6968,-0.8538570123383212,-0.9996774673059815,0.8345704887206613
8143,0.75985975068323,0.9144390981095939,0.35157646255091085
6219,-1.077294717987459,-1.1798296146392122,1.3175645148904118
86,-0.30767595408487314,-0.05387869380652068,0.8345704887206613
12572,2.199791631533229,2.24306118469217,-2.063393668297841
12540,2.2742708667496085,1.972832963692324,-2.5463876944675916
13439,-0.45663442451763175,-0.5943351358062126,0.8345704887206613
2594,-1.077294717987459,-1.1010130501809237,1.3175645148904118
11980,0.7350333389444368,-0.17773329509811675,-1.5803996421280908
1029,0.784686162422023,-0.25654985955640514,-0.61441158978859
136,1.4053464558918505,1.6575667058591705,-0.13141756361883955
6972,0.46194280981771285,-0.5492970989729049,-0.61441158978859
11459,0.8343389858996093,1.2972624111927091,-1.0974056159583405
7024,-1.077294717987459,-0.7744872831394432,1.3175645148904118
2854,-0.9035098358159074,-0.8870823752227124,-0.13141756361883955
1200,1.6039577498021953,1.3310409388176898,-2.063393668297841
6121,1.2812143971978849,0.28390658244328676,-1.0974056159583405
9763,0.6853805154668505,0.26138756402663293,-0.13141756361883955
8758,-0.6304193066891834,-1.0334559949309623,0.8345704887206613
11806,-0.3821551893012525,0.250128054818306,-0.13141756361883955
6296,0.13919945721340263,0.23886854560997908,0.35157646255091085
3927,-0.18354389539090765,-0.26780936876473205,-0.13141756361883955
10105,-0.08423824843573531,0.20509001798499835,0.35157646255091085
13559,0.5860748685116783,-0.34662593322302043,-1.5803996421280908
8468,1.2812143971978849,0.4190206929432097,-1.0974056159583405
3606,-1.0524683062486662,-1.1122725593892506,-0.61441158978859
13690,0.6605541037280576,1.3197814296093628,-0.13141756361883955
2330,-1.077294717987459,-0.4592210253062896,1.3175645148904118
2187,0.015067398519437164,-0.8870823752227124,-0.61441158978859
195,0.03989381025823017,0.8018440060263248,0.8345704887206613
5059,-1.077294717987459,-1.1122725593892506,1.3175645148904118
802,-0.506287247995218,-0.36914495163967426,0.8345704887206613
2668,0.6605541037280576,0.903179588901267,-0.13141756361883955
241,1.554304926324609,1.2184458467344206,-1.0974056159583405
2068,0.6357276919892645,0.7230274415680364,0.35157646255091085
10553,0.6109012802504713,-0.6393731726395202,-1.5803996421280908
13435,0.2385051041685749,-0.25654985955640514,-0.61441158978859
644,-0.6552457184279764,-0.5830756265978857,1.3175645148904118
9116,0.6853805154668505,-0.7744872831394432,-2.063393668297841
5103,0.16402586895219565,-0.8645633568060586,-1.5803996421280908
1637,1.032950279809954,1.5674906321925552,-0.61441158978859
7552,1.1570823385039195,0.8243630244429786,-1.5803996421280908
8312,0.21367869242978188,-0.11017623984815525,0.35157646255091085
3074,-1.077294717987459,-0.4479615160979627,1.3175645148904118
9014,0.6109012802504713,0.5316157850264789,-0.61441158978859
7296,-1.077294717987459,-1.202348633055866,1.3175645148904118
3278,-0.8042041888607351,-1.0897535409725967,0.35157646255091085
8003,-1.0276418945098729,-1.1347915778059046,0.35157646255091085
10327,-0.4069816010400455,0.04745688906842155,-0.13141756361883955
4970,0.38746357460133357,0.8356225336513056,0.8345704887206613
10903,-0.258023130607287,-0.7294492463061355,-0.61441158978859
8326,-0.009759013219356063,-0.41418298847298196,-0.13141756361883955
6915,-1.0276418945098729,-1.1573105962225583,0.8345704887206613
10709,-0.7793777771219419,-0.12143574905648218,0.35157646255091085
7829,1.6536105732797814,1.9503139452756701,-0.13141756361883955
62,1.08260310328754,0.23886854560997908,-0.61441158978859
12130,0.26333151590736814,0.14879247194336379,-1.0974056159583405
15222,-0.9779890710322867,-0.29032838718138587,0.8345704887206613
14280,-0.506287247995218,-0.8082658107644239,0.35157646255091085
11208,1.1322559267651264,0.7568059691930171,-0.61441158978859
11099,0.8839918093771955,1.3648194664426705,-0.13141756361883955
679,0.7350333389444368,-0.49299955293127035,-1.0974056159583405
2041,1.08260310328754,1.3535599572343435,0.35157646255091085
8933,-0.10906466017452843,0.7455464599846903,0.35157646255091085
5307,-1.0028154827710798,-0.25654985955640514,0.8345704887206613
13215,-0.30767595408487314,-0.3241069148063666,-0.61441158978859
3641,-1.0276418945098729,-1.1685701054308852,0.35157646255091085
12662,0.26333151590736814,0.4190206929432097,-2.5463876944675916
14454,-1.077294717987459,-0.5155185713479241,1.3175645148904118
3258,-1.077294717987459,-1.191089123847539,0.8345704887206613
1873,-1.0524683062486662,-1.0109369765143084,0.8345704887206613
4744,-1.077294717987459,-1.202348633055866,-0.61441158978859
9909,-0.13389107191332153,-0.5605566081812319,-0.13141756361883955
2912,-0.8786834240771144,-1.1122725593892506,-0.61441158978859
4027,-1.0028154827710798,-1.1347915778059046,0.8345704887206613
5488,-1.077294717987459,-1.1798296146392122,0.8345704887206613
13255,0.7102069272056438,0.8694010612762862,-1.5803996421280908
8024,-1.077294717987459,-1.202348633055866,1.3175645148904118
7786,0.11437304547460941,0.6104323494847672,0.8345704887206613
14208,0.4371163980789196,-0.6956707186811548,-1.0974056159583405
6864,0.38746357460133357,-0.24529035034807822,0.8345704887206613
489,1.8522218671901263,1.7926808163590935,-1.0974056159583405
8685,0.3129843393849541,-0.20025231351477057,-0.13141756361883955
690,-1.077294717987459,-1.1573105962225583,0.8345704887206613
602,1.554304926324609,1.2972624111927091,-1.0974056159583405
10103,1.08260310328754,0.9819961533595555,-1.0974056159583405
1014,1.08260310328754,0.0924949259017292,-0.13141756361883955
869,-0.5559400714728041,0.250128054818306,0.8345704887206613
1993,0.3626371628625404,1.1171102638594783,-0.61441158978859
7610,0.6605541037280576,-0.40292347926465505,-0.61441158978859
5283,-0.18354389539090765,0.6892489139430557,0.8345704887206613
4370,-0.6552457184279764,-1.044715504139289,-0.13141756361883955
11596,-1.077294717987459,-0.8983418844310392,1.3175645148904118
1361,-0.33250236582366627,-0.2340308411397513,-0.61441158978859
10730,0.7102069272056438,1.2297053559427475,-0.13141756361883955
1526,-0.20837030712970078,-0.27906887797305896,-0.13141756361883955
12791,-0.8538570123383212,-1.07849403176427,-0.61441158978859
1629,2.348750101965988,2.366915785983766,-1.5803996421280908
1551,-1.0276418945098729,-0.6281136634311933,0.8345704887206613
14442,1.032950279809954,1.4886740677342667,-0.61441158978859
14866,1.6287841615409884,0.8581415520679594,-2.5463876944675916
1337,-0.0594118366969423,0.3064256008599406,0.35157646255091085
3901,1.728089808496161,1.060812717817844,-2.063393668297841
5041,-0.9283362475547006,-0.8758228660143854,0.8345704887206613
8252,2.0756595728392635,1.9052759084423625,-0.61441158978859
10442,2.3735765137047813,2.0741685465672663,-2.063393668297841
13888,-1.077294717987459,-1.1798296146392122,0.8345704887206613
5039,-0.48146083625642483,-0.6168541542228664,0.35157646255091085
2346,-0.18354389539090765,0.6667298955264018,0.8345704887206613
14758,-1.0028154827710798,-0.24529035034807822,0.8345704887206613
5485,-0.08423824843573531,-0.8758228660143854,-0.61441158978859
13619,-0.9531626592934936,-0.41418298847298196,1.3175645148904118
5694,-0.9779890710322867,-0.3128474055980397,0.8345704887206613
5119,-1.077294717987459,-1.191089123847539,1.3175645148904118
5166,-0.48146083625642483,-0.6506326818478472,0.35157646255091085
1134,-0.506287247995218,-0.7857467923477701,0.35157646255091085
8342,0.5115956332952991,-0.4479615160979627,-0.13141756361883955
10772,-0.009759013219356063,0.8243630244429786,-0.61441158978859
10278,0.38746357460133357,-0.3241069148063666,-0.13141756361883955
10451,0.2881579276461611,0.7455464599846903,-0.61441158978859
4017,-1.077294717987459,-1.191089123847539,1.3175645148904118
10409,-0.5559400714728041,0.3289446192765944,0.8345704887206613
10786,0.9088182211159885,1.421117012484305,-0.61441158978859
2424,1.8273954554513328,1.5224525953592474,-1.0974056159583405
4138,2.348750101965988,1.9953519821089778,-2.063393668297841
859,-0.9283362475547006,-0.2227713319314244,0.8345704887206613
2962,0.5364220450340921,-0.4254424976813089,0.35157646255091085
8089,0.3129843393849541,-0.3241069148063666,-0.13141756361883955
12459,-1.077294717987459,-1.07849403176427,1.3175645148904118
11854,-0.6800721301667696,0.21634952719332526,0.8345704887206613
13138,-1.0028154827710798,-1.1573105962225583,0.35157646255091085
13020,-1.077294717987459,-0.6506326818478472,0.8345704887206613
1364,0.784686162422023,0.26138756402663293,-0.13141756361883955
13571,-0.8786834240771144,-0.8082658107644239,0.8345704887206613
1779,-0.7545513653831489,-0.9546394304726739,-0.61441158978859
10638,1.08260310328754,-0.17773329509811675,-2.5463876944675916
2101,-0.18354389539090765,-0.27906887797305896,-0.61441158978859
1818,-1.077294717987459,-1.202348633055866,1.3175645148904118
369,-0.8290306005995282,-1.07849403176427,-0.61441158978859
4937,-1.077294717987459,-0.4479615160979627,1.3175645148904118
5285,1.728089808496161,2.006611491317305,-1.0974056159583405
8367,-0.5807664832115972,-0.9658989396810007,0.35157646255091085
12428,-1.077294717987459,-1.1798296146392122,0.8345704887206613
7071,0.8839918093771955,1.2860029019843822,0.8345704887206613
2093,-0.6055928949503904,-0.4254424976813089,0.35157646255091085
7817,1.4549992793694364,1.7701617979424396,0.35157646255091085
1920,0.809512574160816,0.7342869507763633,-0.13141756361883955
82,0.6605541037280576,0.44153971135986353,-0.13141756361883955
7331,-0.10906466017452843,-0.7632277739311163,-0.13141756361883955
7304,-1.077294717987459,-1.191089123847539,0.8345704887206613
816,0.13919945721340263,0.20509001798499835,0.35157646255091085
11880,-0.9283362475547006,-0.13269525826480907,0.35157646255091085
4396,0.7350333389444368,-0.673151700264501,-1.0974056159583405
8475,-0.506287247995218,-0.3353664240146935,0.8345704887206613
6124,1.256387985459092,0.21634952719332526,-1.0974056159583405
4120,-0.33250236582366627,0.12627345352670993,0.35157646255091085
14126,-0.8538570123383212,-0.40292347926465505,1.3175645148904118
13620,-0.7297249536443557,-0.16647378588978984,0.35157646255091085
1813,-1.0524683062486662,-1.1798296146392122,0.8345704887206613
1271,-0.506287247995218,0.38524216531822897,0.35157646255091085
8751,-1.077294717987459,-1.202348633055866,0.35157646255091085
2994,0.6605541037280576,0.250128054818306,-1.0974056159583405
11675,-1.077294717987459,-1.202348633055866,0.35157646255091085
6409,1.9267011024065053,1.9953519821089778,0.35157646255091085
11881,-0.7793777771219419,0.05871639827674846,1.3175645148904118
2642,0.11437304547460941,0.19383050877667143,0.8345704887206613
9280,-1.0524683062486662,-0.3353664240146935,0.8345704887206613
12084,0.809512574160816,-0.4704805345146165,-1.0974056159583405
2305,2.1749652197944367,1.7926808163590935,-1.5803996421280908
11821,0.6605541037280576,1.162148300692786,-0.13141756361883955
12853,-1.077294717987459,-0.8758228660143854,0.35157646255091085
4195,0.6853805154668505,1.3423004480260168,0.35157646255091085
12813,-1.077294717987459,-1.1235320685975776,0.8345704887206613
3849,0.6853805154668505,1.2634838835677282,-0.13141756361883955
15109,0.3129843393849541,1.612528669025863,-2.063393668297841
12871,1.5046521028470228,0.9482176257345747,-1.0974056159583405
14692,1.554304926324609,0.8581415520679594,-1.5803996421280908
3554,-1.077294717987459,-0.8645633568060586,1.3175645148904118
2195,-0.8290306005995282,-1.07849403176427,0.35157646255091085
2600,1.057776691548747,-0.2340308411397513,-2.5463876944675916
6163,-0.9779890710322867,-1.055975013347616,0.35157646255091085
1518,-0.4069816010400455,-0.5605566081812319,0.35157646255091085
13900,0.46194280981771285,-0.673151700264501,-2.5463876944675916
11239,-0.9531626592934936,-0.8082658107644239,-0.13141756361883955
6309,-1.0524683062486662,-0.5943351358062126,0.8345704887206613
5755,1.554304926324609,0.4077611837348828,-2.063393668297841
5633,-1.077294717987459,-0.4367020068896358,0.8345704887206613
8399,0.11437304547460941,-0.8645633568060586,-1.0974056159583405
14292,0.7350333389444368,-0.26780936876473205,-0.13141756361883955
7162,2.299097278488402,1.9277949268590164,-0.61441158978859
12940,1.9763539258840919,2.1304660926089007,-2.063393668297841
11268,0.6853805154668505,-0.4592210253062896,-1.0974056159583405
1988,-0.4318080127788386,0.46405872977651735,0.35157646255091085
9533,-0.9035098358159074,-0.9771584488893277,0.35157646255091085
7737,-1.077294717987459,-0.8983418844310392,0.8345704887206613
517,0.03989381025823017,0.8356225336513056,0.35157646255091085
6160,-0.20837030712970078,-0.7632277739311163,0.8345704887206613
13757,0.13919945721340263,0.4077611837348828,-1.0974056159583405
13946,-0.9779890710322867,-0.7632277739311163,1.3175645148904118
12371,0.21367869242978188,-0.661892191056174,-1.0974056159583405
11085,0.3626371628625404,0.903179588901267,-0.13141756361883955
9607,1.4301728676306433,1.3423004480260168,-1.0974056159583405
4456,-1.0276418945098729,-0.7632277739311163,0.8345704887206613
2761,1.8770482789289193,1.9277949268590164,-1.0974056159583405
6481,-1.077294717987459,-0.8983418844310392,1.3175645148904118
5911,0.38746357460133357,0.03619737986009463,-0.61441158978859
13866,-1.077294717987459,-1.202348633055866,1.3175645148904118
6547,0.6605541037280576,-0.7407087555144625,-2.063393668297841
4855,-1.0276418945098729,-0.5042590621395973,0.8345704887206613
7644,-1.077294717987459,-1.191089123847539,1.3175645148904118
13606,0.809512574160816,0.6892489139430557,0.35157646255091085
14863,-0.9531626592934936,-0.5718161173895587,0.8345704887206613
6358,-0.9779890710322867,-0.20025231351477057,0.8345704887206613
9741,0.983297456332368,0.7905844968179979,-1.0974056159583405
2438,-1.0276418945098729,-0.6168541542228664,0.8345704887206613
3765,-0.9779890710322867,-0.39166397005632814,1.3175645148904118
6432,0.3626371628625404,0.8131035152346517,0.8345704887206613
8643,1.4549992793694364,1.1508887914844592,-0.13141756361883955
7846,-0.28284954234608,0.5991728402764404,0.8345704887206613
12471,-1.0524683062486662,-0.9771584488893277,1.3175645148904118
9665,2.497708572398747,2.4457323504420545,-2.063393668297841
13780,1.330867220675471,0.5316157850264789,-1.5803996421280908
6340,-0.6304193066891834,0.13753296273503687,0.8345704887206613
4821,-1.0276418945098729,-0.7632277739311163,0.8345704887206613
18,-1.077294717987459,-1.1573105962225583,1.3175645148904118
3560,1.4053464558918505,0.4077611837348828,-2.063393668297841
3951,-1.077294717987459,-1.055975013347616,0.8345704887206613
49,-1.077294717987459,-1.0334559949309623,1.3175645148904118
15187,2.5970142193539187,2.614624988566958,-2.5463876944675916
887,-0.258023130607287,0.5991728402764404,-0.13141756361883955
6261,-0.9779890710322867,-0.9208609028476931,0.8345704887206613
7236,-1.077294717987459,-1.044715504139289,0.35157646255091085
6989,-1.077294717987459,-1.0334559949309623,1.3175645148904118
6043,-0.9035098358159074,-0.12143574905648218,0.8345704887206613
8708,0.5860748685116783,-0.4479615160979627,-0.61441158978859
3168,1.008123868071161,0.7680654784013441,-1.0974056159583405
2949,-0.13389107191332153,-0.7632277739311163,-0.13141756361883955
1424,-0.6055928949503904,-0.9546394304726739,-0.61441158978859
139,-1.077294717987459,-0.4479615160979627,0.8345704887206613
10116,-1.077294717987459,-0.7744872831394432,0.8345704887206613
10570,-0.8042041888607351,-1.07849403176427,-0.13141756361883955
3197,0.2385051041685749,-0.08765722143150143,0.8345704887206613
5131,0.38746357460133357,-0.7181897370978086,-0.61441158978859
112,-0.9779890710322867,-0.39166397005632814,0.8345704887206613
8160,1.3805200441530574,1.5111930861509206,-1.0974056159583405
14421,2.5225349841375393,-0.8870823752227124,-2.5463876944675916
4559,0.5364220450340921,1.2409648651510745,0.35157646255091085
4595,1.1074295150263334,1.3985979940676512,-0.61441158978859
4690,0.03989381025823017,-0.6055946450145395,0.35157646255091085
7951,0.4371163980789196,-0.09891673063982834,0.35157646255091085
11444,-1.077294717987459,-0.538037589764578,1.3175645148904118
3277,0.16402586895219565,-0.8645633568060586,-0.61441158978859
4068,-1.077294717987459,-1.0334559949309623,1.3175645148904118
4408,-1.077294717987459,-1.1460510870142313,1.3175645148904118
10864,0.5115956332952991,0.08123541669340228,0.35157646255091085
13174,-1.077294717987459,-1.1460510870142313,-0.13141756361883955
9729,1.330867220675471,1.2634838835677282,-0.61441158978859
451,-1.0524683062486662,-0.6956707186811548,1.3175645148904118
7262,-1.077294717987459,-1.1460510870142313,0.8345704887206613
3731,0.6357276919892645,0.35146363769324823,0.35157646255091085
7256,-1.077294717987459,-1.1235320685975776,0.8345704887206613
13747,0.11437304547460941,0.5316157850264789,0.8345704887206613
4986,-0.8786834240771144,-0.3353664240146935,0.35157646255091085
3663,0.3129843393849541,-0.7744872831394432,-0.13141756361883955
2763,-0.4069816010400455,0.37398265610990206,0.35157646255091085
8850,1.008123868071161,0.644210877109748,-0.13141756361883955
11277,-0.33250236582366627,-0.8195253199727509,0.35157646255091085
1855,-0.8290306005995282,-0.9771584488893277,-0.13141756361883955
999,-0.28284954234608,-0.24529035034807822,0.35157646255091085
389,0.561248456772885,-0.6168541542228664,-1.5803996421280908
6426,2.0756595728392635,1.8827568900257088,-0.61441158978859
1476,-1.0028154827710798,-1.1122725593892506,0.8345704887206613
2240,0.7350333389444368,-0.25654985955640514,-0.61441158978859
14519,-0.48146083625642483,-0.4254424976813089,0.35157646255091085
14034,0.561248456772885,1.2297053559427475,-0.61441158978859
8112,-0.9035098358159074,-0.6055946450145395,0.8345704887206613
992,-0.20837030712970078,-0.11017623984815525,0.35157646255091085
7032,0.6605541037280576,0.6104323494847672,0.35157646255091085
4997,-1.077294717987459,-0.7407087555144625,0.35157646255091085
3922,-0.8290306005995282,-0.5943351358062126,0.8345704887206613
2972,0.75985975068323,-0.2115118227230975,-1.5803996421280908
6871,0.46194280981771285,-0.3241069148063666,-0.13141756361883955
13864,-1.077294717987459,-1.202348633055866,1.3175645148904118
4769,0.6605541037280576,-0.6168541542228664,-2.5463876944675916
1293,2.199791631533229,2.1755041294422086,-1.5803996421280908
14378,1.6784369850185743,1.7926808163590935,-2.063393668297841
4173,-0.9531626592934936,-0.1552142766814629,-0.13141756361883955
2535,-1.077294717987459,-1.202348633055866,0.8345704887206613
14022,-0.0594118366969423,0.7005084231513826,-0.61441158978859
1907,-1.0028154827710798,-0.673151700264501,0.35157646255091085
13269,0.015067398519437164,0.5879133310681134,-0.13141756361883955
14573,-1.077294717987459,-1.1685701054308852,0.8345704887206613
8560,-0.5559400714728041,0.3289446192765944,0.8345704887206613
6033,1.3556936324142643,1.7363832703174589,-0.61441158978859
7619,-1.0524683062486662,-1.0897535409725967,0.35157646255091085
1151,-1.077294717987459,-0.9996774673059815,0.8345704887206613
1567,-1.077294717987459,-0.6168541542228664,1.3175645148904118
3171,0.2881579276461611,0.3402041284849213,-0.13141756361883955
9689,2.199791631533229,2.209282657067189,-1.0974056159583405
7106,-0.009759013219356063,0.8243630244429786,0.35157646255091085
4160,1.008123868071161,1.454895540109286,-0.61441158978859
4287,0.8343389858996093,0.27264707323495985,-0.13141756361883955
2230,-1.077294717987459,-1.0897535409725967,1.3175645148904118
11357,-1.077294717987459,-1.1122725593892506,1.3175645148904118
174,0.2881579276461611,1.060812717817844,-0.13141756361883955
1903,-1.077294717987459,-0.8195253199727509,0.8345704887206613
9291,0.26333151590736814,1.027034190192863,0.8345704887206613
8752,0.6357276919892645,-0.7744872831394432,-1.0974056159583405
14710,2.0260067493616774,1.466155049317613,-2.063393668297841
3408,0.3129843393849541,0.8018440060263248,0.8345704887206613
1538,-0.45663442451763175,-0.26780936876473205,0.8345704887206613
2292,-1.0028154827710798,-0.5155185713479241,0.35157646255091085
9523,-1.077294717987459,-1.1347915778059046,0.8345704887206613
1363,0.26333151590736814,0.04745688906842155,-0.13141756361883955
4357,-1.077294717987459,-1.191089123847539,0.35157646255091085
5260,-1.077294717987459,-0.4254424976813089,1.3175645148904118
14691,-0.6800721301667696,-0.3804044608480012,0.35157646255091085
14471,-0.6800721301667696,-0.03135967538986686,0.35157646255091085
680,-1.0276418945098729,-1.07849403176427,0.8345704887206613
12110,-1.077294717987459,-0.9884179580976545,1.3175645148904118
3664,-0.8538570123383212,-1.067234522555943,-0.13141756361883955
1661,-0.9283362475547006,-0.16647378588978984,0.8345704887206613
508,-0.30767595408487314,0.49783725740149815,0.35157646255091085
166,0.3626371628625404,1.1171102638594783,0.35157646255091085
12704,-1.077294717987459,-0.9771584488893277,0.35157646255091085
9198,-0.258023130607287,-0.27906887797305896,0.35157646255091085
12793,-0.10906466017452843,-0.8758228660143854,-1.0974056159583405
7365,-0.9531626592934936,-0.797006301556097,1.3175645148904118
1914,0.2881579276461611,0.3402041284849213,-0.13141756361883955
7263,-0.8538570123383212,-1.0221964857226353,-0.13141756361883955
14790,1.1322559267651264,1.6237881782341896,-1.0974056159583405
14960,-1.077294717987459,-1.202348633055866,1.3175645148904118
7361,-1.077294717987459,-0.9996774673059815,1.3175645148904118
1104,-1.077294717987459,-1.1798296146392122,1.3175645148904118
12012,-1.0276418945098729,-1.1122725593892506,0.8345704887206613
9944,-0.9531626592934936,-0.6055946450145395,1.3175645148904118
5310,-0.7545513653831489,0.08123541669340228,0.8345704887206613
11566,1.9763539258840919,1.2747433927760552,-2.5463876944675916
5754,-0.6552457184279764,-0.538037589764578,0.35157646255091085
152,0.38746357460133357,1.0945912454428246,0.8345704887206613
12166,-0.4318080127788386,0.1600519811516907,0.8345704887206613
5679,1.9267011024065053,1.9953519821089778,-1.0974056159583405
14027,0.4371163980789196,1.0945912454428246,-0.61441158978859
3551,-1.077294717987459,-0.8420443383894047,0.8345704887206613
3722,-0.6055928949503904,-0.4592210253062896,0.8345704887206613
11292,-0.258023130607287,-0.9096013936393662,-1.0974056159583405
13115,-0.9531626592934936,-1.0897535409725967,0.35157646255091085
4538,0.18885228069098867,0.9594771349429017,0.35157646255091085
11412,-1.077294717987459,-0.7407087555144625,0.35157646255091085
10014,0.8343389858996093,1.4098575032759781,-1.0974056159583405
8463,-1.077294717987459,-0.93212041205602,1.3175645148904118
1991,0.8839918093771955,1.4774145585259397,0.8345704887206613
13524,-1.0028154827710798,-1.1347915778059046,0.8345704887206613
8501,0.3626371628625404,0.5653943126514596,-0.61441158978859
5141,-1.077294717987459,-1.1347915778059046,0.8345704887206613
3811,-1.0524683062486662,-0.3353664240146935,0.8345704887206613
13679,-0.9035098358159074,-0.0651382030148476,1.3175645148904118
3450,1.032950279809954,1.5674906321925552,-0.13141756361883955
4591,1.4301728676306433,1.6350476874425166,-1.0974056159583405
7352,-0.45663442451763175,-0.6844112094728279,0.8345704887206613
205,0.3626371628625404,0.9819961533595555,-0.13141756361883955
9327,-0.48146083625642483,0.36272314690157514,0.8345704887206613
6680,1.7529162202349537,1.432376521692632,-1.0974056159583405
2749,-1.0276418945098729,-0.3015878963897128,1.3175645148904118
8497,1.8522218671901263,1.3085219204010359,-2.063393668297841
1849,-1.077294717987459,-1.1460510870142313,0.8345704887206613
14029,-0.33250236582366627,0.49783725740149815,0.8345704887206613
10180,-0.7545513653831489,-0.9546394304726739,0.35157646255091085
3240,-1.077294717987459,-1.1347915778059046,0.8345704887206613
12162,-0.6304193066891834,-0.04261918459819377,0.8345704887206613
3109,1.008123868071161,1.5224525953592474,0.35157646255091085
10179,-1.077294717987459,-1.1347915778059046,0.8345704887206613
5934,0.5115956332952991,0.49783725740149815,-0.13141756361883955
12551,0.4867692215565058,1.027034190192863,-0.13141756361883955
5810,-1.0524683062486662,-1.1460510870142313,0.8345704887206613
8575,2.5970142193539187,2.502029896483689,-1.5803996421280908
5634,1.6784369850185743,1.9503139452756701,-0.61441158978859
4307,-1.0028154827710798,-0.9096013936393662,0.35157646255091085
3156,1.256387985459092,1.18466731910944,-1.0974056159583405
6534,0.9088182211159885,-0.5718161173895587,-2.063393668297841
14038,-1.077294717987459,-0.4367020068896358,1.3175645148904118
13338,2.3239236902271947,2.2993587307338044,-2.063393668297841
12710,-0.9531626592934936,-0.8758228660143854,-0.13141756361883955
8891,2.1253123963168505,1.9503139452756701,-1.5803996421280908
3832,0.26333151590736814,1.03829369940119,0.35157646255091085
13386,-0.23319671886849389,0.23886854560997908,0.35157646255091085
4776,0.4122899863401266,-0.6055946450145395,-0.61441158978859
7997,-1.077294717987459,-1.1573105962225583,0.35157646255091085
4276,-0.9283362475547006,-0.5830756265978857,0.8345704887206613
14958,-0.08423824843573531,-0.9096013936393662,-0.61441158978859
15170,0.6605541037280576,1.9277949268590164,0.8345704887206613
14730,-0.13389107191332153,0.47531823898484427,0.35157646255091085
278,0.26333151590736814,-0.12143574905648218,0.35157646255091085
6771,-0.6055928949503904,0.23886854560997908,0.8345704887206613
7415,-0.10906466017452843,0.38524216531822897,0.35157646255091085
3252,0.6357276919892645,-0.673151700264501,-2.063393668297841
10950,-1.077294717987459,-1.202348633055866,1.3175645148904118
10672,0.3129843393849541,0.22760903640165217,-0.13141756361883955
14433,2.1749652197944367,-0.9658989396810007,-2.063393668297841
289,-0.6552457184279764,-0.6844112094728279,0.8345704887206613
3075,-0.4069816010400455,0.46405872977651735,0.8345704887206613
11077,-0.9531626592934936,-0.3128474055980397,0.8345704887206613
9582,-1.077294717987459,-0.7632277739311163,0.8345704887206613
10841,-0.8538570123383212,-0.4367020068896358,0.8345704887206613
270,0.75985975068323,0.21634952719332526,-0.61441158978859
4570,1.7777426319737468,1.9953519821089778,-0.61441158978859
13476,-1.077294717987459,-1.1573105962225583,0.8345704887206613
9583,0.6605541037280576,0.5090967666098251,-0.13141756361883955
6696,2.348750101965988,2.0178710005256315,-2.063393668297841
4316,-0.48146083625642483,-0.6956707186811548,0.35157646255091085
3180,-1.077294717987459,-0.8082658107644239,1.3175645148904118
1422,-1.077294717987459,-1.1573105962225583,0.8345704887206613
8275,1.8273954554513328,1.3985979940676512,-0.61441158978859
9065,1.1074295150263334,-0.17773329509811675,-1.5803996421280908
12097,-0.9531626592934936,-0.9546394304726739,0.35157646255091085
4557,-1.077294717987459,-0.4254424976813089,1.3175645148904118
7812,1.9267011024065053,2.0178710005256315,-0.13141756361883955
6297,1.231561573720299,0.8356225336513056,-0.13141756361883955
14023,1.6784369850185743,1.8827568900257088,-2.063393668297841
12367,-1.077294717987459,-1.1235320685975776,0.35157646255091085
14874,-0.9779890710322867,-0.6844112094728279,0.35157646255091085
1132,-0.33250236582366627,-0.7407087555144625,0.8345704887206613
10642,-1.077294717987459,-1.0334559949309623,0.8345704887206613
10521,-0.9531626592934936,-0.8983418844310392,0.35157646255091085
6242,0.03989381025823017,-0.6506326818478472,-0.61441158978859
11623,-0.9531626592934936,-0.9433799212643469,-0.13141756361883955
14385,0.5860748685116783,1.162148300692786,-0.61441158978859
7423,1.3556936324142643,1.421117012484305,-0.13141756361883955
14003,-1.0028154827710798,-0.35788544243134734,1.3175645148904118
10152,-0.5311136597340109,-0.6281136634311933,0.8345704887206613
12859,0.16402586895219565,0.05871639827674846,-1.5803996421280908
12543,-0.48146083625642483,0.22760903640165217,0.35157646255091085
5520,-1.077294717987459,-1.07849403176427,0.8345704887206613
9408,0.46194280981771285,-0.03135967538986686,-0.13141756361883955
13359,0.9336446328547815,1.3197814296093628,-0.61441158978859
14550,0.8839918093771955,-0.3353664240146935,-2.063393668297841
9256,0.6109012802504713,1.049553208609517,-0.13141756361883955
3786,-0.6552457184279764,0.11501394431838304,0.8345704887206613
11400,-0.7297249536443557,-0.4592210253062896,0.8345704887206613
8345,-0.03458542495814907,-0.6506326818478472,0.35157646255091085
2161,-0.9035098358159074,-1.1010130501809237,0.35157646255091085
3008,-0.6800721301667696,-0.3241069148063666,-0.13141756361883955
1105,-0.3821551893012525,-0.9433799212643469,-0.13141756361883955
11304,-0.7048985419055627,-1.055975013347616,0.8345704887206613
692,-1.077294717987459,-1.1573105962225583,1.3175645148904118
12005,-1.077294717987459,-1.1347915778059046,1.3175645148904118
4956,2.398402925443574,2.1755041294422086,-1.0974056159583405
8307,-0.4318080127788386,-0.35788544243134734,0.35157646255091085
4369,-1.077294717987459,-1.202348633055866,1.3175645148904118
2765,-1.0524683062486662,-0.41418298847298196,1.3175645148904118
3929,1.231561573720299,0.28390658244328676,-0.13141756361883955
11693,-1.077294717987459,-1.191089123847539,1.3175645148904118
15073,1.4301728676306433,1.2747433927760552,-0.61441158978859
7778,-0.9283362475547006,-0.35788544243134734,0.8345704887206613
11072,0.6357276919892645,0.9256986073179209,-0.61441158978859
628,-1.0276418945098729,-0.7407087555144625,1.3175645148904118
2451,-0.10906466017452843,-0.020100166181539942,0.35157646255091085
10942,-1.077294717987459,-1.202348633055866,1.3175645148904118
3824,1.6039577498021953,1.9390544360673434,-0.61441158978859
13787,0.6109012802504713,0.10375443511005612,-0.13141756361883955
15279,-1.077294717987459,-0.9996774673059815,0.8345704887206613
3743,0.75985975068323,0.632951367901421,-0.13141756361883955
2176,-1.0276418945098729,-1.1685701054308852,0.8345704887206613
6689,-1.077294717987459,-0.5718161173895587,1.3175645148904118
8858,1.057776691548747,0.8243630244429786,-0.13141756361883955
3318,-0.7793777771219419,-0.9433799212643469,0.8345704887206613
11121,0.2881579276461611,1.060812717817844,0.8345704887206613
9653,-0.8290306005995282,0.024937870651767717,0.35157646255091085
7432,-0.3573287775624594,0.35146363769324823,0.35157646255091085
2787,-0.48146083625642483,0.11501394431838304,0.8345704887206613
1196,-0.13389107191332153,0.23886854560997908,-0.13141756361883955
1676,-0.48146083625642483,0.250128054818306,-0.13141756361883955
3947,-0.8786834240771144,-0.8533038475977316,0.8345704887206613
7618,-0.8042041888607351,-0.9433799212643469,0.35157646255091085
4444,0.7102069272056438,0.06997590748507537,-0.13141756361883955
5722,-1.0524683062486662,-0.6281136634311933,0.8345704887206613
11945,1.3805200441530574,0.7342869507763633,-2.063393668297841
10695,0.03989381025823017,0.3965016745265559,-0.13141756361883955
13009,-0.20837030712970078,0.38524216531822897,-0.13141756361883955
2369,0.46194280981771285,1.18466731910944,0.35157646255091085
4967,-0.10906466017452843,0.5203562758181519,0.35157646255091085
2217,-1.077294717987459,-1.1460510870142313,0.35157646255091085
8148,0.2385051041685749,0.644210877109748,-0.13141756361883955
10410,-0.08423824843573531,0.7568059691930171,0.35157646255091085
3326,0.13919945721340263,-0.5605566081812319,-0.13141756361883955
14957,-0.4318080127788386,-0.9884179580976545,-0.61441158978859
3583,-0.9531626592934936,-0.9208609028476931,0.8345704887206613
15003,0.11437304547460941,-0.5605566081812319,-0.61441158978859
15074,0.015067398519437164,0.7455464599846903,-1.0974056159583405
3619,-1.077294717987459,-1.1685701054308852,1.3175645148904118
6217,-1.0028154827710798,-1.1347915778059046,0.8345704887206613
2468,0.6605541037280576,0.06997590748507537,-0.61441158978859
8277,-1.0524683062486662,-0.6055946450145395,0.8345704887206613
12985,0.6605541037280576,1.2184458467344206,-2.063393668297841
5973,1.032950279809954,1.3648194664426705,0.35157646255091085
3667,-1.077294717987459,-1.1685701054308852,0.8345704887206613
5158,-1.077294717987459,-1.067234522555943,1.3175645148904118
7594,1.256387985459092,0.03619737986009463,-0.61441158978859
6976,-1.077294717987459,-1.1010130501809237,0.8345704887206613
10211,0.13919945721340263,-0.8645633568060586,-1.0974056159583405
3423,2.1253123963168505,2.0854280557755933,-2.063393668297841
10717,0.46194280981771285,0.9482176257345747,0.8345704887206613
8199,0.809512574160816,1.421117012484305,-0.13141756361883955
2409,0.8343389858996093,1.18466731910944,-0.13141756361883955
3212,0.26333151590736814,-0.3128474055980397,0.8345704887206613
13136,-0.009759013219356063,-0.8983418844310392,-0.61441158978859
5366,-0.7793777771219419,-0.39166397005632814,0.35157646255091085
11401,-1.077294717987459,-0.8195253199727509,1.3175645148904118
6593,-1.077294717987459,-1.1573105962225583,1.3175645148904118
2895,-1.077294717987459,-1.191089123847539,1.3175645148904118
13432,0.26333151590736814,-0.20025231351477057,1.3175645148904118
14148,-0.15871748365211455,-0.17773329509811675,-0.13141756361883955
3642,-1.077294717987459,-1.202348633055866,1.3175645148904118
11361,-1.077294717987459,-1.0897535409725967,1.3175645148904118
11288,-0.5807664832115972,-0.9546394304726739,-0.61441158978859
12869,0.015067398519437164,0.13753296273503687,-0.61441158978859
9475,-1.077294717987459,-1.202348633055866,0.35157646255091085
10193,-0.6304193066891834,-0.9771584488893277,-0.61441158978859
13219,0.6605541037280576,0.21634952719332526,-1.0974056159583405
9061,0.9584710445935745,-0.1552142766814629,-0.61441158978859
14867,1.4053464558918505,0.7455464599846903,-2.5463876944675916
13767,-1.077294717987459,-0.7744872831394432,0.8345704887206613
8548,-0.20837030712970078,0.5991728402764404,0.35157646255091085
15204,-0.6304193066891834,0.37398265610990206,0.35157646255091085
5451,-0.5807664832115972,-0.9996774673059815,-0.13141756361883955
7160,0.9336446328547815,1.2071863375260936,-1.5803996421280908
10685,-1.0524683062486662,-0.6506326818478472,0.8345704887206613
7866,0.75985975068323,1.3197814296093628,-0.61441158978859
2743,0.6109012802504713,1.2634838835677282,0.8345704887206613
15233,1.8522218671901263,1.2071863375260936,-1.0974056159583405
10082,0.6357276919892645,1.027034190192863,-0.13141756361883955
9797,-0.9035098358159074,-0.9096013936393662,0.8345704887206613
4958,1.8273954554513328,1.8377188531924011,-0.13141756361883955
12606,2.348750101965988,2.3218777491504583,-2.5463876944675916
10572,0.4122899863401266,-0.8082658107644239,-2.5463876944675916
6474,-1.077294717987459,-0.8533038475977316,0.8345704887206613
7888,-0.0594118366969423,0.5653943126514596,-0.13141756361883955
8811,-0.08423824843573531,-0.5605566081812319,-0.61441158978859
492,-1.077294717987459,-0.5042590621395973,0.35157646255091085
12251,-0.03458542495814907,0.7342869507763633,-0.13141756361883955
1116,0.13919945721340263,-0.7519682647227893,-0.61441158978859
5637,0.4867692215565058,1.1959268283177669,-0.13141756361883955
13483,-0.9531626592934936,-1.1122725593892506,1.3175645148904118
15146,-0.5559400714728041,0.8131035152346517,-0.61441158978859
14841,1.3805200441530574,1.3085219204010359,-1.5803996421280908
13894,-1.077294717987459,-1.1685701054308852,0.8345704887206613
13214,1.2067351619815054,0.35146363769324823,-2.5463876944675916
6589,-1.077294717987459,-1.1685701054308852,-2.5463876944675916
15123,1.7032633967573674,2.490770387275362,-1.5803996421280908
7557,1.2812143971978849,0.7905844968179979,-1.5803996421280908
10692,0.3129843393849541,0.5316157850264789,-1.5803996421280908
12267,0.561248456772885,1.03829369940119,0.35157646255091085
5241,0.3626371628625404,0.903179588901267,-0.61441158978859
14196,-0.258023130607287,-0.7744872831394432,-0.61441158978859
2783,1.6287841615409884,1.5224525953592474,-1.5803996421280908
11274,-1.077294717987459,-1.1235320685975776,1.3175645148904118
10661,-0.6800721301667696,-0.5042590621395973,0.8345704887206613
1696,-0.9779890710322867,-0.4367020068896358,-0.13141756361883955
5685,-1.0028154827710798,-0.3015878963897128,0.8345704887206613
2295,0.4371163980789196,0.655470386318075,-0.13141756361883955
5939,0.3129843393849541,0.46405872977651735,0.8345704887206613
7763,-1.077294717987459,-0.7069302278894817,1.3175645148904118
10244,-1.0524683062486662,-1.1347915778059046,0.8345704887206613
9968,0.5115956332952991,0.7455464599846903,-1.0974056159583405
3313,-1.0028154827710798,-1.07849403176427,0.8345704887206613
4781,-0.7545513653831489,-0.9208609028476931,0.8345704887206613
8350,-1.0028154827710798,-1.055975013347616,0.8345704887206613
11415,-0.6055928949503904,-0.20025231351477057,0.8345704887206613
9784,0.4867692215565058,-0.17773329509811675,-0.61441158978859
9915,-1.077294717987459,-1.0109369765143084,1.3175645148904118
7605,0.6605541037280576,-0.3241069148063666,0.35157646255091085
215,0.7102069272056438,1.1283697730678053,0.35157646255091085
6707,1.4053464558918505,1.6237881782341896,-0.13141756361883955
12633,1.3556936324142643,1.5224525953592474,-2.063393668297841
8682,0.8591653976384023,0.05871639827674846,-0.13141756361883955
14025,2.4728821606599536,-1.600072495240129e-16,-2.5463876944675916
3483,0.561248456772885,1.18466731910944,-0.13141756361883955
7006,0.015067398519437164,-0.1552142766814629,0.35157646255091085
5102,-1.077294717987459,-1.202348633055866,0.8345704887206613
6599,0.8591653976384023,-0.5492970989729049,-1.5803996421280908
3764,-0.6800721301667696,-0.07639771222317451,0.8345704887206613
12160,0.03989381025823017,0.45279922056819044,0.35157646255091085
6410,2.348750101965988,2.220542166275516,-1.5803996421280908
12672,-0.8786834240771144,-0.49299955293127035,0.35157646255091085
25,-0.4318080127788386,-0.8645633568060586,-0.13141756361883955
10601,-1.077294717987459,-1.1798296146392122,1.3175645148904118
7659,-1.077294717987459,-1.202348633055866,1.3175645148904118
13382,1.1570823385039195,1.1508887914844592,-1.0974056159583405
9744,-0.6552457184279764,-0.24529035034807822,0.8345704887206613
14135,0.9336446328547815,0.5653943126514596,-0.61441158978859
13229,0.8343389858996093,0.4865777481931712,-1.0974056159583405
6683,-0.5559400714728041,0.013678361443440803,0.8345704887206613
9171,-0.48146083625642483,-0.7632277739311163,0.8345704887206613
10847,-0.5559400714728041,-0.25654985955640514,0.35157646255091085
10039,-0.5311136597340109,0.36272314690157514,0.8345704887206613
12614,2.050833161100471,2.107947074192247,-2.5463876944675916
8584,-0.5807664832115972,0.3064256008599406,0.8345704887206613
13512,-1.077294717987459,-1.202348633055866,1.3175645148904118
13187,0.46194280981771285,-0.48174004372294343,-1.5803996421280908
13096,0.08954663373581641,-0.6393731726395202,-1.0974056159583405
14811,0.33781075112374737,0.9932556625678823,-1.0974056159583405
12699,0.13919945721340263,-0.2115118227230975,0.35157646255091085
1102,-1.0524683062486662,-1.1685701054308852,0.8345704887206613
3276,-1.077294717987459,-1.202348633055866,1.3175645148904118
5345,0.4867692215565058,0.7905844968179979,-0.61441158978859
11904,0.8343389858996093,1.1959268283177669,-0.61441158978859
13939,-1.0524683062486662,-0.8983418844310392,0.8345704887206613
13510,-0.258023130607287,-0.9433799212643469,-1.5803996421280908
8386,-1.077294717987459,-1.202348633055866,-0.13141756361883955
8835,-1.0524683062486662,-0.8307848291810778,0.35157646255091085
11126,-0.15871748365211455,0.7117679323597095,-0.61441158978859
15329,-0.258023130607287,-0.9208609028476931,-2.063393668297841
2207,-1.077294717987459,-1.1685701054308852,1.3175645148904118
4552,-0.10906466017452843,0.7455464599846903,0.35157646255091085
4402,-1.077294717987459,-1.1573105962225583,0.8345704887206613
7395,1.5046521028470228,1.0045151717762093,0.35157646255091085
3718,-1.0524683062486662,-0.8533038475977316,0.35157646255091085
972,1.5791313380634018,1.2297053559427475,-0.61441158978859
4579,-0.18354389539090765,0.6216918586930942,0.8345704887206613
6516,-0.9035098358159074,-0.9546394304726739,0.8345704887206613
719,-1.0028154827710798,-1.1573105962225583,0.35157646255091085
6155,-1.0028154827710798,-1.0334559949309623,0.8345704887206613
14487,0.46194280981771285,0.6216918586930942,-0.61441158978859
2803,1.554304926324609,1.027034190192863,-1.0974056159583405
2566,-0.9035098358159074,-1.0897535409725967,0.8345704887206613
4025,0.4371163980789196,-0.7632277739311163,0.35157646255091085
6198,-1.077294717987459,-1.202348633055866,1.3175645148904118
8224,-0.8538570123383212,-0.020100166181539942,0.8345704887206613
13565,-1.0276418945098729,-0.9658989396810007,1.3175645148904118
4063,0.6853805154668505,-0.3128474055980397,-0.13141756361883955
9889,0.2881579276461611,-0.6506326818478472,-1.5803996421280908
2792,0.8839918093771955,0.9707366441512285,0.35157646255091085
2222,-0.7545513653831489,-0.9433799212643469,0.8345704887206613
5818,0.16402586895219565,-0.8420443383894047,-0.61441158978859
3866,1.2067351619815054,1.454895540109286,-0.61441158978859
14643,0.6605541037280576,-0.48174004372294343,-1.5803996421280908
13297,-0.0594118366969423,0.7230274415680364,-0.61441158978859
13958,-0.9283362475547006,-0.6168541542228664,0.35157646255091085
13026,1.057776691548747,0.9482176257345747,-1.5803996421280908
3227,-1.077294717987459,-1.0897535409725967,-1.5803996421280908
4214,-0.18354389539090765,0.6216918586930942,-0.13141756361883955
3923,-0.6800721301667696,-0.5042590621395973,0.35157646255091085
10469,-0.48146083625642483,-0.008840656973213026,0.35157646255091085
11440,-0.506287247995218,0.13753296273503687,-1.0974056159583405
1401,-1.077294717987459,-1.0897535409725967,0.8345704887206613
8931,2.646667042831505,2.524548914900343,-0.61441158978859
7703,-0.9531626592934936,-1.0221964857226353,0.8345704887206613
4979,-0.7048985419055627,-0.09891673063982834,0.8345704887206613
3253,-0.6800721301667696,-0.9884179580976545,-1.0974056159583405
13249,0.8591653976384023,0.8581415520679594,-1.0974056159583405
2661,0.26333151590736814,0.5653943126514596,0.8345704887206613
2158,-0.0594118366969423,-0.8307848291810778,-0.13141756361883955
8578,1.4301728676306433,1.8264593439840742,-0.61441158978859
8088,-0.28284954234608,-0.5605566081812319,0.35157646255091085
674,-1.077294717987459,-1.1010130501809237,0.8345704887206613
11658,-1.077294717987459,-1.191089123847539,1.3175645148904118
7011,-1.077294717987459,-0.8645633568060586,1.3175645148904118
11254,-0.8290306005995282,-0.8420443383894047,0.35157646255091085
10197,-0.7297249536443557,-1.044715504139289,-0.13141756361883955
3841,-0.6304193066891834,0.23886854560997908,0.8345704887206613
1815,-0.6055928949503904,-1.0334559949309623,-0.13141756361883955
12769,-1.077294717987459,-1.202348633055866,0.8345704887206613
15096,-0.03458542495814907,0.5991728402764404,0.35157646255091085
2100,0.6357276919892645,0.0924949259017292,-0.13141756361883955
13532,0.2881579276461611,-0.7294492463061355,-1.0974056159583405
6708,2.299097278488402,2.1529851110255547,-1.5803996421280908
1673,-0.30767595408487314,0.4190206929432097,0.8345704887206613
10293,0.8839918093771955,0.23886854560997908,-0.61441158978859
4213,1.6039577498021953,1.848978362400728,-0.61441158978859
11557,-0.30767595408487314,0.21634952719332526,0.35157646255091085
15178,2.150138808055643,2.7159605714419004,-0.61441158978859
1548,-0.3573287775624594,-0.07639771222317451,0.8345704887206613
11079,1.5294785145858159,1.5674906321925552,-1.5803996421280908
8547,1.2812143971978849,1.6575667058591705,-0.61441158978859
5184,-0.03458542495814907,-0.12143574905648218,-0.61441158978859
1461,-1.077294717987459,-1.191089123847539,0.8345704887206613
14413,0.784686162422023,1.4098575032759781,0.35157646255091085
3220,-1.077294717987459,-1.055975013347616,0.8345704887206613
12939,1.1322559267651264,1.612528669025863,-0.61441158978859
14065,2.3735765137047813,-0.9096013936393662,-2.5463876944675916
7170,1.6287841615409884,1.454895540109286,-0.13141756361883955
7430,0.21367869242978188,0.779324987609671,-0.13141756361883955
14641,-1.077294717987459,-1.1235320685975776,1.3175645148904118
1751,-0.6800721301667696,-0.7069302278894817,0.8345704887206613
3976,-1.077294717987459,-1.1460510870142313,0.8345704887206613
8353,0.6605541037280576,-0.5492970989729049,-2.063393668297841
1772,-0.7048985419055627,-0.8870823752227124,0.35157646255091085
9388,0.7102069272056438,0.4302802021515366,-0.61441158978859
10070,1.032950279809954,1.3985979940676512,-1.0974056159583405
10860,-0.18354389539090765,-0.18899280430644366,0.35157646255091085
2016,-0.6552457184279764,0.20509001798499835,0.35157646255091085
2005,-0.5311136597340109,0.36272314690157514,0.35157646255091085
3893,-1.077294717987459,-0.6844112094728279,0.8345704887206613
3237,-0.03458542495814907,-0.7069302278894817,-0.13141756361883955
4424,0.5860748685116783,-0.40292347926465505,-1.5803996421280908
10270,-0.5559400714728041,-0.7632277739311163,-0.13141756361883955
8588,-0.3573287775624594,0.5090967666098251,1.3175645148904118
10980,-0.8786834240771144,-1.0334559949309623,-0.13141756361883955
2257,-1.0276418945098729,-0.8307848291810778,0.8345704887206613
4072,-1.077294717987459,-1.0109369765143084,0.8345704887206613
5574,1.5046521028470228,1.1058507546511516,-0.13141756361883955
9083,0.18885228069098867,-0.661892191056174,0.35157646255091085
14596,-1.077294717987459,-1.202348633055866,1.3175645148904118
5355,0.561248456772885,0.6892489139430557,-0.13141756361883955
8418,-0.3821551893012525,-0.8983418844310392,-0.13141756361883955
6093,-0.8042041888607351,-0.39166397005632814,0.8345704887206613
7935,1.032950279809954,0.4302802021515366,0.8345704887206613
12420,-1.077294717987459,-1.191089123847539,0.8345704887206613
1519,-0.9035098358159074,-0.8195253199727509,-0.13141756361883955
12535,0.3626371628625404,0.779324987609671,-0.61441158978859
1378,-0.7297249536443557,-0.661892191056174,-0.13141756361883955
5672,-0.8538570123383212,-0.03135967538986686,0.8345704887206613
9215,-0.15871748365211455,0.013678361443440803,-0.13141756361883955
2587,-1.077294717987459,-1.1235320685975776,1.3175645148904118
14985,-0.20837030712970078,-0.8533038475977316,0.8345704887206613
5621,-0.8538570123383212,-0.05387869380652068,0.8345704887206613
12099,-0.5559400714728041,-0.7407087555144625,-0.61441158978859
11049,0.46194280981771285,0.4865777481931712,-0.61441158978859
12631,2.2246180432720224,2.0291305097339585,-2.063393668297841
5842,-0.9779890710322867,-1.1460510870142313,-0.13141756361883955
7122,-1.0524683062486662,-0.3353664240146935,0.8345704887206613
5832,0.5115956332952991,-0.797006301556097,-1.0974056159583405
9821,0.33781075112374737,-0.6844112094728279,-2.5463876944675916
4888,2.299097278488402,2.220542166275516,-2.063393668297841
5904,0.5115956332952991,-0.03135967538986686,0.35157646255091085
522,2.100485984578057,1.578750141400882,-1.0974056159583405
8043,-0.258023130607287,-0.9208609028476931,0.35157646255091085
3607,0.3626371628625404,-0.6506326818478472,-0.61441158978859
9120,0.21367869242978188,-0.8533038475977316,-0.61441158978859
234,0.26333151590736814,0.6104323494847672,-0.61441158978859
3796,-0.15871748365211455,0.6216918586930942,-0.13141756361883955
6318,-1.0276418945098729,-0.49299955293127035,0.8345704887206613
7094,-0.9531626592934936,-0.1552142766814629,0.8345704887206613
10202,-0.5311136597340109,-0.9996774673059815,0.35157646255091085
1948,0.015067398519437164,0.5991728402764404,-0.13141756361883955
6361,1.4549992793694364,1.8039403255674202,-0.13141756361883955
14884,0.8839918093771955,0.19383050877667143,-2.063393668297841
12035,-0.4318080127788386,-0.9884179580976545,-0.13141756361883955
6091,0.5115956332952991,0.49783725740149815,0.35157646255091085
10863,1.3556936324142643,0.4302802021515366,-2.063393668297841
13954,-1.077294717987459,-0.8420443383894047,-0.13141756361883955
2224,-0.6304193066891834,-0.8870823752227124,0.8345704887206613
9298,2.348750101965988,2.366915785983766,-1.0974056159583405
13890,-0.8290306005995282,-1.067234522555943,0.35157646255091085
9010,-0.506287247995218,-0.09891673063982834,0.8345704887206613
5571,-0.258023130607287,0.05871639827674846,0.35157646255091085
4523,1.256387985459092,1.601269159817536,-0.61441158978859
5793,-1.077294717987459,-1.1235320685975776,1.3175645148904118
13492,-1.0524683062486662,-1.1798296146392122,1.3175645148904118
5738,-0.8290306005995282,-0.5042590621395973,0.35157646255091085
2624,-0.9283362475547006,-0.7181897370978086,1.3175645148904118
4728,-1.077294717987459,-1.202348633055866,-2.063393668297841
7818,0.5115956332952991,1.1508887914844592,0.8345704887206613
8859,1.08260310328754,0.8581415520679594,-1.0974056159583405
15215,-0.7793777771219419,-0.1552142766814629,0.8345704887206613
14001,0.2385051041685749,0.7568059691930171,-0.61441158978859
9080,-1.077294717987459,-1.1235320685975776,1.3175645148904118
11402,-0.3821551893012525,-0.18899280430644366,-0.13141756361883955
2437,0.561248456772885,0.5541348034431327,0.35157646255091085
6056,1.9763539258840919,1.9052759084423625,-1.5803996421280908
9009,0.6109012802504713,0.6104323494847672,0.35157646255091085
6352,-0.20837030712970078,0.5766538218597865,0.8345704887206613
10533,0.33781075112374737,-0.5042590621395973,-0.61441158978859
3167,-0.6055928949503904,-0.17773329509811675,-0.13141756361883955
1809,-1.0276418945098729,-1.1685701054308852,0.35157646255091085
12427,-0.258023130607287,-0.9096013936393662,-0.61441158978859
7161,1.8770482789289193,1.725123761109132,-0.13141756361883955
9456,-1.077294717987459,-1.1573105962225583,1.3175645148904118
5086,-1.0276418945098729,-1.1573105962225583,-0.61441158978859
12356,0.3129843393849541,-0.4704805345146165,-0.61441158978859
7016,0.6357276919892645,0.3176851100682675,-0.13141756361883955
11949,0.2385051041685749,0.13753296273503687,-0.61441158978859
4945,0.75985975068323,1.3085219204010359,0.35157646255091085
6046,2.671493454570298,2.378175295192093,-1.5803996421280908
12849,0.06472022199702318,-0.14395476747313599,-1.0974056159583405
14224,-1.077294717987459,-1.202348633055866,0.35157646255091085
6919,-0.5311136597340109,-1.0109369765143084,0.8345704887206613
5590,1.5294785145858159,1.4098575032759781,0.35157646255091085
7226,-0.6055928949503904,-0.6281136634311933,0.8345704887206613
1228,2.3239236902271947,2.1529851110255547,-1.5803996421280908
11812,-0.30767595408487314,0.37398265610990206,-1.0974056159583405
6846,-0.15871748365211455,-0.2115118227230975,0.8345704887206613
8244,1.5294785145858159,1.6913452334841512,-0.61441158978859
11859,0.6605541037280576,1.3310409388176898,-0.13141756361883955
6555,-1.077294717987459,-1.202348633055866,1.3175645148904118
159,-1.0028154827710798,-0.2340308411397513,0.8345704887206613
8851,1.032950279809954,0.6779894047347288,-0.13141756361883955
9779,0.983297456332368,0.08123541669340228,-0.61441158978859
1589,-0.3821551893012525,0.3402041284849213,-0.61441158978859
15100,1.231561573720299,1.7026047426924782,-2.063393668297841
14562,0.561248456772885,-0.5718161173895587,-1.0974056159583405
14539,1.1819087502427124,-0.07639771222317451,-2.063393668297841
14332,-0.45663442451763175,-0.14395476747313599,0.35157646255091085
6687,-0.08423824843573531,0.4190206929432097,0.8345704887206613
14347,-1.077294717987459,-0.6506326818478472,1.3175645148904118
11535,-1.0028154827710798,-0.3353664240146935,0.8345704887206613
10576,0.38746357460133357,-0.8195253199727509,-1.0974056159583405
13663,0.06472022199702318,0.8243630244429786,-0.13141756361883955
7480,2.7707991015254705,2.592105970150304,-2.063393668297841
14227,-0.08423824843573531,-0.9096013936393662,-1.5803996421280908
1556,0.809512574160816,0.7455464599846903,-0.61441158978859
2828,-1.077294717987459,-0.8870823752227124,1.3175645148904118
436,-1.077294717987459,-0.8645633568060586,0.8345704887206613
5789,-0.18354389539090765,-0.6956707186811548,-0.13141756361883955
12512,-1.077294717987459,-0.7069302278894817,0.8345704887206613
1588,-0.45663442451763175,0.27264707323495985,0.8345704887206613
7398,-0.6800721301667696,-0.24529035034807822,0.8345704887206613
2780,-1.0276418945098729,-0.4367020068896358,0.8345704887206613
13793,-0.506287247995218,-0.49299955293127035,0.35157646255091085
9242,-0.8538570123383212,-0.24529035034807822,0.8345704887206613
5686,0.6853805154668505,1.18466731910944,0.8345704887206613
3965,-0.506287247995218,-0.8195253199727509,-0.13141756361883955
4727,0.4371163980789196,-0.8082658107644239,-2.063393668297841
9165,-0.7048985419055627,-0.8983418844310392,0.8345704887206613
1238,-0.20837030712970078,0.5766538218597865,0.35157646255091085
2951,1.008123868071161,-0.4479615160979627,-2.5463876944675916
10534,0.11437304547460941,-0.5830756265978857,-1.5803996421280908
11184,-0.30767595408487314,0.29516609165161367,-0.13141756361883955
11846,-0.15871748365211455,0.6892489139430557,-0.61441158978859
14132,-0.4318080127788386,-0.13269525826480907,0.35157646255091085
1497,-1.0524683062486662,-1.067234522555943,0.8345704887206613
6465,1.4053464558918505,0.7680654784013441,-1.5803996421280908
7355,0.561248456772885,-0.27906887797305896,0.8345704887206613
7823,-0.9779890710322867,-0.20025231351477057,0.8345704887206613
7547,0.4371163980789196,0.5991728402764404,0.35157646255091085
7913,0.4867692215565058,0.6216918586930942,0.35157646255091085
10614,-1.077294717987459,-1.1460510870142313,0.8345704887206613
13139,-1.077294717987459,-1.202348633055866,0.8345704887206613
5185,1.1322559267651264,0.44153971135986353,-1.0974056159583405
5647,1.1819087502427124,1.6688262150674973,0.35157646255091085
14426,1.5046521028470228,1.8602378716090548,-1.5803996421280908
5242,-0.6055928949503904,0.13753296273503687,0.8345704887206613
2130,-0.13389107191332153,-0.6281136634311933,-0.13141756361883955
2092,-0.8042041888607351,-0.5492970989729049,-0.13141756361883955
5409,-0.8290306005995282,-0.8307848291810778,0.8345704887206613
10207,-0.6800721301667696,-1.044715504139289,-0.61441158978859
187,0.2881579276461611,1.027034190192863,0.35157646255091085
11480,-0.3573287775624594,0.5203562758181519,0.35157646255091085
7938,0.08954663373581641,-0.05387869380652068,-0.13141756361883955
3655,-1.077294717987459,-1.191089123847539,1.3175645148904118
3426,1.032950279809954,1.454895540109286,-0.13141756361883955
11750,0.46194280981771285,-0.020100166181539942,-0.61441158978859
1381,-0.0594118366969423,-0.35788544243134734,0.35157646255091085
13604,0.561248456772885,0.5203562758181519,-0.61441158978859
8605,0.18885228069098867,0.8694010612762862,0.8345704887206613
7427,1.4053464558918505,1.5111930861509206,-1.0974056159583405
5037,1.1074295150263334,-0.008840656973213026,-2.063393668297841
4897,-0.45663442451763175,0.38524216531822897,1.3175645148904118
3175,-0.03458542495814907,0.10375443511005612,0.35157646255091085
13061,1.1570823385039195,0.23886854560997908,-2.5463876944675916
12225,-0.7545513653831489,0.12627345352670993,0.8345704887206613
8448,-0.48146083625642483,-0.6956707186811548,0.8345704887206613
15190,1.3805200441530574,2.0741685465672663,-1.5803996421280908
12798,-1.077294717987459,-1.1685701054308852,0.8345704887206613
2235,-1.0524683062486662,-1.0334559949309623,-0.13141756361883955
8068,-1.077294717987459,-1.1122725593892506,1.3175645148904118
9959,1.306040808936678,1.049553208609517,-0.61441158978859
4236,0.6109012802504713,1.027034190192863,-0.13141756361883955
12928,2.199791631533229,2.1980231478588625,-1.5803996421280908
14024,2.100485984578057,2.1417256018172277,-2.063393668297841
13865,-1.077294717987459,-1.202348633055866,1.800558541060162
9764,0.5115956332952991,0.1600519811516907,-0.61441158978859
24,-1.077294717987459,-1.1460510870142313,1.3175645148904118
3363,-0.03458542495814907,-0.03135967538986686,1.3175645148904118
1088,-1.0276418945098729,-1.1685701054308852,0.8345704887206613
10886,0.7102069272056438,-0.2227713319314244,-1.5803996421280908
8733,-0.9531626592934936,-1.0897535409725967,0.8345704887206613
14058,-1.077294717987459,-0.4254424976813089,1.3175645148904118
2841,-0.7793777771219419,-0.7069302278894817,-0.61441158978859
10503,0.6853805154668505,0.08123541669340228,-1.5803996421280908
7537,2.2742708667496085,1.7476427795257858,-2.063393668297841
7470,2.3239236902271947,2.3443967675671122,-0.61441158978859
14311,0.5860748685116783,0.11501394431838304,-0.13141756361883955
4152,1.9763539258840919,1.972832963692324,0.35157646255091085
9501,-1.077294717987459,-1.191089123847539,-0.61441158978859
695,0.6357276919892645,-0.673151700264501,-0.61441158978859
14097,1.057776691548747,1.3197814296093628,-1.5803996421280908
6337,2.4232293371823674,2.1529851110255547,-2.063393668297841
1227,-0.8290306005995282,-0.07639771222317451,-0.13141756361883955
1999,-0.45663442451763175,0.44153971135986353,0.35157646255091085
276,-0.6304193066891834,-0.538037589764578,0.8345704887206613
11650,0.06472022199702318,-0.7744872831394432,-1.0974056159583405
5929,0.7350333389444368,0.5316157850264789,0.35157646255091085
2953,0.2385051041685749,-0.6168541542228664,-0.13141756361883955
3637,-1.077294717987459,-1.202348633055866,0.8345704887206613
3906,-1.077294717987459,-0.7744872831394432,1.3175645148904118
4778,-1.077294717987459,-1.1235320685975776,1.3175645148904118
5845,0.6853805154668505,-0.7519682647227893,-2.5463876944675916
14880,-1.0028154827710798,-0.7632277739311163,0.35157646255091085
4117,-0.009759013219356063,0.3176851100682675,0.35157646255091085
11610,-1.077294717987459,-0.9884179580976545,1.3175645148904118
1137,-1.077294717987459,-1.07849403176427,0.35157646255091085
2767,-0.3573287775624594,0.38524216531822897,0.35157646255091085
8182,-0.7545513653831489,0.08123541669340228,0.8345704887206613
14283,-0.6800721301667696,-0.8533038475977316,-0.13141756361883955
12156,0.08954663373581641,0.4302802021515366,-1.0974056159583405
7661,0.26333151590736814,-0.8420443383894047,-0.13141756361883955
9134,-1.077294717987459,-1.191089123847539,0.8345704887206613
15288,-1.077294717987459,-0.9546394304726739,0.8345704887206613
2490,-0.6304193066891834,-0.7519682647227893,0.35157646255091085
14857,1.032950279809954,0.7568059691930171,-1.0974056159583405
7742,-0.8290306005995282,-0.5830756265978857,0.35157646255091085
3935,-0.30767595408487314,-0.4367020068896358,0.35157646255091085
2384,-0.20837030712970078,0.6216918586930942,0.35157646255091085
8016,-1.077294717987459,-1.202348633055866,1.3175645148904118
7084,-0.4318080127788386,0.3965016745265559,0.8345704887206613
115,0.2881579276461611,0.7117679323597095,0.35157646255091085
1863,-0.48146083625642483,-0.7857467923477701,-0.13141756361883955
10750,1.1819087502427124,1.6575667058591705,-0.61441158978859
3119,-1.077294717987459,-0.4704805345146165,1.3175645148904118
4258,1.1819087502427124,1.049553208609517,0.35157646255091085
14176,-1.0276418945098729,-0.9771584488893277,1.3175645148904118
12982,1.6536105732797814,1.8602378716090548,-1.0974056159583405
2819,1.5046521028470228,0.6779894047347288,-2.063393668297841
11684,-1.077294717987459,-1.202348633055866,1.3175645148904118
15134,0.06472022199702318,1.049553208609517,-0.61441158978859
13955,-0.33250236582366627,-0.2115118227230975,0.35157646255091085
4699,0.3626371628625404,-0.6055946450145395,-1.0974056159583405
3802,1.032950279809954,1.5111930861509206,-0.13141756361883955
6068,1.1074295150263334,1.2522243743594015,0.35157646255091085
3536,0.8343389858996093,0.632951367901421,-1.0974056159583405
3825,0.21367869242978188,1.0045151717762093,-0.13141756361883955
6642,0.2881579276461611,-0.008840656973213026,0.35157646255091085
13271,-0.258023130607287,0.3965016745265559,0.8345704887206613
1946,2.0756595728392635,1.848978362400728,-0.13141756361883955
13402,1.4053464558918505,0.8243630244429786,-1.0974056159583405
12612,1.9267011024065053,2.0516495281506124,-2.063393668297841
12788,-0.8290306005995282,-1.07849403176427,-0.61441158978859
9802,-1.077294717987459,-1.0897535409725967,0.8345704887206613
7269,-1.077294717987459,-1.1685701054308852,0.35157646255091085
11961,1.5294785145858159,0.45279922056819044,-2.5463876944675916
7929,-0.8538570123383212,-0.5267780805562511,0.8345704887206613
7166,1.4301728676306433,1.4098575032759781,-0.13141756361883955
6963,0.18885228069098867,-0.7069302278894817,0.35157646255091085
5867,-1.077294717987459,-1.1460510870142313,0.8345704887206613
10859,-1.077294717987459,-0.8645633568060586,1.3175645148904118
4761,-1.077294717987459,-1.1798296146392122,1.3175645148904118
10386,-0.8290306005995282,0.024937870651767717,-0.13141756361883955
882,0.7350333389444368,1.3423004480260168,0.35157646255091085
557,0.38746357460133357,1.0833317362344976,0.35157646255091085
12439,-0.9779890710322867,-1.0897535409725967,0.8345704887206613
1207,0.7350333389444368,0.9482176257345747,-1.0974056159583405
14102,1.032950279809954,1.2409648651510745,-1.0974056159583405
7684,-0.8538570123383212,-1.055975013347616,0.35157646255091085
11845,1.1322559267651264,1.6237881782341896,-1.0974056159583405
9702,-1.0276418945098729,-0.34662593322302043,1.3175645148904118
6538,-0.28284954234608,-0.8758228660143854,0.35157646255091085
10485,0.7102069272056438,0.4077611837348828,-0.61441158978859
3211,0.3129843393849541,-0.27906887797305896,-0.13141756361883955
3630,-1.077294717987459,-1.202348633055866,0.8345704887206613
1708,1.47982569110823,0.9707366441512285,-1.0974056159583405
12654,-1.077294717987459,-0.6506326818478472,0.35157646255091085
8458,0.6109012802504713,-0.1552142766814629,-0.61441158978859
1140,-0.6552457184279764,-0.797006301556097,-0.61441158978859
3162,-0.7297249536443557,-0.20025231351477057,0.35157646255091085
6207,-1.077294717987459,-1.202348633055866,1.3175645148904118
14590,-1.0276418945098729,-1.1685701054308852,-0.13141756361883955
3730,-0.8042041888607351,-0.5155185713479241,0.8345704887206613
10101,0.6605541037280576,0.779324987609671,-0.13141756361883955
11843,-0.8042041888607351,0.04745688906842155,0.35157646255091085
2660,-0.7048985419055627,-0.16647378588978984,0.8345704887206613
8848,0.8591653976384023,0.5316157850264789,-1.0974056159583405
1307,0.2385051041685749,0.8468820428596324,0.8345704887206613
2567,-0.28284954234608,-0.9096013936393662,-1.0974056159583405
9190,-0.18354389539090765,-0.4367020068896358,-0.61441158978859
2834,-1.077294717987459,-0.93212041205602,-0.13141756361883955
14689,-1.0524683062486662,-0.7519682647227893,1.3175645148904118
9429,0.7350333389444368,-0.27906887797305896,-1.0974056159583405
2151,-0.009759013219356063,-0.7744872831394432,0.35157646255091085
11958,1.6287841615409884,0.5541348034431327,-2.5463876944675916
3835,1.1819087502427124,1.6575667058591705,-0.61441158978859
14875,-0.258023130607287,-0.18899280430644366,0.35157646255091085
13191,-1.077294717987459,-1.067234522555943,0.8345704887206613
12601,-1.077294717987459,-0.4367020068896358,-0.13141756361883955
10378,0.983297456332368,1.4999335769425937,-1.0974056159583405
9326,-0.506287247995218,0.3402041284849213,0.8345704887206613
5004,-1.077294717987459,-0.7857467923477701,0.8345704887206613
6626,-0.28284954234608,-0.5718161173895587,0.35157646255091085
9495,-0.8290306005995282,-1.0897535409725967,0.35157646255091085
1627,-0.8290306005995282,0.03619737986009463,0.8345704887206613
12276,1.4053464558918505,1.443636030900959,-2.063393668297841
9714,-0.48146083625642483,0.22760903640165217,0.35157646255091085
15049,-0.7545513653831489,-0.16647378588978984,0.8345704887206613
358,0.26333151590736814,-0.8420443383894047,-2.063393668297841
138,2.4728821606599536,2.0741685465672663,-2.063393668297841
8491,-0.6552457184279764,-0.25654985955640514,0.8345704887206613
9748,0.561248456772885,0.45279922056819044,-0.13141756361883955
382,-1.077294717987459,-1.1685701054308852,0.8345704887206613
11181,-0.9531626592934936,-0.3241069148063666,0.35157646255091085
11549,-0.009759013219356063,0.5203562758181519,-1.0974056159583405
4857,-0.18354389539090765,0.3176851100682675,0.8345704887206613
14275,-0.6055928949503904,-0.8870823752227124,-0.13141756361883955
1439,-1.0524683062486662,-1.1798296146392122,0.35157646255091085
9569,-0.7297249536443557,-0.5042590621395973,0.35157646255091085
946,0.784686162422023,1.173407809901113,-1.0974056159583405
12711,-0.258023130607287,-0.538037589764578,0.35157646255091085
5498,-0.6055928949503904,-0.9546394304726739,0.35157646255091085
4916,1.3556936324142643,1.7814213071507665,-1.0974056159583405
8556,-1.077294717987459,-0.4367020068896358,0.8345704887206613
10913,-1.077294717987459,-1.1460510870142313,0.35157646255091085
1932,1.330867220675471,1.2184458467344206,-1.5803996421280908
2352,0.784686162422023,1.3985979940676512,-0.13141756361883955
3236,-1.077294717987459,-1.1235320685975776,1.3175645148904118
14568,-1.077294717987459,-1.1460510870142313,1.3175645148904118
9493,0.6605541037280576,-0.7632277739311163,-1.5803996421280908
15044,-0.6800721301667696,-0.4479615160979627,1.3175645148904118
3807,2.050833161100471,2.1642446202338816,-0.61441158978859
14134,0.809512574160816,0.5316157850264789,-0.61441158978859
1936,0.7102069272056438,0.9256986073179209,0.35157646255091085
13676,-0.7793777771219419,0.0924949259017292,0.8345704887206613
4154,2.050833161100471,2.0403900189422854,-0.61441158978859
8988,1.5046521028470228,1.5111930861509206,-0.13141756361883955
2416,-0.4069816010400455,0.23886854560997908,0.35157646255091085
11727,-0.8538570123383212,-0.93212041205602,1.3175645148904118
6139,-0.8786834240771144,-0.8645633568060586,-0.13141756361883955
785,-0.9283362475547006,-0.8645633568060586,-0.13141756361883955
6789,-0.8538570123383212,-0.13269525826480907,1.3175645148904118
11350,-1.0028154827710798,-1.07849403176427,0.8345704887206613
8036,-0.5807664832115972,-1.0109369765143084,0.8345704887206613
8315,-0.8538570123383212,-0.7069302278894817,0.35157646255091085
14529,-0.5807664832115972,-0.5943351358062126,0.8345704887206613
5668,1.4301728676306433,1.7814213071507665,0.35157646255091085
2172,-0.7545513653831489,-1.067234522555943,0.8345704887206613
2169,0.4867692215565058,-0.797006301556097,-0.61441158978859
6628,-0.45663442451763175,-0.6281136634311933,0.8345704887206613
4009,-0.45663442451763175,-0.9996774673059815,0.35157646255091085
4340,-1.0028154827710798,-1.0897535409725967,0.35157646255091085
910,0.8591653976384023,1.454895540109286,-0.13141756361883955
6268,1.306040808936678,0.11501394431838304,-1.5803996421280908
2309,1.032950279809954,1.2184458467344206,-0.61441158978859
10033,0.561248456772885,1.2634838835677282,-0.13141756361883955
9449,0.9336446328547815,-0.49299955293127035,-1.5803996421280908
6591,-1.077294717987459,-1.1685701054308852,0.35157646255091085
4458,-0.8290306005995282,-0.5492970989729049,0.8345704887206613
7597,-1.077294717987459,-1.0221964857226353,0.8345704887206613
9370,-0.7297249536443557,-0.18899280430644366,0.8345704887206613
11781,0.2385051041685749,0.38524216531822897,-0.61441158978859
14333,-1.0276418945098729,-0.6393731726395202,1.3175645148904118
4652,-1.0524683062486662,-0.8195253199727509,0.8345704887206613
6218,-0.8786834240771144,-1.07849403176427,0.8345704887206613
442,-1.077294717987459,-0.8195253199727509,1.3175645148904118
3415,-0.7048985419055627,0.03619737986009463,0.35157646255091085
9591,-0.009759013219356063,0.250128054818306,0.8345704887206613
13423,1.5294785145858159,0.44153971135986353,-2.5463876944675916
11744,-1.077294717987459,-0.9996774673059815,0.35157646255091085
9649,-0.9779890710322867,-0.20025231351477057,0.8345704887206613
12013,-1.077294717987459,-1.1573105962225583,0.8345704887206613
5744,-0.9035098358159074,-0.6281136634311933,0.35157646255091085
1054,-1.077294717987459,-1.1460510870142313,0.8345704887206613
13390,-0.8290306005995282,-0.3128474055980397,1.3175645148904118
3699,-0.28284954234608,-0.6281136634311933,-1.0974056159583405
929,0.8839918093771955,1.3873384848593244,-0.13141756361883955
6468,1.6536105732797814,0.8018440060263248,-2.063393668297841
8767,-1.0524683062486662,-1.1685701054308852,0.8345704887206613
1829,0.2881579276461611,-0.8195253199727509,-1.0974056159583405
14077,1.7032633967573674,1.8940163992340358,-0.13141756361883955
14531,-1.077294717987459,-0.9884179580976545,0.8345704887206613
11853,-0.7793777771219419,0.0924949259017292,0.8345704887206613
12480,-0.48146083625642483,-0.48174004372294343,-0.61441158978859
2011,1.8273954554513328,2.0403900189422854,-1.0974056159583405
913,0.11437304547460941,0.9144390981095939,0.35157646255091085
7611,-0.4069816010400455,-0.7407087555144625,-0.13141756361883955
12624,0.5364220450340921,1.1058507546511516,-0.61441158978859
11807,2.100485984578057,1.848978362400728,-2.5463876944675916
15016,-0.33250236582366627,-0.5718161173895587,-1.5803996421280908
2606,-0.7048985419055627,-0.7744872831394432,0.8345704887206613
4928,1.306040808936678,1.7363832703174589,0.35157646255091085
9783,-1.077294717987459,-0.9884179580976545,0.8345704887206613
6564,-1.077294717987459,-1.202348633055866,1.3175645148904118
12483,-1.0524683062486662,-0.8645633568060586,0.35157646255091085
6,-1.077294717987459,-1.191089123847539,1.3175645148904118
11172,0.7350333389444368,1.1508887914844592,-0.13141756361883955
7835,-0.7545513653831489,0.12627345352670993,1.3175645148904118
6583,-1.077294717987459,-1.1798296146392122,1.3175645148904118
3361,-0.6800721301667696,-0.4479615160979627,0.35157646255091085
10135,0.03989381025823017,-0.14395476747313599,-0.13141756361883955
11953,1.1074295150263334,0.45279922056819044,-1.5803996421280908
1635,-1.077294717987459,-0.4254424976813089,1.3175645148904118
1141,-0.6055928949503904,-0.7632277739311163,-0.13141756361883955
13397,1.80256904371254,1.0945912454428246,-2.063393668297841
359,-0.9531626592934936,-1.1347915778059046,-0.13141756361883955
2070,0.08954663373581641,0.29516609165161367,-0.61441158978859
3134,0.75985975068323,1.18466731910944,0.8345704887206613
5160,-0.4318080127788386,-0.6844112094728279,0.35157646255091085
6990,-0.8042041888607351,-0.8195253199727509,0.8345704887206613
3243,-0.9283362475547006,-1.044715504139289,0.35157646255091085
2242,-1.077294717987459,-1.0334559949309623,1.3175645148904118
1474,-0.8786834240771144,-1.067234522555943,0.35157646255091085
13177,-1.077294717987459,-1.1347915778059046,-1.5803996421280908
10081,1.6536105732797814,1.6350476874425166,-0.61441158978859
3259,-1.0524683062486662,-1.1685701054308852,0.8345704887206613
10213,-1.077294717987459,-1.202348633055866,0.35157646255091085
4020,-1.077294717987459,-1.191089123847539,0.8345704887206613
13564,-1.0276418945098729,-0.9658989396810007,0.8345704887206613
8566,0.8839918093771955,1.4774145585259397,0.35157646255091085
3500,-0.45663442451763175,0.28390658244328676,0.8345704887206613
2658,-0.9531626592934936,-0.4479615160979627,0.8345704887206613
12965,1.5791313380634018,1.9052759084423625,-1.5803996421280908
1130,0.2385051041685749,-0.5830756265978857,-0.13141756361883955
14108,0.11437304547460941,0.5879133310681134,-0.13141756361883955
1819,-1.0276418945098729,-1.1685701054308852,0.35157646255091085
7461,0.8591653976384023,1.443636030900959,0.35157646255091085
12024,-0.7793777771219419,-1.055975013347616,0.8345704887206613
14944,-0.7545513653831489,-1.044715504139289,-1.0974056159583405
12519,-0.7297249536443557,-0.2227713319314244,0.8345704887206613
7064,-0.7793777771219419,-0.0651382030148476,0.8345704887206613
4318,-0.8042041888607351,-0.8533038475977316,0.35157646255091085
9342,1.6536105732797814,1.7363832703174589,0.35157646255091085
4669,-0.5311136597340109,-0.5943351358062126,0.35157646255091085
9428,-0.5559400714728041,-0.7181897370978086,0.35157646255091085
5476,-0.9035098358159074,-1.1122725593892506,0.8345704887206613
15092,2.398402925443574,2.1417256018172277,0.35157646255091085
13469,-1.077294717987459,-1.1460510870142313,1.3175645148904118
1856,0.11437304547460941,-0.661892191056174,-0.61441158978859
2282,-0.6552457184279764,-0.25654985955640514,1.3175645148904118
13355,-1.0524683062486662,-0.40292347926465505,1.3175645148904118
4008,-0.18354389539090765,-0.93212041205602,-0.61441158978859
6401,0.13919945721340263,0.8919200796929401,-0.13141756361883955
15230,0.2881579276461611,0.7342869507763633,-0.13141756361883955
14244,-1.077294717987459,-1.191089123847539,0.8345704887206613
386,0.11437304547460941,-0.7407087555144625,-0.61441158978859
1628,-1.0276418945098729,-0.26780936876473205,1.3175645148904118
10906,-1.077294717987459,-1.1235320685975776,0.8345704887206613
11728,-1.077294717987459,-1.07849403176427,1.3175645148904118
12923,-0.48146083625642483,0.3176851100682675,-0.13141756361883955
14319,0.18885228069098867,0.05871639827674846,0.35157646255091085
7718,-0.20837030712970078,-0.5718161173895587,0.35157646255091085
11772,-0.7793777771219419,-0.4254424976813089,0.35157646255091085
11381,-1.0276418945098729,-0.9208609028476931,1.3175645148904118
15294,-0.9035098358159074,-1.07849403176427,-0.61441158978859
9101,-0.8786834240771144,-1.0897535409725967,0.8345704887206613
13292,0.18885228069098867,0.8919200796929401,0.35157646255091085
10058,2.4232293371823674,2.2993587307338044,-2.5463876944675916
1842,0.2881579276461611,-0.7407087555144625,-1.5803996421280908
2497,0.983297456332368,-0.3128474055980397,-1.0974056159583405
201,-0.20837030712970078,0.5766538218597865,0.35157646255091085
12314,1.032950279809954,0.5090967666098251,-1.5803996421280908
3868,2.2742708667496085,2.0178710005256315,-2.063393668297841
5054,-0.7793777771219419,-0.8870823752227124,0.35157646255091085
5889,-0.15871748365211455,-0.5943351358062126,-0.13141756361883955
2702,0.4122899863401266,1.0720722270261707,-0.13141756361883955
7922,-0.5311136597340109,-0.20025231351477057,0.8345704887206613
331,-0.48146083625642483,-0.93212041205602,-0.61441158978859
3808,0.8591653976384023,1.432376521692632,-0.13141756361883955
935,-0.9283362475547006,-0.17773329509811675,1.3175645148904118
10651,-1.0276418945098729,-0.9096013936393662,0.35157646255091085
1774,0.33781075112374737,-0.5830756265978857,-0.61441158978859
13325,0.11437304547460941,0.9256986073179209,-1.0974056159583405
8611,-0.5559400714728041,0.21634952719332526,0.35157646255091085
10878,-0.9283362475547006,-0.8195253199727509,-1.0974056159583405
14045,2.001180337622885,-1.600072495240129e-16,-1.5803996421280908
989,-1.077294717987459,-0.8082658107644239,0.8345704887206613
5443,-1.077294717987459,-1.1685701054308852,0.8345704887206613
12786,-0.3573287775624594,-0.9546394304726739,-1.0974056159583405
6993,-1.077294717987459,-1.0109369765143084,0.35157646255091085
13117,-0.10906466017452843,-0.8533038475977316,-0.13141756361883955
5806,-1.077294717987459,-1.1573105962225583,0.8345704887206613
13416,0.7350333389444368,0.26138756402663293,-1.5803996421280908
13363,-0.506287247995218,0.22760903640165217,-0.13141756361883955
6574,0.33781075112374737,-0.8195253199727509,-0.13141756361883955
3052,-1.0524683062486662,-0.41418298847298196,0.8345704887206613
13264,-1.077294717987459,-0.5718161173895587,0.8345704887206613
8365,0.7102069272056438,-0.6506326818478472,-2.063393668297841
4615,1.057776691548747,1.1171102638594783,-0.13141756361883955
3321,-0.3821551893012525,-0.7744872831394432,-0.13141756361883955
14112,-1.077294717987459,-0.6281136634311933,1.3175645148904118
6246,-1.077294717987459,-1.1010130501809237,0.8345704887206613
6048,2.5225349841375393,2.288099221525478,-2.063393668297841
3311,-0.9283362475547006,-1.044715504139289,0.8345704887206613
11925,-0.8538570123383212,-0.3015878963897128,0.8345704887206613
12058,0.11437304547460941,-0.8420443383894047,-1.0974056159583405
14402,-0.9779890710322867,-0.18899280430644366,1.3175645148904118
11196,0.2385051041685749,0.5428752942348057,0.8345704887206613
8210,2.1749652197944367,2.265580203108824,-1.0974056159583405
11431,0.08954663373581641,0.49783725740149815,-0.13141756361883955
3628,-0.3573287775624594,-0.9546394304726739,-1.0974056159583405
13609,1.1322559267651264,0.9144390981095939,-0.61441158978859
10366,0.8343389858996093,1.3197814296093628,-1.0974056159583405
1356,1.330867220675471,0.655470386318075,-1.0974056159583405
5002,0.9336446328547815,0.5879133310681134,-1.0974056159583405
14033,1.4301728676306433,1.7926808163590935,-0.13141756361883955
5823,-1.0028154827710798,-1.1573105962225583,0.8345704887206613
14587,-0.258023130607287,-0.9433799212643469,-0.13141756361883955
5670,2.646667042831505,2.4569918596503815,-2.063393668297841
3112,-0.10906466017452843,0.7117679323597095,-0.13141756361883955
182,0.08954663373581641,0.8919200796929401,-0.13141756361883955
13603,1.1074295150263334,0.7905844968179979,-0.61441158978859
10004,0.75985975068323,1.2972624111927091,-0.13141756361883955
855,0.6109012802504713,1.03829369940119,0.35157646255091085
12931,-1.077294717987459,-0.4254424976813089,1.3175645148904118
4912,2.2246180432720224,2.288099221525478,-1.5803996421280908
13107,-0.15871748365211455,-0.797006301556097,-1.0974056159583405
1800,0.18885228069098867,-0.8307848291810778,-1.0974056159583405
14217,-1.077294717987459,-1.191089123847539,0.8345704887206613
10621,0.5364220450340921,-0.5605566081812319,-0.13141756361883955
5482,-1.077294717987459,-1.191089123847539,0.35157646255091085
14676,-0.23319671886849389,-0.27906887797305896,-0.61441158978859
1968,-1.077294717987459,-0.4367020068896358,1.3175645148904118
14329,0.4371163980789196,0.35146363769324823,0.35157646255091085
12491,0.4122899863401266,0.13753296273503687,-1.0974056159583405
4697,-1.0524683062486662,-1.0897535409725967,0.35157646255091085
4987,-1.0524683062486662,-0.5943351358062126,1.3175645148904118
4650,-0.18354389539090765,-0.17773329509811675,0.8345704887206613
1159,1.1074295150263334,0.26138756402663293,-2.063393668297841
9405,-1.0524683062486662,-0.8533038475977316,-0.13141756361883955
14760,-0.506287247995218,0.3402041284849213,0.35157646255091085
1325,-0.8538570123383212,-0.2340308411397513,0.35157646255091085
10288,0.4867692215565058,-0.020100166181539942,-0.61441158978859
12055,-0.7297249536443557,-1.055975013347616,-0.13141756361883955
4796,-1.0028154827710798,-0.9658989396810007,0.8345704887206613
6796,1.8273954554513328,1.7026047426924782,-1.0974056159583405
5808,-1.077294717987459,-1.1685701054308852,1.3175645148904118
15142,1.057776691548747,2.0291305097339585,-0.61441158978859
1455,-1.077294717987459,-1.202348633055866,0.8345704887206613
5410,-1.0028154827710798,-0.9546394304726739,0.8345704887206613
8333,-0.6800721301667696,-0.7744872831394432,0.35157646255091085
2800,-1.077294717987459,-0.7069302278894817,0.8345704887206613
9836,-1.0524683062486662,-1.1685701054308852,-0.61441158978859
10332,1.08260310328754,1.060812717817844,-2.063393668297841
7616,-1.077294717987459,-1.1122725593892506,0.8345704887206613
13744,-0.13389107191332153,0.38524216531822897,0.8345704887206613
7815,1.9515275141452983,2.0629090373589394,-0.61441158978859
4378,0.4867692215565058,-0.797006301556097,-1.0974056159583405
8921,2.3239236902271947,2.3218777491504583,-0.61441158978859
12188,-0.4069816010400455,0.36272314690157514,-0.13141756361883955
6716,-0.7793777771219419,0.024937870651767717,0.8345704887206613
10128,0.5860748685116783,0.21634952719332526,-0.61441158978859
3736,0.16402586895219565,0.19383050877667143,-0.13141756361883955
2261,0.9088182211159885,0.3064256008599406,-0.13141756361883955
7429,-0.15871748365211455,0.4865777481931712,0.8345704887206613
4005,-0.6055928949503904,-1.0334559949309623,0.8345704887206613
9302,0.46194280981771285,1.18466731910944,0.35157646255091085
13786,-0.13389107191332153,-0.2115118227230975,0.35157646255091085
11190,0.561248456772885,0.8243630244429786,-1.0974056159583405
2394,-0.8538570123383212,-0.0651382030148476,1.3175645148904118
1185,0.75985975068323,0.6104323494847672,-0.13141756361883955
2007,1.5046521028470228,1.8602378716090548,-1.0974056159583405
193,1.47982569110823,1.7926808163590935,-1.0974056159583405
13674,0.983297456332368,1.5337121045675743,-0.61441158978859
8770,-0.10906466017452843,-0.8983418844310392,-1.5803996421280908
5525,-1.0276418945098729,-0.9884179580976545,0.8345704887206613
771,0.2385051041685749,-0.5155185713479241,-1.0974056159583405
10587,-1.077294717987459,-1.202348633055866,0.8345704887206613
1478,-0.5311136597340109,-0.9433799212643469,-0.61441158978859
1846,0.6357276919892645,-0.6281136634311933,-0.13141756361883955
3740,-0.9531626592934936,-0.5605566081812319,0.8345704887206613
14843,1.1570823385039195,1.1508887914844592,-1.0974056159583405
7986,0.16402586895219565,-0.661892191056174,-0.61441158978859
405,1.008123868071161,-0.3015878963897128,-1.0974056159583405
14794,2.4232293371823674,-0.93212041205602,-2.063393668297841
10265,-1.077294717987459,-1.0897535409725967,1.3175645148904118
10088,-0.48146083625642483,0.14879247194336379,-0.61441158978859
13122,-0.9531626592934936,-1.1235320685975776,-0.13141756361883955
6317,-1.0028154827710798,-0.4592210253062896,0.35157646255091085
6581,-1.077294717987459,-1.191089123847539,1.3175645148904118
10571,0.3129843393849541,-0.8307848291810778,-1.5803996421280908
1447,-0.13389107191332153,-0.9208609028476931,-1.5803996421280908
342,-0.9779890710322867,-1.1347915778059046,0.8345704887206613
7468,1.6039577498021953,1.9277949268590164,0.35157646255091085
14376,-0.9531626592934936,-0.2340308411397513,0.8345704887206613
10719,2.100485984578057,1.9615734544839971,-2.5463876944675916
727,-1.0276418945098729,-1.1685701054308852,0.35157646255091085
4577,1.231561573720299,1.6350476874425166,-0.13141756361883955
9168,0.4371163980789196,-0.49299955293127035,-1.0974056159583405
9250,-1.077294717987459,-0.5492970989729049,1.3175645148904118
3516,1.7529162202349537,1.5337121045675743,-1.0974056159583405
13653,-0.7545513653831489,0.04745688906842155,1.3175645148904118
12369,-1.077294717987459,-1.1235320685975776,1.3175645148904118
7156,2.44805574892116,2.0966875649839203,-2.063393668297841
7851,-0.8042041888607351,0.05871639827674846,0.8345704887206613
10178,-0.6055928949503904,-0.8870823752227124,0.35157646255091085
9491,0.33781075112374737,-0.8307848291810778,-2.063393668297841
1348,1.2067351619815054,0.7568059691930171,-0.61441158978859
660,-1.0524683062486662,-0.9996774673059815,1.3175645148904118
1492,0.08954663373581641,-0.661892191056174,0.35157646255091085
12558,-1.077294717987459,-0.4479615160979627,0.8345704887206613
13086,-1.0276418945098729,-1.0109369765143084,-0.61441158978859
5154,-1.077294717987459,-1.07849403176427,1.3175645148904118
10507,-1.077294717987459,-0.9433799212643469,0.8345704887206613
9885,0.21367869242978188,-0.7069302278894817,-2.5463876944675916
14704,-0.3821551893012525,-0.008840656973213026,0.35157646255091085
9277,-0.15871748365211455,0.632951367901421,0.8345704887206613
2524,-1.0524683062486662,-1.1460510870142313,0.8345704887206613
11804,1.6784369850185743,1.578750141400882,-1.5803996421280908
13001,1.032950279809954,1.2972624111927091,-0.61441158978859
5374,1.08260310328754,0.5428752942348057,-0.13141756361883955
3198,-0.03458542495814907,-0.2227713319314244,0.35157646255091085
5717,1.330867220675471,1.162148300692786,-0.13141756361883955
11671,-1.077294717987459,-1.202348633055866,0.35157646255091085
13974,1.3805200441530574,1.027034190192863,-1.5803996421280908
12609,2.100485984578057,2.1642446202338816,-2.063393668297841
8259,-1.0524683062486662,-0.49299955293127035,0.8345704887206613
14410,1.2067351619815054,1.6913452334841512,-0.61441158978859
40,-1.077294717987459,-1.07849403176427,1.3175645148904118
10461,-1.077294717987459,-0.6393731726395202,1.3175645148904118
12864,0.6853805154668505,0.4077611837348828,-1.0974056159583405
11872,0.4122899863401266,1.1283697730678053,-0.13141756361883955
13574,-1.0028154827710798,-0.8420443383894047,1.3175645148904118
11639,-1.077294717987459,-1.1235320685975776,0.8345704887206613
6816,-0.20837030712970078,0.20509001798499835,0.8345704887206613
10559,-0.18354389539090765,-0.8645633568060586,-0.61441158978859
11776,-1.077294717987459,-0.7407087555144625,0.35157646255091085
12511,-0.48146083625642483,-0.09891673063982834,-0.13141756361883955
10704,0.6853805154668505,0.9369581165262478,-1.5803996421280908
2723,1.9515275141452983,2.1417256018172277,-2.063393668297841
14110,1.1570823385039195,1.1959268283177669,-0.61441158978859
14381,2.249444455010816,2.1529851110255547,-1.5803996421280908
9335,2.44805574892116,2.24306118469217,-1.0974056159583405
14937,-1.0524683062486662,-1.1347915778059046,0.8345704887206613
7155,2.4728821606599536,2.1192065834005738,-1.0974056159583405
11770,1.1570823385039195,0.6779894047347288,-2.063393668297841
14164,0.2881579276461611,-0.2115118227230975,0.35157646255091085
12730,-1.0276418945098729,-1.055975013347616,-1.0974056159583405
7230,1.1819087502427124,0.0024188522351138884,-1.5803996421280908
10412,-0.6800721301667696,0.19383050877667143,0.8345704887206613
5075,-0.8538570123383212,-1.0334559949309623,0.8345704887206613
10523,-1.0276418945098729,-0.9771584488893277,0.8345704887206613
7880,1.1570823385039195,1.454895540109286,-0.13141756361883955
5394,-0.6055928949503904,-0.5605566081812319,0.35157646255091085
9641,-0.30767595408487314,0.49783725740149815,0.8345704887206613
13124,-0.8290306005995282,-1.07849403176427,-0.13141756361883955
7789,2.2246180432720224,1.9165354176506895,-1.0974056159583405
14342,-1.077294717987459,-0.6844112094728279,1.3175645148904118
4088,0.983297456332368,0.36272314690157514,-0.13141756361883955
1967,-0.9531626592934936,-0.18899280430644366,1.3175645148904118
13804,0.08954663373581641,-0.36914495163967426,-0.61441158978859
13522,-1.077294717987459,-1.1798296146392122,0.8345704887206613
14725,0.13919945721340263,0.6104323494847672,-0.13141756361883955
6999,0.08954663373581641,-0.2227713319314244,0.35157646255091085
423,0.5115956332952991,-0.17773329509811675,0.35157646255091085
14238,-1.077294717987459,-1.202348633055866,1.3175645148904118
10096,-1.0524683062486662,-0.5605566081812319,1.3175645148904118
14591,0.18885228069098867,-0.8533038475977316,-2.5463876944675916
13160,-1.077294717987459,-1.1798296146392122,1.3175645148904118
6142,-1.077294717987459,-1.055975013347616,1.3175645148904118
5661,0.08954663373581641,0.8919200796929401,0.8345704887206613
9031,1.3805200441530574,0.5653943126514596,-1.5803996421280908
4596,1.7529162202349537,1.7701617979424396,-0.61441158978859
2659,-0.08423824843573531,0.3064256008599406,-0.13141756361883955
141,1.08260310328754,1.4999335769425937,0.35157646255091085
2597,0.75985975068323,-0.36914495163967426,-2.5463876944675916
6701,1.6287841615409884,1.6913452334841512,-0.61441158978859
1377,-0.5807664832115972,-0.5605566081812319,0.8345704887206613
3674,0.784686162422023,-0.5943351358062126,-0.61441158978859
9658,0.561248456772885,1.2522243743594015,0.35157646255091085
15184,-0.8290306005995282,0.10375443511005612,-1.0974056159583405
6362,0.75985975068323,1.3648194664426705,0.35157646255091085
14382,2.0260067493616774,2.0403900189422854,-1.5803996421280908
4741,-0.6304193066891834,-1.0334559949309623,0.35157646255091085
1138,-1.0276418945098729,-1.0221964857226353,0.35157646255091085
10449,2.0260067493616774,1.7926808163590935,-2.5463876944675916
7374,-1.0276418945098729,-0.797006301556097,0.35157646255091085
1787,-0.7545513653831489,-0.9996774673059815,-2.063393668297841
12311,1.6287841615409884,0.8131035152346517,-2.063393668297841
4646,0.8591653976384023,0.38524216531822897,-0.13141756361883955
7568,0.809512574160816,0.36272314690157514,0.35157646255091085
459,1.7529162202349537,1.2184458467344206,-1.5803996421280908
6115,1.2067351619815054,0.37398265610990206,-1.0974056159583405
8179,2.249444455010816,2.220542166275516,-1.5803996421280908
11565,1.8522218671901263,1.3423004480260168,-2.5463876944675916
948,-1.077294717987459,-0.5492970989729049,0.35157646255091085
9528,-1.0276418945098729,-1.067234522555943,1.3175645148904118
6370,0.5860748685116783,1.2634838835677282,-0.13141756361883955
4628,1.306040808936678,0.9256986073179209,-2.063393668297841
7358,0.7102069272056438,-0.17773329509811675,-0.13141756361883955
5925,1.6536105732797814,0.8806605704846132,-2.5463876944675916
6040,-0.3821551893012525,0.45279922056819044,0.35157646255091085
441,-1.0524683062486662,-0.7744872831394432,0.8345704887206613
6659,-1.077294717987459,-0.7744872831394432,0.8345704887206613
9794,0.03989381025823017,-0.48174004372294343,-0.13141756361883955
10430,-1.077294717987459,-0.49299955293127035,1.3175645148904118
8831,-0.7297249536443557,-0.5830756265978857,0.35157646255091085
9046,-0.45663442451763175,-0.48174004372294343,0.35157646255091085
3830,0.3129843393849541,1.0720722270261707,0.8345704887206613
14427,2.44805574892116,-0.8870823752227124,-2.063393668297841
6144,0.6357276919892645,-0.3353664240146935,-0.13141756361883955
13904,-1.077294717987459,-1.1460510870142313,1.3175645148904118
6344,1.008123868071161,1.3985979940676512,-0.61441158978859
12724,-0.15871748365211455,-0.6393731726395202,-0.13141756361883955
1958,2.0260067493616774,1.984092472900651,-0.61441158978859
9262,-0.03458542495814907,0.644210877109748,0.8345704887206613
155,0.46194280981771285,1.162148300692786,0.35157646255091085
10487,1.5791313380634018,0.7568059691930171,-1.5803996421280908
12210,0.26333151590736814,1.027034190192863,-0.13141756361883955
4578,0.16402586895219565,0.903179588901267,0.35157646255091085
1089,-0.0594118366969423,-0.9096013936393662,-2.063393668297841
6049,2.3735765137047813,2.1980231478588625,-2.5463876944675916
11132,2.001180337622885,2.1642446202338816,-2.5463876944675916
14712,0.561248456772885,0.7117679323597095,-1.0974056159583405
9122,-1.077294717987459,-1.202348633055866,1.3175645148904118
7950,-1.077294717987459,-0.9433799212643469,1.3175645148904118
11101,2.4232293371823674,2.3106182399421313,-2.063393668297841
1674,0.4867692215565058,1.0045151717762093,-0.13141756361883955
6763,0.75985975068323,1.3535599572343435,-0.13141756361883955
12852,-0.10906466017452843,-0.18899280430644366,-0.61441158978859
6416,0.9584710445935745,1.3648194664426705,-0.13141756361883955
14675,-0.08423824843573531,-0.2227713319314244,0.35157646255091085
11439,1.2067351619815054,1.3085219204010359,-2.063393668297841
2326,-0.6055928949503904,0.1713114903600176,0.8345704887206613
7096,0.33781075112374737,1.0720722270261707,0.8345704887206613
13179,-1.077294717987459,-1.1235320685975776,-0.13141756361883955
12056,-0.9779890710322867,-1.1347915778059046,-0.61441158978859
6450,-1.077294717987459,-0.6844112094728279,1.3175645148904118
14261,0.2385051041685749,-0.7519682647227893,-1.0974056159583405
1715,0.08954663373581641,0.1600519811516907,-0.13141756361883955
9890,0.8839918093771955,-0.49299955293127035,-1.5803996421280908
9172,-1.077294717987459,-1.07849403176427,0.8345704887206613
8381,-1.077294717987459,-1.202348633055866,-0.13141756361883955
9433,-1.0028154827710798,-0.9884179580976545,0.8345704887206613
3831,0.33781075112374737,1.0945912454428246,0.35157646255091085
6299,-1.077294717987459,-0.7294492463061355,0.8345704887206613
3348,0.8591653976384023,0.12627345352670993,-0.61441158978859
14612,-1.077294717987459,-1.191089123847539,1.3175645148904118
9177,-1.077294717987459,-1.055975013347616,0.8345704887206613
10013,-1.0028154827710798,-0.24529035034807822,0.35157646255091085
587,1.6287841615409884,1.578750141400882,-0.61441158978859
9346,-0.506287247995218,0.22760903640165217,0.35157646255091085
10964,-1.077294717987459,-1.191089123847539,0.8345704887206613
14617,0.18885228069098867,-0.8195253199727509,-2.063393668297841
10091,-0.30767595408487314,0.27264707323495985,0.35157646255091085
2990,1.2067351619815054,0.4077611837348828,-2.5463876944675916
14259,-0.8786834240771144,-1.067234522555943,0.35157646255091085
12108,0.5364220450340921,-0.2115118227230975,-0.61441158978859
14173,0.11437304547460941,-0.40292347926465505,0.8345704887206613
11749,-1.0028154827710798,-0.8307848291810778,0.8345704887206613
9587,0.2881579276461611,0.37398265610990206,0.8345704887206613
264,1.231561573720299,0.5316157850264789,-1.5803996421280908
11739,-1.077294717987459,-1.0221964857226353,1.3175645148904118
13126,-1.0028154827710798,-1.1460510870142313,-1.0974056159583405
6788,1.306040808936678,1.5111930861509206,0.35157646255091085
14638,-0.9779890710322867,-1.055975013347616,0.8345704887206613
13064,-0.4069816010400455,-0.4592210253062896,-0.61441158978859
10131,-0.8786834240771144,-0.6393731726395202,0.35157646255091085
3864,0.33781075112374737,0.9144390981095939,-0.13141756361883955
10435,0.6853805154668505,1.173407809901113,-0.13141756361883955
10592,-1.077294717987459,-1.191089123847539,1.3175645148904118
6274,-0.7793777771219419,-0.6168541542228664,0.8345704887206613
14431,2.199791631533229,-0.9433799212643469,-2.063393668297841
15040,-0.7793777771219419,-0.8758228660143854,-2.063393668297841
3711,1.057776691548747,0.013678361443440803,-1.0974056159583405
8438,-1.077294717987459,-1.1010130501809237,0.35157646255091085
9786,-0.3573287775624594,-0.538037589764578,0.35157646255091085
1529,1.08260310328754,0.36272314690157514,-1.5803996421280908
12583,0.18885228069098867,0.9819961533595555,-0.13141756361883955
923,-0.5559400714728041,0.3064256008599406,0.8345704887206613
12034,0.08954663373581641,-0.8758228660143854,-0.13141756361883955
7329,-0.9035098358159074,-1.0334559949309623,0.8345704887206613
4364,-0.28284954234608,-0.9546394304726739,-0.61441158978859
669,0.33781075112374737,-0.48174004372294343,-0.61441158978859
3604,0.809512574160816,-0.5155185713479241,-0.61441158978859
5108,-1.077294717987459,-1.202348633055866,1.3175645148904118
10102,1.1074295150263334,1.0045151717762093,-0.61441158978859
13835,-0.7793777771219419,-0.9771584488893277,0.8345704887206613
5248,1.2067351619815054,1.5224525953592474,-1.0974056159583405
7183,0.3129843393849541,0.44153971135986353,0.8345704887206613
10888,-1.0028154827710798,-0.9546394304726739,0.8345704887206613
2591,-1.077294717987459,-1.1122725593892506,1.3175645148904118
5906,0.9584710445935745,0.18257099956834452,-1.0974056159583405
9973,1.256387985459092,1.2634838835677282,-0.61441158978859
6509,-1.077294717987459,-1.055975013347616,1.3175645148904118
11205,0.4371163980789196,0.45279922056819044,-0.61441158978859
7133,2.100485984578057,2.1529851110255547,-0.61441158978859
2307,1.231561573720299,1.3085219204010359,-0.61441158978859
8804,-1.077294717987459,-1.0897535409725967,1.3175645148904118
3690,0.21367869242978188,-0.5605566081812319,-0.61441158978859
687,0.7350333389444368,-0.5830756265978857,-1.5803996421280908
612,-0.9035098358159074,-0.4704805345146165,-0.61441158978859
7167,1.728089808496161,1.5562311229842283,0.35157646255091085
12103,0.2385051041685749,-0.39166397005632814,-0.13141756361883955
3200,-0.33250236582366627,-0.39166397005632814,-0.61441158978859
10459,-1.077294717987459,-0.6281136634311933,1.3175645148904118
11168,1.1074295150263334,1.421117012484305,-1.0974056159583405
6629,-0.9035098358159074,-0.8533038475977316,0.8345704887206613
4135,2.1749652197944367,1.8602378716090548,-1.5803996421280908
1898,-0.9531626592934936,-0.6956707186811548,0.8345704887206613
282,-1.077294717987459,-0.9658989396810007,1.3175645148904118
258,1.7032633967573674,0.8468820428596324,-2.063393668297841
11116,-0.6552457184279764,0.22760903640165217,0.35157646255091085
14477,1.08260310328754,1.1283697730678053,-0.61441158978859
4943,-0.9283362475547006,-0.14395476747313599,1.3175645148904118
2822,0.03989381025823017,-0.03135967538986686,-0.61441158978859
11531,0.6357276919892645,1.1396292822761322,-0.13141756361883955
3525,-0.8042041888607351,-0.25654985955640514,0.8345704887206613
14826,0.11437304547460941,0.7117679323597095,-0.13141756361883955
5223,2.050833161100471,1.6575667058591705,-0.61441158978859
2285,-0.9779890710322867,-0.538037589764578,0.8345704887206613
6063,0.11437304547460941,0.6779894047347288,-0.13141756361883955
8078,-1.077294717987459,-1.067234522555943,0.35157646255091085
4654,-1.0276418945098729,-0.797006301556097,0.8345704887206613
5000,-0.8538570123383212,-0.4592210253062896,0.35157646255091085
6710,-0.8290306005995282,-0.05387869380652068,0.8345704887206613
14325,-0.03458542495814907,0.03619737986009463,0.8345704887206613
8676,0.561248456772885,0.04745688906842155,0.35157646255091085
10403,0.03989381025823017,0.8694010612762862,0.35157646255091085
5416,-1.077294717987459,-1.067234522555943,1.3175645148904118
475,-0.506287247995218,0.06997590748507537,-0.13141756361883955
2555,-0.8786834240771144,-1.1010130501809237,0.8345704887206613
8087,-0.9531626592934936,-0.9096013936393662,0.8345704887206613
7,-1.0524683062486662,-1.1685701054308852,1.3175645148904118
11849,0.75985975068323,1.3873384848593244,-0.13141756361883955
6411,2.5225349841375393,2.2993587307338044,-1.0974056159583405
14993,0.5860748685116783,-0.661892191056174,-2.5463876944675916
13693,0.7350333389444368,1.3648194664426705,0.35157646255091085
5546,-1.077294717987459,-0.8983418844310392,1.3175645148904118
2426,-0.9531626592934936,-0.39166397005632814,0.8345704887206613
6744,-0.9035098358159074,-0.0651382030148476,0.8345704887206613
10006,0.4122899863401266,1.060812717817844,0.35157646255091085
14779,-1.0524683062486662,-0.3353664240146935,1.3175645148904118
2274,-0.28284954234608,-0.08765722143150143,0.35157646255091085
9203,0.5115956332952991,0.18257099956834452,0.35157646255091085
1577,-0.4318080127788386,0.19383050877667143,0.8345704887206613
7264,-0.7793777771219419,-0.9996774673059815,-0.61441158978859
9259,-1.077294717987459,-0.49299955293127035,1.3175645148904118
10183,0.75985975068323,-0.5605566081812319,-2.063393668297841
3970,-1.077294717987459,-1.1347915778059046,0.0
5879,-1.077294717987459,-1.1010130501809237,0.8345704887206613
14965,-0.5311136597340109,-1.0109369765143084,0.35157646255091085
14330,-0.6552457184279764,-0.3128474055980397,0.8345704887206613
7193,0.561248456772885,0.4190206929432097,0.35157646255091085
3867,0.4867692215565058,0.9932556625678823,-0.61441158978859
14464,1.1322559267651264,1.3423004480260168,0.35157646255091085
6823,1.47982569110823,0.9482176257345747,-1.0974056159583405
11240,-0.13389107191332153,-0.35788544243134734,0.35157646255091085
7548,0.983297456332368,0.8018440060263248,-0.13141756361883955
781,-0.7297249536443557,-0.7857467923477701,0.35157646255091085
15106,-0.10906466017452843,0.5766538218597865,-0.13141756361883955
1749,0.6357276919892645,-0.14395476747313599,-1.0974056159583405
10983,-0.03458542495814907,-0.7519682647227893,-0.61441158978859
6519,0.561248456772885,-0.49299955293127035,-0.61441158978859
5774,0.6853805154668505,-0.24529035034807822,-0.13141756361883955
9283,-1.077294717987459,-0.4479615160979627,1.3175645148904118
9369,1.032950279809954,1.0045151717762093,-0.13141756361883955
2324,-0.48146083625642483,0.28390658244328676,0.8345704887206613
10271,-0.45663442451763175,-0.7181897370978086,-0.13141756361883955
5055,0.46194280981771285,-0.48174004372294343,-1.0974056159583405
10800,0.33781075112374737,0.9369581165262478,-1.0974056159583405
13850,-1.077294717987459,-1.191089123847539,1.3175645148904118
10482,1.6536105732797814,0.8919200796929401,-2.5463876944675916
1727,-0.3821551893012525,-0.26780936876473205,-0.61441158978859
610,1.9267011024065053,1.2184458467344206,-0.61441158978859
4666,-0.30767595408487314,-0.4479615160979627,0.8345704887206613
5413,-1.0276418945098729,-0.9884179580976545,0.8345704887206613
8103,-0.6800721301667696,-0.5267780805562511,0.8345704887206613
8174,-1.0276418945098729,-0.3241069148063666,0.35157646255091085
8535,1.5046521028470228,1.7026047426924782,0.35157646255091085
11349,-1.0524683062486662,-1.1122725593892506,0.35157646255091085
3750,1.728089808496161,1.2634838835677282,-1.5803996421280908
11407,-0.15871748365211455,0.013678361443440803,0.35157646255091085
97,-1.077294717987459,-0.6844112094728279,1.3175645148904118
6985,-0.18354389539090765,-0.6055946450145395,0.35157646255091085
3137,1.256387985459092,1.454895540109286,-1.0974056159583405
1537,-1.077294717987459,-0.8307848291810778,1.3175645148904118
11780,0.16402586895219565,0.3289446192765944,-0.61441158978859
3648,0.3129843393849541,-0.8307848291810778,0.35157646255091085
13644,-1.077294717987459,-0.49299955293127035,1.3175645148904118
1517,-0.8786834240771144,-0.8195253199727509,0.8345704887206613
14361,-1.077294717987459,-0.5605566081812319,0.8345704887206613
4624,1.8273954554513328,1.3535599572343435,-1.5803996421280908
11861,0.6109012802504713,1.2972624111927091,-0.13141756361883955
6566,0.6853805154668505,-0.7744872831394432,-1.5803996421280908
2090,0.46194280981771285,0.19383050877667143,-0.13141756361883955
7097,1.4549992793694364,1.8264593439840742,-0.61441158978859
6171,-1.0524683062486662,-1.1347915778059046,1.3175645148904118
7521,1.5294785145858159,1.601269159817536,-0.13141756361883955
572,-1.0028154827710798,-0.3128474055980397,0.35157646255091085
14607,-1.077294717987459,-1.202348633055866,0.8345704887206613
13934,0.3129843393849541,-0.3015878963897128,-1.5803996421280908
3062,-0.18354389539090765,0.5879133310681134,0.35157646255091085
597,0.7350333389444368,0.9256986073179209,-0.61441158978859
6633,-0.8538570123383212,-0.7857467923477701,0.8345704887206613
14481,1.032950279809954,1.03829369940119,-1.5803996421280908
7875,-1.0524683062486662,-0.40292347926465505,1.3175645148904118
7345,0.561248456772885,-0.4254424976813089,-1.0974056159583405
6304,1.256387985459092,0.9819961533595555,-1.0974056159583405
12310,0.16402586895219565,0.1600519811516907,-0.13141756361883955
14501,-0.45663442451763175,-0.20025231351477057,0.35157646255091085
12525,-0.3821551893012525,0.13753296273503687,-0.13141756361883955
5976,1.057776691548747,1.4098575032759781,0.35157646255091085
8562,1.330867220675471,1.7589022887341126,0.35157646255091085
1938,-0.23319671886849389,0.3064256008599406,0.35157646255091085
12877,-0.8786834240771144,-0.4254424976813089,-1.0974056159583405
8100,0.6853805154668505,0.11501394431838304,-0.13141756361883955
1753,0.2385051041685749,-0.34662593322302043,-0.13141756361883955
3670,0.4371163980789196,-0.7069302278894817,-2.5463876944675916
11844,-1.0276418945098729,-0.29032838718138587,1.3175645148904118
12317,-1.0524683062486662,-0.7857467923477701,-0.61441158978859
2361,-0.33250236582366627,0.5541348034431327,0.8345704887206613
4260,-0.08423824843573531,0.28390658244328676,0.35157646255091085
5432,0.5364220450340921,-0.5830756265978857,-1.0974056159583405
6285,0.38746357460133357,0.19383050877667143,-0.61441158978859
12069,-0.5559400714728041,-0.9546394304726739,-1.0974056159583405
14537,0.784686162422023,-0.16647378588978984,-0.61441158978859
11929,-1.077294717987459,-0.6844112094728279,1.3175645148904118
12010,0.015067398519437164,-0.7519682647227893,-2.063393668297841
13132,-0.3573287775624594,-0.9771584488893277,-0.61441158978859
12712,-1.077294717987459,-1.0221964857226353,0.8345704887206613
13513,0.08954663373581641,-0.8645633568060586,-1.0974056159583405
5591,0.4867692215565058,0.8131035152346517,0.35157646255091085
1171,0.18885228069098867,0.06997590748507537,-1.0974056159583405
7927,-0.33250236582366627,-0.13269525826480907,0.8345704887206613
12341,-0.9283362475547006,-0.8420443383894047,0.35157646255091085
9614,-1.0276418945098729,-0.4367020068896358,1.3175645148904118
11333,-1.077294717987459,-1.1798296146392122,1.3175645148904118
14909,0.2385051041685749,-0.4367020068896358,-1.5803996421280908
12401,-1.077294717987459,-1.202348633055866,0.35157646255091085
14073,0.6109012802504713,1.2297053559427475,0.8345704887206613
874,1.08260310328754,1.5111930861509206,-0.61441158978859
2297,0.6605541037280576,0.8243630244429786,0.35157646255091085
14291,0.784686162422023,-0.26780936876473205,-1.5803996421280908
2643,0.2881579276461611,0.3064256008599406,0.35157646255091085
14239,-0.506287247995218,-1.0109369765143084,-0.13141756361883955
5347,-0.5559400714728041,0.024937870651767717,0.8345704887206613
9032,1.5791313380634018,0.6216918586930942,-1.5803996421280908
15244,0.46194280981771285,0.5090967666098251,-0.61441158978859
581,-0.9531626592934936,-0.27906887797305896,0.8345704887206613
204,-0.506287247995218,0.29516609165161367,0.35157646255091085
7896,-0.7297249536443557,-0.07639771222317451,0.8345704887206613
9833,-0.5559400714728041,-0.9996774673059815,0.35157646255091085
2014,2.348750101965988,2.3218777491504583,-2.063393668297841
11445,0.3129843393849541,0.8131035152346517,-0.13141756361883955
11663,-1.0276418945098729,-1.1573105962225583,0.8345704887206613
905,-0.9779890710322867,-0.17773329509811675,1.3175645148904118
631,-0.20837030712970078,-0.17773329509811675,0.35157646255091085
8461,0.8343389858996093,0.10375443511005612,-1.0974056159583405
12787,-1.077294717987459,-1.191089123847539,0.35157646255091085
1974,-1.077294717987459,-0.4254424976813089,1.3175645148904118
162,-1.077294717987459,-0.4254424976813089,0.8345704887206613
4998,1.554304926324609,0.9482176257345747,-1.0974056159583405
12644,0.33781075112374737,0.7680654784013441,-1.0974056159583405
9557,-1.077294717987459,-0.9433799212643469,1.3175645148904118
13445,-1.077294717987459,-1.044715504139289,0.8345704887206613
4713,-1.077294717987459,-1.1685701054308852,0.8345704887206613
9067,-0.8290306005995282,-0.8758228660143854,0.8345704887206613
1431,-1.077294717987459,-1.191089123847539,1.3175645148904118
6868,1.256387985459092,-0.03135967538986686,-1.5803996421280908
14032,-0.03458542495814907,0.779324987609671,-0.13141756361883955
7710,-0.5807664832115972,-0.797006301556097,-0.13141756361883955
7736,-0.5807664832115972,-0.48174004372294343,0.8345704887206613
4283,-0.6304193066891834,-0.41418298847298196,-0.13141756361883955
7531,0.7350333389444368,1.0045151717762093,-0.13141756361883955
12196,1.8273954554513328,1.972832963692324,-2.063393668297841
11048,1.306040808936678,0.9144390981095939,-2.063393668297841
10053,1.4053464558918505,1.7589022887341126,-1.0974056159583405
10851,-1.077294717987459,-0.8082658107644239,1.3175645148904118
3384,-0.6055928949503904,-0.14395476747313599,0.35157646255091085
14680,-0.7048985419055627,-0.5155185713479241,0.35157646255091085
12454,0.13919945721340263,-0.6055946450145395,-0.13141756361883955
12785,0.21367869242978188,-0.8307848291810778,-0.61441158978859
7462,0.08954663373581641,0.8919200796929401,0.35157646255091085
3331,-0.506287247995218,-0.7294492463061355,0.35157646255091085
14639,0.4867692215565058,-0.5718161173895587,-1.5803996421280908
10595,-1.077294717987459,-1.191089123847539,1.3175645148904118
6404,-0.5311136597340109,0.3176851100682675,0.35157646255091085
8895,0.13919945721340263,0.7568059691930171,-0.61441158978859
2096,-1.0524683062486662,-0.8307848291810778,0.35157646255091085
10195,-0.9283362475547006,-1.0897535409725967,-0.61441158978859
12881,0.9088182211159885,0.8356225336513056,-1.5803996421280908
7999,-1.077294717987459,-1.1685701054308852,0.35157646255091085
5017,0.6605541037280576,0.19383050877667143,-0.61441158978859
8738,-0.8538570123383212,-1.0897535409725967,-0.13141756361883955
1449,-0.03458542495814907,-0.9096013936393662,-1.0974056159583405
6900,-0.03458542495814907,-0.7857467923477701,-0.61441158978859
2610,-1.077294717987459,-1.0109369765143084,0.8345704887206613
1900,-1.077294717987459,-0.8420443383894047,0.8345704887206613
8186,0.8839918093771955,1.421117012484305,-0.61441158978859
3920,0.5364220450340921,0.1713114903600176,-0.61441158978859
2757,-0.20837030712970078,0.5766538218597865,0.8345704887206613
6397,0.8591653976384023,1.421117012484305,-0.13141756361883955
10077,-0.3573287775624594,0.35146363769324823,0.35157646255091085
11888,-0.7545513653831489,0.05871639827674846,0.8345704887206613
13305,1.9763539258840919,2.1304660926089007,-2.063393668297841
2097,0.08954663373581641,-0.09891673063982834,-0.13141756361883955
8329,-1.077294717987459,-1.0221964857226353,0.8345704887206613
14513,1.6784369850185743,0.6216918586930942,-2.5463876944675916
5624,-1.077294717987459,-0.4254424976813089,1.3175645148904118
9028,1.306040808936678,0.5991728402764404,-1.5803996421280908
3471,-0.6055928949503904,0.27264707323495985,0.35157646255091085
8266,-0.20837030712970078,0.3289446192765944,0.8345704887206613
2171,-1.077294717987459,-1.202348633055866,-2.5463876944675916
14190,-1.077294717987459,-1.1010130501809237,1.3175645148904118
14107,0.08954663373581641,0.5766538218597865,-0.13141756361883955
8590,0.08954663373581641,0.8694010612762862,0.35157646255091085
2010,1.9763539258840919,2.1304660926089007,-0.61441158978859
15025,-1.077294717987459,-0.93212041205602,-0.61441158978859
1283,0.9584710445935745,1.4886740677342667,-1.0974056159583405
13082,-1.077294717987459,-1.055975013347616,0.8345704887206613
10028,1.7777426319737468,2.0403900189422854,-1.5803996421280908
14741,1.728089808496161,1.8039403255674202,-2.063393668297841
1019,0.7102069272056438,-0.12143574905648218,-1.0974056159583405
9518,-0.4069816010400455,-0.8870823752227124,0.35157646255091085
11002,-0.3821551893012525,-0.6844112094728279,-0.61441158978859
8667,0.6357276919892645,0.23886854560997908,-1.0974056159583405
2810,0.4122899863401266,0.35146363769324823,-0.13141756361883955
13250,1.2067351619815054,1.0720722270261707,-1.5803996421280908
1651,1.008123868071161,1.5111930861509206,-0.61441158978859
14762,0.6853805154668505,1.3085219204010359,0.35157646255091085
1169,-1.077294717987459,-0.8533038475977316,1.3175645148904118
10720,2.050833161100471,1.9503139452756701,-2.063393668297841
9398,0.75985975068323,0.27264707323495985,-0.61441158978859
6256,-0.506287247995218,-0.7069302278894817,0.8345704887206613
5469,-0.6304193066891834,-1.044715504139289,0.8345704887206613
13406,-0.8042041888607351,-0.4592210253062896,0.35157646255091085
10258,-0.6552457184279764,-0.8983418844310392,-0.13141756361883955
867,0.4371163980789196,1.027034190192863,-0.61441158978859
11166,0.3626371628625404,0.9594771349429017,-0.13141756361883955
5093,-1.077294717987459,-1.202348633055866,1.3175645148904118
5433,-0.9531626592934936,-1.044715504139289,0.8345704887206613
541,1.2812143971978849,1.7363832703174589,-0.13141756361883955
9324,-0.6304193066891834,0.22760903640165217,0.8345704887206613
15093,-0.33250236582366627,0.6892489139430557,1.3175645148904118
6354,0.9584710445935745,1.443636030900959,0.35157646255091085
14338,-0.8042041888607351,-0.35788544243134734,0.8345704887206613
3390,2.100485984578057,1.5674906321925552,-2.063393668297841
11154,0.06472022199702318,0.8243630244429786,0.35157646255091085
11451,-1.0524683062486662,-0.41418298847298196,1.3175645148904118
14604,-1.077294717987459,-1.202348633055866,1.3175645148904118
15243,-0.23319671886849389,-0.07639771222317451,-0.13141756361883955
10775,-0.4318080127788386,0.45279922056819044,-0.13141756361883955
11005,-1.0524683062486662,-1.0109369765143084,0.8345704887206613
3959,0.7350333389444368,-0.39166397005632814,-1.0974056159583405
14240,-1.077294717987459,-1.202348633055866,0.35157646255091085
6643,0.2881579276461611,0.013678361443440803,-0.13141756361883955
6841,-0.33250236582366627,-0.24529035034807822,0.35157646255091085
12702,-0.48146083625642483,-0.5267780805562511,-0.61441158978859
3586,-0.8786834240771144,-0.8870823752227124,0.8345704887206613
12425,-1.077294717987459,-1.191089123847539,1.3175645148904118
2563,-1.077294717987459,-1.191089123847539,0.35157646255091085
10822,-0.7048985419055627,-0.08765722143150143,0.8345704887206613
13686,0.33781075112374737,1.0945912454428246,0.8345704887206613
12211,-1.0028154827710798,-0.2340308411397513,0.8345704887206613
5036,0.8839918093771955,-0.0651382030148476,-1.5803996421280908
1080,-0.7048985419055627,-1.055975013347616,-0.61441158978859
5891,0.6109012802504713,-0.3128474055980397,-1.0974056159583405
10277,-1.077294717987459,-1.0334559949309623,1.3175645148904118
10644,-1.077294717987459,-1.0221964857226353,0.8345704887206613
4966,1.5294785145858159,1.578750141400882,-0.61441158978859
2023,1.330867220675471,1.6688262150674973,-1.0974056159583405
13801,-0.8786834240771144,-0.797006301556097,1.3175645148904118
7909,0.03989381025823017,0.3965016745265559,-0.13141756361883955
13396,-0.8786834240771144,-0.4367020068896358,-0.13141756361883955
7321,0.4371163980789196,-0.7069302278894817,-1.0974056159583405
226,1.1819087502427124,1.2747433927760552,-0.61441158978859
1013,-1.077294717987459,-0.9658989396810007,0.35157646255091085
1929,1.9763539258840919,1.5111930861509206,-1.5803996421280908
12861,-0.0594118366969423,-0.03135967538986686,-2.063393668297841
5251,1.9515275141452983,1.9953519821089778,-0.13141756361883955
9596,0.809512574160816,0.8131035152346517,-0.13141756361883955
2179,-0.7545513653831489,-1.07849403176427,0.8345704887206613
697,0.015067398519437164,-0.8195253199727509,-0.61441158978859
1124,-1.077294717987459,-1.1347915778059046,1.3175645148904118
7378,0.8343389858996093,0.35146363769324823,-0.13141756361883955
12087,-0.03458542495814907,-0.673151700264501,-1.0974056159583405
12573,2.4232293371823674,2.366915785983766,-2.5463876944675916
5110,0.4867692215565058,-0.797006301556097,-1.5803996421280908
7902,0.5115956332952991,0.7905844968179979,-0.13141756361883955
1778,0.7102069272056438,-0.538037589764578,-2.063393668297841
12216,-1.077294717987459,-0.4254424976813089,1.3175645148904118
2634,-1.077294717987459,-0.8195253199727509,0.35157646255091085
7544,1.7777426319737468,1.3648194664426705,-0.61441158978859
7604,0.809512574160816,-0.26780936876473205,-1.0974056159583405
3489,-0.6304193066891834,0.18257099956834452,1.3175645148904118
1037,-1.077294717987459,-1.0897535409725967,0.8345704887206613
10448,2.150138808055643,1.8714973808173818,-2.5463876944675916
12526,0.4867692215565058,0.7455464599846903,-1.0974056159583405
15252,-1.0028154827710798,-0.6956707186811548,1.3175645148904118
8505,-1.0028154827710798,-0.48174004372294343,0.35157646255091085
2649,-0.5807664832115972,-0.17773329509811675,0.8345704887206613
10473,1.1322559267651264,0.8243630244429786,-1.0974056159583405
2979,-1.077294717987459,-0.9884179580976545,0.8345704887206613
2547,-1.077294717987459,-1.202348633055866,0.8345704887206613
5132,-0.48146083625642483,-0.9208609028476931,0.35157646255091085
2159,-1.0524683062486662,-1.1460510870142313,-0.13141756361883955
11329,-0.33250236582366627,-0.93212041205602,-1.0974056159583405
9114,0.6853805154668505,-0.7632277739311163,-1.0974056159583405
6445,0.18885228069098867,0.5316157850264789,0.35157646255091085
3967,-0.009759013219356063,-0.6844112094728279,-0.13141756361883955
1428,0.46194280981771285,-0.7181897370978086,-2.5463876944675916
13978,1.9267011024065053,1.3760789756509975,-2.063393668297841
2520,-1.0524683062486662,-1.1347915778059046,0.35157646255091085
12841,0.13919945721340263,-0.3241069148063666,-0.61441158978859
8033,0.3129843393849541,-0.8307848291810778,-1.5803996421280908
13152,-1.077294717987459,-1.191089123847539,1.3175645148904118
13253,1.9763539258840919,1.5224525953592474,-2.5463876944675916
15147,0.6605541037280576,1.8151998347757472,-0.61441158978859
448,-0.9035098358159074,-0.5492970989729049,0.8345704887206613
13021,-1.077294717987459,-0.661892191056174,-0.13141756361883955
9476,-0.08423824843573531,-0.9096013936393662,-0.61441158978859
5995,-0.5807664832115972,0.28390658244328676,0.35157646255091085
15310,-0.8290306005995282,-1.0897535409725967,-1.5803996421280908
3727,-1.077294717987459,-0.8420443383894047,1.3175645148904118
7353,-0.9779890710322867,-0.9433799212643469,0.8345704887206613
8553,1.3805200441530574,1.7589022887341126,0.35157646255091085
6279,-0.009759013219356063,-0.11017623984815525,-0.13141756361883955
13728,-1.077294717987459,-0.538037589764578,1.3175645148904118
7295,-1.077294717987459,-1.202348633055866,0.8345704887206613
9496,-0.6800721301667696,-1.044715504139289,0.35157646255091085
6251,-0.7048985419055627,-0.8420443383894047,0.8345704887206613
5926,1.1819087502427124,0.6892489139430557,0.35157646255091085
2460,0.75985975068323,0.250128054818306,-0.13141756361883955
22,-1.077294717987459,-1.1460510870142313,0.8345704887206613
2066,0.8343389858996093,0.8581415520679594,-1.0974056159583405
1653,2.299097278488402,2.265580203108824,-2.5463876944675916
8894,1.8522218671901263,1.8377188531924011,-0.61441158978859
8706,-1.0276418945098729,-1.0221964857226353,0.8345704887206613
10935,-0.6552457184279764,-1.0334559949309623,-0.61441158978859
1376,-1.0524683062486662,-0.8983418844310392,0.8345704887206613
1724,-1.077294717987459,-0.8420443383894047,0.8345704887206613
10660,-0.33250236582366627,-0.3015878963897128,-0.13141756361883955
3754,0.561248456772885,0.7005084231513826,-0.61441158978859
10517,0.9088182211159885,-0.08765722143150143,-2.5463876944675916
8652,-1.077294717987459,-0.7519682647227893,0.35157646255091085
4183,-0.7048985419055627,0.18257099956834452,0.35157646255091085
4082,-0.8042041888607351,-0.6393731726395202,0.8345704887206613
9678,0.2881579276461611,1.049553208609517,0.35157646255091085
11870,0.6109012802504713,1.2747433927760552,-0.61441158978859
8474,-1.077294717987459,-0.8533038475977316,0.8345704887206613
6579,-1.0276418945098729,-1.1573105962225583,0.8345704887206613
4558,-1.077294717987459,-0.4254424976813089,1.3175645148904118
3537,1.7032633967573674,1.0157746809845363,-2.5463876944675916
14702,-0.03458542495814907,0.20509001798499835,-0.13141756361883955
7003,0.6109012802504713,0.06997590748507537,-0.61441158978859
10773,1.9267011024065053,2.107947074192247,-2.063393668297841
9560,0.3129843393849541,-0.0651382030148476,0.35157646255091085
14544,-0.13389107191332153,-0.5718161173895587,-0.61441158978859
12613,1.728089808496161,1.9277949268590164,-2.063393668297841
8789,0.03989381025823017,-0.7519682647227893,-0.13141756361883955
9951,-0.33250236582366627,-0.03135967538986686,0.8345704887206613
646,0.38746357460133357,-0.12143574905648218,-0.61441158978859
6381,0.6357276919892645,1.3085219204010359,0.8345704887206613
7527,0.5860748685116783,0.9707366441512285,0.35157646255091085
14878,-0.6552457184279764,-0.4592210253062896,0.35157646255091085
12355,-0.6552457184279764,-0.8082658107644239,0.8345704887206613
7165,0.9088182211159885,1.1283697730678053,0.35157646255091085
11660,-1.077294717987459,-1.191089123847539,0.8345704887206613
12226,-0.9035098358159074,-0.0651382030148476,0.8345704887206613
7697,-1.0524683062486662,-1.1122725593892506,0.8345704887206613
11182,0.38746357460133357,0.8131035152346517,-0.13141756361883955
14445,-0.8290306005995282,-0.03135967538986686,0.8345704887206613
4875,1.5791313380634018,1.6688262150674973,-0.13141756361883955
10736,0.7350333389444368,1.2860029019843822,-0.13141756361883955
14736,0.6357276919892645,1.0720722270261707,0.8345704887206613
5341,0.8839918093771955,1.0833317362344976,-0.13141756361883955
13093,-0.3573287775624594,-0.7519682647227893,-0.61441158978859
12180,-0.3821551893012525,0.3289446192765944,0.35157646255091085
7031,-0.20837030712970078,0.08123541669340228,0.8345704887206613
2160,-0.3573287775624594,-0.9096013936393662,-0.13141756361883955
685,-0.6055928949503904,-0.9096013936393662,0.35157646255091085
12214,-0.6304193066891834,0.26138756402663293,-0.13141756361883955
11435,2.0756595728392635,1.725123761109132,-2.063393668297841
2461,1.08260310328754,0.37398265610990206,-1.0974056159583405
11029,-0.9283362475547006,-0.673151700264501,1.3175645148904118
11889,-1.077294717987459,-0.48174004372294343,1.3175645148904118
7128,0.38746357460133357,1.0945912454428246,0.8345704887206613
6267,0.8839918093771955,-0.04261918459819377,-1.5803996421280908
4941,0.809512574160816,1.3648194664426705,-0.13141756361883955
5946,2.0756595728392635,1.5337121045675743,-2.063393668297841
4583,1.1322559267651264,1.5224525953592474,0.35157646255091085
5784,0.16402586895219565,-0.538037589764578,0.35157646255091085
10422,-0.7545513653831489,0.08123541669340228,0.35157646255091085
7569,-0.48146083625642483,-0.3015878963897128,0.35157646255091085
13074,-1.0028154827710798,-0.9096013936393662,0.35157646255091085
10512,-0.33250236582366627,-0.48174004372294343,0.8345704887206613
521,1.306040808936678,1.725123761109132,-0.13141756361883955
8714,-1.077294717987459,-1.1235320685975776,0.8345704887206613
13507,-1.077294717987459,-1.202348633055866,0.8345704887206613
13861,-1.0524683062486662,-1.1798296146392122,1.3175645148904118
3983,0.5860748685116783,-0.6844112094728279,-2.063393668297841
14674,-1.077294717987459,-0.9096013936393662,1.3175645148904118
13280,1.231561573720299,1.4999335769425937,-1.0974056159583405
780,-1.077294717987459,-1.0334559949309623,1.3175645148904118
10613,-0.18354389539090765,-0.8195253199727509,-0.61441158978859
12597,-1.077294717987459,-0.4254424976813089,0.8345704887206613
5607,0.7102069272056438,1.1396292822761322,-0.13141756361883955
5978,1.2067351619815054,1.5224525953592474,0.35157646255091085
8843,1.256387985459092,0.6216918586930942,-1.0974056159583405
3747,-1.077294717987459,-0.7069302278894817,1.3175645148904118
2196,-0.15871748365211455,-0.9096013936393662,-1.0974056159583405
8561,0.08954663373581641,0.903179588901267,0.35157646255091085
15165,-1.0524683062486662,0.11501394431838304,0.8345704887206613
4285,1.3805200441530574,0.5316157850264789,-0.13141756361883955
8569,0.983297456332368,1.5449716137759013,0.35157646255091085
10408,0.4371163980789196,1.1508887914844592,0.35157646255091085
9832,-0.5559400714728041,-0.9884179580976545,0.8345704887206613
9805,-0.33250236582366627,-0.7294492463061355,-0.61441158978859
6979,-0.45663442451763175,-0.7632277739311163,0.8345704887206613
1827,-1.077294717987459,-1.191089123847539,0.35157646255091085
11824,-0.5559400714728041,0.23886854560997908,1.3175645148904118
9154,0.7350333389444368,-0.5830756265978857,-1.0974056159583405
14615,-1.0276418945098729,-1.1573105962225583,1.3175645148904118
14848,1.5046521028470228,1.2522243743594015,-2.063393668297841
2376,1.2812143971978849,1.713864251900805,-1.0974056159583405
8551,2.050833161100471,2.1529851110255547,-0.13141756361883955
3839,0.9584710445935745,1.4999335769425937,-0.61441158978859
14518,0.75985975068323,0.1600519811516907,-0.61441158978859
1246,1.08260310328754,1.5562311229842283,0.35157646255091085
7504,0.75985975068323,1.2972624111927091,0.35157646255091085
11483,-1.0524683062486662,-0.3353664240146935,0.8345704887206613
6511,0.6357276919892645,-0.35788544243134734,-0.13141756361883955
11886,-0.8042041888607351,0.013678361443440803,0.8345704887206613
14051,2.0260067493616774,-1.600072495240129e-16,-2.063393668297841
5439,-0.8538570123383212,-1.0334559949309623,-0.61441158978859
10759,1.032950279809954,1.578750141400882,-1.0974056159583405
11615,1.306040808936678,0.0024188522351138884,-2.5463876944675916
10229,-1.077294717987459,-1.191089123847539,0.8345704887206613
14200,0.3626371628625404,-0.6506326818478472,-1.0974056159583405
8964,0.983297456332368,1.443636030900959,-0.13141756361883955
10681,0.46194280981771285,0.45279922056819044,-0.61441158978859
11754,1.231561573720299,0.37398265610990206,-2.063393668297841
14913,0.13919945721340263,-0.5267780805562511,-0.13141756361883955
14647,0.2385051041685749,-0.5492970989729049,0.35157646255091085
5510,-1.077294717987459,-1.1235320685975776,0.35157646255091085
5330,1.3556936324142643,1.4999335769425937,-0.13141756361883955
4531,-0.33250236582366627,0.49783725740149815,0.8345704887206613
9866,-0.8042041888607351,-1.067234522555943,0.8345704887206613
365,-1.0524683062486662,-1.1798296146392122,-0.61441158978859
12400,-0.9779890710322867,-1.1460510870142313,0.35157646255091085
12089,-1.077294717987459,-1.1010130501809237,1.3175645148904118
15314,-0.8786834240771144,-1.044715504139289,-1.5803996421280908
147,-0.7545513653831489,0.08123541669340228,0.35157646255091085
1668,0.5115956332952991,1.0720722270261707,-1.0974056159583405
11280,-0.45663442451763175,-0.8758228660143854,-0.61441158978859
13583,-1.0524683062486662,-0.8307848291810778,0.8345704887206613
7650,-1.0524683062486662,-1.1798296146392122,0.8345704887206613
8599,0.4867692215565058,1.1171102638594783,0.35157646255091085
11698,-1.0524683062486662,-1.1573105962225583,0.8345704887206613
7788,-1.077294717987459,-0.5492970989729049,1.3175645148904118
3456,1.4301728676306433,1.8264593439840742,-0.61441158978859
11768,-0.8290306005995282,-0.5042590621395973,-0.13141756361883955
3271,-1.0276418945098729,-1.1685701054308852,0.8345704887206613
4940,-1.0276418945098729,-0.3015878963897128,1.3175645148904118
9223,0.6109012802504713,0.5879133310681134,0.35157646255091085
15148,0.8343389858996093,1.9503139452756701,-1.0974056159583405
6230,-1.077294717987459,-1.1573105962225583,0.8345704887206613
13678,-0.9035098358159074,-0.0651382030148476,0.8345704887206613
13056,-0.009759013219356063,-0.1552142766814629,-1.0974056159583405
9047,0.784686162422023,0.024937870651767717,-0.13141756361883955
3926,-1.077294717987459,-0.8983418844310392,1.3175645148904118
13112,-1.077294717987459,-1.1685701054308852,0.35157646255091085
8080,1.1570823385039195,-0.20025231351477057,-1.5803996421280908
78,-0.08423824843573531,-0.03135967538986686,0.35157646255091085
7088,2.0756595728392635,2.1529851110255547,-0.61441158978859
2247,-1.077294717987459,-0.9996774673059815,0.35157646255091085
12645,-0.5559400714728041,0.0924949259017292,-1.0974056159583405
13163,-0.45663442451763175,-0.93212041205602,-1.0974056159583405
15264,0.13919945721340263,-0.08765722143150143,-1.0974056159583405
14744,2.1253123963168505,2.0629090373589394,-2.5463876944675916
12696,-0.8538570123383212,-0.6956707186811548,0.35157646255091085
7451,1.6039577498021953,1.8602378716090548,-0.13141756361883955
8980,2.3735765137047813,2.0854280557755933,-1.5803996421280908
2279,-1.077294717987459,-0.7519682647227893,1.3175645148904118
8123,0.7350333389444368,0.5653943126514596,0.35157646255091085
12287,0.6357276919892645,0.8356225336513056,-0.61441158978859
3897,1.231561573720299,0.9144390981095939,-0.13141756361883955
12553,-0.7545513653831489,0.024937870651767717,0.35157646255091085
7177,-1.0524683062486662,-0.5830756265978857,0.8345704887206613
9312,0.06472022199702318,0.8806605704846132,0.35157646255091085
14522,-0.30767595408487314,-0.36914495163967426,0.8345704887206613
3631,0.46194280981771285,-0.797006301556097,-0.13141756361883955
14074,-0.009759013219356063,0.7680654784013441,0.35157646255091085
6272,-1.0276418945098729,-0.8420443383894047,1.3175645148904118
8616,0.13919945721340263,0.7342869507763633,0.35157646255091085
392,-1.0524683062486662,-1.1122725593892506,0.8345704887206613
3191,0.3129843393849541,0.03619737986009463,-0.13141756361883955
16,-1.077294717987459,-1.1685701054308852,1.3175645148904118
4200,1.2812143971978849,1.713864251900805,-0.13141756361883955
2672,1.47982569110823,1.443636030900959,-0.61441158978859
14652,-0.4318080127788386,-0.7294492463061355,-0.13141756361883955
6164,0.46194280981771285,-0.6281136634311933,-1.5803996421280908
12956,0.6109012802504713,1.2972624111927091,-1.0974056159583405
3493,-0.20837030712970078,0.5428752942348057,0.35157646255091085
9651,0.6109012802504713,1.2634838835677282,0.8345704887206613
13004,1.330867220675471,1.443636030900959,-0.61441158978859
7394,1.306040808936678,0.8919200796929401,-0.13141756361883955
4839,1.032950279809954,0.7905844968179979,-0.13141756361883955
593,0.6357276919892645,0.9256986073179209,-0.61441158978859
12027,-0.9035098358159074,-1.1010130501809237,-1.5803996421280908
14307,-0.9283362475547006,-0.7519682647227893,0.8345704887206613
8737,-0.8290306005995282,-1.07849403176427,0.8345704887206613
5827,0.3129843393849541,-0.8307848291810778,-1.0974056159583405
10749,-0.10906466017452843,0.7342869507763633,-0.13141756361883955
7961,-1.0524683062486662,-0.9658989396810007,1.3175645148904118
5887,-0.9531626592934936,-0.9546394304726739,0.8345704887206613
2355,-0.8290306005995282,0.03619737986009463,0.35157646255091085
6036,1.9018746906677122,2.0403900189422854,-0.13141756361883955
4798,-0.8786834240771144,-0.8645633568060586,-0.13141756361883955
10634,0.13919945721340263,-0.5267780805562511,-2.5463876944675916
13275,0.2881579276461611,0.8356225336513056,-0.13141756361883955
4592,1.8273954554513328,1.848978362400728,-0.61441158978859
11234,-0.18354389539090765,-0.3015878963897128,0.8345704887206613
8656,1.728089808496161,0.9256986073179209,-2.063393668297841
163,-0.9283362475547006,-0.09891673063982834,1.3175645148904118
14232,-0.3573287775624594,-0.9771584488893277,-0.13141756361883955
14491,-0.3573287775624594,-0.008840656973213026,0.35157646255091085
15007,-0.258023130607287,-0.6168541542228664,0.8345704887206613
7380,1.3556936324142643,0.6216918586930942,-0.13141756361883955
15276,-1.077294717987459,-0.93212041205602,0.35157646255091085
10201,0.06472022199702318,-0.8645633568060586,-1.0974056159583405
6356,-0.506287247995218,0.3289446192765944,0.35157646255091085
11276,0.3129843393849541,-0.6393731726395202,-0.13141756361883955
9092,-1.077294717987459,-1.1573105962225583,1.3175645148904118
5542,-0.45663442451763175,-0.4367020068896358,0.35157646255091085
6007,-0.9531626592934936,-0.14395476747313599,0.8345704887206613
7993,-0.8042041888607351,-0.9996774673059815,0.8345704887206613
7638,-1.0524683062486662,-1.1460510870142313,-0.13141756361883955
6793,0.5364220450340921,0.9819961533595555,0.8345704887206613
10900,-1.077294717987459,-1.1010130501809237,0.8345704887206613
7758,-1.077294717987459,-0.7407087555144625,1.3175645148904118
4837,-1.0028154827710798,-0.6055946450145395,0.35157646255091085
2293,0.784686162422023,0.8356225336513056,-0.13141756361883955
6548,-0.10906466017452843,-0.8983418844310392,-1.0974056159583405
7898,0.8839918093771955,1.0720722270261707,0.35157646255091085
4481,0.3129843393849541,0.5090967666098251,0.35157646255091085
3716,0.38746357460133357,-0.03135967538986686,0.8345704887206613
10837,-0.5559400714728041,-0.14395476747313599,0.35157646255091085
6140,0.6357276919892645,-0.26780936876473205,-0.61441158978859
9956,1.9515275141452983,1.3085219204010359,-2.5463876944675916
1549,-0.4318080127788386,-0.11017623984815525,0.35157646255091085
11221,0.03989381025823017,0.0024188522351138884,-0.61441158978859
10331,1.9267011024065053,1.4999335769425937,-2.5463876944675916
2044,1.330867220675471,1.466155049317613,0.35157646255091085
767,-0.9283362475547006,-0.9884179580976545,0.8345704887206613
5693,1.08260310328754,1.3648194664426705,0.35157646255091085
7870,2.547361395876333,2.3331372583587853,-1.5803996421280908
9700,-0.9035098358159074,-0.14395476747313599,0.8345704887206613
7857,-0.15871748365211455,0.6779894047347288,0.8345704887206613
3302,-1.077294717987459,-1.1685701054308852,1.3175645148904118
4517,0.5115956332952991,1.060812717817844,0.8345704887206613
13940,0.6357276919892645,0.024937870651767717,-1.0974056159583405
12380,-0.4318080127788386,-0.8983418844310392,-1.0974056159583405
3292,-0.7545513653831489,-1.055975013347616,0.35157646255091085
9011,-0.9531626592934936,-0.5042590621395973,0.35157646255091085
1403,-1.077294717987459,-1.0897535409725967,1.3175645148904118
1382,-0.8538570123383212,-0.7744872831394432,0.35157646255091085
10340,-0.20837030712970078,0.3402041284849213,0.8345704887206613
6928,-1.077294717987459,-1.202348633055866,1.3175645148904118
5671,2.1749652197944367,2.1980231478588625,-1.5803996421280908
1638,-0.9035098358159074,-0.0651382030148476,0.8345704887206613
15032,0.13919945721340263,-0.2115118227230975,-1.0974056159583405
6907,-0.15871748365211455,-0.8533038475977316,0.35157646255091085
8591,1.5791313380634018,1.8602378716090548,-0.61441158978859
6406,2.0756595728392635,2.107947074192247,-1.0974056159583405
9074,0.7102069272056438,-0.4254424976813089,-0.61441158978859
11757,-0.18354389539090765,-0.2115118227230975,-0.13141756361883955
1179,1.5294785145858159,0.8694010612762862,-2.5463876944675916
5448,-0.4318080127788386,-0.9546394304726739,0.8345704887206613
13279,0.3129843393849541,0.8919200796929401,-0.61441158978859
10322,1.7529162202349537,1.2297053559427475,-2.5463876944675916
5078,0.46194280981771285,-0.7069302278894817,-1.0974056159583405
8648,0.809512574160816,0.644210877109748,0.35157646255091085
5175,-0.9035098358159074,-0.7407087555144625,0.8345704887206613
10142,0.26333151590736814,-0.1552142766814629,-1.0974056159583405
689,-0.5559400714728041,-0.9208609028476931,0.35157646255091085
13596,-1.077294717987459,-0.7857467923477701,1.3175645148904118
6525,-1.077294717987459,-1.1235320685975776,0.8345704887206613
15067,-0.18354389539090765,0.11501394431838304,0.35157646255091085
6488,-1.077294717987459,-0.9433799212643469,0.8345704887206613
10145,-0.8786834240771144,-0.7632277739311163,0.8345704887206613
7154,-1.077294717987459,-0.538037589764578,0.8345704887206613
12905,-1.0028154827710798,-0.36914495163967426,0.8345704887206613
6610,0.4867692215565058,-0.5042590621395973,-0.13141756361883955
10902,-1.077294717987459,-1.1010130501809237,1.3175645148904118
13142,0.2385051041685749,-0.8533038475977316,-2.5463876944675916
13176,-1.077294717987459,-1.1347915778059046,-0.13141756361883955
4349,-0.8042041888607351,-1.0334559949309623,-0.13141756361883955
14255,-1.077294717987459,-1.1798296146392122,1.3175645148904118
1884,-1.077294717987459,-0.9884179580976545,1.3175645148904118
13267,0.015067398519437164,0.5541348034431327,-0.61441158978859
2494,-1.077294717987459,-1.067234522555943,0.35157646255091085
5947,1.032950279809954,1.0045151717762093,0.8345704887206613
3036,0.26333151590736814,0.6892489139430557,-0.61441158978859
5777,0.08954663373581641,-0.48174004372294343,-0.61441158978859
11795,0.6605541037280576,0.8468820428596324,-1.5803996421280908
845,-1.077294717987459,-0.5718161173895587,1.3175645148904118
8734,-1.077294717987459,-1.1798296146392122,1.3175645148904118
11916,-0.9035098358159074,-0.29032838718138587,0.8345704887206613
12379,-0.8538570123383212,-1.0334559949309623,0.35157646255091085
11871,0.809512574160816,1.4098575032759781,-0.61441158978859
12415,-1.077294717987459,-1.202348633055866,1.3175645148904118
7967,-1.077294717987459,-1.044715504139289,0.8345704887206613
13016,0.33781075112374737,0.6892489139430557,-0.61441158978859
7340,-0.8538570123383212,-0.9546394304726739,0.35157646255091085
13834,-0.03458542495814907,-0.7407087555144625,0.35157646255091085
12689,-0.9035098358159074,-0.673151700264501,0.35157646255091085
7137,0.9336446328547815,1.421117012484305,-0.13141756361883955
2964,-1.0028154827710798,-0.9996774673059815,1.3175645148904118
2529,-1.077294717987459,-1.191089123847539,1.3175645148904118
5772,-0.3573287775624594,-0.5830756265978857,0.35157646255091085
1048,-1.077294717987459,-1.1347915778059046,-0.13141756361883955
7045,-0.7048985419055627,-0.1552142766814629,0.8345704887206613
1960,-1.0524683062486662,-0.39166397005632814,0.8345704887206613
2530,-1.077294717987459,-1.191089123847539,0.8345704887206613
11138,1.9267011024065053,2.107947074192247,-1.5803996421280908
8429,-0.8538570123383212,-0.9996774673059815,0.35157646255091085
4917,0.5364220450340921,1.2409648651510745,0.35157646255091085
9325,1.1322559267651264,1.5674906321925552,-0.13141756361883955
5901,-1.077294717987459,-0.9884179580976545,0.8345704887206613
8286,0.6357276919892645,0.5090967666098251,0.35157646255091085
4259,1.8273954554513328,1.3535599572343435,-1.0974056159583405
13150,0.26333151590736814,-0.8307848291810778,-1.0974056159583405
13254,0.5115956332952991,0.7342869507763633,-1.0974056159583405
5656,1.4053464558918505,1.8039403255674202,-0.61441158978859
6097,0.75985975068323,0.5203562758181519,0.35157646255091085
5907,-0.258023130607287,-0.3353664240146935,0.35157646255091085
7373,-0.23319671886849389,-0.25654985955640514,-0.13141756361883955
2978,-1.077294717987459,-0.9996774673059815,1.3175645148904118
13608,-0.28284954234608,0.06997590748507537,0.8345704887206613
14288,-1.077294717987459,-1.067234522555943,0.8345704887206613
6721,1.9018746906677122,2.0403900189422854,-1.0974056159583405
7842,0.21367869242978188,1.0045151717762093,0.35157646255091085
8264,1.9018746906677122,1.6237881782341896,-0.61441158978859
13474,-0.13389107191332153,-0.8082658107644239,-0.61441158978859
12111,-1.077294717987459,-0.9884179580976545,1.3175645148904118
3138,0.8343389858996093,1.1959268283177669,-0.13141756361883955
8325,-0.20837030712970078,-0.48174004372294343,0.8345704887206613
15235,0.784686162422023,0.6779894047347288,-2.063393668297841
12265,-0.9531626592934936,-0.25654985955640514,0.35157646255091085
14177,0.3129843393849541,-0.39166397005632814,0.35157646255091085
11421,1.057776691548747,0.9369581165262478,-0.61441158978859
1826,-1.0276418945098729,-1.1573105962225583,1.3175645148904118
5548,0.5860748685116783,0.1600519811516907,0.35157646255091085
8785,-1.077294717987459,-1.1573105962225583,0.8345704887206613
10917,-0.506287247995218,-0.9096013936393662,-0.13141756361883955
12329,-0.6800721301667696,-0.5605566081812319,0.8345704887206613
560,-0.9779890710322867,-0.2227713319314244,0.8345704887206613
13531,-1.077294717987459,-1.1685701054308852,0.35157646255091085
8435,-1.077294717987459,-1.1122725593892506,0.35157646255091085
5435,0.5115956332952991,-0.6168541542228664,-0.61441158978859
4437,-1.0276418945098729,-0.9433799212643469,0.8345704887206613
10382,2.150138808055643,2.220542166275516,-2.063393668297841
8597,1.6039577498021953,1.8377188531924011,-0.13141756361883955
1442,0.2385051041685749,-0.8420443383894047,-0.61441158978859
8453,0.2881579276461611,-0.34662593322302043,0.35157646255091085
4406,-1.077294717987459,-1.1460510870142313,1.3175645148904118
14633,-1.077294717987459,-1.1460510870142313,1.3175645148904118
1689,-0.6552457184279764,-0.020100166181539942,0.35157646255091085
15144,-0.8538570123383212,0.5090967666098251,-0.13141756361883955
9917,1.1819087502427124,0.0024188522351138884,-1.0974056159583405
13813,-0.5559400714728041,-0.7294492463061355,0.35157646255091085
5962,-1.077294717987459,-0.5492970989729049,1.3175645148904118
2496,-0.9531626592934936,-0.9658989396810007,0.35157646255091085
12547,0.6357276919892645,1.0945912454428246,-0.61441158978859
340,-1.077294717987459,-1.191089123847539,0.8345704887206613
2408,-0.20837030712970078,0.46405872977651735,0.35157646255091085
9793,-1.077294717987459,-1.044715504139289,1.3175645148904118
12974,-0.4069816010400455,0.45279922056819044,-0.13141756361883955
5782,-0.7297249536443557,-0.8420443383894047,0.35157646255091085
4576,-1.077294717987459,-0.4592210253062896,1.3175645148904118
3725,-1.077294717987459,-0.8533038475977316,0.8345704887206613
15265,-0.4069816010400455,-0.49299955293127035,0.8345704887206613
2785,-0.6055928949503904,0.024937870651767717,0.8345704887206613
9715,2.0756595728392635,1.8714973808173818,-1.0974056159583405
13202,-0.0594118366969423,-0.4592210253062896,-1.0974056159583405
14428,2.2742708667496085,-0.8983418844310392,-2.063393668297841
1012,-0.30767595408487314,-0.4254424976813089,0.35157646255091085
5280,-0.9283362475547006,-0.09891673063982834,0.8345704887206613
4895,2.1749652197944367,2.1980231478588625,-2.063393668297841
9958,-0.4069816010400455,0.0024188522351138884,-0.13141756361883955
7121,1.256387985459092,1.7026047426924782,0.8345704887206613
6549,-1.0028154827710798,-1.1460510870142313,0.8345704887206613
4037,-0.7545513653831489,-0.9996774673059815,0.35157646255091085
148,-0.258023130607287,0.5653943126514596,0.8345704887206613
285,-0.48146083625642483,-0.5492970989729049,0.35157646255091085
14819,1.7529162202349537,1.8151998347757472,-0.61441158978859
8555,-0.9283362475547006,-0.12143574905648218,0.8345704887206613
12135,1.306040808936678,0.7455464599846903,-2.063393668297841
12885,-0.20837030712970078,0.20509001798499835,-1.0974056159583405
9732,-0.9531626592934936,-0.40292347926465505,0.8345704887206613
6770,0.2881579276461611,0.9932556625678823,0.8345704887206613
4443,-1.0028154827710798,-0.8420443383894047,0.35157646255091085
7446,2.1253123963168505,2.1304660926089007,-0.13141756361883955
236,-0.45663442451763175,0.08123541669340228,0.35157646255091085
14724,-0.30767595408487314,0.27264707323495985,-0.13141756361883955
10754,0.08954663373581641,0.903179588901267,-0.13141756361883955
7123,-0.15871748365211455,0.6892489139430557,-0.13141756361883955
12800,-0.6055928949503904,-0.9658989396810007,-0.13141756361883955
14670,-0.506287247995218,-0.5042590621395973,0.8345704887206613
3083,-0.258023130607287,0.6104323494847672,0.8345704887206613
14707,-1.0276418945098729,-0.5718161173895587,1.3175645148904118
10294,0.784686162422023,0.21634952719332526,-0.61441158978859
632,1.1074295150263334,0.4190206929432097,-0.61441158978859
6813,-0.45663442451763175,0.05871639827674846,-0.13141756361883955
2493,-0.9283362475547006,-0.93212041205602,-0.13141756361883955
2665,-0.8786834240771144,-0.3015878963897128,0.8345704887206613
13028,0.983297456332368,0.7905844968179979,-1.5803996421280908
13113,-1.077294717987459,-1.1685701054308852,1.3175645148904118
12906,2.199791631533229,1.9503139452756701,-2.5463876944675916
10526,-1.0276418945098729,-0.9884179580976545,0.8345704887206613
10060,2.5721878076151254,2.366915785983766,-2.5463876944675916
11811,2.100485984578057,1.9165354176506895,-2.5463876944675916
12075,-1.077294717987459,-1.1460510870142313,0.35157646255091085
15110,2.1749652197944367,2.53580842410867,-1.0974056159583405
4211,2.6218406310927125,2.4344728412337275,-2.063393668297841
9686,0.2881579276461611,1.027034190192863,0.35157646255091085
10593,-0.258023130607287,-0.93212041205602,-0.13141756361883955
3874,-0.8786834240771144,-0.2115118227230975,0.8345704887206613
9424,-1.0524683062486662,-0.9771584488893277,1.3175645148904118
10853,0.5364220450340921,0.27264707323495985,-0.61441158978859
2817,1.256387985459092,0.6216918586930942,-1.5803996421280908
13570,-0.30767595408487314,-0.5267780805562511,0.8345704887206613
14644,-1.077294717987459,-1.1122725593892506,0.8345704887206613
15057,1.8273954554513328,1.3423004480260168,-2.063393668297841
13792,1.4549992793694364,0.3289446192765944,-2.063393668297841
7426,0.4371163980789196,0.8919200796929401,-0.13141756361883955
12345,-1.077294717987459,-1.0221964857226353,1.3175645148904118
13203,0.13919945721340263,-0.36914495163967426,-1.0974056159583405
12998,1.5791313380634018,1.6575667058591705,-2.063393668297841
11253,0.11437304547460941,-0.4254424976813089,-0.61441158978859
14136,0.3129843393849541,0.250128054818306,-0.61441158978859
9777,-1.0276418945098729,-0.8645633568060586,0.8345704887206613
1735,-0.6552457184279764,-0.5267780805562511,0.8345704887206613
7397,-1.077294717987459,-0.7181897370978086,0.8345704887206613
11015,0.809512574160816,-0.08765722143150143,-0.13141756361883955
4255,0.13919945721340263,0.4865777481931712,-0.13141756361883955
12684,-0.7793777771219419,-0.5267780805562511,-0.61441158978859
2475,-0.6304193066891834,-0.6055946450145395,0.8345704887206613
10756,0.2385051041685749,1.0157746809845363,0.35157646255091085
15315,-0.48146083625642483,-0.9208609028476931,0.8345704887206613
3713,-0.5807664832115972,-0.5492970989729049,-0.13141756361883955
13788,-0.5311136597340109,-0.4592210253062896,0.35157646255091085
1804,0.13919945721340263,-0.8533038475977316,-0.61441158978859
707,0.6109012802504713,-0.7632277739311163,-1.5803996421280908
11238,1.231561573720299,0.20509001798499835,-2.063393668297841
14123,1.2067351619815054,0.9144390981095939,-1.0974056159583405
5189,0.6605541037280576,0.3064256008599406,0.35157646255091085
13357,0.21367869242978188,0.8581415520679594,0.35157646255091085
5472,-0.9779890710322867,-1.1460510870142313,0.8345704887206613
72,-1.077294717987459,-0.8533038475977316,1.3175645148904118
7843,0.015067398519437164,0.8468820428596324,0.8345704887206613
14822,0.33781075112374737,0.903179588901267,0.35157646255091085
5101,-1.077294717987459,-1.202348633055866,1.3175645148904118
6764,2.5721878076151254,2.4344728412337275,-1.0974056159583405
9382,1.8273954554513328,1.049553208609517,-1.5803996421280908
10793,0.26333151590736814,0.9369581165262478,-0.61441158978859
1125,-1.0028154827710798,-1.067234522555943,0.8345704887206613
1241,0.5115956332952991,1.1396292822761322,-0.13141756361883955
12630,-0.7545513653831489,0.0024188522351138884,0.35157646255091085
14494,1.6039577498021953,0.9932556625678823,-1.5803996421280908
2349,-0.8538570123383212,-0.008840656973213026,0.8345704887206613
11543,0.9336446328547815,1.2071863375260936,-1.0974056159583405
6602,-0.009759013219356063,-0.7294492463061355,-0.61441158978859
12200,2.4232293371823674,2.3443967675671122,-2.5463876944675916
6780,1.9267011024065053,1.9503139452756701,-0.61441158978859
9769,-1.077294717987459,-0.8983418844310392,1.3175645148904118
12098,-0.3573287775624594,-0.661892191056174,0.35157646255091085
11921,1.1570823385039195,1.1508887914844592,-1.5803996421280908
4358,-0.13389107191332153,-0.9096013936393662,0.35157646255091085
1343,-0.4069816010400455,-0.05387869380652068,-0.13141756361883955
15321,-1.0524683062486662,-1.0221964857226353,-2.063393668297841
13329,2.5721878076151254,2.4795108780670354,-2.5463876944675916
14699,-0.13389107191332153,0.10375443511005612,-0.61441158978859
8632,-0.4318080127788386,0.14879247194336379,0.8345704887206613
6652,0.3626371628625404,0.19383050877667143,0.8345704887206613
1100,-1.0524683062486662,-1.1685701054308852,0.35157646255091085
10829,-0.7297249536443557,-0.17773329509811675,0.35157646255091085
9160,-1.0524683062486662,-1.1010130501809237,0.35157646255091085
8841,1.4053464558918505,0.644210877109748,-1.5803996421280908
9738,1.9763539258840919,1.421117012484305,-1.5803996421280908
7327,-0.9531626592934936,-1.067234522555943,0.8345704887206613
7622,-1.0028154827710798,-1.067234522555943,1.3175645148904118
987,-0.8538570123383212,-0.49299955293127035,0.35157646255091085
10658,0.8839918093771955,0.23886854560997908,-0.61441158978859
2852,0.9088182211159885,-0.17773329509811675,-1.5803996421280908
11695,-0.6304193066891834,-1.0109369765143084,-0.13141756361883955
8853,-0.9283362475547006,-0.538037589764578,0.8345704887206613
630,0.38746357460133357,0.13753296273503687,-0.61441158978859
1249,-0.4318080127788386,0.44153971135986353,0.35157646255091085
3179,-0.08423824843573531,0.013678361443440803,0.35157646255091085
482,-1.0276418945098729,-0.4367020068896358,1.3175645148904118
9776,-1.077294717987459,-0.9433799212643469,1.3175645148904118
9654,2.547361395876333,2.4569918596503815,-0.61441158978859
3040,0.5115956332952991,0.903179588901267,-0.13141756361883955
5010,-1.0524683062486662,-0.7744872831394432,1.3175645148904118
13468,-0.7793777771219419,-0.9658989396810007,0.8345704887206613
7000,-0.8786834240771144,-0.7407087555144625,0.8345704887206613
3273,-0.9531626592934936,-1.1347915778059046,1.3175645148904118
7227,1.057776691548747,0.013678361443440803,0.35157646255091085
3683,-1.0524683062486662,-1.0897535409725967,0.35157646255091085
6674,1.7529162202349537,1.3197814296093628,-1.5803996421280908
6807,-0.28284954234608,0.250128054818306,0.8345704887206613
12337,-1.077294717987459,-0.9771584488893277,1.3175645148904118
14939,-1.077294717987459,-1.1685701054308852,0.8345704887206613
1316,1.1322559267651264,1.3197814296093628,-0.13141756361883955
3225,-1.077294717987459,-1.07849403176427,1.3175645148904118
1072,-0.48146083625642483,-0.9884179580976545,-0.13141756361883955
4815,-0.506287247995218,-0.4254424976813089,0.8345704887206613
12968,2.001180337622885,2.1417256018172277,-1.5803996421280908
10823,-0.7793777771219419,-0.16647378588978984,0.8345704887206613
9852,-1.0028154827710798,-1.1573105962225583,0.8345704887206613
5752,-1.0524683062486662,-0.8533038475977316,0.8345704887206613
10617,0.06472022199702318,-0.7294492463061355,-2.063393668297841
14041,1.008123868071161,1.5562311229842283,-0.13141756361883955
4616,-0.23319671886849389,0.28390658244328676,0.8345704887206613
3097,-1.0276418945098729,-0.27906887797305896,0.8345704887206613
12168,-0.8538570123383212,-0.2227713319314244,0.8345704887206613
14488,1.9515275141452983,1.2634838835677282,-2.5463876944675916
6869,1.1570823385039195,-0.08765722143150143,-1.5803996421280908
1300,-0.9531626592934936,-0.2115118227230975,0.8345704887206613
7285,-1.0028154827710798,-1.1573105962225583,0.8345704887206613
6284,-1.077294717987459,-0.8420443383894047,1.3175645148904118
12919,1.1570823385039195,1.4999335769425937,-2.063393668297841
13616,0.809512574160816,0.8581415520679594,-0.13141756361883955
5495,-0.8042041888607351,-1.0334559949309623,0.35157646255091085
5291,2.6218406310927125,-1.600072495240129e-16,-1.5803996421280908
9600,-0.45663442451763175,0.03619737986009463,0.8345704887206613
10037,-0.9035098358159074,-0.0651382030148476,-0.13141756361883955
1798,0.3626371628625404,-0.797006301556097,-1.5803996421280908
12149,0.784686162422023,0.7455464599846903,-1.0974056159583405
9667,0.33781075112374737,1.0945912454428246,0.35157646255091085
5203,-1.077294717987459,-0.7407087555144625,0.8345704887206613
8227,1.1322559267651264,1.590009650609209,-0.13141756361883955
5047,-0.20837030712970078,-0.5943351358062126,-0.13141756361883955
6441,-0.48146083625642483,0.0924949259017292,-0.13141756361883955
8636,0.6853805154668505,0.8581415520679594,0.35157646255091085
8105,-1.0028154827710798,-0.7632277739311163,0.8345704887206613
2359,1.057776691548747,1.590009650609209,0.35157646255091085
14406,1.9267011024065053,-0.9208609028476931,-1.0974056159583405
3654,-1.077294717987459,-1.191089123847539,0.35157646255091085
7052,-0.7545513653831489,-0.13269525826480907,0.8345704887206613
11371,-1.077294717987459,-1.044715504139289,0.8345704887206613
1286,0.983297456332368,1.4999335769425937,-0.13141756361883955
14011,-0.08423824843573531,0.6104323494847672,0.35157646255091085
4445,-1.077294717987459,-0.93212041205602,1.3175645148904118
11608,-1.077294717987459,-0.9771584488893277,1.3175645148904118
2137,-0.45663442451763175,-0.797006301556097,0.35157646255091085
6787,-0.5311136597340109,0.21634952719332526,0.8345704887206613
10828,-0.3821551893012525,0.13753296273503687,0.35157646255091085
12208,-0.30767595408487314,0.5541348034431327,0.35157646255091085
15068,-0.3821551893012525,0.21634952719332526,0.35157646255091085
9873,-0.7545513653831489,-1.0334559949309623,-0.61441158978859
14962,-0.9779890710322867,-1.1460510870142313,1.3175645148904118
13054,0.46194280981771285,0.0924949259017292,-1.5803996421280908
13769,-0.33250236582366627,-0.09891673063982834,0.35157646255091085
6894,-1.077294717987459,-1.1347915778059046,0.8345704887206613
9884,-1.077294717987459,-1.1460510870142313,0.8345704887206613
13144,-0.5807664832115972,-1.0221964857226353,-0.13141756361883955
10733,1.4053464558918505,1.7026047426924782,-2.063393668297841
11827,0.7102069272056438,1.2409648651510745,0.35157646255091085
8564,-0.506287247995218,0.38524216531822897,1.3175645148904118
7151,0.6853805154668505,1.1508887914844592,0.35157646255091085
963,0.4371163980789196,0.7455464599846903,-0.13141756361883955
6012,1.80256904371254,2.0516495281506124,0.35157646255091085
4882,2.100485984578057,2.0516495281506124,-2.063393668297841
140,0.4867692215565058,1.0945912454428246,0.35157646255091085
12611,0.9336446328547815,1.454895540109286,-1.5803996421280908
12046,-1.077294717987459,-1.202348633055866,1.3175645148904118
13867,-1.077294717987459,-1.202348633055866,1.3175645148904118
8906,0.11437304547460941,0.8243630244429786,0.8345704887206613
6936,-1.0276418945098729,-1.1685701054308852,-0.13141756361883955
6542,-1.0524683062486662,-1.1460510870142313,0.8345704887206613
5243,0.2881579276461611,0.8694010612762862,-0.13141756361883955
11380,-0.8042041888607351,-0.7632277739311163,0.8345704887206613
10030,-0.009759013219356063,0.8243630244429786,-0.61441158978859
4431,-0.5559400714728041,-0.7181897370978086,0.35157646255091085
12816,0.6605541037280576,-0.5042590621395973,-1.5803996421280908
406,-0.10906466017452843,-0.6168541542228664,0.35157646255091085
8212,1.9267011024065053,2.1192065834005738,0.35157646255091085
9196,-1.0276418945098729,-0.8307848291810778,0.35157646255091085
12833,-1.0524683062486662,-0.9996774673059815,0.35157646255091085
10603,0.4371163980789196,-0.7407087555144625,-0.61441158978859
10737,-0.9035098358159074,-0.11017623984815525,1.3175645148904118
13242,-1.0524683062486662,-0.6506326818478472,0.8345704887206613
10582,-1.0276418945098729,-1.1685701054308852,0.8345704887206613
9135,-1.077294717987459,-1.191089123847539,1.3175645148904118
8234,0.33781075112374737,1.0157746809845363,0.8345704887206613
11022,1.1819087502427124,0.3176851100682675,-1.5803996421280908
11563,0.03989381025823017,0.38524216531822897,-0.13141756361883955
11214,-0.30767595408487314,-0.09891673063982834,0.35157646255091085
11556,-0.9035098358159074,-0.3241069148063666,0.8345704887206613
4399,-1.077294717987459,-1.1685701054308852,1.3175645148904118
5252,1.728089808496161,1.8714973808173818,-0.13141756361883955
11,0.5115956332952991,-0.7294492463061355,-1.0974056159583405
4760,-1.0276418945098729,-1.1347915778059046,0.35157646255091085
1177,1.032950279809954,0.5991728402764404,-1.5803996421280908
10139,-1.0524683062486662,-0.8758228660143854,0.35157646255091085
10693,1.231561573720299,1.0833317362344976,-0.61441158978859
2863,-1.0524683062486662,-1.055975013347616,0.35157646255091085
6471,-0.9779890710322867,-0.673151700264501,0.8345704887206613
12057,-0.20837030712970078,-0.9208609028476931,-0.61441158978859
6228,-1.077294717987459,-1.1573105962225583,0.8345704887206613
9218,-1.077294717987459,-0.7519682647227893,1.3175645148904118
12040,-1.077294717987459,-1.202348633055866,0.8345704887206613
2989,0.7350333389444368,0.19383050877667143,-1.0974056159583405
9153,-1.077294717987459,-1.1460510870142313,1.3175645148904118
11081,-0.9531626592934936,-0.27906887797305896,0.35157646255091085
7117,0.6605541037280576,1.3197814296093628,0.35157646255091085
11207,-1.0028154827710798,-0.5943351358062126,0.8345704887206613
7010,-0.33250236582366627,-0.27906887797305896,0.35157646255091085
11530,-1.0524683062486662,-0.41418298847298196,0.35157646255091085
13129,-1.077294717987459,-1.202348633055866,-0.13141756361883955
11760,0.8839918093771955,0.35146363769324823,-1.0974056159583405
8927,1.4053464558918505,1.8039403255674202,-0.13141756361883955
12592,-0.6055928949503904,0.29516609165161367,0.8345704887206613
1440,0.38746357460133357,-0.8082658107644239,-2.063393668297841
14955,-1.077294717987459,-1.202348633055866,0.35157646255091085
2875,0.2881579276461611,-0.6506326818478472,-0.61441158978859
12178,-0.9779890710322867,-0.3015878963897128,1.3175645148904118
9108,0.4867692215565058,-0.7857467923477701,-0.13141756361883955
13969,-0.08423824843573531,0.12627345352670993,-0.61441158978859
13504,-1.077294717987459,-1.202348633055866,1.3175645148904118
12281,-0.10906466017452843,0.4302802021515366,-0.61441158978859
11339,0.46194280981771285,-0.7069302278894817,-2.063393668297841
7232,-0.6304193066891834,-0.6956707186811548,0.35157646255091085
3726,-0.15871748365211455,-0.14395476747313599,0.8345704887206613
2772,-0.20837030712970078,0.47531823898484427,0.8345704887206613
9816,-0.10906466017452843,-0.7632277739311163,-0.61441158978859
454,0.015067398519437164,0.19383050877667143,-0.13141756361883955
9013,0.3129843393849541,0.38524216531822897,-0.13141756361883955
8189,2.696319866309091,2.513289405692016,-1.0974056159583405
1367,-1.077294717987459,-0.8870823752227124,1.3175645148904118
3712,-0.9779890710322867,-0.8195253199727509,0.35157646255091085
15119,1.6536105732797814,2.265580203108824,-1.0974056159583405
1388,-1.077294717987459,-1.0221964857226353,1.3175645148904118
9042,-0.48146083625642483,-0.4479615160979627,-0.13141756361883955
1000,0.2385051041685749,0.0024188522351138884,-0.61441158978859
7761,-0.3821551893012525,-0.04261918459819377,0.8345704887206613
3553,1.1074295150263334,0.44153971135986353,-0.61441158978859
4114,1.330867220675471,1.03829369940119,-1.0974056159583405
9829,-0.23319671886849389,-0.8758228660143854,0.35157646255091085
1667,0.2385051041685749,0.8919200796929401,-0.61441158978859
3173,0.4867692215565058,0.4190206929432097,0.8345704887206613
14194,-0.9531626592934936,-1.0221964857226353,1.3175645148904118
9539,0.06472022199702318,-0.5492970989729049,-0.13141756361883955
14432,2.150138808055643,-0.9096013936393662,-2.5463876944675916
488,-0.9035098358159074,-0.2115118227230975,0.8345704887206613
3230,0.015067398519437164,-0.6168541542228664,-0.61441158978859
3828,2.696319866309091,2.5583274425253237,-2.063393668297841
10824,-0.7545513653831489,-0.1552142766814629,1.3175645148904118
13283,0.33781075112374737,0.9482176257345747,0.35157646255091085
5208,0.11437304547460941,0.3289446192765944,0.35157646255091085
7848,1.08260310328754,1.601269159817536,0.35157646255091085
11424,-0.03458542495814907,0.3289446192765944,-0.13141756361883955
5704,1.9018746906677122,1.6800857242758243,-1.0974056159583405
14800,-0.30767595408487314,0.5428752942348057,0.8345704887206613
8133,0.6357276919892645,0.6779894047347288,0.35157646255091085
703,-0.258023130607287,-0.93212041205602,0.35157646255091085
5105,-0.45663442451763175,-0.9996774673059815,-1.5803996421280908
13657,1.1322559267651264,1.5449716137759013,-0.61441158978859
3291,-1.077294717987459,-1.191089123847539,1.3175645148904118
8125,-0.28284954234608,0.0024188522351138884,0.8345704887206613
11865,0.8839918093771955,1.4774145585259397,-1.5803996421280908
10600,-0.23319671886849389,-0.9096013936393662,-0.13141756361883955
9519,0.9336446328547815,-0.5492970989729049,-1.0974056159583405
14785,-0.8290306005995282,0.03619737986009463,1.3175645148904118
13851,-0.4069816010400455,-0.9546394304726739,-0.13141756361883955
4909,0.9584710445935745,1.5224525953592474,-0.61441158978859
4440,-1.077294717987459,-0.9884179580976545,1.3175645148904118
13980,1.9267011024065053,1.421117012484305,-1.5803996421280908
986,1.2067351619815054,0.7005084231513826,-1.5803996421280908
14677,-0.23319671886849389,-0.26780936876473205,0.35157646255091085
14186,-0.10906466017452843,-0.6393731726395202,-0.61441158978859
14076,-0.7297249536443557,0.10375443511005612,0.8345704887206613
7705,-0.6304193066891834,-0.8645633568060586,0.8345704887206613
12241,-0.6304193066891834,0.23886854560997908,0.8345704887206613
6257,0.5364220450340921,-0.3128474055980397,0.35157646255091085
11677,-1.077294717987459,-1.202348633055866,1.3175645148904118
6089,1.1570823385039195,0.8581415520679594,-0.61441158978859
10666,-1.0028154827710798,-0.7294492463061355,0.8345704887206613
5238,2.348750101965988,2.0629090373589394,-1.5803996421280908
12065,0.4371163980789196,-0.7407087555144625,-2.5463876944675916
1198,0.75985975068323,0.8356225336513056,-0.61441158978859
12373,-1.077294717987459,-1.1460510870142313,1.3175645148904118
9710,1.728089808496161,1.7476427795257858,-1.5803996421280908
13929,-0.8538570123383212,-0.8533038475977316,0.35157646255091085
7519,-0.506287247995218,0.22760903640165217,0.8345704887206613
6812,1.306040808936678,1.162148300692786,-0.13141756361883955
9991,0.26333151590736814,0.8468820428596324,-1.0974056159583405
9206,0.3626371628625404,0.1600519811516907,0.8345704887206613
8320,0.9336446328547815,0.024937870651767717,-0.61441158978859
9556,-1.0276418945098729,-0.8758228660143854,1.3175645148904118
10225,-0.30767595408487314,-0.9546394304726739,-0.13141756361883955
7175,-0.30767595408487314,0.20509001798499835,-0.61441158978859
4470,0.3129843393849541,0.3402041284849213,-0.13141756361883955
891,0.21367869242978188,0.9932556625678823,-0.13141756361883955
10985,-1.077294717987459,-1.1347915778059046,1.3175645148904118
1969,1.306040808936678,1.6575667058591705,0.35157646255091085
12595,0.2881579276461611,1.060812717817844,-0.13141756361883955
5757,0.983297456332368,0.1600519811516907,0.35157646255091085
6527,0.3626371628625404,-0.6281136634311933,-1.0974056159583405
6294,-1.077294717987459,-0.7632277739311163,1.3175645148904118
14959,-1.077294717987459,-1.202348633055866,0.8345704887206613
7595,1.1819087502427124,0.0024188522351138884,-0.61441158978859
9110,-1.077294717987459,-1.202348633055866,1.3175645148904118
3249,-0.9283362475547006,-1.067234522555943,0.8345704887206613
6570,-0.9531626592934936,-1.1347915778059046,0.8345704887206613
6638,-0.6055928949503904,-0.5267780805562511,1.3175645148904118
7351,0.33781075112374737,-0.41418298847298196,0.35157646255091085
14087,-0.28284954234608,0.47531823898484427,0.8345704887206613
9400,-0.10906466017452843,-0.16647378588978984,-0.13141756361883955
12060,-1.0524683062486662,-1.1685701054308852,0.8345704887206613
7473,2.7211462780478843,2.5695869517336507,-1.0974056159583405
12504,-0.258023130607287,-0.03135967538986686,1.3175645148904118
12257,2.497708572398747,2.276839712317151,-2.5463876944675916
14144,1.08260310328754,0.46405872977651735,-1.5803996421280908
13316,-0.23319671886849389,0.644210877109748,-0.61441158978859
1239,-0.5559400714728041,0.27264707323495985,0.35157646255091085
2289,-0.6800721301667696,-0.20025231351477057,0.8345704887206613
2740,2.249444455010816,2.288099221525478,-1.0974056159583405
8467,-0.8538570123383212,-0.661892191056174,0.8345704887206613
4585,0.784686162422023,1.2860029019843822,-0.13141756361883955
9227,0.4122899863401266,0.5316157850264789,-0.61441158978859
1229,2.2742708667496085,2.1304660926089007,-1.5803996421280908
9200,-0.10906466017452843,-0.17773329509811675,0.35157646255091085
6980,-0.6304193066891834,-0.8195253199727509,0.8345704887206613
5178,-1.077294717987459,-0.9096013936393662,0.8345704887206613
12020,-1.077294717987459,-1.1685701054308852,0.35157646255091085
10724,1.9515275141452983,1.9390544360673434,-2.063393668297841
4293,-0.9035098358159074,-0.7181897370978086,0.35157646255091085
1058,0.46194280981771285,-0.6844112094728279,-1.0974056159583405
6262,0.06472022199702318,-0.41418298847298196,0.8345704887206613
11036,1.330867220675471,0.6779894047347288,-2.063393668297841
281,-0.10906466017452843,-0.3241069148063666,0.8345704887206613
9235,1.5046521028470228,1.2747433927760552,-1.5803996421280908
9508,0.5115956332952991,-0.7294492463061355,-1.0974056159583405
968,2.050833161100471,1.5449716137759013,-1.5803996421280908
10573,-0.28284954234608,-0.9546394304726739,-1.5803996421280908
3953,-0.45663442451763175,-0.6956707186811548,0.8345704887206613
1939,2.0260067493616774,1.713864251900805,-2.5463876944675916
14083,-0.13389107191332153,0.6216918586930942,0.35157646255091085
1274,1.1074295150263334,1.612528669025863,-0.61441158978859
619,-0.9035098358159074,-0.5267780805562511,0.8345704887206613
13443,-1.077294717987459,-1.0334559949309623,1.3175645148904118
1742,-1.077294717987459,-0.9546394304726739,1.3175645148904118
1390,-1.077294717987459,-1.0334559949309623,1.3175645148904118
2203,-0.5311136597340109,-0.9658989396810007,0.8345704887206613
9771,0.8839918093771955,0.19383050877667143,-0.61441158978859
9847,0.4867692215565058,-0.8082658107644239,-2.5463876944675916
3568,-1.0524683062486662,-0.9096013936393662,0.35157646255091085
10544,-0.18354389539090765,-0.7632277739311163,-0.61441158978859
10404,-0.7297249536443557,0.14879247194336379,0.8345704887206613
6116,-0.33250236582366627,-0.3241069148063666,0.35157646255091085
15296,-0.9779890710322867,-0.9433799212643469,0.8345704887206613
6052,-0.506287247995218,0.27264707323495985,0.35157646255091085
3178,1.231561573720299,0.6892489139430557,-1.0974056159583405
3192,-0.8786834240771144,-0.6506326818478472,0.8345704887206613
9499,-0.6304193066891834,-1.0221964857226353,0.35157646255091085
6099,0.6853805154668505,0.45279922056819044,-0.61441158978859
7029,-0.0594118366969423,0.14879247194336379,0.8345704887206613
575,-0.506287247995218,0.26138756402663293,0.8345704887206613
10552,-0.13389107191332153,-0.8082658107644239,0.35157646255091085
6656,-0.7297249536443557,-0.41418298847298196,0.8345704887206613
7115,0.5364220450340921,1.2409648651510745,0.35157646255091085
15330,-0.10906466017452843,-0.9208609028476931,1.3175645148904118
6276,-0.8042041888607351,-0.6168541542228664,0.8345704887206613
9472,-1.077294717987459,-1.191089123847539,0.35157646255091085
13796,0.2385051041685749,-0.20025231351477057,-0.13141756361883955
11083,0.38746357460133357,0.903179588901267,-0.13141756361883955
5897,0.11437304547460941,-0.39166397005632814,0.35157646255091085
5724,-0.9283362475547006,-0.48174004372294343,0.8345704887206613
10185,-0.9283362475547006,-1.055975013347616,0.8345704887206613
10831,-1.077294717987459,-0.673151700264501,1.3175645148904118
269,0.5364220450340921,0.13753296273503687,0.35157646255091085
629,-0.03458542495814907,-0.05387869380652068,0.35157646255091085
11970,-0.8290306005995282,-0.7181897370978086,0.8345704887206613
3081,-1.0276418945098729,-0.27906887797305896,0.8345704887206613
3466,-1.077294717987459,-0.4254424976813089,1.3175645148904118
6430,-0.9283362475547006,-0.26780936876473205,0.8345704887206613
14305,-1.077294717987459,-0.9433799212643469,1.3175645148904118
7062,0.5364220450340921,0.9707366441512285,0.35157646255091085
12588,0.13919945721340263,0.9482176257345747,-0.13141756361883955
12215,-1.077294717987459,-0.4254424976813089,1.3175645148904118
14924,-0.20837030712970078,-0.7407087555144625,-0.13141756361883955
5543,-1.0276418945098729,-0.8307848291810778,0.35157646255091085
10238,-1.077294717987459,-1.1798296146392122,0.8345704887206613
4356,0.4371163980789196,-0.7857467923477701,-1.5803996421280908
13996,0.13919945721340263,0.6216918586930942,-0.13141756361883955
2113,1.1819087502427124,0.05871639827674846,-1.5803996421280908
8219,2.001180337622885,2.1417256018172277,-1.0974056159583405
10232,-1.077294717987459,-1.191089123847539,-0.13141756361883955
12120,0.18885228069098867,-0.05387869380652068,-1.0974056159583405
14564,-1.077294717987459,-1.1347915778059046,1.3175645148904118
3216,1.1074295150263334,-0.09891673063982834,-1.5803996421280908
3814,1.3805200441530574,1.7926808163590935,0.35157646255091085
8321,0.06472022199702318,-0.3128474055980397,0.35157646255091085
13175,-0.18354389539090765,-0.7857467923477701,-0.13141756361883955
2278,0.3129843393849541,0.3176851100682675,-0.13141756361883955
4599,-0.18354389539090765,0.4865777481931712,0.8345704887206613
13,-1.077294717987459,-1.1798296146392122,0.8345704887206613
14169,-0.6800721301667696,-0.6956707186811548,-0.61441158978859
12668,0.4371163980789196,0.4190206929432097,-1.5803996421280908
1525,-0.4069816010400455,-0.40292347926465505,0.35157646255091085
2365,0.16402586895219565,0.9707366441512285,0.8345704887206613
4648,-1.0524683062486662,-0.797006301556097,0.35157646255091085
11244,-1.077294717987459,-0.9884179580976545,1.3175645148904118
12197,1.9763539258840919,2.0629090373589394,-2.063393668297841
10532,-0.18354389539090765,-0.6506326818478472,0.35157646255091085
374,-1.077294717987459,-1.1798296146392122,0.35157646255091085
13070,-1.077294717987459,-0.9884179580976545,1.3175645148904118
6477,-0.258023130607287,-0.2227713319314244,0.8345704887206613
525,-0.20837030712970078,0.655470386318075,-0.13141756361883955
9131,-1.077294717987459,-1.191089123847539,1.3175645148904118
14996,0.3129843393849541,-0.6844112094728279,1.3175645148904118
12765,-1.077294717987459,-1.202348633055866,0.8345704887206613
6895,-1.077294717987459,-1.1460510870142313,1.3175645148904118
10339,-1.0524683062486662,-0.5155185713479241,0.35157646255091085
3591,1.1074295150263334,-0.26780936876473205,-2.063393668297841
11106,2.4232293371823674,2.355656276775439,-2.063393668297841
7904,0.9088182211159885,0.9932556625678823,-0.13141756361883955
2958,-1.077294717987459,-1.1010130501809237,1.3175645148904118
11815,0.3129843393849541,0.8694010612762862,0.8345704887206613
529,1.4053464558918505,1.8039403255674202,0.35157646255091085
3714,-0.48146083625642483,-0.48174004372294343,0.35157646255091085
4732,-0.48146083625642483,-0.9996774673059815,0.8345704887206613
9461,-0.5559400714728041,-0.9546394304726739,0.35157646255091085
12473,-1.077294717987459,-1.0109369765143084,1.3175645148904118
1394,-1.0524683062486662,-1.0109369765143084,0.8345704887206613
12201,1.8770482789289193,2.0291305097339585,-2.063393668297841
12582,-0.7048985419055627,0.18257099956834452,0.8345704887206613
9989,-0.9779890710322867,-0.29032838718138587,0.8345704887206613
11171,0.8839918093771955,1.2522243743594015,-0.61441158978859
9633,1.256387985459092,1.5674906321925552,0.35157646255091085
10574,-1.077294717987459,-1.202348633055866,1.3175645148904118
15131,-0.7793777771219419,0.8468820428596324,-0.61441158978859
12003,-0.6800721301667696,-0.9096013936393662,0.35157646255091085
5631,-0.08423824843573531,0.7342869507763633,0.35157646255091085
9465,-1.0524683062486662,-1.1460510870142313,-0.13141756361883955
6563,-1.077294717987459,-1.202348633055866,1.3175645148904118
4703,-1.077294717987459,-1.1460510870142313,1.3175645148904118
1712,-1.0276418945098729,-0.6506326818478472,0.8345704887206613
14970,-1.077294717987459,-1.202348633055866,1.3175645148904118
955,0.6109012802504713,0.9594771349429017,-0.13141756361883955
6675,0.06472022199702318,0.37398265610990206,-0.13141756361883955
3453,1.008123868071161,1.5562311229842283,-0.13141756361883955
9579,-0.258023130607287,-0.07639771222317451,0.35157646255091085
14412,-0.7793777771219419,0.0924949259017292,0.8345704887206613
12803,-0.10906466017452843,-0.8195253199727509,0.35157646255091085
8595,2.696319866309091,2.4682513688587084,-1.0974056159583405
2071,0.6853805154668505,0.6216918586930942,-0.61441158978859
14943,-0.13389107191332153,-0.8533038475977316,-1.0974056159583405
10169,0.6605541037280576,-0.4254424976813089,-2.5463876944675916
158,-0.13389107191332153,0.7117679323597095,0.35157646255091085
7005,0.3129843393849541,-0.03135967538986686,0.35157646255091085
12080,-0.7793777771219419,-0.9658989396810007,-0.13141756361883955
9094,-0.9779890710322867,-1.0897535409725967,1.3175645148904118
352,-0.23319671886849389,-0.9433799212643469,-0.13141756361883955
6078,-1.0276418945098729,-0.5155185713479241,-0.13141756361883955
6236,-1.077294717987459,-1.1347915778059046,1.3175645148904118
12732,0.8839918093771955,-0.4479615160979627,-1.5803996421280908
12322,-0.506287247995218,-0.3804044608480012,0.8345704887206613
8946,-0.3821551893012525,0.49783725740149815,0.8345704887206613
11163,1.306040808936678,1.590009650609209,-1.5803996421280908
15305,-0.9779890710322867,-1.07849403176427,-0.61441158978859
2920,-1.077294717987459,-1.202348633055866,0.8345704887206613
8503,0.4867692215565058,0.6667298955264018,-0.13141756361883955
4644,0.983297456332368,0.4865777481931712,-0.13141756361883955
661,-0.08423824843573531,-0.5155185713479241,-0.61441158978859
7057,0.809512574160816,1.0720722270261707,-0.61441158978859
10181,-1.0524683062486662,-1.1122725593892506,0.8345704887206613
3665,-0.8042041888607351,-1.044715504139289,-0.13141756361883955
7979,-0.8290306005995282,-0.93212041205602,0.8345704887206613
306,-1.077294717987459,-1.0897535409725967,1.3175645148904118
10527,-1.077294717987459,-1.055975013347616,0.8345704887206613
4790,-1.077294717987459,-1.067234522555943,0.8345704887206613
2356,1.5791313380634018,1.9165354176506895,-0.13141756361883955
11894,-0.9531626592934936,-0.2227713319314244,0.8345704887206613
11996,-1.077294717987459,-1.1010130501809237,0.8345704887206613
1927,-0.8786834240771144,-0.35788544243134734,0.8345704887206613
14335,-1.077294717987459,-0.7294492463061355,1.3175645148904118
3427,1.1074295150263334,1.5111930861509206,-0.61441158978859
8941,1.5046521028470228,1.8714973808173818,-0.13141756361883955
3638,-0.48146083625642483,-0.9996774673059815,0.35157646255091085
13057,-0.28284954234608,-0.3015878963897128,0.35157646255091085
1266,1.554304926324609,1.9052759084423625,-0.61441158978859
1560,-0.7545513653831489,-0.25654985955640514,0.8345704887206613
14592,-0.5807664832115972,-1.0221964857226353,0.35157646255091085
11787,1.9515275141452983,1.4098575032759781,-2.063393668297841
10326,0.5364220450340921,0.655470386318075,0.35157646255091085
7179,0.6109012802504713,0.7568059691930171,-0.61441158978859
4109,-0.6552457184279764,-0.24529035034807822,0.8345704887206613
7867,0.809512574160816,1.3423004480260168,0.35157646255091085
4904,-1.077294717987459,-0.4367020068896358,1.3175645148904118
7294,-0.8786834240771144,-1.1122725593892506,-0.13141756361883955
514,-0.30767595408487314,0.5203562758181519,0.35157646255091085
894,1.554304926324609,1.8940163992340358,0.35157646255091085
8601,0.784686162422023,1.3085219204010359,0.35157646255091085
21,-1.077294717987459,-1.1573105962225583,1.3175645148904118
11577,1.5791313380634018,0.8806605704846132,-2.063393668297841
15253,-0.8538570123383212,-0.7294492463061355,0.35157646255091085
899,0.809512574160816,1.432376521692632,-0.61441158978859
207,1.728089808496161,1.8151998347757472,-0.13141756361883955
458,1.6784369850185743,1.1508887914844592,-1.5803996421280908
10246,-0.13389107191332153,-0.8195253199727509,-0.13141756361883955
2430,0.03989381025823017,0.4077611837348828,-0.13141756361883955
8442,-1.0524683062486662,-1.044715504139289,1.3175645148904118
12398,0.08954663373581641,-0.8758228660143854,-0.61441158978859
9299,0.08954663373581641,0.903179588901267,-0.13141756361883955
3389,1.4301728676306433,1.2071863375260936,-1.5803996421280908
9905,-0.8786834240771144,-0.9208609028476931,0.8345704887206613
3911,-0.6800721301667696,-0.3804044608480012,0.35157646255091085
5383,-1.077294717987459,-0.8758228660143854,1.3175645148904118
8907,-0.9779890710322867,-0.2227713319314244,1.3175645148904118
552,-0.4069816010400455,0.46405872977651735,0.8345704887206613
9631,1.9267011024065053,1.9503139452756701,-0.61441158978859
10462,-0.9035098358159074,-0.34662593322302043,0.35157646255091085
3144,0.015067398519437164,0.5766538218597865,0.35157646255091085
6917,-0.9283362475547006,-1.1235320685975776,0.8345704887206613
2056,1.032950279809954,1.1283697730678053,-0.13141756361883955
1925,-0.48146083625642483,-0.020100166181539942,0.8345704887206613
634,0.4122899863401266,0.08123541669340228,-0.13141756361883955
6082,1.1322559267651264,1.060812717817844,0.35157646255091085
8508,0.8839918093771955,0.9819961533595555,-0.61441158978859
14246,-1.077294717987459,-1.191089123847539,0.35157646255091085
14856,0.6605541037280576,0.5879133310681134,0.35157646255091085
8619,1.1570823385039195,1.3648194664426705,0.35157646255091085
13182,-0.9531626592934936,-1.0221964857226353,-0.13141756361883955
105,1.3805200441530574,1.2297053559427475,-0.13141756361883955
3041,-1.0524683062486662,-0.4704805345146165,0.8345704887206613
12430,-1.077294717987459,-1.1798296146392122,0.8345704887206613
10361,-0.7793777771219419,-0.008840656973213026,0.35157646255091085
1709,0.6109012802504713,0.5316157850264789,-0.13141756361883955
89,-1.0276418945098729,-0.6393731726395202,0.8345704887206613
7014,-1.077294717987459,-0.8420443383894047,0.8345704887206613
10433,-0.8786834240771144,-0.12143574905648218,0.35157646255091085
3174,0.983297456332368,0.644210877109748,0.8345704887206613
917,1.330867220675471,1.7363832703174589,-0.13141756361883955
7833,1.9267011024065053,2.1192065834005738,-0.13141756361883955
6732,0.6605541037280576,1.3085219204010359,-0.13141756361883955
1949,-1.0276418945098729,-0.39166397005632814,0.8345704887206613
12236,-1.077294717987459,-0.4367020068896358,0.8345704887206613
11040,1.032950279809954,0.6216918586930942,-0.61441158978859
6368,-0.03458542495814907,0.8018440060263248,0.8345704887206613
1,-0.6552457184279764,-1.0334559949309623,0.35157646255091085
8032,-0.0594118366969423,-0.8983418844310392,-1.5803996421280908
12529,0.8839918093771955,1.027034190192863,-1.5803996421280908
6047,2.2742708667496085,2.1642446202338816,-1.0974056159583405
9127,-0.45663442451763175,-0.9884179580976545,-0.13141756361883955
15189,1.5046521028470228,2.0291305097339585,-1.0974056159583405
2720,2.050833161100471,2.1867636386505356,-0.61441158978859
8783,-0.8042041888607351,-1.0334559949309623,0.35157646255091085
15053,-1.0028154827710798,-0.6055946450145395,1.3175645148904118
3117,-0.4069816010400455,0.4302802021515366,0.8345704887206613
11128,-0.4069816010400455,0.4865777481931712,0.35157646255091085
14540,-0.258023130607287,-0.5718161173895587,-1.5803996421280908
10640,1.1570823385039195,-0.13269525826480907,-2.5463876944675916
9768,0.6109012802504713,0.13753296273503687,-0.13141756361883955
3762,0.11437304547460941,0.5316157850264789,0.8345704887206613
213,0.2385051041685749,0.8243630244429786,-0.13141756361883955
778,-0.23319671886849389,-0.5943351358062126,-1.0974056159583405
3496,-1.077294717987459,-0.5155185713479241,0.8345704887206613
15095,-0.506287247995218,0.47531823898484427,0.35157646255091085
2043,-0.009759013219356063,0.6104323494847672,0.35157646255091085
8920,-0.0594118366969423,0.7680654784013441,0.35157646255091085
5420,-0.9531626592934936,-0.9771584488893277,0.8345704887206613
6154,-1.0524683062486662,-1.067234522555943,0.8345704887206613
9759,-0.18354389539090765,-0.11017623984815525,0.35157646255091085
8357,-1.077294717987459,-1.1460510870142313,1.3175645148904118
12894,0.6357276919892645,0.8806605704846132,-1.0974056159583405
11758,-0.33250236582366627,-0.27906887797305896,0.8345704887206613
13377,0.5364220450340921,0.8581415520679594,0.35157646255091085
12625,0.8839918093771955,1.3197814296093628,-1.0974056159583405
10205,-0.5559400714728041,-1.0109369765143084,-0.61441158978859
8465,-1.077294717987459,-0.9096013936393662,0.8345704887206613
12052,-1.077294717987459,-1.191089123847539,1.3175645148904118
4167,-1.0524683062486662,-0.3353664240146935,0.8345704887206613
10960,0.5115956332952991,-0.7744872831394432,-2.5463876944675916
3788,1.80256904371254,1.8827568900257088,-0.13141756361883955
8586,-0.8538570123383212,-0.008840656973213026,1.3175645148904118
583,-0.506287247995218,0.19383050877667143,0.35157646255091085
15209,0.26333151590736814,1.0157746809845363,-1.0974056159583405
15317,-1.0276418945098729,-1.1347915778059046,0.8345704887206613
116,-0.3821551893012525,0.22760903640165217,0.35157646255091085
6644,1.231561573720299,0.44153971135986353,-2.5463876944675916
13868,-0.18354389539090765,-0.93212041205602,-0.13141756361883955
15267,-0.8538570123383212,-0.5605566081812319,0.8345704887206613
14989,-1.077294717987459,-1.1347915778059046,-1.0974056159583405
13756,1.9515275141452983,1.3985979940676512,-2.5463876944675916
8712,-1.077294717987459,-1.1122725593892506,1.3175645148904118
1763,-1.077294717987459,-1.067234522555943,-0.13141756361883955
1875,0.8591653976384023,-0.20025231351477057,-2.5463876944675916
12157,0.5364220450340921,0.7342869507763633,0.35157646255091085
11536,-0.5807664832115972,0.1713114903600176,0.8345704887206613
10445,1.2812143971978849,1.432376521692632,-1.0974056159583405
3224,-1.077294717987459,-1.067234522555943,0.8345704887206613
526,-1.077294717987459,-0.4254424976813089,0.8345704887206613
7725,1.231561573720299,0.024937870651767717,-1.5803996421280908
2946,-1.077294717987459,-1.1460510870142313,1.3175645148904118
4473,-1.077294717987459,-0.7294492463061355,0.8345704887206613
12091,-1.077294717987459,-1.0897535409725967,1.3175645148904118
5655,0.46194280981771285,1.18466731910944,-0.13141756361883955
8884,1.2812143971978849,1.3760789756509975,-0.61441158978859
6059,1.8770482789289193,1.8039403255674202,-1.5803996421280908
959,2.1749652197944367,1.7701617979424396,-1.5803996421280908
12636,1.1819087502427124,1.3873384848593244,-2.063393668297841
6342,2.2246180432720224,2.107947074192247,-1.0974056159583405
3633,0.3626371628625404,-0.8195253199727509,-1.0974056159583405
1050,-1.077294717987459,-1.1347915778059046,0.8345704887206613
8782,-1.077294717987459,-1.1685701054308852,0.35157646255091085
8711,0.75985975068323,-0.4367020068896358,-2.063393668297841
3380,0.561248456772885,0.5766538218597865,-1.0974056159583405
3676,-0.3573287775624594,-0.8533038475977316,0.8345704887206613
5776,-0.45663442451763175,-0.673151700264501,0.35157646255091085
13886,-1.077294717987459,-1.191089123847539,1.3175645148904118
6573,-0.5807664832115972,-1.0221964857226353,0.35157646255091085
5179,-1.077294717987459,-0.9096013936393662,0.8345704887206613
1607,-0.5311136597340109,0.3064256008599406,0.35157646255091085
3610,-1.077294717987459,-1.1460510870142313,0.35157646255091085
14973,-0.18354389539090765,-0.9208609028476931,-2.5463876944675916
6635,-0.03458542495814907,-0.26780936876473205,0.8345704887206613
15338,-1.077294717987459,-1.1010130501809237,0.8345704887206613
10001,-0.13389107191332153,0.6216918586930942,0.8345704887206613
791,-1.0276418945098729,-0.8645633568060586,0.8345704887206613
8984,2.1253123963168505,1.9052759084423625,-1.0974056159583405
3056,0.784686162422023,1.2522243743594015,0.35157646255091085
10047,-0.8786834240771144,-0.04261918459819377,-0.13141756361883955
1980,0.561248456772885,1.2297053559427475,0.8345704887206613
11425,1.9267011024065053,1.466155049317613,-2.063393668297841
3598,-0.03458542495814907,-0.661892191056174,0.8345704887206613
933,-0.4069816010400455,0.3965016745265559,0.35157646255091085
12155,0.015067398519437164,0.37398265610990206,-0.61441158978859
13193,-1.0028154827710798,-0.9884179580976545,0.8345704887206613
7424,2.0756595728392635,1.8377188531924011,-1.5803996421280908
5626,-0.8538570123383212,-0.03135967538986686,0.8345704887206613
1682,1.330867220675471,1.421117012484305,-0.61441158978859
4179,-1.077294717987459,-0.4254424976813089,0.8345704887206613
12218,0.26333151590736814,1.03829369940119,-0.61441158978859
13156,-0.5559400714728041,-0.9884179580976545,-0.13141756361883955
6446,0.6109012802504713,0.779324987609671,0.8345704887206613
4116,1.7777426319737468,1.3085219204010359,-1.5803996421280908
988,0.11437304547460941,0.12627345352670993,0.35157646255091085
11703,-1.0028154827710798,-1.1122725593892506,1.3175645148904118
11645,0.3129843393849541,-0.673151700264501,0.35157646255091085
2896,0.46194280981771285,-0.7857467923477701,-1.5803996421280908
3778,2.199791631533229,1.9953519821089778,-0.13141756361883955
5658,2.5970142193539187,2.490770387275362,-0.61441158978859
11722,-1.077294717987459,-1.1122725593892506,1.3175645148904118
3093,0.06472022199702318,0.8919200796929401,0.35157646255091085
3155,-0.23319671886849389,0.28390658244328676,0.35157646255091085
11393,-0.8290306005995282,-0.6055946450145395,0.8345704887206613
1823,-1.077294717987459,-1.202348633055866,1.3175645148904118
14776,0.08954663373581641,0.903179588901267,0.35157646255091085
1098,-1.077294717987459,-1.191089123847539,0.8345704887206613
10396,0.7350333389444368,1.3760789756509975,-1.0974056159583405
2844,-0.08423824843573531,-0.40292347926465505,-0.13141756361883955
9078,-0.9531626592934936,-1.0109369765143084,0.8345704887206613
3342,0.16402586895219565,-0.34662593322302043,-0.13141756361883955
38,-0.6055928949503904,-0.8307848291810778,0.35157646255091085
6540,-0.7545513653831489,-1.0109369765143084,0.35157646255091085
14359,0.983297456332368,1.1396292822761322,-0.61441158978859
8707,0.08954663373581641,-0.5718161173895587,-0.61441158978859
3356,-0.20837030712970078,-0.2227713319314244,0.35157646255091085
13025,-0.23319671886849389,0.19383050877667143,-0.13141756361883955
9645,-0.5311136597340109,0.3176851100682675,0.8345704887206613
11745,-0.23319671886849389,-0.48174004372294343,-1.0974056159583405
11801,1.728089808496161,1.5562311229842283,-2.063393668297841
12857,0.6853805154668505,0.28390658244328676,-1.5803996421280908
10698,-0.258023130607287,0.22760903640165217,-0.13141756361883955
11186,0.9088182211159885,1.0833317362344976,-1.0974056159583405
12191,-0.9035098358159074,-0.13269525826480907,0.35157646255091085
7813,-1.077294717987459,-0.4367020068896358,1.3175645148904118
14926,-0.258023130607287,-0.7744872831394432,-0.61441158978859
9098,-1.077294717987459,-1.1685701054308852,0.8345704887206613
8220,1.6784369850185743,1.9503139452756701,-0.61441158978859
14171,-1.077294717987459,-1.0109369765143084,1.3175645148904118
10699,1.1819087502427124,1.1508887914844592,-1.0974056159583405
2428,1.256387985459092,1.162148300692786,-0.61441158978859
5043,-0.7793777771219419,-0.8082658107644239,0.8345704887206613
5346,0.46194280981771285,0.7680654784013441,-0.61441158978859
8954,-0.7297249536443557,0.12627345352670993,0.8345704887206613
11939,-1.077294717987459,-0.7519682647227893,0.8345704887206613
4811,0.2385051041685749,-0.09891673063982834,0.35157646255091085
8476,-0.30767595408487314,-0.20025231351477057,0.8345704887206613
686,-1.077294717987459,-1.1460510870142313,0.8345704887206613
4799,-0.9035098358159074,-0.8758228660143854,-0.61441158978859
7437,0.015067398519437164,0.6892489139430557,0.8345704887206613
2353,-1.0276418945098729,-0.27906887797305896,1.3175645148904118
6353,-1.077294717987459,-0.4367020068896358,1.3175645148904118
13717,-0.9035098358159074,-0.14395476747313599,0.8345704887206613
4569,2.1749652197944367,2.231801675483843,-0.61441158978859
8213,0.7102069272056438,1.3535599572343435,0.35157646255091085
2752,1.3805200441530574,1.713864251900805,-0.13141756361883955
9077,-0.8042041888607351,-0.93212041205602,1.3175645148904118
8073,-0.30767595408487314,-0.7294492463061355,-0.13141756361883955
9109,-1.077294717987459,-1.202348633055866,1.3175645148904118
1040,-0.18354389539090765,-0.6956707186811548,-0.13141756361883955
13622,-0.15871748365211455,0.3176851100682675,0.35157646255091085
7491,1.08260310328754,1.578750141400882,-0.13141756361883955
1265,-0.8786834240771144,-0.03135967538986686,0.8345704887206613
12771,0.18885228069098867,-0.8645633568060586,-1.0974056159583405
14236,-1.077294717987459,-1.202348633055866,1.3175645148904118
7059,-0.20837030712970078,0.3965016745265559,1.3175645148904118
277,1.1819087502427124,0.250128054818306,-1.0974056159583405
5084,-0.9283362475547006,-1.1122725593892506,0.8345704887206613
10276,-1.077294717987459,-1.0334559949309623,1.3175645148904118
9437,-1.077294717987459,-1.0897535409725967,1.3175645148904118
2382,1.306040808936678,1.7026047426924782,-0.13141756361883955
571,2.3735765137047813,2.1867636386505356,-2.063393668297841
1435,0.16402586895219565,-0.8420443383894047,-0.61441158978859
12094,0.9584710445935745,-0.3015878963897128,-2.063393668297841
9439,0.16402586895219565,-0.5718161173895587,-0.61441158978859
5352,1.2067351619815054,1.0945912454428246,-0.61441158978859
12873,-0.9283362475547006,-0.5155185713479241,-0.13141756361883955
11718,-0.10906466017452843,-0.7294492463061355,-0.61441158978859
10706,0.46194280981771285,0.8243630244429786,-1.5803996421280908
5445,-0.7048985419055627,-0.9996774673059815,0.35157646255091085
1007,-0.7793777771219419,-0.6281136634311933,0.8345704887206613
12962,-0.10906466017452843,0.7455464599846903,-0.13141756361883955
4543,-0.03458542495814907,0.8018440060263248,0.35157646255091085
12987,1.6287841615409884,1.8039403255674202,-2.063393668297841
13544,-1.0524683062486662,-1.0897535409725967,1.3175645148904118
14241,0.26333151590736814,-0.8420443383894047,-2.5463876944675916
2064,0.33781075112374737,0.5991728402764404,-1.0974056159583405
1136,-0.08423824843573531,-0.6168541542228664,0.35157646255091085
9882,0.21367869242978188,-0.7294492463061355,-2.5463876944675916
14214,-0.20837030712970078,-0.8983418844310392,0.35157646255091085
5343,1.330867220675471,1.3085219204010359,0.35157646255091085
10177,-0.5559400714728041,-0.8645633568060586,-0.61441158978859
294,-0.10906466017452843,-0.5042590621395973,-0.61441158978859
9739,1.2067351619815054,1.027034190192863,-0.61441158978859
10204,0.3129843393849541,-0.8195253199727509,-2.063393668297841
8780,-0.9531626592934936,-1.1010130501809237,0.35157646255091085
11521,0.4867692215565058,1.1171102638594783,-0.61441158978859
2403,0.8839918093771955,1.2747433927760552,0.35157646255091085
10321,1.8522218671901263,1.2634838835677282,-2.5463876944675916
3998,-1.077294717987459,-1.202348633055866,0.8345704887206613
14324,1.330867220675471,0.7005084231513826,-1.5803996421280908
3741,1.4053464558918505,0.9256986073179209,-1.5803996421280908
11700,-1.077294717987459,-1.1798296146392122,1.3175645148904118
14166,-1.0028154827710798,-0.8870823752227124,0.35157646255091085
2719,2.150138808055643,2.24306118469217,-1.0974056159583405
14137,0.21367869242978188,0.18257099956834452,-0.13141756361883955
12713,-1.077294717987459,-1.0334559949309623,0.8345704887206613
5150,-1.0276418945098729,-1.044715504139289,0.8345704887206613
2808,1.231561573720299,0.779324987609671,-1.5803996421280908
9017,0.6357276919892645,0.49783725740149815,0.35157646255091085
556,-1.0524683062486662,-0.35788544243134734,0.8345704887206613
13706,-0.5559400714728041,0.3064256008599406,0.35157646255091085
4795,0.784686162422023,-0.25654985955640514,-1.5803996421280908
2469,1.008123868071161,0.18257099956834452,-1.5803996421280908
3738,0.6357276919892645,0.47531823898484427,0.35157646255091085
4286,0.9336446328547815,0.3289446192765944,-0.61441158978859
12643,-0.009759013219356063,0.5428752942348057,-2.063393668297841
9908,-0.0594118366969423,-0.5492970989729049,-0.13141756361883955
2604,-1.077294717987459,-1.044715504139289,1.3175645148904118
362,0.2881579276461611,-0.8307848291810778,-0.61441158978859
6924,-1.077294717987459,-1.202348633055866,1.3175645148904118
1704,-0.9779890710322867,-0.5155185713479241,0.35157646255091085
2139,-0.9531626592934936,-1.0221964857226353,1.3175645148904118
3239,0.784686162422023,-0.5155185713479241,-1.5803996421280908
2383,-0.10906466017452843,0.7005084231513826,0.8345704887206613
7314,-0.258023130607287,-0.9096013936393662,0.35157646255091085
4311,-1.0524683062486662,-0.9771584488893277,0.8345704887206613
9477,-1.077294717987459,-1.202348633055866,1.3175645148904118
1312,-1.0524683062486662,-0.4592210253062896,0.8345704887206613
14476,-0.10906466017452843,0.3965016745265559,0.35157646255091085
3930,0.08954663373581641,-0.18899280430644366,-1.0974056159583405
6183,-1.077294717987459,-1.191089123847539,1.3175645148904118
13302,1.1819087502427124,1.6350476874425166,-1.0974056159583405
1591,0.6109012802504713,1.0945912454428246,-0.13141756361883955
14415,-0.03458542495814907,0.8131035152346517,-0.13141756361883955
2162,-1.077294717987459,-1.191089123847539,0.8345704887206613
2396,1.4053464558918505,1.6575667058591705,-1.0974056159583405
317,-1.0524683062486662,-1.1010130501809237,1.3175645148904118
9516,-1.077294717987459,-1.1573105962225583,0.35157646255091085
11303,-0.30767595408487314,-0.9546394304726739,-1.0974056159583405
5233,0.7102069272056438,1.03829369940119,-1.0974056159583405
13789,0.6605541037280576,0.0924949259017292,-0.61441158978859
5068,-1.077294717987459,-1.1460510870142313,0.8345704887206613
4036,-1.077294717987459,-1.1573105962225583,0.35157646255091085
8987,2.0260067493616774,1.8039403255674202,-2.063393668297841
3020,-0.258023130607287,0.13753296273503687,0.8345704887206613
9903,-0.7048985419055627,-0.8420443383894047,-0.61441158978859
11579,-1.077294717987459,-0.7857467923477701,0.35157646255091085
8228,1.4549992793694364,1.7814213071507665,-0.61441158978859
12741,0.6853805154668505,-0.5943351358062126,-2.063393668297841
9105,-1.077294717987459,-1.191089123847539,0.8345704887206613
5295,2.0260067493616774,-1.600072495240129e-16,-1.0974056159583405
3972,0.8591653976384023,-0.5267780805562511,-2.5463876944675916
5370,-0.8786834240771144,-0.5155185713479241,0.8345704887206613
4133,-1.0028154827710798,-0.40292347926465505,0.8345704887206613
974,-0.6552457184279764,-0.20025231351477057,0.35157646255091085
7291,-0.506287247995218,-1.0109369765143084,0.35157646255091085
9175,-0.3573287775624594,-0.673151700264501,0.8345704887206613
954,1.7529162202349537,1.6350476874425166,-1.0974056159583405
9610,0.015067398519437164,0.5090967666098251,-0.13141756361883955
9752,1.2067351619815054,0.7005084231513826,-0.61441158978859
12327,-0.4069816010400455,-0.3804044608480012,0.35157646255091085
14419,2.398402925443574,-0.9208609028476931,0.35157646255091085
12457,0.06472022199702318,-0.5943351358062126,-0.13141756361883955
9547,-0.10906466017452843,-0.5155185713479241,-0.61441158978859
14295,-0.8786834240771144,-0.8645633568060586,1.3175645148904118
5016,-1.077294717987459,-0.8758228660143854,1.3175645148904118
14929,-0.9035098358159074,-1.0221964857226353,1.3175645148904118
9179,-0.506287247995218,-0.6956707186811548,0.35157646255091085
10874,1.1570823385039195,0.13753296273503687,-2.5463876944675916
7490,0.8839918093771955,1.454895540109286,0.35157646255091085
13239,0.06472022199702318,0.23886854560997908,-0.61441158978859
1640,-1.0028154827710798,-0.2227713319314244,0.8345704887206613
1290,-0.9035098358159074,-0.09891673063982834,0.8345704887206613
11873,0.809512574160816,1.3985979940676512,-0.61441158978859
1380,-1.077294717987459,-0.9771584488893277,-0.13141756361883955
1933,1.306040808936678,1.2184458467344206,-0.61441158978859
4675,-0.6552457184279764,-0.7181897370978086,0.35157646255091085
14028,-1.077294717987459,-0.4254424976813089,1.3175645148904118
11352,0.7102069272056438,-0.5267780805562511,-1.5803996421280908
10222,-1.0524683062486662,-1.1798296146392122,0.8345704887206613
892,-0.5807664832115972,0.3064256008599406,1.3175645148904118
7287,-1.0524683062486662,-1.1798296146392122,1.3175645148904118
4876,0.9336446328547815,1.2860029019843822,0.35157646255091085
12261,-0.9779890710322867,-0.26780936876473205,0.35157646255091085
7906,2.001180337622885,1.5337121045675743,-2.063393668297841
12447,-1.077294717987459,-1.1347915778059046,1.3175645148904118
8194,2.001180337622885,2.1529851110255547,-1.0974056159583405
14405,1.1570823385039195,1.6463071966508436,-0.13141756361883955
10301,0.983297456332368,0.44153971135986353,-0.13141756361883955
9041,-1.0524683062486662,-0.8645633568060586,0.8345704887206613
10929,-0.3821551893012525,-0.9546394304726739,-1.0974056159583405
2466,-0.13389107191332153,-0.24529035034807822,0.35157646255091085
7657,0.75985975068323,-0.7632277739311163,-2.063393668297841
10106,-1.077294717987459,-0.7069302278894817,0.8345704887206613
9788,-0.6552457184279764,-0.7069302278894817,0.8345704887206613
1913,-1.077294717987459,-0.7519682647227893,-0.13141756361883955
13331,0.26333151590736814,1.027034190192863,-0.61441158978859
11362,-0.28284954234608,-0.6956707186811548,-0.13141756361883955
2736,1.1322559267651264,1.6350476874425166,-0.13141756361883955
726,0.33781075112374737,-0.8307848291810778,-1.0974056159583405
7214,-1.0276418945098729,-0.8195253199727509,-0.13141756361883955
8245,1.1074295150263334,1.432376521692632,-0.13141756361883955
1796,0.4867692215565058,-0.7632277739311163,-0.61441158978859
3845,1.4301728676306433,1.7589022887341126,-1.0974056159583405
6402,-0.506287247995218,0.35146363769324823,0.8345704887206613
10745,-1.0276418945098729,-0.29032838718138587,0.8345704887206613
10992,0.11437304547460941,-0.6281136634311933,-0.13141756361883955
936,-0.48146083625642483,0.3064256008599406,0.8345704887206613
2265,-0.4069816010400455,-0.29032838718138587,0.35157646255091085
824,-1.077294717987459,-0.7069302278894817,1.3175645148904118
12513,-0.7793777771219419,-0.3241069148063666,0.8345704887206613
7274,-1.077294717987459,-1.1798296146392122,1.3175645148904118
11593,-1.077294717987459,-0.8870823752227124,0.8345704887206613
1389,-1.077294717987459,-1.0221964857226353,1.3175645148904118
3564,-1.077294717987459,-0.93212041205602,0.8345704887206613
9076,0.983297456332368,-0.3804044608480012,-1.0974056159583405
5429,0.9088182211159885,-0.4704805345146165,-0.61441158978859
7827,0.75985975068323,1.3760789756509975,-0.61441158978859
5690,0.11437304547460941,0.7568059691930171,0.35157646255091085
13059,0.2385051041685749,-0.08765722143150143,-0.61441158978859
7878,0.784686162422023,1.2409648651510745,0.35157646255091085
1868,0.03989381025823017,-0.5605566081812319,-0.61441158978859
13373,-1.077294717987459,-0.5830756265978857,1.3175645148904118
8202,-1.0276418945098729,-0.26780936876473205,0.8345704887206613
11607,-0.03458542495814907,-0.3353664240146935,0.35157646255091085
7486,-0.5311136597340109,0.36272314690157514,0.8345704887206613
9655,2.7211462780478843,2.5470679333169968,-0.13141756361883955
806,-0.10906466017452843,-0.08765722143150143,-0.61441158978859
4805,0.26333151590736814,-0.27906887797305896,-0.13141756361883955
13558,-0.20837030712970078,-0.6168541542228664,-0.13141756361883955
12260,2.2742708667496085,2.1192065834005738,-2.5463876944675916
10300,0.6605541037280576,0.27264707323495985,-0.61441158978859
14050,1.6784369850185743,1.984092472900651,-2.063393668297841
15275,-0.48146083625642483,-0.6281136634311933,-0.61441158978859
10426,-0.3573287775624594,0.45279922056819044,-0.13141756361883955
9155,0.26333151590736814,-0.6844112094728279,-0.61441158978859
7511,1.08260310328754,1.443636030900959,-0.61441158978859
8056,-1.077294717987459,-1.1573105962225583,1.3175645148904118
4494,1.2067351619815054,1.2297053559427475,-0.13141756361883955
2632,0.08954663373581641,0.024937870651767717,-0.13141756361883955
13667,-1.0524683062486662,-0.34662593322302043,1.3175645148904118
8896,0.5860748685116783,1.0833317362344976,-0.61441158978859
8623,-0.08423824843573531,0.5090967666098251,0.35157646255091085
7832,1.1322559267651264,1.6350476874425166,0.35157646255091085
4388,-0.0594118366969423,-0.8758228660143854,-0.61441158978859
145,-0.8538570123383212,-0.04261918459819377,0.8345704887206613
6467,1.728089808496161,0.8581415520679594,-2.063393668297841
2033,0.2385051041685749,0.8806605704846132,0.35157646255091085
14012,0.11437304547460941,0.7680654784013441,0.35157646255091085
1165,0.983297456332368,0.3402041284849213,-0.61441158978859
11692,-0.506287247995218,-0.9884179580976545,0.35157646255091085
2050,1.032950279809954,1.2184458467344206,-1.0974056159583405
3760,0.6605541037280576,0.8468820428596324,0.35157646255091085
10816,0.3626371628625404,0.8018440060263248,-0.13141756361883955
12676,-0.20837030712970078,-0.05387869380652068,-1.0974056159583405
4435,-0.9779890710322867,-0.9208609028476931,0.35157646255091085
3430,-0.9283362475547006,-0.14395476747313599,0.8345704887206613
8190,0.7350333389444368,1.3535599572343435,-0.13141756361883955
14341,-0.8290306005995282,-0.34662593322302043,0.35157646255091085
7069,1.1074295150263334,1.4098575032759781,0.35157646255091085
4361,-1.077294717987459,-1.202348633055866,1.3175645148904118
10616,-0.506287247995218,-0.8983418844310392,-1.0974056159583405
9454,0.2385051041685749,-0.7069302278894817,-0.13141756361883955
1771,-1.0276418945098729,-1.055975013347616,0.8345704887206613
3511,0.809512574160816,1.0833317362344976,-0.13141756361883955
271,0.6357276919892645,0.14879247194336379,-0.13141756361883955
12984,-0.15871748365211455,0.6216918586930942,-1.0974056159583405
15308,-1.077294717987459,-1.1122725593892506,1.3175645148904118
8436,-0.009759013219356063,-0.6506326818478472,0.35157646255091085
12605,2.299097278488402,2.2993587307338044,-2.5463876944675916
12764,-0.8786834240771144,-1.1010130501809237,-1.0974056159583405
2032,-0.8538570123383212,-0.08765722143150143,0.35157646255091085
14711,-0.18354389539090765,0.22760903640165217,-0.13141756361883955
12316,-0.28284954234608,-0.17773329509811675,-0.61441158978859
9005,-1.0028154827710798,-0.5042590621395973,0.8345704887206613
14836,0.6605541037280576,0.9594771349429017,-0.61441158978859
3810,0.3626371628625404,1.0945912454428246,0.35157646255091085
13784,-1.0276418945098729,-0.797006301556097,0.35157646255091085
9996,-1.0524683062486662,-0.39166397005632814,0.8345704887206613
14094,-0.258023130607287,0.44153971135986353,0.8345704887206613
4346,0.26333151590736814,-0.7294492463061355,-0.13141756361883955
10653,-0.5807664832115972,-0.538037589764578,0.35157646255091085
545,0.4122899863401266,1.1396292822761322,-0.13141756361883955
3241,0.13919945721340263,-0.6956707186811548,-0.61441158978859
8930,2.0756595728392635,2.209282657067189,-0.13141756361883955
8502,1.3556936324142643,1.1508887914844592,-0.61441158978859
11713,-1.077294717987459,-1.1460510870142313,1.3175645148904118
9323,-0.45663442451763175,0.3965016745265559,0.8345704887206613
15217,-0.9035098358159074,0.04745688906842155,0.8345704887206613
12303,2.001180337622885,1.1396292822761322,-2.5463876944675916
10961,-1.077294717987459,-1.191089123847539,-0.13141756361883955
7564,1.1074295150263334,0.5766538218597865,-0.61441158978859
920,-0.13389107191332153,0.6892489139430557,0.35157646255091085
14000,-0.28284954234608,0.35146363769324823,0.35157646255091085
11779,-0.8538570123383212,-0.4254424976813089,-0.61441158978859
6640,-1.077294717987459,-0.9096013936393662,0.8345704887206613
12151,-1.077294717987459,-0.673151700264501,0.8345704887206613
7694,-0.8786834240771144,-1.0221964857226353,0.35157646255091085
8230,0.4122899863401266,1.0833317362344976,0.35157646255091085
12651,1.728089808496161,1.466155049317613,-2.5463876944675916
7126,-1.077294717987459,-0.4367020068896358,1.3175645148904118
4278,-0.3573287775624594,-0.17773329509811675,0.8345704887206613
2983,1.008123868071161,0.18257099956834452,0.35157646255091085
130,-1.0524683062486662,-0.41418298847298196,1.3175645148904118
13409,-0.48146083625642483,-0.25654985955640514,-0.13141756361883955
7980,-1.0276418945098729,-1.055975013347616,0.8345704887206613
2667,-0.23319671886849389,0.28390658244328676,0.35157646255091085
7138,1.47982569110823,1.7589022887341126,-0.13141756361883955
3223,0.03989381025823017,-0.5267780805562511,-0.61441158978859
9374,0.9088182211159885,0.8468820428596324,-1.0974056159583405
7693,0.4122899863401266,-0.6506326818478472,-0.13141756361883955
5392,-0.23319671886849389,-0.34662593322302043,0.35157646255091085
614,1.4549992793694364,0.9256986073179209,-1.5803996421280908
15195,1.3805200441530574,1.7926808163590935,0.8345704887206613
1466,-1.077294717987459,-1.191089123847539,0.8345704887206613
4497,-0.15871748365211455,0.38524216531822897,0.35157646255091085
3042,-1.0276418945098729,-0.41418298847298196,0.8345704887206613
9126,-0.4069816010400455,-0.9771584488893277,-0.13141756361883955
2419,-0.3573287775624594,0.250128054818306,-0.13141756361883955
5085,-0.9779890710322867,-1.1347915778059046,-0.13141756361883955
3294,-1.077294717987459,-1.191089123847539,0.8345704887206613
6737,-0.258023130607287,0.6216918586930942,0.8345704887206613
1500,-0.03458542495814907,-0.6168541542228664,-0.61441158978859
13014,1.008123868071161,1.1171102638594783,-0.61441158978859
9018,-0.08423824843573531,0.0924949259017292,0.8345704887206613
1521,-1.077294717987459,-0.9433799212643469,1.3175645148904118
13999,-0.7048985419055627,-0.03135967538986686,0.35157646255091085
11122,1.7777426319737468,2.0291305097339585,-0.61441158978859
4232,2.0756595728392635,1.9277949268590164,-2.5463876944675916
7686,-0.13389107191332153,-0.8420443383894047,-0.13141756361883955
8820,-0.5559400714728041,-0.661892191056174,0.8345704887206613
4430,0.08954663373581641,-0.48174004372294343,-0.13141756361883955
12045,-1.0524683062486662,-1.1798296146392122,-0.13141756361883955
390,-0.3573287775624594,-0.8420443383894047,-1.0974056159583405
12537,0.809512574160816,1.0945912454428246,-0.61441158978859
15133,-0.23319671886849389,0.7905844968179979,0.8345704887206613
7124,-0.8786834240771144,-0.04261918459819377,0.8345704887206613
5913,0.5115956332952991,0.12627345352670993,0.8345704887206613
12182,-1.077294717987459,-0.49299955293127035,0.8345704887206613
8592,1.3556936324142643,1.725123761109132,-0.61441158978859
4806,-1.077294717987459,-0.9884179580976545,1.3175645148904118
13327,-0.5807664832115972,0.3176851100682675,-0.61441158978859
13748,-0.20837030712970078,0.28390658244328676,0.35157646255091085
11551,-0.6552457184279764,-0.020100166181539942,0.8345704887206613
8238,-1.0276418945098729,-0.3353664240146935,0.8345704887206613
8044,-0.4318080127788386,-0.9546394304726739,0.8345704887206613
15012,0.3129843393849541,-0.4367020068896358,-0.61441158978859
3993,-1.077294717987459,-1.191089123847539,0.8345704887206613
11834,-0.4069816010400455,0.4190206929432097,0.35157646255091085
11918,1.5294785145858159,1.3985979940676512,-1.5803996421280908
14660,-0.13389107191332153,-0.5267780805562511,0.35157646255091085
13400,-0.5559400714728041,-0.2115118227230975,0.35157646255091085
6609,-1.077294717987459,-1.1122725593892506,1.3175645148904118
5319,1.1074295150263334,1.466155049317613,-0.61441158978859
15101,-0.48146083625642483,2.6709225346085925,-2.5463876944675916
7119,-0.7545513653831489,0.12627345352670993,0.35157646255091085
2421,-1.0028154827710798,-0.4367020068896358,0.8345704887206613
5604,-0.8786834240771144,-0.17773329509811675,1.3175645148904118
1750,0.4371163980789196,-0.2340308411397513,0.35157646255091085
15071,2.0756595728392635,1.7476427795257858,-1.5803996421280908
13845,-1.0276418945098729,-1.1235320685975776,0.8345704887206613
12254,-0.13389107191332153,0.632951367901421,0.35157646255091085
14911,-1.0524683062486662,-1.0334559949309623,1.3175645148904118
338,-1.077294717987459,-1.191089123847539,1.3175645148904118
8407,-1.077294717987459,-1.191089123847539,1.3175645148904118
11855,-1.0524683062486662,-0.3353664240146935,0.35157646255091085
1341,1.3805200441530574,0.9594771349429017,-1.0974056159583405
14651,-0.03458542495814907,-0.5943351358062126,-0.61441158978859
7982,-1.0524683062486662,-1.07849403176427,0.8345704887206613
12086,0.561248456772885,-0.5155185713479241,-1.5803996421280908
3640,-0.03458542495814907,-0.9096013936393662,-0.61441158978859
329,-1.077294717987459,-1.1685701054308852,1.3175645148904118
13562,0.2881579276461611,-0.40292347926465505,-0.61441158978859
3004,-1.077294717987459,-0.7857467923477701,1.3175645148904118
6960,-1.0028154827710798,-1.1010130501809237,0.8345704887206613
4090,0.6605541037280576,0.250128054818306,-0.61441158978859
11307,-1.077294717987459,-1.202348633055866,-0.13141756361883955
9828,-0.9779890710322867,-1.1010130501809237,0.8345704887206613
2322,-1.077294717987459,-0.49299955293127035,1.3175645148904118
6667,0.16402586895219565,0.3289446192765944,0.35157646255091085
7009,-0.23319671886849389,-0.2340308411397513,0.35157646255091085
4197,0.9088182211159885,1.4886740677342667,-0.13141756361883955
3549,0.2881579276461611,0.13753296273503687,-1.5803996421280908
9650,0.5860748685116783,1.2409648651510745,0.35157646255091085
8363,-0.10906466017452843,-0.8195253199727509,0.35157646255091085
4203,-0.3573287775624594,0.5090967666098251,-0.13141756361883955
14303,0.2385051041685749,-0.27906887797305896,0.35157646255091085
11761,0.18885228069098867,0.04745688906842155,0.35157646255091085
12418,-1.077294717987459,-1.191089123847539,1.3175645148904118
14064,1.1819087502427124,1.6463071966508436,-1.0974056159583405
13350,1.5294785145858159,1.7589022887341126,-1.5803996421280908
13815,-0.258023130607287,-0.6393731726395202,0.35157646255091085
6185,0.21367869242978188,-0.8420443383894047,0.35157646255091085
1639,1.6287841615409884,1.9390544360673434,-0.13141756361883955
9130,-1.077294717987459,-1.191089123847539,1.3175645148904118
60,-1.077294717987459,-0.9433799212643469,1.3175645148904118
1240,1.4301728676306433,1.7363832703174589,-0.13141756361883955
5760,0.21367869242978188,-0.18899280430644366,0.35157646255091085
5136,-1.077294717987459,-1.1460510870142313,1.3175645148904118
2343,2.646667042831505,2.4795108780670354,-2.063393668297841
2120,-0.009759013219356063,-0.4592210253062896,-0.13141756361883955
1524,0.561248456772885,0.04745688906842155,-0.13141756361883955
7617,-0.08423824843573531,-0.6844112094728279,0.35157646255091085
153,-0.5807664832115972,0.29516609165161367,1.3175645148904118
481,-1.0524683062486662,-0.49299955293127035,0.8345704887206613
6122,-1.0276418945098729,-0.8533038475977316,0.8345704887206613
12652,-0.8786834240771144,-0.3015878963897128,-1.5803996421280908
7674,-0.7545513653831489,-1.055975013347616,-0.13141756361883955
7101,-1.0028154827710798,-0.2227713319314244,0.8345704887206613
12112,-1.077294717987459,-0.9771584488893277,1.3175645148904118
1762,0.983297456332368,-0.24529035034807822,-2.5463876944675916
8942,0.8343389858996093,1.443636030900959,-0.13141756361883955
7715,-0.5311136597340109,-0.7407087555144625,0.35157646255091085
9977,0.4122899863401266,0.8018440060263248,-0.13141756361883955
13945,0.33781075112374737,-0.020100166181539942,0.8345704887206613
7479,0.75985975068323,1.3985979940676512,-0.61441158978859
6212,-0.8538570123383212,-1.0897535409725967,0.8345704887206613
12693,-0.5559400714728041,-0.4704805345146165,0.8345704887206613
4853,-0.30767595408487314,0.18257099956834452,0.35157646255091085
2711,0.983297456332368,1.5111930861509206,-0.13141756361883955
6766,0.6109012802504713,1.2409648651510745,-0.13141756361883955
4150,0.11437304547460941,0.7680654784013441,-0.13141756361883955
12385,-1.0524683062486662,-1.1460510870142313,0.35157646255091085
1333,0.21367869242978188,0.5428752942348057,-0.13141756361883955
14450,1.80256904371254,1.8827568900257088,-2.063393668297841
11046,0.6109012802504713,0.5203562758181519,-0.61441158978859
8378,0.2881579276461611,-0.8307848291810778,-0.61441158978859
9328,0.13919945721340263,0.8694010612762862,0.8345704887206613
14418,1.5046521028470228,1.8714973808173818,-1.0974056159583405
14893,-1.077294717987459,-0.9658989396810007,1.3175645148904118
10250,-1.0524683062486662,-1.1235320685975776,0.35157646255091085
14005,-0.7297249536443557,-0.008840656973213026,0.8345704887206613
3850,1.554304926324609,1.8039403255674202,-0.13141756361883955
8340,1.057776691548747,-0.27906887797305896,-1.5803996421280908
4124,1.1570823385039195,1.1283697730678053,-0.13141756361883955
13081,-0.4318080127788386,-0.661892191056174,-0.13141756361883955
13764,0.4371163980789196,0.4077611837348828,-0.13141756361883955
11555,-0.9283362475547006,-0.34662593322302043,1.3175645148904118
4788,-0.6304193066891834,-0.8195253199727509,-0.13141756361883955
2866,0.9088182211159885,-0.39166397005632814,-0.61441158978859
11968,-1.0524683062486662,-0.8983418844310392,1.3175645148904118
1386,-0.48146083625642483,-0.6055946450145395,0.35157646255091085
5941,1.7777426319737468,1.2860029019843822,-0.13141756361883955
3067,0.18885228069098867,0.903179588901267,0.8345704887206613
13912,-1.077294717987459,-1.1122725593892506,1.3175645148904118
3629,-1.0524683062486662,-1.1798296146392122,0.8345704887206613
14525,-0.6800721301667696,-0.6055946450145395,-0.61441158978859
12989,0.26333151590736814,0.9144390981095939,-1.0974056159583405
13741,2.199791631533229,1.7926808163590935,-2.5463876944675916
3028,1.8770482789289193,1.5111930861509206,-2.5463876944675916
2969,-0.8290306005995282,-0.8645633568060586,0.35157646255091085
11664,-0.5559400714728041,-1.0109369765143084,-0.13141756361883955
9900,0.03989381025823017,-0.6055946450145395,-1.0974056159583405
11145,-0.5311136597340109,0.3402041284849213,0.8345704887206613
8646,-0.30767595408487314,0.03619737986009463,-0.13141756361883955
6136,-0.7297249536443557,-0.7519682647227893,0.8345704887206613
8801,0.6357276919892645,-0.4704805345146165,-1.0974056159583405
4263,-0.30767595408487314,0.03619737986009463,-0.13141756361883955
13018,1.1819087502427124,1.1508887914844592,-1.0974056159583405
645,0.2385051041685749,-0.16647378588978984,-0.61441158978859
14823,0.561248456772885,1.049553208609517,-0.61441158978859
2074,0.4867692215565058,0.46405872977651735,-0.61441158978859
12244,-0.6552457184279764,0.20509001798499835,1.3175645148904118
341,-1.077294717987459,-1.191089123847539,0.8345704887206613
8041,0.03989381025823017,-0.8533038475977316,-0.61441158978859
1622,-0.0594118366969423,0.779324987609671,0.35157646255091085
12875,-0.5311136597340109,-0.1552142766814629,-0.61441158978859
7141,1.032950279809954,1.454895540109286,-0.13141756361883955
5796,-1.077294717987459,-1.1347915778059046,1.3175645148904118
7184,-0.5559400714728041,-0.13269525826480907,1.3175645148904118
14327,-1.077294717987459,-0.7857467923477701,1.3175645148904118
8232,2.100485984578057,2.1304660926089007,-0.13141756361883955
5475,-1.077294717987459,-1.202348633055866,0.8345704887206613
10281,-0.8290306005995282,-0.8082658107644239,1.3175645148904118
12116,-1.077294717987459,-0.9208609028476931,1.3175645148904118
10367,-1.077294717987459,-0.4479615160979627,1.3175645148904118
14218,-1.077294717987459,-1.191089123847539,1.3175645148904118
74,-1.077294717987459,-0.8420443383894047,1.3175645148904118
15181,-0.8042041888607351,0.6892489139430557,0.8345704887206613
15234,1.231561573720299,0.8581415520679594,-0.13141756361883955
10849,1.1819087502427124,0.644210877109748,-1.0974056159583405
11372,-0.4069816010400455,-0.6393731726395202,-0.13141756361883955
10268,-0.5311136597340109,-0.7744872831394432,0.8345704887206613
8633,1.7529162202349537,1.4886740677342667,0.35157646255091085
14175,-1.077294717987459,-1.0334559949309623,1.3175645148904118
2051,-0.009759013219356063,0.5316157850264789,0.35157646255091085
2541,-1.077294717987459,-1.202348633055866,0.8345704887206613
1301,1.3556936324142643,1.6237881782341896,-0.13141756361883955
5877,-1.077294717987459,-1.1122725593892506,1.3175645148904118
7368,-0.9531626592934936,-0.7744872831394432,1.3175645148904118
11622,-0.13389107191332153,-0.5718161173895587,-0.61441158978859
1304,0.16402586895219565,0.8131035152346517,-0.61441158978859
8428,0.2881579276461611,-0.6506326818478472,-0.61441158978859
13962,-0.009759013219356063,0.06997590748507537,-0.13141756361883955
2599,-0.8290306005995282,-0.8983418844310392,-0.13141756361883955
12808,-0.7048985419055627,-0.9546394304726739,-0.13141756361883955
2573,-1.077294717987459,-1.1685701054308852,0.35157646255091085
11472,1.057776691548747,1.5337121045675743,-0.61441158978859
3186,0.9336446328547815,0.4077611837348828,-0.13141756361883955
12145,1.4549992793694364,1.027034190192863,-2.063393668297841
2768,0.26333151590736814,0.8581415520679594,0.35157646255091085
4831,0.08954663373581641,0.14879247194336379,-0.13141756361883955
4223,2.3735765137047813,2.1980231478588625,-1.5803996421280908
14816,-0.9035098358159074,-0.1552142766814629,1.3175645148904118
2106,-0.9531626592934936,-0.797006301556097,0.35157646255091085
2679,-0.08423824843573531,0.5316157850264789,-0.13141756361883955
10953,-0.7297249536443557,-1.067234522555943,0.35157646255091085
12880,-1.077294717987459,-0.6844112094728279,0.8345704887206613
13591,-1.077294717987459,-0.8195253199727509,0.8345704887206613
1387,-0.13389107191332153,-0.4704805345146165,0.8345704887206613
14850,1.1322559267651264,1.027034190192863,-1.0974056159583405
14572,-1.077294717987459,-1.1573105962225583,1.3175645148904118
13713,2.497708572398747,-0.9096013936393662,-2.5463876944675916
14831,0.3129843393849541,0.8018440060263248,0.35157646255091085
7083,-0.4069816010400455,0.4077611837348828,0.35157646255091085
13364,0.5115956332952991,0.9932556625678823,-0.13141756361883955
13192,-1.077294717987459,-1.067234522555943,0.8345704887206613
1279,0.33781075112374737,1.0833317362344976,0.35157646255091085
13221,-0.15871748365211455,-0.1552142766814629,-0.13141756361883955
804,-0.48146083625642483,-0.3353664240146935,0.8345704887206613
1555,-0.4318080127788386,-0.04261918459819377,0.35157646255091085
14566,0.5115956332952991,-0.6168541542228664,-2.5463876944675916
11382,1.2812143971978849,0.250128054818306,-2.5463876944675916
4566,1.306040808936678,1.725123761109132,0.35157646255091085
12994,2.050833161100471,1.9615734544839971,-2.063393668297841
14844,1.9515275141452983,1.5449716137759013,-2.5463876944675916
4841,-0.8538570123383212,-0.40292347926465505,0.8345704887206613
3594,0.983297456332368,-0.3353664240146935,-1.5803996421280908
6035,0.6605541037280576,1.2747433927760552,0.35157646255091085
6852,-0.9531626592934936,-0.7744872831394432,-0.61441158978859
10112,1.9515275141452983,1.1171102638594783,-2.5463876944675916
8705,-1.077294717987459,-1.07849403176427,0.8345704887206613
4177,0.6109012802504713,1.2747433927760552,0.35157646255091085
1308,0.11437304547460941,0.7455464599846903,0.35157646255091085
9106,0.75985975068323,-0.7294492463061355,-2.063393668297841
3452,2.5721878076151254,2.490770387275362,0.35157646255091085
3695,-0.20837030712970078,-0.6393731726395202,-0.13141756361883955
4242,1.330867220675471,1.3873384848593244,-0.61441158978859
11348,-0.33250236582366627,-0.8307848291810778,-0.61441158978859
2198,0.16402586895219565,-0.8307848291810778,-0.61441158978859
8966,2.0260067493616774,2.0516495281506124,-0.13141756361883955
4425,-0.8042041888607351,-0.8870823752227124,-0.13141756361883955
6150,0.3129843393849541,-0.5042590621395973,-1.0974056159583405
943,-0.9531626592934936,-0.25654985955640514,0.8345704887206613
822,0.2881579276461611,0.38524216531822897,0.35157646255091085
5005,0.3129843393849541,0.23886854560997908,-0.13141756361883955
6612,-1.077294717987459,-1.1010130501809237,0.35157646255091085
12469,0.18885228069098867,-0.40292347926465505,-0.13141756361883955
8356,-1.077294717987459,-1.1460510870142313,0.8345704887206613
5619,-1.077294717987459,-0.4479615160979627,1.3175645148904118
4547,1.231561573720299,1.7026047426924782,-0.61441158978859
12175,-1.0524683062486662,-0.4479615160979627,1.3175645148904118
2538,-1.077294717987459,-1.202348633055866,1.3175645148904118
14968,0.16402586895219565,-0.8645633568060586,-1.5803996421280908
9503,-0.48146083625642483,-0.9771584488893277,0.8345704887206613
5207,1.330867220675471,0.9819961533595555,-0.13141756361883955
14608,-1.077294717987459,-1.202348633055866,1.3175645148904118
13836,-0.3821551893012525,-0.8533038475977316,-0.61441158978859
13575,-0.48146083625642483,-0.48174004372294343,0.35157646255091085
3054,1.057776691548747,1.4098575032759781,-0.61441158978859
3675,-0.6055928949503904,-0.93212041205602,-0.13141756361883955
7776,0.8343389858996093,0.9369581165262478,-0.13141756361883955
7218,-1.077294717987459,-0.93212041205602,1.3175645148904118
6722,1.6536105732797814,1.8940163992340358,-1.0974056159583405
3300,0.2385051041685749,-0.7744872831394432,-1.0974056159583405
3310,-0.03458542495814907,-0.7632277739311163,0.35157646255091085
7221,-0.3573287775624594,-0.4479615160979627,0.8345704887206613
8519,1.4301728676306433,1.466155049317613,-0.61441158978859
10682,-0.3573287775624594,-0.03135967538986686,-0.61441158978859
5954,1.9267011024065053,1.612528669025863,-0.61441158978859
10998,-0.3573287775624594,-0.7181897370978086,-0.13141756361883955
12600,0.9584710445935745,1.5111930861509206,-1.0974056159583405
832,-0.4069816010400455,0.05871639827674846,-0.13141756361883955
11271,-1.077294717987459,-1.1235320685975776,1.3175645148904118
3462,-0.8538570123383212,0.0024188522351138884,0.35157646255091085
13489,-0.8786834240771144,-1.1010130501809237,-0.61441158978859
14328,-1.077294717987459,-0.7857467923477701,0.8345704887206613
7643,0.2385051041685749,-0.8195253199727509,-0.13141756361883955
54,-0.6055928949503904,-0.6844112094728279,-0.61441158978859
12256,2.2742708667496085,2.1642446202338816,-1.5803996421280908
3451,1.6784369850185743,1.972832963692324,-0.61441158978859
6305,-1.0524683062486662,-0.6281136634311933,1.3175645148904118
10093,-0.9283362475547006,-0.34662593322302043,0.8345704887206613
1481,-1.077294717987459,-1.1573105962225583,0.8345704887206613
4873,-0.9283362475547006,-0.2340308411397513,0.35157646255091085
13087,0.2881579276461611,-0.48174004372294343,-2.5463876944675916
8038,-0.3573287775624594,-0.9546394304726739,0.35157646255091085
12342,0.7350333389444368,-0.13269525826480907,-0.61441158978859
3335,-0.33250236582366627,-0.6281136634311933,0.35157646255091085
6016,2.4728821606599536,2.4344728412337275,0.35157646255091085
4926,0.6605541037280576,1.3197814296093628,-0.61441158978859
9138,-0.5559400714728041,-0.9884179580976545,0.35157646255091085
5797,0.46194280981771285,-0.6055946450145395,-0.61441158978859
11485,0.015067398519437164,0.8468820428596324,-0.13141756361883955
10353,0.16402586895219565,0.7455464599846903,-0.13141756361883955
15084,0.18885228069098867,0.8018440060263248,-2.5463876944675916
5083,-0.8538570123383212,-1.07849403176427,-0.13141756361883955
6645,0.38746357460133357,0.0924949259017292,-1.5803996421280908
12481,1.231561573720299,0.29516609165161367,-2.063393668297841
11249,-0.9531626592934936,-0.8758228660143854,0.8345704887206613
5490,-1.077294717987459,-1.1798296146392122,1.3175645148904118
768,-0.9779890710322867,-1.0109369765143084,0.8345704887206613
2065,0.16402586895219565,0.47531823898484427,-0.61441158978859
14585,-0.8042041888607351,-1.07849403176427,-0.13141756361883955
11687,-1.077294717987459,-1.191089123847539,1.3175645148904118
7311,-0.7793777771219419,-1.055975013347616,-0.13141756361883955
8477,-1.0276418945098729,-0.7407087555144625,0.8345704887206613
15248,-0.08423824843573531,0.12627345352670993,0.8345704887206613
4524,1.5294785145858159,1.7814213071507665,0.35157646255091085
11568,1.5294785145858159,1.03829369940119,-2.063393668297841
10524,-1.077294717987459,-1.044715504139289,1.3175645148904118
2717,0.2385051041685749,1.0157746809845363,0.35157646255091085
2079,-0.8786834240771144,-0.49299955293127035,0.35157646255091085
11581,-0.15871748365211455,-0.04261918459819377,-0.13141756361883955
8914,2.001180337622885,2.107947074192247,-0.13141756361883955
951,-1.077294717987459,-0.5605566081812319,1.3175645148904118
8058,-1.077294717987459,-1.1460510870142313,0.35157646255091085
2482,-1.077294717987459,-1.0109369765143084,1.3175645148904118
10454,1.008123868071161,1.162148300692786,-1.5803996421280908
9181,-1.0276418945098729,-0.9658989396810007,0.35157646255091085
11404,-0.45663442451763175,-0.2115118227230975,-0.61441158978859
1759,-0.3573287775624594,-0.6393731726395202,-0.61441158978859
9984,0.6357276919892645,1.03829369940119,-0.61441158978859
4422,-0.9531626592934936,-0.9884179580976545,0.35157646255091085
6704,0.5115956332952991,1.027034190192863,-0.13141756361883955
13671,2.249444455010816,-1.600072495240129e-16,-2.5463876944675916
9916,-0.4318080127788386,-0.6055946450145395,0.8345704887206613
5182,-1.0524683062486662,-0.8307848291810778,-0.13141756361883955
8533,-1.077294717987459,-0.48174004372294343,1.3175645148904118
3701,-1.077294717987459,-1.044715504139289,1.3175645148904118
4243,-0.8042041888607351,-0.14395476747313599,0.35157646255091085
688,-1.0028154827710798,-1.0897535409725967,0.35157646255091085
3432,-0.0594118366969423,0.7117679323597095,0.8345704887206613
13395,-0.7048985419055627,-0.26780936876473205,0.8345704887206613
4944,-0.48146083625642483,0.36272314690157514,0.8345704887206613
966,-0.258023130607287,0.23886854560997908,-0.13141756361883955
14894,-1.077294717987459,-0.9771584488893277,1.3175645148904118
14563,-1.0524683062486662,-1.1010130501809237,1.3175645148904118
10395,-0.13389107191332153,0.7230274415680364,-0.13141756361883955
2713,-0.33250236582366627,0.5428752942348057,0.8345704887206613
4757,0.4867692215565058,-0.7407087555144625,-1.5803996421280908
13290,-0.20837030712970078,0.5653943126514596,0.35157646255091085
12350,-0.6800721301667696,-0.7744872831394432,0.35157646255091085
14653,-0.4069816010400455,-0.7069302278894817,-0.61441158978859
6320,1.554304926324609,1.421117012484305,-0.61441158978859
13472,-0.6055928949503904,-0.93212041205602,0.35157646255091085
5975,-0.9779890710322867,-0.26780936876473205,0.8345704887206613
3572,-0.3573287775624594,-0.49299955293127035,0.35157646255091085
12997,0.2385051041685749,0.8243630244429786,-1.0974056159583405
5299,0.9584710445935745,1.4999335769425937,0.35157646255091085
1990,0.5860748685116783,1.2747433927760552,0.35157646255091085
12312,-0.45663442451763175,-0.2340308411397513,0.35157646255091085
12951,1.2812143971978849,1.7363832703174589,-0.61441158978859
1205,1.3805200441530574,1.2972624111927091,-0.61441158978859
13490,-0.6055928949503904,-1.0221964857226353,-0.61441158978859
13050,0.3129843393849541,0.0924949259017292,-1.0974056159583405
4971,0.6605541037280576,1.0045151717762093,-0.13141756361883955
14923,0.4867692215565058,-0.5492970989729049,-0.13141756361883955
13226,-1.077294717987459,-0.8195253199727509,1.3175645148904118
6783,2.0756595728392635,2.006611491317305,-0.13141756361883955
3600,-1.0276418945098729,-1.067234522555943,0.8345704887206613
6490,-0.9779890710322867,-0.8307848291810778,1.3175645148904118
8609,2.299097278488402,2.1192065834005738,-1.5803996421280908
15306,-0.8786834240771144,-0.9546394304726739,0.8345704887206613
13887,-1.077294717987459,-1.191089123847539,1.3175645148904118
8070,-1.077294717987459,-1.1122725593892506,1.3175645148904118
8577,2.671493454570298,2.53580842410867,-1.5803996421280908
7973,0.015067398519437164,-0.5605566081812319,0.35157646255091085
14299,1.1322559267651264,-0.03135967538986686,-2.063393668297841
1625,2.100485984578057,2.220542166275516,-0.61441158978859
536,0.75985975068323,1.3985979940676512,-0.61441158978859
8766,-1.077294717987459,-1.191089123847539,1.3175645148904118
7970,-1.077294717987459,-1.055975013347616,1.3175645148904118
13224,-0.506287247995218,-0.3241069148063666,-2.063393668297841
4212,2.646667042831505,2.4457323504420545,-2.063393668297841
6456,-0.5559400714728041,-0.16647378588978984,0.8345704887206613
3507,0.8343389858996093,1.1508887914844592,-0.61441158978859
8393,-1.0028154827710798,-1.1573105962225583,1.3175645148904118
9524,-1.077294717987459,-1.1347915778059046,1.3175645148904118
7112,1.7529162202349537,2.0178710005256315,-0.61441158978859
11694,-1.077294717987459,-1.191089123847539,1.3175645148904118
2708,-1.0524683062486662,-0.35788544243134734,1.3175645148904118
5031,0.16402586895219565,-0.24529035034807822,-1.0974056159583405
6514,0.2385051041685749,-0.5155185713479241,-0.13141756361883955
4662,-0.20837030712970078,-0.34662593322302043,-0.13141756361883955
4021,-0.506287247995218,-0.9884179580976545,0.35157646255091085
1854,-0.10906466017452843,-0.7407087555144625,-0.13141756361883955
14478,-0.9283362475547006,-0.35788544243134734,0.35157646255091085
2872,0.6853805154668505,-0.5155185713479241,-0.61441158978859
3030,0.561248456772885,0.8018440060263248,-0.13141756361883955
9397,0.5115956332952991,0.18257099956834452,-0.61441158978859
1645,1.7529162202349537,1.9953519821089778,-1.5803996421280908
3417,1.3556936324142643,1.5674906321925552,-0.13141756361883955
3476,1.2067351619815054,1.6463071966508436,0.35157646255091085
14661,0.26333151590736814,-0.36914495163967426,-0.61441158978859
11053,0.2881579276461611,0.44153971135986353,0.35157646255091085
1792,-0.9283362475547006,-1.07849403176427,-0.13141756361883955
13718,1.8770482789289193,1.9277949268590164,-1.5803996421280908
3797,-0.33250236582366627,0.47531823898484427,0.35157646255091085
3368,-0.30767595408487314,-0.12143574905648218,0.35157646255091085
11559,-0.9531626592934936,-0.41418298847298196,0.8345704887206613
11725,-1.0276418945098729,-1.044715504139289,0.8345704887206613
7196,1.1074295150263334,0.632951367901421,-0.13141756361883955
14803,0.16402586895219565,0.9144390981095939,-0.61441158978859
5109,-0.0594118366969423,-0.9096013936393662,-0.13141756361883955
6024,2.6218406310927125,2.502029896483689,-2.063393668297841
11641,-0.3573287775624594,-0.8195253199727509,-1.5803996421280908
8795,-0.6552457184279764,-0.9096013936393662,0.35157646255091085
11248,-0.258023130607287,-0.5155185713479241,-0.61441158978859
14276,-0.20837030712970078,-0.7519682647227893,0.35157646255091085
126,0.38746357460133357,0.903179588901267,0.8345704887206613
5959,-1.0524683062486662,-0.49299955293127035,1.3175645148904118
3876,0.6109012802504713,0.9707366441512285,-0.13141756361883955
11127,0.4371163980789196,1.173407809901113,-0.61441158978859
13635,1.6784369850185743,1.6463071966508436,-1.0974056159583405
4451,-1.077294717987459,-0.8870823752227124,0.8345704887206613
7147,0.03989381025823017,0.7342869507763633,0.35157646255091085
3531,-0.3573287775624594,0.013678361443440803,0.8345704887206613
10922,-1.077294717987459,-1.1685701054308852,0.8345704887206613
827,-0.28284954234608,0.0924949259017292,0.35157646255091085
9831,-1.077294717987459,-1.1798296146392122,1.3175645148904118
7790,-0.009759013219356063,0.5541348034431327,0.35157646255091085
984,1.1074295150263334,0.6892489139430557,-0.61441158978859
11473,-0.9283362475547006,-0.12143574905648218,0.8345704887206613
11197,0.6109012802504713,0.7568059691930171,-1.0974056159583405
7783,-0.6800721301667696,-0.05387869380652068,0.35157646255091085
10380,0.6357276919892645,1.2747433927760552,-0.61441158978859
14706,-1.077294717987459,-0.6844112094728279,0.8345704887206613
2443,-0.8538570123383212,-0.4479615160979627,0.8345704887206613
8554,-0.45663442451763175,0.4190206929432097,0.8345704887206613
10541,-0.9035098358159074,-0.9996774673059815,0.35157646255091085
345,-1.077294717987459,-1.202348633055866,-0.13141756361883955
814,-1.0524683062486662,-0.7181897370978086,1.3175645148904118
6166,0.6605541037280576,-0.5943351358062126,-0.13141756361883955
12999,0.9336446328547815,1.2634838835677282,-1.0974056159583405
11397,1.08260310328754,0.4865777481931712,-1.0974056159583405
13938,0.06472022199702318,-0.34662593322302043,-0.61441158978859
15006,-0.9779890710322867,-0.8983418844310392,-1.5803996421280908
11517,-0.8290306005995282,-0.008840656973213026,-0.61441158978859
12298,-1.077294717987459,-0.7181897370978086,-0.13141756361883955
5779,1.032950279809954,-0.2227713319314244,-1.0974056159583405
2116,-1.0524683062486662,-0.9658989396810007,1.3175645148904118
10026,-0.6552457184279764,0.23886854560997908,0.35157646255091085
793,-1.0524683062486662,-0.8758228660143854,0.8345704887206613
15259,-1.0276418945098729,-0.5492970989729049,-0.61441158978859
6898,-0.7545513653831489,-0.9771584488893277,0.35157646255091085
2674,0.9336446328547815,1.1508887914844592,-0.13141756361883955
94,-0.5559400714728041,-0.13269525826480907,0.35157646255091085
4225,-0.8290306005995282,-0.0651382030148476,0.35157646255091085
3756,1.4053464558918505,1.2071863375260936,-0.13141756361883955
2891,-1.0028154827710798,-1.1347915778059046,1.3175645148904118
2371,-0.03458542495814907,0.8018440060263248,0.8345704887206613
11420,1.8273954554513328,1.3085219204010359,-2.063393668297841
14416,1.9267011024065053,-0.8870823752227124,-1.5803996421280908
3228,-1.0524683062486662,-1.055975013347616,1.3175645148904118
7863,-0.33250236582366627,0.5090967666098251,0.8345704887206613
6359,1.80256904371254,2.006611491317305,0.8345704887206613
14131,0.6357276919892645,0.49783725740149815,-0.61441158978859
13102,-0.9531626592934936,-1.044715504139289,-0.61441158978859
7326,-1.077294717987459,-1.1573105962225583,-0.13141756361883955
6028,1.3556936324142643,1.7589022887341126,-0.13141756361883955
11045,-0.009759013219356063,0.14879247194336379,-0.61441158978859
13429,0.4122899863401266,-0.09891673063982834,-0.13141756361883955
11104,-1.077294717987459,-0.4254424976813089,0.8345704887206613
1865,0.983297456332368,-0.3241069148063666,-2.5463876944675916
4612,1.231561573720299,1.2522243743594015,-1.0974056159583405
10049,-0.4069816010400455,0.46405872977651735,0.35157646255091085
2645,-1.0276418945098729,-0.6393731726395202,0.35157646255091085
2243,-1.077294717987459,-1.0221964857226353,1.3175645148904118
5373,-0.03458542495814907,0.013678361443440803,0.35157646255091085
2336,0.18885228069098867,0.903179588901267,0.8345704887206613
950,-1.077294717987459,-0.5605566081812319,1.3175645148904118
11260,-0.8786834240771144,-0.9096013936393662,-0.61441158978859
1120,-1.0524683062486662,-1.1235320685975776,1.3175645148904118
10789,-0.30767595408487314,0.5090967666098251,0.35157646255091085
2204,-1.077294717987459,-1.1798296146392122,0.35157646255091085
419,-1.077294717987459,-1.0109369765143084,0.35157646255091085
922,0.13919945721340263,0.903179588901267,0.35157646255091085
9446,0.4122899863401266,-0.5830756265978857,-0.13141756361883955
8669,1.08260310328754,0.38524216531822897,-0.13141756361883955
10227,0.13919945721340263,-0.8533038475977316,-0.61441158978859
5408,0.5115956332952991,-0.27906887797305896,-0.61441158978859
5788,0.561248456772885,-0.48174004372294343,-0.61441158978859
5742,0.33781075112374737,0.14879247194336379,-0.61441158978859
7667,0.13919945721340263,-0.8645633568060586,-1.5803996421280908
5567,-0.8042041888607351,-0.40292347926465505,0.8345704887206613
8135,-0.20837030712970078,0.18257099956834452,0.35157646255091085
1202,0.9336446328547815,0.9932556625678823,-1.0974056159583405
10818,1.1570823385039195,1.2522243743594015,-1.5803996421280908
5765,0.33781075112374737,-0.2227713319314244,-0.13141756361883955
8389,0.03989381025823017,-0.8870823752227124,-0.61441158978859
1970,2.0756595728392635,2.1192065834005738,-0.61441158978859
11302,-0.9531626592934936,-1.1347915778059046,0.8345704887206613
4018,-1.077294717987459,-1.191089123847539,1.3175645148904118
10343,-0.23319671886849389,0.35146363769324823,-0.13141756361883955
3687,-1.0524683062486662,-1.07849403176427,0.8345704887206613
13108,-1.077294717987459,-1.1573105962225583,-0.13141756361883955
1997,1.4549992793694364,1.848978362400728,-1.0974056159583405
4033,-1.077294717987459,-1.1685701054308852,0.8345704887206613
15185,0.8591653976384023,1.5449716137759013,0.35157646255091085
11246,-0.3821551893012525,-0.538037589764578,0.35157646255091085
1248,1.3556936324142643,1.7363832703174589,-1.0974056159583405
2192,0.015067398519437164,-0.8758228660143854,-1.0974056159583405
2712,1.032950279809954,1.5562311229842283,-0.13141756361883955
9184,0.6605541037280576,-0.20025231351477057,-1.0974056159583405
2190,-1.077294717987459,-1.191089123847539,1.3175645148904118
4670,-0.8042041888607351,-0.7519682647227893,0.8345704887206613
5142,-1.0524683062486662,-1.1010130501809237,0.35157646255091085
5984,0.18885228069098867,0.8806605704846132,-0.13141756361883955
6565,-0.20837030712970078,-0.9433799212643469,0.35157646255091085
7804,2.249444455010816,2.1304660926089007,-0.13141756361883955
11954,0.3626371628625404,0.11501394431838304,-1.5803996421280908
6943,-1.0524683062486662,-1.1685701054308852,0.35157646255091085
11789,1.5046521028470228,1.2297053559427475,-2.063393668297841
12903,1.6784369850185743,1.612528669025863,-2.063393668297841
9510,0.21367869242978188,-0.7744872831394432,0.35157646255091085
10055,-0.009759013219356063,0.779324987609671,-1.0974056159583405
10535,-0.9779890710322867,-1.0109369765143084,0.35157646255091085
10641,0.3626371628625404,-0.35788544243134734,-0.13141756361883955
2136,-1.077294717987459,-1.1010130501809237,0.8345704887206613
1065,-0.15871748365211455,-0.8870823752227124,-1.0974056159583405
600,0.983297456332368,1.027034190192863,-1.0974056159583405
4227,0.4122899863401266,0.9819961533595555,-0.13141756361883955
10813,-0.3821551893012525,0.28390658244328676,0.35157646255091085
7577,-0.009759013219356063,-0.1552142766814629,0.35157646255091085
77,-1.0276418945098729,-0.7294492463061355,0.8345704887206613
7546,1.4053464558918505,1.1508887914844592,-0.13141756361883955
2898,-1.0524683062486662,-1.1685701054308852,0.8345704887206613
4820,-0.5807664832115972,-0.40292347926465505,0.8345704887206613
9506,-1.077294717987459,-1.1798296146392122,0.8345704887206613
14290,0.21367869242978188,-0.4592210253062896,-1.5803996421280908
6413,0.2881579276461611,0.9369581165262478,0.35157646255091085
9444,-1.0524683062486662,-1.0897535409725967,0.8345704887206613
9064,0.809512574160816,-0.25654985955640514,-1.0974056159583405
12042,-1.0524683062486662,-1.1798296146392122,1.3175645148904118
8007,0.21367869242978188,-0.8195253199727509,-0.61441158978859
5468,-0.33250236582366627,-0.9658989396810007,-0.13141756361883955
5951,1.3805200441530574,1.2634838835677282,-0.13141756361883955
14988,-0.9283362475547006,-1.0334559949309623,1.3175645148904118
11157,-0.8042041888607351,0.0024188522351138884,0.8345704887206613
3391,-0.6552457184279764,-0.11017623984815525,0.35157646255091085
5415,-0.0594118366969423,-0.5605566081812319,-0.13141756361883955
2560,-0.506287247995218,-0.9884179580976545,-0.13141756361883955
15175,0.809512574160816,2.1192065834005738,0.35157646255091085
8162,0.33781075112374737,0.8694010612762862,0.35157646255091085
2635,-0.20837030712970078,-0.09891673063982834,0.35157646255091085
5256,1.2067351619815054,1.578750141400882,0.35157646255091085
3530,0.4371163980789196,0.5879133310681134,-0.13141756361883955
8567,-0.7048985419055627,0.18257099956834452,1.3175645148904118
1908,-0.20837030712970078,-0.04261918459819377,0.8345704887206613
12621,1.6287841615409884,1.8039403255674202,-2.063393668297841
14231,0.08954663373581641,-0.8758228660143854,-2.5463876944675916
235,-0.4069816010400455,0.12627345352670993,0.35157646255091085
12219,0.2385051041685749,1.027034190192863,-0.13141756361883955
1604,-0.13389107191332153,0.644210877109748,0.8345704887206613
7984,0.38746357460133357,-0.5830756265978857,-0.13141756361883955
9310,1.7777426319737468,2.0291305097339585,-1.0974056159583405
11869,1.330867220675471,1.7476427795257858,-1.0974056159583405
3490,-1.0524683062486662,-0.39166397005632814,1.3175645148904118
15116,2.894931160219436,2.941150755608439,-0.13141756361883955
11150,0.4122899863401266,1.0945912454428246,0.35157646255091085
1994,0.6605541037280576,1.3310409388176898,-0.13141756361883955
2824,0.6853805154668505,0.23886854560997908,-0.61441158978859
14266,-0.9035098358159074,-1.055975013347616,1.3175645148904118
10568,-1.077294717987459,-1.191089123847539,-0.13141756361883955
13924,-0.7545513653831489,-0.8420443383894047,-0.13141756361883955
1342,0.75985975068323,0.644210877109748,0.35157646255091085
8512,0.5364220450340921,0.8243630244429786,0.8345704887206613
1619,1.1322559267651264,1.6237881782341896,-0.13141756361883955
11905,-0.8042041888607351,-0.08765722143150143,0.8345704887206613
5287,0.46194280981771285,1.18466731910944,0.35157646255091085
2060,-0.6800721301667696,-0.09891673063982834,0.35157646255091085
15271,0.06472022199702318,-0.3241069148063666,0.8345704887206613
2219,-0.3573287775624594,-0.8307848291810778,-0.13141756361883955
9865,-1.077294717987459,-1.191089123847539,-0.13141756361883955
6038,2.150138808055643,2.1642446202338816,-0.13141756361883955
260,-1.077294717987459,-0.8195253199727509,1.3175645148904118
14386,2.299097278488402,-0.8983418844310392,-1.5803996421280908
10231,-1.0524683062486662,-1.1685701054308852,0.8345704887206613
12977,0.5364220450340921,1.18466731910944,-0.13141756361883955
9093,-0.6800721301667696,-0.9771584488893277,-0.13141756361883955
3744,-0.5559400714728041,-0.16647378588978984,0.8345704887206613
2026,0.13919945721340263,0.8581415520679594,-0.13141756361883955
6988,0.38746357460133357,-0.36914495163967426,-0.61441158978859
4234,1.1322559267651264,1.3760789756509975,-0.13141756361883955
1917,-0.23319671886849389,0.05871639827674846,0.35157646255091085
1828,-0.4318080127788386,-0.9771584488893277,-0.61441158978859
9765,-0.5311136597340109,-0.3804044608480012,-0.13141756361883955
12607,2.3239236902271947,2.2993587307338044,-2.5463876944675916
12941,0.3129843393849541,1.060812717817844,-0.61441158978859
6233,-1.077294717987459,-1.1460510870142313,1.3175645148904118
14337,-0.9779890710322867,-0.5492970989729049,0.8345704887206613
12846,-0.30767595408487314,-0.36914495163967426,-1.0974056159583405
6283,0.18885228069098867,0.05871639827674846,0.35157646255091085
4208,1.057776691548747,1.5449716137759013,-0.61441158978859
12819,-0.8042041888607351,-0.93212041205602,0.35157646255091085
224,-1.0276418945098729,-0.4479615160979627,1.3175645148904118
8915,1.5046521028470228,1.8151998347757472,-0.61441158978859
10002,-0.8290306005995282,-0.03135967538986686,0.8345704887206613
9333,-0.7793777771219419,0.024937870651767717,0.8345704887206613
13721,0.46194280981771285,1.03829369940119,-0.61441158978859
6469,1.554304926324609,0.7455464599846903,-2.063393668297841
13956,-1.0524683062486662,-0.7744872831394432,1.3175645148904118
14461,2.299097278488402,2.0178710005256315,-2.5463876944675916
13746,-0.6055928949503904,-0.008840656973213026,0.35157646255091085
14931,-0.13389107191332153,-0.7857467923477701,-1.0974056159583405
10954,-0.258023130607287,-0.9433799212643469,-0.13141756361883955
846,-0.6304193066891834,0.0024188522351138884,1.3175645148904118
4289,-1.0028154827710798,-0.7744872831394432,0.8345704887206613
5560,-1.0524683062486662,-0.7407087555144625,1.3175645148904118
13234,0.983297456332368,0.655470386318075,-2.063393668297841
2551,-1.077294717987459,-1.202348633055866,1.3175645148904118
13917,0.11437304547460941,-0.5943351358062126,0.8345704887206613
11120,-0.5559400714728041,0.3402041284849213,0.35157646255091085
117,-0.8786834240771144,-0.2340308411397513,0.8345704887206613
8837,0.38746357460133357,0.10375443511005612,-0.13141756361883955
5966,2.0756595728392635,1.8827568900257088,-0.61441158978859
8195,1.008123868071161,1.5449716137759013,-0.13141756361883955
12362,0.5860748685116783,-0.4704805345146165,-1.5803996421280908
14043,1.3805200441530574,1.7926808163590935,-1.0974056159583405
8659,0.9336446328547815,0.5203562758181519,-0.13141756361883955
7489,-0.6800721301667696,0.19383050877667143,0.8345704887206613
5,-0.13389107191332153,-0.8983418844310392,-0.13141756361883955
5342,1.554304926324609,1.443636030900959,-0.13141756361883955
9111,-1.077294717987459,-1.202348633055866,0.8345704887206613
10787,0.4122899863401266,1.0833317362344976,0.35157646255091085
4324,0.3626371628625404,-0.49299955293127035,-1.5803996421280908
1063,-0.6304193066891834,-0.9771584488893277,-0.13141756361883955
2590,-1.077294717987459,-1.1122725593892506,1.3175645148904118
8434,-1.077294717987459,-1.1122725593892506,1.3175645148904118
13046,-1.077294717987459,-0.8307848291810778,0.8345704887206613
9352,-1.077294717987459,-0.5718161173895587,1.3175645148904118
11062,-0.18354389539090765,0.26138756402663293,-0.61441158978859
3735,-0.506287247995218,-0.2340308411397513,0.8345704887206613
13918,-1.077294717987459,-1.0897535409725967,1.3175645148904118
10589,0.03989381025823017,-0.8870823752227124,-0.61441158978859
3517,0.7102069272056438,0.9369581165262478,0.35157646255091085
6986,-0.23319671886849389,-0.6055946450145395,0.35157646255091085
11613,-0.6800721301667696,-0.7069302278894817,0.35157646255091085
10755,-0.3821551893012525,0.5090967666098251,0.8345704887206613
6767,1.1074295150263334,1.5674906321925552,0.35157646255091085
5622,-1.077294717987459,-0.4367020068896358,1.3175645148904118
1605,1.6039577498021953,1.848978362400728,-1.0974056159583405
1733,-1.077294717987459,-0.8983418844310392,1.3175645148904118
10516,0.561248456772885,-0.18899280430644366,-1.0974056159583405
10901,-1.077294717987459,-1.1010130501809237,1.3175645148904118
14348,1.057776691548747,1.0157746809845363,-0.61441158978859
9504,0.38746357460133357,-0.7744872831394432,-0.13141756361883955
11640,-1.077294717987459,-1.1347915778059046,0.8345704887206613
3812,0.809512574160816,1.421117012484305,0.8345704887206613
14778,-0.48146083625642483,0.4190206929432097,0.8345704887206613
10554,-1.0276418945098729,-1.1122725593892506,-0.13141756361883955
10167,1.032950279809954,-0.3015878963897128,-2.5463876944675916
11706,-0.009759013219356063,-0.797006301556097,-1.5803996421280908
1761,0.8839918093771955,-0.25654985955640514,-1.0974056159583405
5401,1.008123868071161,0.0024188522351138884,-1.5803996421280908
2739,1.8770482789289193,2.0741685465672663,0.35157646255091085
13829,0.5364220450340921,-0.5492970989729049,-1.5803996421280908
14787,2.2246180432720224,-0.8870823752227124,-1.5803996421280908
2472,0.4371163980789196,-0.08765722143150143,-0.13141756361883955
6738,0.6853805154668505,1.3423004480260168,0.35157646255091085
6891,-0.7297249536443557,-0.93212041205602,-0.61441158978859
12199,2.4728821606599536,2.366915785983766,-2.5463876944675916
7943,0.5860748685116783,0.0924949259017292,-0.61441158978859
12910,0.08954663373581641,0.7005084231513826,0.35157646255091085
9685,-0.13389107191332153,0.7005084231513826,0.35157646255091085
4206,1.256387985459092,1.6800857242758243,-0.13141756361883955
6371,-0.7297249536443557,0.14879247194336379,0.8345704887206613
10350,0.6357276919892645,1.049553208609517,0.35157646255091085
9361,0.5860748685116783,0.8694010612762862,0.35157646255091085
10348,2.2742708667496085,1.972832963692324,-2.5463876944675916
232,1.3805200441530574,1.2860029019843822,-0.13141756361883955
8258,-0.23319671886849389,0.3965016745265559,0.35157646255091085
7561,-1.077294717987459,-0.7857467923477701,1.3175645148904118
9795,-1.0524683062486662,-1.0109369765143084,0.35157646255091085
6168,-1.077294717987459,-1.1573105962225583,0.8345704887206613
11475,2.0756595728392635,2.1642446202338816,-1.5803996421280908
3596,0.2385051041685749,-0.5605566081812319,-0.13141756361883955
6288,-1.077294717987459,-0.8082658107644239,1.3175645148904118
4632,1.8522218671901263,1.0945912454428246,-2.5463876944675916
125,1.1074295150263334,1.3648194664426705,-0.61441158978859
7641,-0.8538570123383212,-1.07849403176427,0.35157646255091085
6229,-1.077294717987459,-1.1573105962225583,1.3175645148904118
13542,-1.077294717987459,-1.1347915778059046,1.3175645148904118
1296,0.809512574160816,1.3197814296093628,-0.13141756361883955
1976,1.8522218671901263,2.0291305097339585,-0.61441158978859
14557,-0.8042041888607351,-0.9433799212643469,0.35157646255091085
14496,-0.0594118366969423,0.11501394431838304,0.8345704887206613
10267,-0.9035098358159074,-0.9433799212643469,1.3175645148904118
12772,0.26333151590736814,-0.8533038475977316,-1.5803996421280908
5750,-1.077294717987459,-0.8870823752227124,0.35157646255091085
8152,-0.28284954234608,0.3064256008599406,0.8345704887206613
14895,-0.8042041888607351,-0.7294492463061355,0.8345704887206613
3086,0.2881579276461611,1.060812717817844,0.35157646255091085
14252,-1.077294717987459,-1.191089123847539,1.3175645148904118
6882,-0.30767595408487314,-0.7181897370978086,0.35157646255091085
14294,-1.077294717987459,-1.0334559949309623,1.3175645148904118
7673,-0.3573287775624594,-0.9546394304726739,-0.13141756361883955
3345,-0.8290306005995282,-0.7744872831394432,0.8345704887206613
8172,-1.0276418945098729,-0.3353664240146935,0.35157646255091085
14472,-0.506287247995218,0.12627345352670993,-0.13141756361883955
5870,-1.077294717987459,-1.1347915778059046,0.35157646255091085
6506,-0.3573287775624594,-0.6281136634311933,0.8345704887206613
2797,0.9336446328547815,0.9144390981095939,-0.13141756361883955
918,1.80256904371254,2.0178710005256315,-1.0974056159583405
1646,2.348750101965988,2.3331372583587853,-2.063393668297841
5122,-0.9283362475547006,-1.1010130501809237,0.8345704887206613
5126,-1.077294717987459,-1.1798296146392122,0.8345704887206613
13170,-0.9531626592934936,-1.067234522555943,-1.5803996421280908
13623,1.008123868071161,1.0833317362344976,-0.61441158978859
4621,1.7529162202349537,1.3760789756509975,-0.61441158978859
6809,-0.08423824843573531,0.37398265610990206,0.35157646255091085
364,0.26333151590736814,-0.8307848291810778,-1.0974056159583405
11479,-0.6552457184279764,0.22760903640165217,-0.13141756361883955
2125,-0.009759013219356063,-0.5267780805562511,-1.0974056159583405
8150,-0.009759013219356063,0.49783725740149815,0.35157646255091085
12315,1.47982569110823,0.6667298955264018,-1.5803996421280908
12761,0.2385051041685749,-0.8307848291810778,-2.5463876944675916
8717,-0.4318080127788386,-0.8307848291810778,0.8345704887206613
13013,0.16402586895219565,0.6104323494847672,-0.61441158978859
55,0.9336446328547815,-0.07639771222317451,-1.0974056159583405
638,1.1570823385039195,0.3176851100682675,-1.0974056159583405
302,-1.077294717987459,-1.067234522555943,0.8345704887206613
10958,-1.077294717987459,-1.191089123847539,1.3175645148904118
5811,-1.077294717987459,-1.1685701054308852,0.8345704887206613
1276,1.1819087502427124,1.6575667058591705,-0.13141756361883955
14178,-1.077294717987459,-1.055975013347616,0.8345704887206613
12912,1.032950279809954,1.3535599572343435,-0.13141756361883955
10247,0.08954663373581641,-0.7632277739311163,-1.5803996421280908
13568,0.7102069272056438,-0.16647378588978984,-1.5803996421280908
13337,-0.506287247995218,0.36272314690157514,0.35157646255091085
4432,-0.18354389539090765,-0.5605566081812319,-2.063393668297841
3644,-0.8290306005995282,-1.0897535409725967,0.8345704887206613
4143,2.0756595728392635,1.9277949268590164,-2.063393668297841
2878,-0.8290306005995282,-0.9996774673059815,0.8345704887206613
12394,-0.009759013219356063,-0.8870823752227124,-0.61441158978859
6493,-0.3821551893012525,-0.49299955293127035,0.8345704887206613
13367,1.3556936324142643,1.4774145585259397,-0.13141756361883955
10478,0.13919945721340263,0.22760903640165217,-0.13141756361883955
10453,-0.6304193066891834,0.024937870651767717,0.8345704887206613
5240,2.0756595728392635,1.9390544360673434,-1.5803996421280908
14446,0.4122899863401266,1.049553208609517,0.35157646255091085
10488,-1.0276418945098729,-0.7294492463061355,0.8345704887206613
6937,-0.8538570123383212,-1.1010130501809237,0.35157646255091085
7240,-0.45663442451763175,-0.6956707186811548,0.8345704887206613
14124,1.3556936324142643,0.9707366441512285,-2.063393668297841
9945,-0.30767595408487314,-0.08765722143150143,0.8345704887206613
13389,-0.20837030712970078,0.21634952719332526,0.8345704887206613
10160,-0.4069816010400455,-0.661892191056174,-0.61441158978859
2593,-1.077294717987459,-1.1010130501809237,1.3175645148904118
11309,-0.3821551893012525,-0.9771584488893277,0.35157646255091085
2393,1.4549992793694364,1.713864251900805,-0.61441158978859
523,1.008123868071161,1.5449716137759013,-0.61441158978859
6376,2.7211462780478843,2.5695869517336507,-1.5803996421280908
6981,-0.3573287775624594,-0.7069302278894817,0.8345704887206613
13716,0.11437304547460941,0.8243630244429786,-0.13141756361883955
6677,1.032950279809954,0.9932556625678823,-0.61441158978859
3900,1.2067351619815054,0.8468820428596324,-0.61441158978859
14792,1.306040808936678,1.7363832703174589,-1.0974056159583405
12891,0.809512574160816,0.9369581165262478,-1.5803996421280908
5585,-0.10906466017452843,0.3402041284849213,0.35157646255091085
14380,-0.5559400714728041,0.22760903640165217,0.35157646255091085
7956,-0.03458542495814907,-0.36914495163967426,-0.13141756361883955
7570,0.26333151590736814,0.08123541669340228,-0.13141756361883955
11314,-1.0524683062486662,-1.1798296146392122,0.8345704887206613
6777,1.9763539258840919,2.006611491317305,-1.0974056159583405
12348,-1.077294717987459,-1.0334559949309623,1.3175645148904118
10161,-0.20837030712970078,-0.5943351358062126,-0.61441158978859
671,0.8839918093771955,-0.34662593322302043,-0.61441158978859
4188,1.6536105732797814,1.9615734544839971,-0.61441158978859
666,-1.077294717987459,-1.067234522555943,0.8345704887206613
3266,-1.077294717987459,-1.202348633055866,-0.13141756361883955
1887,0.5860748685116783,0.024937870651767717,0.35157646255091085
11458,-0.4318080127788386,0.3402041284849213,0.35157646255091085
8472,-1.077294717987459,-0.8645633568060586,1.3175645148904118
9911,-1.077294717987459,-1.0334559949309623,1.3175645148904118
11139,1.728089808496161,1.9953519821089778,-0.61441158978859
12647,-0.45663442451763175,0.1600519811516907,-1.0974056159583405
9091,-1.077294717987459,-1.1573105962225583,1.3175645148904118
7687,-1.077294717987459,-1.1685701054308852,0.35157646255091085
6031,-0.15871748365211455,0.6779894047347288,0.35157646255091085
15090,2.4728821606599536,2.1755041294422086,-2.5463876944675916
6090,1.1322559267651264,0.8243630244429786,-0.61441158978859
6238,-1.077294717987459,-1.1235320685975776,1.3175645148904118
7350,0.26333151590736814,-0.4479615160979627,0.35157646255091085
7830,-0.0594118366969423,0.779324987609671,-0.13141756361883955
760,-1.077294717987459,-1.1235320685975776,-2.5463876944675916
6254,-1.0524683062486662,-1.0221964857226353,0.35157646255091085
1906,-0.009759013219356063,0.04745688906842155,-0.13141756361883955
12234,0.983297456332368,1.5337121045675743,-0.61441158978859
12015,-0.5807664832115972,-0.9433799212643469,-1.0974056159583405
12330,0.784686162422023,0.10375443511005612,-1.0974056159583405
3818,1.4053464558918505,1.8151998347757472,0.35157646255091085
6269,-1.077294717987459,-0.9433799212643469,0.8345704887206613
4300,-0.33250236582366627,-0.4479615160979627,0.35157646255091085
5569,-0.506287247995218,-0.14395476747313599,0.35157646255091085
7941,0.3626371628625404,0.03619737986009463,0.35157646255091085
10785,-0.10906466017452843,0.7005084231513826,0.35157646255091085
4164,2.3239236902271947,2.276839712317151,-1.0974056159583405
11223,-1.077294717987459,-0.8533038475977316,1.3175645148904118
5971,1.8522218671901263,1.8264593439840742,-0.61441158978859
3579,-0.5807664832115972,-0.673151700264501,0.8345704887206613
2832,1.1074295150263334,0.26138756402663293,-1.0974056159583405
5449,-1.077294717987459,-1.191089123847539,1.3175645148904118
3472,-0.8538570123383212,-0.008840656973213026,0.8345704887206613
6327,0.08954663373581641,0.6104323494847672,0.35157646255091085
137,1.5791313380634018,1.7701617979424396,-0.61441158978859
7043,-0.6552457184279764,-0.12143574905648218,1.3175645148904118
4892,1.7529162202349537,1.9390544360673434,-1.0974056159583405
2180,-1.077294717987459,-1.202348633055866,0.8345704887206613
10320,0.6109012802504713,0.5991728402764404,-1.5803996421280908
7730,0.6357276919892645,0.024937870651767717,-1.0974056159583405
3177,-0.9531626592934936,-0.5830756265978857,0.8345704887206613
4854,0.4867692215565058,0.7342869507763633,-0.61441158978859
4637,1.08260310328754,0.655470386318075,-1.0974056159583405
5115,-0.48146083625642483,-0.9884179580976545,-0.13141756361883955
14289,-0.9531626592934936,-0.9546394304726739,0.8345704887206613
7648,-0.33250236582366627,-0.9546394304726739,-0.13141756361883955
4261,0.3129843393849541,0.44153971135986353,0.35157646255091085
12536,0.13919945721340263,0.632951367901421,-0.61441158978859
1331,-1.0524683062486662,-0.5718161173895587,0.8345704887206613
10209,-1.077294717987459,-1.202348633055866,0.8345704887206613
12734,-0.7297249536443557,-0.93212041205602,-0.61441158978859
10674,-0.9035098358159074,-0.5492970989729049,-0.13141756361883955
7002,0.11437304547460941,-0.16647378588978984,0.35157646255091085
9550,-0.5807664832115972,-0.6844112094728279,0.35157646255091085
6941,-0.8538570123383212,-1.0897535409725967,-0.13141756361883955
8017,-0.258023130607287,-0.9433799212643469,-0.61441158978859
6241,-0.4318080127788386,-0.8082658107644239,0.8345704887206613
9521,-0.5807664832115972,-0.9208609028476931,0.35157646255091085
15318,-0.7545513653831489,-0.9658989396810007,0.8345704887206613
6881,-0.6304193066891834,-0.8195253199727509,-0.13141756361883955
13051,0.03989381025823017,-0.05387869380652068,-0.61441158978859
10342,-0.258023130607287,0.3176851100682675,0.35157646255091085
4530,-1.077294717987459,-0.4254424976813089,1.3175645148904118
10314,-1.0524683062486662,-0.6956707186811548,0.8345704887206613
4673,-1.0028154827710798,-0.9096013936393662,0.35157646255091085
12173,1.6039577498021953,1.590009650609209,-1.0974056159583405
6996,-1.077294717987459,-0.9996774673059815,0.8345704887206613
1252,0.7102069272056438,1.3423004480260168,-0.13141756361883955
11470,1.3805200441530574,1.725123761109132,-1.0974056159583405
3374,-1.0524683062486662,-0.6956707186811548,0.8345704887206613
2814,-1.077294717987459,-0.797006301556097,1.3175645148904118
4719,-1.077294717987459,-1.191089123847539,1.3175645148904118
6544,-1.077294717987459,-1.191089123847539,0.8345704887206613
10040,-0.03458542495814907,0.8018440060263248,0.35157646255091085
4858,1.554304926324609,1.4098575032759781,-0.13141756361883955
7901,1.5791313380634018,1.4098575032759781,0.35157646255091085
11229,0.3626371628625404,0.03619737986009463,-1.5803996421280908
8580,1.554304926324609,1.8940163992340358,-0.13141756361883955
8427,-1.077294717987459,-1.1347915778059046,1.3175645148904118
1077,-1.077294717987459,-1.202348633055866,0.8345704887206613
10176,-0.5559400714728041,-0.8533038475977316,0.35157646255091085
4363,-0.08423824843573531,-0.9096013936393662,-0.61441158978859
12154,0.983297456332368,0.9482176257345747,-1.5803996421280908
770,-1.077294717987459,-1.0897535409725967,1.3175645148904118
10357,-0.30767595408487314,0.4190206929432097,0.8345704887206613
12725,0.4867692215565058,-0.4592210253062896,-1.0974056159583405
8865,-0.18354389539090765,0.19383050877667143,0.35157646255091085
249,1.057776691548747,0.7342869507763633,-0.61441158978859
9766,0.06472022199702318,-0.07639771222317451,0.35157646255091085
7239,-0.8786834240771144,-0.8870823752227124,0.8345704887206613
3419,-1.0276418945098729,-0.34662593322302043,0.8345704887206613
10273,-0.9779890710322867,-0.9546394304726739,0.8345704887206613
10015,2.497708572398747,2.4119538228170736,-2.5463876944675916
14738,-0.6055928949503904,0.13753296273503687,0.35157646255091085
4976,-0.7545513653831489,-0.12143574905648218,0.8345704887206613
4544,-0.20837030712970078,0.655470386318075,0.35157646255091085
5565,-1.0524683062486662,-0.6956707186811548,1.3175645148904118
7939,-0.009759013219356063,-0.11017623984815525,-0.13141756361883955
716,-1.077294717987459,-1.202348633055866,1.3175645148904118
14821,-0.03458542495814907,0.644210877109748,0.8345704887206613
12338,0.5115956332952991,-0.14395476747313599,-0.13141756361883955
2048,-0.506287247995218,0.1713114903600176,-0.13141756361883955
5997,-1.077294717987459,-0.4479615160979627,0.8345704887206613
6600,0.7102069272056438,-0.5718161173895587,-1.5803996421280908
7245,-1.077294717987459,-1.0897535409725967,0.8345704887206613
13456,-1.077294717987459,-1.0897535409725967,1.3175645148904118
4178,0.2385051041685749,1.0157746809845363,0.35157646255091085
4809,-0.4318080127788386,-0.4479615160979627,-0.61441158978859
10916,-0.6800721301667696,-0.9658989396810007,-0.61441158978859
14561,0.33781075112374737,-0.6168541542228664,-1.5803996421280908
7140,1.554304926324609,1.7814213071507665,-0.13141756361883955
7190,0.18885228069098867,0.27264707323495985,0.35157646255091085
1460,-1.077294717987459,-1.191089123847539,0.8345704887206613
5989,1.6536105732797814,1.8827568900257088,-0.13141756361883955
9860,-1.077294717987459,-1.202348633055866,0.8345704887206613
10948,-0.9531626592934936,-1.1347915778059046,0.8345704887206613
2000,1.1074295150263334,1.6237881782341896,-0.13141756361883955
12763,-0.48146083625642483,-0.9996774673059815,-2.5463876944675916
12805,-0.45663442451763175,-0.8983418844310392,0.8345704887206613
8175,-0.5559400714728041,0.250128054818306,0.35157646255091085
404,-1.077294717987459,-1.0897535409725967,0.8345704887206613
384,-0.15871748365211455,-0.8307848291810778,-0.61441158978859
14511,1.7032633967573674,0.6779894047347288,-2.5463876944675916
14567,-0.6552457184279764,-0.9433799212643469,0.35157646255091085
10344,1.554304926324609,1.5224525953592474,-2.063393668297841
1633,0.08954663373581641,0.903179588901267,-0.13141756361883955
14665,1.2812143971978849,0.03619737986009463,-2.5463876944675916
13772,0.7102069272056438,0.4077611837348828,-1.5803996421280908
4784,-1.077294717987459,-1.1010130501809237,0.8345704887206613
14526,1.4053464558918505,0.250128054818306,-2.063393668297841
6970,-1.077294717987459,-1.1235320685975776,0.8345704887206613
3925,-1.0524683062486662,-0.8420443383894047,0.35157646255091085
13528,0.2881579276461611,-0.7519682647227893,-1.5803996421280908
4158,0.7102069272056438,1.2409648651510745,0.35157646255091085
7449,2.44805574892116,2.3331372583587853,-0.13141756361883955
13140,-0.9531626592934936,-1.1347915778059046,0.35157646255091085
14090,0.2385051041685749,0.8581415520679594,0.8345704887206613
13550,-1.077294717987459,-1.1010130501809237,1.3175645148904118
8415,-0.6304193066891834,-0.9884179580976545,-0.13141756361883955
2193,-0.33250236582366627,-0.9546394304726739,-0.13141756361883955
11328,-1.077294717987459,-1.191089123847539,0.8345704887206613
12661,1.6039577498021953,1.2297053559427475,-2.063393668297841
10016,1.008123868071161,1.5337121045675743,-0.61441158978859
1015,-0.45663442451763175,-0.5267780805562511,-0.13141756361883955
5124,-0.9531626592934936,-1.1122725593892506,0.8345704887206613
13164,-0.3821551893012525,-0.9096013936393662,-1.5803996421280908
7418,0.08954663373581641,0.5541348034431327,0.8345704887206613
7409,1.3556936324142643,1.1959268283177669,-0.13141756361883955
8989,1.057776691548747,1.2409648651510745,0.35157646255091085
2871,-1.0524683062486662,-1.0897535409725967,0.35157646255091085
9,-0.6055928949503904,-0.9996774673059815,0.8345704887206613
10136,0.08954663373581641,-0.14395476747313599,-0.61441158978859
1838,-0.6800721301667696,-1.0109369765143084,0.35157646255091085
4804,-1.0028154827710798,-0.9096013936393662,0.35157646255091085
255,1.3805200441530574,0.7680654784013441,-0.61441158978859
7026,-0.45663442451763175,-0.1552142766814629,0.8345704887206613
5713,-0.5311136597340109,0.03619737986009463,0.35157646255091085
12677,1.256387985459092,0.655470386318075,-2.5463876944675916
3324,0.3129843393849541,-0.5267780805562511,-1.0974056159583405
7714,-0.7793777771219419,-0.8533038475977316,-0.13141756361883955
1581,-1.0028154827710798,-0.36914495163967426,1.3175645148904118
11148,0.6605541037280576,1.2860029019843822,-0.61441158978859
924,0.21367869242978188,0.9482176257345747,0.35157646255091085
2779,-0.6304193066891834,0.04745688906842155,0.8345704887206613
10700,-1.0524683062486662,-0.538037589764578,0.8345704887206613
7891,-0.10906466017452843,0.49783725740149815,0.35157646255091085
6132,-0.3573287775624594,-0.5267780805562511,0.35157646255091085
13216,-0.7048985419055627,-0.5492970989729049,-0.13141756361883955
5320,-0.8290306005995282,-0.05387869380652068,0.35157646255091085
7312,-0.6304193066891834,-1.0109369765143084,-0.61441158978859
7102,2.050833161100471,2.1867636386505356,-0.61441158978859
6042,-0.6055928949503904,0.22760903640165217,0.8345704887206613
3775,2.050833161100471,1.8714973808173818,-2.063393668297841
4835,-1.0524683062486662,-0.6956707186811548,1.3175645148904118
12328,-0.3821551893012525,-0.3804044608480012,0.35157646255091085
4964,1.8770482789289193,1.7926808163590935,-1.0974056159583405
10971,-1.077294717987459,-1.1798296146392122,0.8345704887206613
539,0.03989381025823017,0.8694010612762862,-0.13141756361883955
7483,1.032950279809954,1.5674906321925552,-0.13141756361883955
2745,0.015067398519437164,0.8131035152346517,0.35157646255091085
3719,0.3129843393849541,-0.008840656973213026,-0.61441158978859
14642,0.33781075112374737,-0.5830756265978857,0.35157646255091085
6819,1.8522218671901263,1.1959268283177669,-1.0974056159583405
13659,-1.077294717987459,-0.4254424976813089,1.3175645148904118
9337,0.08954663373581641,0.779324987609671,0.35157646255091085
13319,-1.0524683062486662,-0.3353664240146935,0.35157646255091085
4468,1.5294785145858159,0.9144390981095939,-1.5803996421280908
667,1.1322559267651264,-0.2227713319314244,-2.063393668297841
7575,0.2881579276461611,0.013678361443440803,-0.13141756361883955
11211,0.06472022199702318,0.1600519811516907,-1.0974056159583405
8549,1.2067351619815054,1.6237881782341896,-0.13141756361883955
5063,-0.6552457184279764,-0.8983418844310392,-0.13141756361883955
11023,-0.4318080127788386,-0.40292347926465505,0.35157646255091085
10975,0.3129843393849541,-0.7294492463061355,-0.61441158978859
1353,1.2812143971978849,0.6892489139430557,-2.5463876944675916
13323,0.4867692215565058,1.2071863375260936,-1.0974056159583405
7114,1.2067351619815054,1.6913452334841512,0.35157646255091085
15002,-0.8042041888607351,-0.93212041205602,-1.5803996421280908
8662,-0.6304193066891834,-0.36914495163967426,0.8345704887206613
2703,0.784686162422023,1.3310409388176898,-0.13141756361883955
3330,-1.077294717987459,-1.067234522555943,0.8345704887206613
8053,-0.5807664832115972,-0.9546394304726739,-0.61441158978859
11829,1.4549992793694364,1.7363832703174589,-1.0974056159583405
9588,0.7102069272056438,0.6216918586930942,-0.13141756361883955
3584,-0.5311136597340109,-0.7069302278894817,0.8345704887206613
14503,0.5115956332952991,0.3176851100682675,-0.13141756361883955
13454,-0.6055928949503904,-0.8082658107644239,-0.61441158978859
5645,2.5970142193539187,2.502029896483689,-0.61441158978859
3376,-0.7793777771219419,-0.36914495163967426,0.8345704887206613
1256,0.08954663373581641,0.903179588901267,0.8345704887206613
6190,-1.077294717987459,-1.202348633055866,0.8345704887206613
11704,-1.077294717987459,-1.1685701054308852,1.3175645148904118
13843,0.4122899863401266,-0.7069302278894817,-2.5463876944675916
13970,0.08954663373581641,0.250128054818306,0.35157646255091085
9442,-1.077294717987459,-1.1122725593892506,1.3175645148904118
13987,1.5294785145858159,1.3423004480260168,-1.5803996421280908
5348,0.983297456332368,1.03829369940119,-0.13141756361883955
11003,-1.077294717987459,-1.055975013347616,1.3175645148904118
12490,0.4122899863401266,0.11501394431838304,-0.61441158978859
11476,2.6218406310927125,2.4795108780670354,-2.5463876944675916
11125,-0.5311136597340109,0.36272314690157514,-0.61441158978859
4175,-0.23319671886849389,0.632951367901421,0.35157646255091085
13460,-1.077294717987459,-1.1122725593892506,0.8345704887206613
4910,1.554304926324609,1.8940163992340358,-1.0974056159583405
1852,-1.0524683062486662,-1.1122725593892506,0.8345704887206613
6316,0.4867692215565058,0.7455464599846903,0.35157646255091085
12972,0.4867692215565058,1.173407809901113,0.35157646255091085
15122,2.150138808055643,2.524548914900343,0.35157646255091085
2105,0.5115956332952991,-0.04261918459819377,-1.0974056159583405
133,2.44805574892116,2.1642446202338816,-1.5803996421280908
13428,-1.0276418945098729,-0.8645633568060586,1.3175645148904118
5029,-1.0276418945098729,-0.8758228660143854,0.8345704887206613
928,-0.13389107191332153,0.655470386318075,0.35157646255091085
823,0.2881579276461611,0.3965016745265559,0.8345704887206613
7576,0.015067398519437164,-0.13269525826480907,-0.61441158978859
11632,-0.6552457184279764,-0.8533038475977316,0.35157646255091085
1531,-0.4318080127788386,-0.3353664240146935,0.8345704887206613
1214,-1.0276418945098729,-0.4254424976813089,0.35157646255091085
504,2.0756595728392635,2.0854280557755933,-1.5803996421280908
12477,-1.077294717987459,-0.9884179580976545,-0.13141756361883955
10188,0.13919945721340263,-0.7519682647227893,-0.61441158978859
6530,-1.077294717987459,-1.1460510870142313,1.3175645148904118
3072,0.8839918093771955,1.421117012484305,0.35157646255091085
10150,0.561248456772885,-0.16647378588978984,-1.5803996421280908
9576,-0.5559400714728041,-0.3128474055980397,0.8345704887206613
9086,-1.077294717987459,-1.1460510870142313,0.35157646255091085
13116,-0.7048985419055627,-0.9996774673059815,-0.61441158978859
8647,0.983297456332368,0.7568059691930171,-0.61441158978859
6619,-1.077294717987459,-1.067234522555943,0.8345704887206613
13971,1.6287841615409884,1.0945912454428246,-1.5803996421280908
9273,2.5721878076151254,2.3894348044004197,-1.5803996421280908
3709,-0.009759013219356063,-0.40292347926465505,0.8345704887206613
14717,1.6536105732797814,1.4098575032759781,0.8345704887206613
4849,1.47982569110823,1.2071863375260936,-1.0974056159583405
4748,-1.0524683062486662,-1.1798296146392122,0.8345704887206613
4268,0.3129843393849541,0.3402041284849213,-0.13141756361883955
11714,-1.077294717987459,-1.1347915778059046,1.3175645148904118
12326,-0.6800721301667696,-0.538037589764578,-0.13141756361883955
11794,0.18885228069098867,0.5428752942348057,-0.61441158978859
15158,-0.20837030712970078,1.03829369940119,-0.13141756361883955
8905,-0.5311136597340109,0.27264707323495985,-0.13141756361883955
4186,0.06472022199702318,0.8919200796929401,0.35157646255091085
10406,0.38746357460133357,1.1283697730678053,-0.13141756361883955
5301,2.150138808055643,-1.600072495240129e-16,-0.61441158978859
2923,-1.0524683062486662,-1.1685701054308852,0.35157646255091085
6588,0.6853805154668505,-0.6844112094728279,-1.5803996421280908
1810,-1.077294717987459,-1.202348633055866,-0.13141756361883955
3486,1.2812143971978849,1.6237881782341896,-0.61441158978859
7419,-0.506287247995218,0.11501394431838304,0.8345704887206613
3141,-1.0276418945098729,-0.41418298847298196,0.8345704887206613
10019,0.9584710445935745,1.5111930861509206,-1.0974056159583405
9347,2.150138808055643,1.9390544360673434,-0.13141756361883955
1324,0.5115956332952991,0.8468820428596324,-0.13141756361883955
4312,-1.0524683062486662,-0.9884179580976545,0.8345704887206613
7494,0.2881579276461611,1.027034190192863,-0.13141756361883955
8702,-1.0276418945098729,-0.9996774673059815,0.8345704887206613
9872,-0.23319671886849389,-0.8983418844310392,-0.61441158978859
8691,-0.03458542495814907,-0.41418298847298196,-0.61441158978859
14588,-1.077294717987459,-1.202348633055866,0.8345704887206613
10048,-0.258023130607287,0.5991728402764404,-0.13141756361883955
9580,0.06472022199702318,0.13753296273503687,-0.13141756361883955
13807,-0.6304193066891834,-0.7069302278894817,0.35157646255091085
11911,-0.7545513653831489,-0.07639771222317451,0.8345704887206613
10578,-0.13389107191332153,-0.9208609028476931,0.35157646255091085
5541,-0.7297249536443557,-0.6168541542228664,0.8345704887206613
11428,0.809512574160816,0.9144390981095939,-1.0974056159583405
6172,-1.077294717987459,-1.1685701054308852,0.8345704887206613
1540,-0.6552457184279764,-0.3804044608480012,-0.61441158978859
9409,-0.258023130607287,-0.35788544243134734,-0.61441158978859
2681,-0.18354389539090765,0.47531823898484427,0.35157646255091085
15162,1.330867220675471,2.513289405692016,-0.61441158978859
11185,0.9088182211159885,1.1058507546511516,-1.0974056159583405
13704,-0.6304193066891834,0.23886854560997908,0.8345704887206613
6313,-1.0524683062486662,-0.5718161173895587,0.8345704887206613
1191,-1.0276418945098729,-0.5943351358062126,0.8345704887206613
13964,0.9088182211159885,0.5991728402764404,-1.5803996421280908
5293,2.398402925443574,-1.600072495240129e-16,-1.5803996421280908
1542,-1.0524683062486662,-0.7407087555144625,0.8345704887206613
11493,0.809512574160816,1.432376521692632,-0.61441158978859
11516,-1.077294717987459,-0.4592210253062896,0.8345704887206613
7056,0.5115956332952991,0.8806605704846132,0.35157646255091085
2539,-1.077294717987459,-1.202348633055866,1.3175645148904118
953,2.0260067493616774,1.7926808163590935,-2.063393668297841
7241,0.75985975068323,-0.3128474055980397,-0.61441158978859
6731,-0.18354389539090765,0.6667298955264018,0.8345704887206613
4846,0.9336446328547815,0.8694010612762862,-0.61441158978859
6801,2.100485984578057,1.7589022887341126,-1.5803996421280908
8010,-1.077294717987459,-1.191089123847539,0.8345704887206613
4330,-1.077294717987459,-1.1122725593892506,0.8345704887206613
8924,0.6605541037280576,1.3085219204010359,0.35157646255091085
5334,-0.6055928949503904,0.0924949259017292,0.8345704887206613
7330,-0.7545513653831489,-0.9771584488893277,0.8345704887206613
9348,-0.6055928949503904,0.11501394431838304,0.35157646255091085
4729,-0.009759013219356063,-0.8983418844310392,-1.5803996421280908
11486,-0.28284954234608,0.5991728402764404,0.8345704887206613
6541,0.3129843393849541,-0.7519682647227893,-0.61441158978859
11174,-0.45663442451763175,0.26138756402663293,0.8345704887206613
5305,0.9584710445935745,1.4774145585259397,-0.13141756361883955
5161,-1.077294717987459,-1.044715504139289,1.3175645148904118
7860,-0.8042041888607351,0.03619737986009463,1.3175645148904118
2156,0.784686162422023,-0.6393731726395202,-2.063393668297841
1062,-0.08423824843573531,-0.8307848291810778,-0.61441158978859
10808,0.21367869242978188,0.779324987609671,-0.61441158978859
1167,1.2067351619815054,0.47531823898484427,-1.5803996421280908
11414,-0.4069816010400455,-0.05387869380652068,0.35157646255091085
3636,-1.077294717987459,-1.202348633055866,1.3175645148904118
7651,-0.8538570123383212,-1.1010130501809237,-0.61441158978859
5588,-1.077294717987459,-0.6055946450145395,1.3175645148904118
11130,-0.08423824843573531,0.7680654784013441,0.35157646255091085
7192,0.8591653976384023,0.5879133310681134,-0.13141756361883955
4491,0.03989381025823017,0.46405872977651735,0.35157646255091085
7266,-0.6055928949503904,-0.9433799212643469,-0.13141756361883955
11332,-1.077294717987459,-1.1798296146392122,1.3175645148904118
4980,-0.9283362475547006,-0.34662593322302043,0.8345704887206613
8335,0.8591653976384023,-0.25654985955640514,0.8345704887206613
15268,-0.3573287775624594,-0.24529035034807822,0.8345704887206613
11769,1.6536105732797814,0.8806605704846132,-2.5463876944675916
4946,0.784686162422023,1.3197814296093628,0.35157646255091085
2782,-0.8538570123383212,-0.2115118227230975,0.35157646255091085
717,0.13919945721340263,-0.8758228660143854,-1.5803996421280908
10011,0.2881579276461611,0.9932556625678823,-0.13141756361883955
2502,0.4122899863401266,-0.5267780805562511,0.35157646255091085
4360,-0.45663442451763175,-0.9884179580976545,0.8345704887206613
4171,-0.7793777771219419,0.08123541669340228,0.35157646255091085
8082,-0.28284954234608,-0.6281136634311933,-0.61441158978859
14976,-1.077294717987459,-1.191089123847539,0.8345704887206613
395,-0.9035098358159074,-1.0109369765143084,0.8345704887206613
13923,0.809512574160816,-0.3128474055980397,-1.5803996421280908
14512,1.5294785145858159,0.5879133310681134,-2.063393668297841
7186,-0.8290306005995282,-0.3804044608480012,0.35157646255091085
15070,1.4549992793694364,1.3760789756509975,-1.5803996421280908
4492,0.7350333389444368,0.9256986073179209,0.35157646255091085
1365,-1.0028154827710798,-0.7519682647227893,-0.13141756361883955
15198,2.100485984578057,2.006611491317305,-2.063393668297841
14191,-1.0028154827710798,-1.0334559949309623,-0.13141756361883955
8787,-0.6304193066891834,-0.9546394304726739,0.8345704887206613
14397,0.5115956332952991,1.18466731910944,-0.61441158978859
12144,1.80256904371254,1.173407809901113,-2.5463876944675916
13584,0.6357276919892645,0.20509001798499835,-2.063393668297841
5917,-0.15871748365211455,-0.14395476747313599,-0.61441158978859
4968,-0.8290306005995282,-0.14395476747313599,0.8345704887206613
2914,-0.3821551893012525,-0.9771584488893277,0.8345704887206613
15221,-0.18354389539090765,0.19383050877667143,0.8345704887206613
10518,0.75985975068323,-0.1552142766814629,-2.063393668297841
5644,2.7211462780478843,2.5695869517336507,-2.063393668297841
3766,-1.077294717987459,-0.5830756265978857,1.3175645148904118
3440,-1.077294717987459,-0.4479615160979627,0.8345704887206613
12043,0.33781075112374737,-0.8307848291810778,-1.5803996421280908
12324,-0.6800721301667696,-0.5155185713479241,-0.13141756361883955
7357,0.7350333389444368,-0.18899280430644366,-1.0974056159583405
6806,-0.10906466017452843,0.3965016745265559,-0.13141756361883955
9879,-1.077294717987459,-1.1685701054308852,1.3175645148904118
2143,-1.077294717987459,-1.1347915778059046,1.3175645148904118
5104,0.38746357460133357,-0.8195253199727509,-1.5803996421280908
5073,-1.077294717987459,-1.1573105962225583,0.8345704887206613
1571,0.8343389858996093,0.9932556625678823,-0.13141756361883955
4079,0.7102069272056438,0.06997590748507537,-1.0974056159583405
1122,0.11437304547460941,-0.7069302278894817,-1.0974056159583405
2786,-1.077294717987459,-0.6168541542228664,1.3175645148904118
14527,1.306040808936678,0.19383050877667143,-2.063393668297841
2967,0.75985975068323,-0.29032838718138587,-1.0974056159583405
2504,-0.5559400714728041,-0.8420443383894047,-0.13141756361883955
5988,1.9515275141452983,2.0516495281506124,-0.61441158978859
11657,-1.077294717987459,-1.1798296146392122,1.3175645148904118
8867,0.6853805154668505,0.779324987609671,-0.61441158978859
11000,-0.08423824843573531,-0.5943351358062126,-0.13141756361883955
7164,0.9088182211159885,1.1396292822761322,-0.13141756361883955
11540,-0.45663442451763175,0.250128054818306,0.35157646255091085
728,-1.077294717987459,-1.202348633055866,1.3175645148904118
7587,-0.6304193066891834,-0.5943351358062126,0.8345704887206613
7543,1.231561573720299,1.1058507546511516,-0.13141756361883955
412,-0.48146083625642483,-0.6956707186811548,-0.13141756361883955
11338,-1.077294717987459,-1.1685701054308852,1.3175645148904118
9708,-1.0276418945098729,-0.3804044608480012,0.8345704887206613
5745,-1.0524683062486662,-0.797006301556097,0.8345704887206613
7668,-1.077294717987459,-1.202348633055866,0.8345704887206613
825,-1.0524683062486662,-0.6393731726395202,1.3175645148904118
3267,-1.0524683062486662,-1.1798296146392122,0.8345704887206613
3974,-0.10906466017452843,-0.7744872831394432,-0.61441158978859
8808,-1.077294717987459,-1.067234522555943,1.3175645148904118
8306,1.057776691548747,0.3402041284849213,-0.13141756361883955
417,-0.9283362475547006,-0.8870823752227124,0.35157646255091085
11261,-0.7048985419055627,-0.8307848291810778,-0.13141756361883955
9817,0.809512574160816,-0.5492970989729049,-2.063393668297841
6748,0.6853805154668505,1.3423004480260168,0.35157646255091085
8967,1.554304926324609,1.7701617979424396,-0.61441158978859
12377,-1.077294717987459,-1.1573105962225583,1.3175645148904118
11088,2.249444455010816,2.0854280557755933,-2.063393668297841
14806,2.1749652197944367,-0.93212041205602,-2.5463876944675916
2082,-0.45663442451763175,-0.20025231351477057,0.35157646255091085
8945,1.8522218671901263,2.0741685465672663,-0.61441158978859
10738,-1.077294717987459,-0.4254424976813089,1.3175645148904118
12161,-0.9283362475547006,-0.35788544243134734,1.3175645148904118
3373,-0.009759013219356063,0.13753296273503687,-0.61441158978859
5726,0.9088182211159885,0.7005084231513826,-0.13141756361883955
4107,1.4053464558918505,0.9369581165262478,-2.5463876944675916
10636,-1.077294717987459,-1.067234522555943,1.3175645148904118
4380,-1.077294717987459,-1.202348633055866,0.8345704887206613
7723,-1.0524683062486662,-0.9771584488893277,1.3175645148904118
1066,-0.5311136597340109,-0.9884179580976545,0.35157646255091085
3913,0.4371163980789196,0.250128054818306,-0.13141756361883955
13479,-1.0524683062486662,-1.1460510870142313,1.3175645148904118
5536,-0.6800721301667696,-0.6956707186811548,0.8345704887206613
8002,-1.077294717987459,-1.1685701054308852,0.8345704887206613
5387,-1.0028154827710798,-0.7857467923477701,0.8345704887206613
5732,-0.08423824843573531,0.06997590748507537,-0.13141756361883955
11690,-1.0524683062486662,-1.1685701054308852,0.8345704887206613
2738,1.728089808496161,1.9953519821089778,-0.61441158978859
5052,0.784686162422023,-0.34662593322302043,-0.61441158978859
4000,-0.9779890710322867,-1.1460510870142313,0.8345704887206613
9760,-0.8538570123383212,-0.5605566081812319,0.8345704887206613
2427,0.6605541037280576,0.8356225336513056,0.35157646255091085
11938,-0.5559400714728041,-0.20025231351477057,0.8345704887206613
6833,1.330867220675471,0.6892489139430557,0.35157646255091085
10123,1.1570823385039195,0.5541348034431327,-0.61441158978859
1687,1.4549992793694364,1.421117012484305,-1.5803996421280908
851,-0.5559400714728041,0.12627345352670993,0.8345704887206613
11738,-1.077294717987459,-1.0334559949309623,1.3175645148904118
6303,1.80256904371254,1.2409648651510745,-2.5463876944675916
9087,-1.077294717987459,-1.1460510870142313,1.3175645148904118
12784,-1.077294717987459,-1.191089123847539,0.35157646255091085
14593,-1.077294717987459,-1.202348633055866,0.8345704887206613
5878,-0.0594118366969423,-0.673151700264501,-0.13141756361883955
8527,-0.4069816010400455,0.3064256008599406,0.35157646255091085
2839,-0.6055928949503904,-0.5830756265978857,0.8345704887206613
11279,-1.077294717987459,-1.1460510870142313,0.8345704887206613
4611,1.231561573720299,1.2747433927760552,-0.13141756361883955
9540,0.08954663373581641,-0.5267780805562511,-0.13141756361883955
9207,-0.9779890710322867,-0.6844112094728279,-0.13141756361883955
11008,-0.009759013219356063,-0.48174004372294343,0.35157646255091085
9823,-0.6055928949503904,-0.9433799212643469,-0.13141756361883955
2489,0.75985975068323,-0.24529035034807822,-2.063393668297841
11922,-1.077294717987459,-0.6393731726395202,1.3175645148904118
6905,-1.077294717987459,-1.1685701054308852,1.3175645148904118
7390,1.6784369850185743,0.9819961533595555,-1.5803996421280908
11443,-0.48146083625642483,0.19383050877667143,0.8345704887206613
2849,0.2881579276461611,-0.3241069148063666,-0.13141756361883955
14069,0.6605541037280576,1.2860029019843822,-0.13141756361883955
6665,1.7777426319737468,1.1396292822761322,-2.5463876944675916
5881,-1.077294717987459,-1.1010130501809237,1.3175645148904118
10262,-0.8538570123383212,-0.9546394304726739,0.8345704887206613
4452,-1.0524683062486662,-0.8307848291810778,0.8345704887206613
9949,-0.5807664832115972,-0.2340308411397513,0.8345704887206613
7421,1.554304926324609,1.4999335769425937,-0.13141756361883955
13600,0.08954663373581641,0.19383050877667143,0.35157646255091085
9827,-0.9779890710322867,-1.1010130501809237,0.35157646255091085
12838,0.015067398519437164,-0.41418298847298196,-0.61441158978859
6484,1.330867220675471,0.3402041284849213,-1.5803996421280908
2479,-1.077294717987459,-0.9884179580976545,0.8345704887206613
6617,-1.077294717987459,-1.067234522555943,1.3175645148904118
10457,-1.077294717987459,-0.6168541542228664,1.3175645148904118
11151,0.21367869242978188,0.9482176257345747,-0.13141756361883955
13515,-1.077294717987459,-1.191089123847539,1.3175645148904118
14902,-0.7297249536443557,-0.7519682647227893,-0.13141756361883955
11251,-1.077294717987459,-1.0221964857226353,0.8345704887206613
13245,1.7777426319737468,1.2634838835677282,-2.063393668297841
14061,-0.18354389539090765,0.6779894047347288,0.8345704887206613
2141,-0.9779890710322867,-1.044715504139289,0.8345704887206613
13296,1.08260310328754,1.5337121045675743,-1.0974056159583405
11310,0.4371163980789196,-0.8195253199727509,-1.5803996421280908
5188,-1.077294717987459,-0.8420443383894047,0.8345704887206613
14890,-0.45663442451763175,-0.48174004372294343,-0.13141756361883955
12237,-1.077294717987459,-0.4367020068896358,1.3175645148904118
11548,-0.8786834240771144,-0.2340308411397513,0.35157646255091085
2744,0.18885228069098867,0.9594771349429017,0.35157646255091085
7253,0.9336446328547815,-0.4367020068896358,-1.0974056159583405
13284,1.4053464558918505,1.6463071966508436,-0.61441158978859
3506,2.2742708667496085,1.9615734544839971,-1.5803996421280908
1679,0.13919945721340263,0.7117679323597095,-0.61441158978859
4249,1.47982569110823,1.3535599572343435,0.35157646255091085
3147,0.983297456332368,1.173407809901113,0.35157646255091085
8130,-0.9035098358159074,-0.4479615160979627,0.35157646255091085
10486,-1.0028154827710798,-0.673151700264501,0.35157646255091085
7004,-1.077294717987459,-0.9096013936393662,1.3175645148904118
580,0.2385051041685749,0.8131035152346517,0.35157646255091085
9662,0.3129843393849541,1.0720722270261707,0.35157646255091085
12991,0.26333151590736814,0.8919200796929401,-1.0974056159583405
4070,1.1322559267651264,-0.0651382030148476,-0.61441158978859
13500,-0.9283362475547006,-1.1235320685975776,0.8345704887206613
3343,0.4122899863401266,-0.2340308411397513,-1.0974056159583405
13184,-1.077294717987459,-1.1010130501809237,-0.13141756361883955
7404,-0.6552457184279764,-0.16647378588978984,0.35157646255091085
12775,-1.077294717987459,-1.202348633055866,0.35157646255091085
3672,-1.077294717987459,-1.1573105962225583,0.35157646255091085
559,0.21367869242978188,0.9482176257345747,0.8345704887206613
5237,1.231561573720299,1.421117012484305,-1.0974056159583405
7805,2.050833161100471,2.0291305097339585,0.35157646255091085
13407,-1.0524683062486662,-0.7407087555144625,1.3175645148904118
11041,0.015067398519437164,0.10375443511005612,-0.13141756361883955
512,0.561248456772885,1.18466731910944,-0.13141756361883955
12921,2.299097278488402,2.1867636386505356,-2.5463876944675916
1081,0.3626371628625404,-0.8307848291810778,-1.0974056159583405
1664,-0.03458542495814907,0.7005084231513826,0.35157646255091085
9204,-1.077294717987459,-0.8533038475977316,0.8345704887206613
1931,0.13919945721340263,0.49783725740149815,-0.13141756361883955
14839,-0.15871748365211455,0.38524216531822897,0.35157646255091085
1150,-0.8786834240771144,-0.8307848291810778,-2.063393668297841
2838,0.561248456772885,-0.05387869380652068,0.8345704887206613
5949,-0.23319671886849389,0.23886854560997908,0.8345704887206613
8308,-1.077294717987459,-0.8983418844310392,0.8345704887206613
8932,2.150138808055643,2.254320693900497,-0.61441158978859
15020,-0.33250236582366627,-0.4704805345146165,1.3175645148904118
14262,-0.13389107191332153,-0.8307848291810778,-0.61441158978859
5177,-1.077294717987459,-0.9208609028476931,1.3175645148904118
11867,1.330867220675471,1.7589022887341126,-1.0974056159583405
14098,-0.9035098358159074,-0.2227713319314244,0.8345704887206613
830,1.306040808936678,1.0833317362344976,-1.0974056159583405
8311,0.9584710445935745,0.20509001798499835,-1.0974056159583405
4752,-1.077294717987459,-1.191089123847539,0.8345704887206613
14974,-1.077294717987459,-1.191089123847539,0.8345704887206613
14917,-0.7793777771219419,-0.8983418844310392,-0.61441158978859
15251,-1.077294717987459,-0.9996774673059815,1.3175645148904118
635,-1.0276418945098729,-0.797006301556097,0.35157646255091085
4465,-0.3573287775624594,-0.13269525826480907,-0.61441158978859
12556,-0.6552457184279764,0.13753296273503687,0.35157646255091085
6799,1.1819087502427124,1.2972624111927091,-0.13141756361883955
7987,0.809512574160816,-0.5155185713479241,-2.063393668297841
7079,2.249444455010816,2.1867636386505356,-1.5803996421280908
6966,-1.077294717987459,-1.1347915778059046,0.8345704887206613
4142,2.2742708667496085,2.0178710005256315,-2.5463876944675916
7027,-1.077294717987459,-0.7519682647227893,1.3175645148904118
9183,-0.7297249536443557,-0.7632277739311163,0.35157646255091085
876,-0.28284954234608,0.5316157850264789,-0.13141756361883955
4869,0.9584710445935745,1.2297053559427475,0.35157646255091085
5315,-1.0028154827710798,-0.27906887797305896,0.8345704887206613
5222,-1.0028154827710798,-0.4592210253062896,0.8345704887206613
4,-0.5807664832115972,-1.0109369765143084,0.35157646255091085
3051,0.9584710445935745,1.3197814296093628,-0.13141756361883955
5691,0.9336446328547815,1.2972624111927091,0.35157646255091085
3124,-1.077294717987459,-0.48174004372294343,1.3175645148904118
14599,-1.0028154827710798,-1.1573105962225583,1.3175645148904118
10852,-1.077294717987459,-0.8195253199727509,0.8345704887206613
2491,-1.077294717987459,-1.055975013347616,0.8345704887206613
13365,-0.8538570123383212,-0.14395476747313599,1.3175645148904118
3854,1.057776691548747,1.4774145585259397,0.35157646255091085
13125,0.16402586895219565,-0.8420443383894047,-1.5803996421280908
4777,-1.077294717987459,-1.1235320685975776,-0.61441158978859
9907,-0.08423824843573531,-0.5605566081812319,0.35157646255091085
14640,-0.23319671886849389,-0.7632277739311163,-0.61441158978859
7509,2.4232293371823674,2.231801675483843,-2.063393668297841
6457,1.231561573720299,0.8356225336513056,-0.61441158978859
6293,-1.0028154827710798,-0.6393731726395202,1.3175645148904118
1148,1.08260310328754,-0.07639771222317451,-1.5803996421280908
11453,-0.0594118366969423,0.6216918586930942,-0.13141756361883955
574,2.2246180432720224,2.0741685465672663,-1.0974056159583405
3769,-1.0524683062486662,-0.49299955293127035,0.8345704887206613
11928,0.13919945721340263,0.45279922056819044,-0.13141756361883955
4146,-1.0028154827710798,-0.3241069148063666,0.8345704887206613
853,-1.077294717987459,-0.5267780805562511,0.35157646255091085
10174,0.9088182211159885,-0.4254424976813089,-2.063393668297841
10966,-0.10906466017452843,-0.8758228660143854,-0.61441158978859
5919,0.7350333389444368,0.3402041284849213,-0.13141756361883955
13121,-1.077294717987459,-1.191089123847539,1.3175645148904118
13403,0.13919945721340263,0.18257099956834452,0.35157646255091085
9358,-0.258023130607287,0.3289446192765944,0.8345704887206613
6614,-1.0028154827710798,-1.0109369765143084,0.8345704887206613
6002,0.983297456332368,1.5337121045675743,-0.13141756361883955
9163,-1.0524683062486662,-1.0897535409725967,1.3175645148904118
10893,0.6109012802504713,-0.35788544243134734,-1.0974056159583405
4495,0.3626371628625404,0.7342869507763633,-0.13141756361883955
8173,0.015067398519437164,0.7230274415680364,-0.13141756361883955
6655,1.231561573720299,0.6779894047347288,-0.61441158978859
12039,-0.5311136597340109,-1.0109369765143084,-1.5803996421280908
2368,0.18885228069098867,0.9819961533595555,0.35157646255091085
12307,0.6109012802504713,0.4302802021515366,-0.61441158978859
4780,-1.077294717987459,-1.1122725593892506,1.3175645148904118
12323,-0.009759013219356063,-0.12143574905648218,0.35157646255091085
7992,-0.8290306005995282,-1.0109369765143084,0.8345704887206613
2950,0.13919945721340263,-0.673151700264501,-1.5803996421280908
5625,0.015067398519437164,0.779324987609671,0.35157646255091085
6971,0.16402586895219565,-0.6393731726395202,-0.61441158978859
8716,-0.6800721301667696,-0.9096013936393662,0.35157646255091085
10647,0.13919945721340263,-0.35788544243134734,-1.0974056159583405
13208,0.2385051041685749,-0.1552142766814629,-1.0974056159583405
1841,-1.077294717987459,-1.1685701054308852,0.35157646255091085
5986,0.5860748685116783,1.173407809901113,0.35157646255091085
537,0.9336446328547815,1.5111930861509206,-0.13141756361883955
2806,1.6039577498021953,0.9932556625678823,-0.61441158978859
5801,-1.077294717987459,-1.1460510870142313,1.3175645148904118
5596,0.3626371628625404,0.7905844968179979,0.8345704887206613
7206,0.6357276919892645,0.23886854560997908,-0.13141756361883955
7343,-1.077294717987459,-1.0897535409725967,0.8345704887206613
12533,1.5294785145858159,1.454895540109286,-0.61441158978859
7560,0.21367869242978188,0.21634952719332526,0.35157646255091085
8096,-0.5311136597340109,-0.5155185713479241,-0.13141756361883955
11367,-1.077294717987459,-1.067234522555943,0.8345704887206613
784,-1.077294717987459,-1.0109369765143084,1.3175645148904118
12249,0.26333151590736814,0.9707366441512285,0.35157646255091085
1409,0.13919945721340263,-0.6393731726395202,-0.13141756361883955
10729,-1.077294717987459,-0.4592210253062896,1.3175645148904118
154,-1.077294717987459,-0.4367020068896358,0.8345704887206613
7806,1.7777426319737468,1.8827568900257088,-0.61441158978859
3009,1.306040808936678,0.8468820428596324,-1.0974056159583405
1686,0.9336446328547815,1.1396292822761322,-1.5803996421280908
11093,0.3129843393849541,0.9369581165262478,-0.13141756361883955
4014,-1.077294717987459,-1.202348633055866,0.8345704887206613
7455,-0.8042041888607351,0.03619737986009463,0.8345704887206613
12913,0.11437304547460941,0.7455464599846903,0.35157646255091085
3863,-0.6552457184279764,0.11501394431838304,0.8345704887206613
2733,1.5294785145858159,1.8827568900257088,-0.61441158978859
1895,-1.077294717987459,-0.8758228660143854,1.3175645148904118
5442,-0.23319671886849389,-0.8533038475977316,-0.13141756361883955
569,0.809512574160816,1.2860029019843822,-0.61441158978859
6709,-0.23319671886849389,0.5090967666098251,0.35157646255091085
5854,0.5860748685116783,-0.7181897370978086,-1.0974056159583405
1816,-1.0524683062486662,-1.1798296146392122,-0.61441158978859
10257,0.5364220450340921,-0.5492970989729049,-1.5803996421280908
8319,-1.077294717987459,-0.9658989396810007,0.8345704887206613
3394,-0.28284954234608,0.21634952719332526,0.8345704887206613
3327,-0.3821551893012525,-0.7294492463061355,0.35157646255091085
15313,-1.077294717987459,-1.2473866698891736,0.8345704887206613
6102,-0.9283362475547006,-0.5830756265978857,0.8345704887206613
2975,-0.28284954234608,-0.5492970989729049,-0.13141756361883955
980,-0.6552457184279764,-0.26780936876473205,0.35157646255091085
10492,0.015067398519437164,-0.04261918459819377,-0.61441158978859
190,1.057776691548747,1.5449716137759013,0.35157646255091085
9331,1.2812143971978849,1.6237881782341896,-0.13141756361883955
5088,-0.7793777771219419,-1.067234522555943,0.8345704887206613
699,0.18885228069098867,-0.7857467923477701,-1.5803996421280908
14975,-1.077294717987459,-1.191089123847539,1.3175645148904118
606,-1.077294717987459,-0.6844112094728279,1.3175645148904118
12468,1.1819087502427124,-0.09891673063982834,-2.5463876944675916
301,0.9088182211159885,-0.26780936876473205,-0.61441158978859
14832,0.7102069272056438,1.049553208609517,-1.0974056159583405
3420,-0.3573287775624594,0.3965016745265559,0.35157646255091085
15041,1.1322559267651264,0.5203562758181519,0.8345704887206613
1060,-1.077294717987459,-1.1685701054308852,0.8345704887206613
14056,1.4301728676306433,1.8264593439840742,-0.13141756361883955
15180,-0.08423824843573531,1.421117012484305,0.8345704887206613
10757,0.38746357460133357,1.1283697730678053,0.35157646255091085
3444,0.16402586895219565,0.9482176257345747,0.35157646255091085
1069,-1.077294717987459,-1.191089123847539,0.8345704887206613
10716,-1.077294717987459,-0.5155185713479241,0.8345704887206613
2205,-1.077294717987459,-1.1798296146392122,0.8345704887206613
9435,0.06472022199702318,-0.5605566081812319,0.35157646255091085
7339,-0.5559400714728041,-0.8420443383894047,0.8345704887206613
8208,2.4232293371823674,2.4119538228170736,-1.0974056159583405
7679,-0.15871748365211455,-0.8870823752227124,-0.13141756361883955
11312,-1.077294717987459,-1.202348633055866,-0.13141756361883955
13503,-0.9531626592934936,-1.1347915778059046,-0.13141756361883955
4642,0.9336446328547815,0.49783725740149815,-1.0974056159583405
7683,-0.03458542495814907,-0.8307848291810778,0.35157646255091085
12946,2.1749652197944367,2.265580203108824,-2.063393668297841
9007,2.0260067493616774,1.443636030900959,-1.5803996421280908
7996,-0.23319671886849389,-0.8420443383894047,-1.0974056159583405
11259,-0.7297249536443557,-0.8307848291810778,0.35157646255091085
12740,-1.077294717987459,-1.1460510870142313,1.3175645148904118
5600,1.7032633967573674,1.6688262150674973,0.35157646255091085
9151,-0.9779890710322867,-1.0897535409725967,1.3175645148904118
7022,-0.5311136597340109,-0.25654985955640514,0.8345704887206613
14619,-1.077294717987459,-1.1798296146392122,0.8345704887206613
4893,2.100485984578057,2.1417256018172277,-1.5803996421280908
225,0.9336446328547815,1.1396292822761322,0.35157646255091085
14362,-1.077294717987459,-0.5605566081812319,1.3175645148904118
3354,-1.077294717987459,-0.8983418844310392,1.3175645148904118
5895,0.3129843393849541,-0.34662593322302043,-0.13141756361883955
10677,-0.8786834240771144,-0.5042590621395973,1.3175645148904118
8754,-1.077294717987459,-1.202348633055866,1.3175645148904118
3436,0.3626371628625404,1.049553208609517,0.35157646255091085
14565,0.4371163980789196,-0.6281136634311933,-1.0974056159583405
14373,1.4301728676306433,1.590009650609209,-1.0974056159583405
1693,0.4371163980789196,0.7455464599846903,-0.13141756361883955
6893,-1.077294717987459,-1.1347915778059046,1.3175645148904118
1045,-1.077294717987459,-1.1235320685975776,0.8345704887206613
3446,-1.077294717987459,-0.4367020068896358,1.3175645148904118
12757,-0.9779890710322867,-1.1347915778059046,-1.0974056159583405
8050,0.18885228069098867,-0.7744872831394432,-0.61441158978859
9146,-0.18354389539090765,-0.8645633568060586,-0.13141756361883955
15312,-1.077294717987459,-1.1122725593892506,0.35157646255091085
10927,0.3129843393849541,-0.797006301556097,0.35157646255091085
11296,-0.6055928949503904,-1.0109369765143084,0.35157646255091085
4735,-1.077294717987459,-1.202348633055866,0.8345704887206613
4496,-0.9283362475547006,-0.3241069148063666,0.8345704887206613
1218,0.6853805154668505,1.060812717817844,-0.13141756361883955
13446,0.2881579276461611,-0.40292347926465505,-2.063393668297841
13703,-0.45663442451763175,0.4077611837348828,0.35157646255091085
6015,1.4549992793694364,1.848978362400728,-0.13141756361883955
9719,1.057776691548747,1.2522243743594015,-0.13141756361883955
3987,0.46194280981771285,-0.7632277739311163,-1.0974056159583405
4911,2.2246180432720224,2.288099221525478,-2.063393668297841
9492,-0.08423824843573531,-0.9096013936393662,-0.61441158978859
4493,-0.03458542495814907,0.4302802021515366,0.35157646255091085
6944,-0.4318080127788386,-0.9658989396810007,-0.13141756361883955
5699,0.7350333389444368,1.0833317362344976,0.35157646255091085
8352,-0.3821551893012525,-0.8195253199727509,0.35157646255091085
12259,1.80256904371254,1.8714973808173818,-2.063393668297841
13992,0.809512574160816,1.0157746809845363,-0.13141756361883955
956,0.7350333389444368,1.027034190192863,-0.61441158978859
11983,0.5860748685116783,-0.26780936876473205,-1.5803996421280908
11426,-0.45663442451763175,0.03619737986009463,0.35157646255091085
2869,-1.0028154827710798,-1.044715504139289,0.8345704887206613
11969,-0.8538570123383212,-0.7294492463061355,0.35157646255091085
4433,-1.077294717987459,-1.0334559949309623,0.8345704887206613
4973,-0.7793777771219419,-0.12143574905648218,1.3175645148904118
14207,-1.0028154827710798,-1.1010130501809237,0.35157646255091085
2961,-1.077294717987459,-1.0897535409725967,1.3175645148904118
14172,-0.506287247995218,-0.6393731726395202,0.8345704887206613
2200,-0.8538570123383212,-1.07849403176427,-0.13141756361883955
98,-0.6304193066891834,-0.1552142766814629,1.3175645148904118
15115,2.348750101965988,2.7609986082752083,-0.13141756361883955
2557,-0.5807664832115972,-1.0109369765143084,-0.61441158978859
11375,-1.077294717987459,-1.0221964857226353,1.3175645148904118
8445,0.75985975068323,-0.3128474055980397,-0.61441158978859
12115,-0.23319671886849389,-0.3353664240146935,-0.13141756361883955
4199,-0.23319671886849389,0.632951367901421,0.35157646255091085
9637,0.4371163980789196,1.060812717817844,-0.13141756361883955
5539,0.9584710445935745,0.14879247194336379,-0.61441158978859
1648,0.2881579276461611,1.027034190192863,-1.0974056159583405
12874,0.21367869242978188,0.3289446192765944,-0.61441158978859
12915,0.8839918093771955,1.2860029019843822,-0.13141756361883955
12183,-1.077294717987459,-0.49299955293127035,1.3175645148904118
9888,-0.18354389539090765,-0.7857467923477701,0.8345704887206613
11383,1.2812143971978849,0.27264707323495985,-1.5803996421280908
6197,-0.6304193066891834,-1.044715504139289,0.8345704887206613
6295,1.1322559267651264,0.7455464599846903,-0.13141756361883955
4499,0.9088182211159885,1.1283697730678053,-1.0974056159583405
1154,-1.077294717987459,-0.9884179580976545,1.3175645148904118
2255,1.2067351619815054,0.3064256008599406,-2.063393668297841
9874,-1.077294717987459,-1.1798296146392122,0.8345704887206613
3170,-0.9531626592934936,-0.5267780805562511,0.35157646255091085
7400,-0.03458542495814907,0.250128054818306,0.8345704887206613
10248,-1.0524683062486662,-1.1235320685975776,0.35157646255091085
7158,2.3239236902271947,2.006611491317305,-1.5803996421280908
12282,0.5860748685116783,0.8806605704846132,-0.61441158978859
15136,0.03989381025823017,1.466155049317613,1.3175645148904118
3108,0.46194280981771285,1.162148300692786,-0.13141756361883955
4548,-0.7545513653831489,0.12627345352670993,0.8345704887206613
11915,-0.8290306005995282,-0.18899280430644366,0.8345704887206613
14589,0.16402586895219565,-0.8533038475977316,-2.063393668297841
5423,-0.9779890710322867,-1.0109369765143084,0.8345704887206613
2049,1.9018746906677122,1.713864251900805,-1.5803996421280908
13168,-0.10906466017452843,-0.8195253199727509,-1.0974056159583405
11835,-0.7545513653831489,0.08123541669340228,0.35157646255091085
9208,-0.6055928949503904,-0.36914495163967426,0.8345704887206613
8815,0.4371163980789196,-0.3353664240146935,-0.61441158978859
14681,-0.4318080127788386,-0.3241069148063666,0.8345704887206613
15033,0.03989381025823017,-0.3128474055980397,1.3175645148904118
14075,-1.077294717987459,-0.4592210253062896,1.3175645148904118
262,1.6287841615409884,0.7342869507763633,-1.0974056159583405
13922,-1.077294717987459,-1.067234522555943,1.3175645148904118
11561,-0.8786834240771144,-0.3353664240146935,0.8345704887206613
4061,-1.077294717987459,-1.067234522555943,0.8345704887206613
5534,-1.077294717987459,-0.9996774673059815,1.3175645148904118
14486,1.008123868071161,0.9369581165262478,-0.13141756361883955
14257,-0.9531626592934936,-1.1010130501809237,1.3175645148904118
6616,-1.077294717987459,-1.07849403176427,0.35157646255091085
8120,-1.077294717987459,-0.7744872831394432,1.3175645148904118
8155,-0.5311136597340109,0.12627345352670993,0.8345704887206613
1802,-1.077294717987459,-1.191089123847539,1.3175645148904118
4736,0.08954663373581641,-0.8758228660143854,-0.61441158978859
15324,-0.48146083625642483,-0.9771584488893277,-1.5803996421280908
2385,0.75985975068323,1.3310409388176898,-0.13141756361883955
6694,2.199791631533229,1.9052759084423625,-1.0974056159583405
5759,0.7102069272056438,0.024937870651767717,0.35157646255091085
1959,1.4549992793694364,1.6575667058591705,-1.0974056159583405
2976,-0.6304193066891834,-0.6956707186811548,0.35157646255091085
8680,-0.7048985419055627,-0.6168541542228664,0.8345704887206613
1843,0.561248456772885,-0.673151700264501,-1.5803996421280908
1734,-1.077294717987459,-0.8983418844310392,1.3175645148904118
2911,-0.9035098358159074,-1.1235320685975776,-0.61441158978859
11411,-0.8538570123383212,-0.4479615160979627,0.35157646255091085
8338,0.6109012802504713,-0.36914495163967426,-1.5803996421280908
13822,-1.077294717987459,-1.1010130501809237,0.8345704887206613
1986,1.9018746906677122,2.0966875649839203,-1.5803996421280908
9561,0.18885228069098867,-0.09891673063982834,-0.13141756361883955
6546,-1.077294717987459,-1.191089123847539,1.3175645148904118
14243,-0.9531626592934936,-1.1347915778059046,1.3175645148904118
7098,-0.506287247995218,0.38524216531822897,0.8345704887206613
2811,0.38746357460133357,0.3176851100682675,0.35157646255091085
659,-0.009759013219356063,-0.4592210253062896,0.35157646255091085
9986,1.8770482789289193,1.8039403255674202,-2.063393668297841
2511,-0.9779890710322867,-1.055975013347616,0.35157646255091085
11589,-1.0524683062486662,-0.797006301556097,0.35157646255091085
4282,-0.9035098358159074,-0.6168541542228664,0.8345704887206613
9339,0.9584710445935745,1.3535599572343435,0.35157646255091085
11464,2.4232293371823674,2.2993587307338044,-2.5463876944675916
8800,-0.13389107191332153,-0.6956707186811548,-1.0974056159583405
6287,-0.6304193066891834,-0.36914495163967426,0.8345704887206613
11774,0.13919945721340263,0.21634952719332526,-0.13141756361883955
1930,1.6287841615409884,1.3423004480260168,-0.13141756361883955
7125,1.1819087502427124,1.6463071966508436,-0.13141756361883955
197,1.8770482789289193,1.9953519821089778,-1.0974056159583405
7777,0.13919945721340263,0.5203562758181519,-0.13141756361883955
2931,-0.9779890710322867,-1.1235320685975776,0.8345704887206613
8004,-0.8042041888607351,-1.044715504139289,-0.13141756361883955
2327,1.8273954554513328,1.9052759084423625,-1.5803996421280908
4389,0.21367869242978188,-0.8195253199727509,-0.13141756361883955
8958,2.671493454570298,2.4682513688587084,-0.61441158978859
12688,0.6605541037280576,0.19383050877667143,-0.13141756361883955
4218,2.44805574892116,2.288099221525478,-2.5463876944675916
11447,-0.506287247995218,0.20509001798499835,-0.13141756361883955
202,-1.0524683062486662,-0.39166397005632814,0.35157646255091085
3510,-0.10906466017452843,0.47531823898484427,0.8345704887206613
4931,-1.077294717987459,-0.4367020068896358,1.3175645148904118
14582,-0.33250236582366627,-0.9433799212643469,-0.61441158978859
5535,-1.077294717987459,-0.9996774673059815,1.3175645148904118
9925,0.7102069272056438,0.10375443511005612,-1.0974056159583405
5791,-1.077294717987459,-1.1122725593892506,1.3175645148904118
10969,-1.077294717987459,-1.1798296146392122,1.3175645148904118
1707,-0.13389107191332153,0.13753296273503687,0.35157646255091085
5172,-0.18354389539090765,-0.4479615160979627,-0.61441158978859
5249,-0.4318080127788386,0.3402041284849213,0.35157646255091085
13949,-0.48146083625642483,-0.3804044608480012,0.8345704887206613
11666,-1.077294717987459,-1.202348633055866,0.35157646255091085
6528,0.8591653976384023,-0.5267780805562511,-1.0974056159583405
15112,0.8343389858996093,1.7926808163590935,0.8345704887206613
5855,0.561248456772885,-0.7181897370978086,-1.0974056159583405
8164,-0.7545513653831489,-0.008840656973213026,0.35157646255091085
854,-0.506287247995218,0.19383050877667143,0.35157646255091085
13877,0.26333151590736814,-0.8307848291810778,-2.5463876944675916
14555,-0.8538570123383212,-0.9546394304726739,0.8345704887206613
4737,-1.077294717987459,-1.202348633055866,1.3175645148904118
12289,-0.8786834240771144,-0.3241069148063666,1.3175645148904118
10352,-0.9283362475547006,-0.2340308411397513,0.35157646255091085
698,-0.45663442451763175,-0.93212041205602,-0.61441158978859
11344,-1.077294717987459,-1.1573105962225583,1.3175645148904118
11191,0.983297456332368,1.060812717817844,-0.61441158978859
3696,-0.9779890710322867,-0.9771584488893277,0.35157646255091085
1636,0.21367869242978188,1.0045151717762093,0.35157646255091085
7280,-1.077294717987459,-1.191089123847539,0.8345704887206613
7554,0.5115956332952991,0.46405872977651735,0.35157646255091085
11649,-1.0524683062486662,-1.1347915778059046,0.8345704887206613
3581,0.13919945721340263,-0.40292347926465505,-0.61441158978859
1291,-0.8042041888607351,0.024937870651767717,0.35157646255091085
12851,1.47982569110823,0.49783725740149815,-2.5463876944675916
6585,-1.077294717987459,-1.1798296146392122,1.3175645148904118
13808,-0.8042041888607351,-0.8082658107644239,0.35157646255091085
1853,-0.7048985419055627,-0.9433799212643469,0.8345704887206613
5232,1.032950279809954,1.2297053559427475,-0.61441158978859
3763,0.38746357460133357,0.7230274415680364,-0.61441158978859
3304,-1.0524683062486662,-1.1347915778059046,0.8345704887206613
1495,0.26333151590736814,-0.5830756265978857,-0.61441158978859
13919,-1.077294717987459,-1.0897535409725967,1.3175645148904118
11935,0.3129843393849541,0.38524216531822897,-0.13141756361883955
11637,-0.7793777771219419,-0.9433799212643469,0.35157646255091085
7994,-0.45663442451763175,-0.8870823752227124,-0.13141756361883955
1998,1.5046521028470228,1.8714973808173818,-0.61441158978859
663,-1.077294717987459,-1.055975013347616,1.3175645148904118
12971,0.7102069272056438,1.3310409388176898,-1.5803996421280908
13545,-1.0524683062486662,-1.0897535409725967,0.8345704887206613
3748,-1.077294717987459,-0.6956707186811548,1.3175645148904118
4413,-1.077294717987459,-1.1235320685975776,1.3175645148904118
12936,-0.23319671886849389,0.6104323494847672,0.35157646255091085
5530,1.1322559267651264,-0.08765722143150143,-0.61441158978859
5575,-0.03458542495814907,0.26138756402663293,0.35157646255091085
8901,-1.077294717987459,-0.4704805345146165,1.3175645148904118
7526,-1.0524683062486662,-0.48174004372294343,1.3175645148904118
9474,-0.23319671886849389,-0.93212041205602,-0.13141756361883955
5864,-1.0028154827710798,-1.1010130501809237,0.35157646255091085
13260,0.983297456332368,1.1058507546511516,-1.5803996421280908
10867,0.7102069272056438,0.10375443511005612,-1.0974056159583405
6776,2.4728821606599536,2.288099221525478,-2.063393668297841
12221,0.4371163980789196,1.173407809901113,-0.13141756361883955
1306,-0.33250236582366627,0.4077611837348828,-0.13141756361883955
13688,-1.077294717987459,-0.4254424976813089,1.3175645148904118
13696,-0.3821551893012525,0.49783725740149815,0.35157646255091085
7392,-1.0276418945098729,-0.6506326818478472,0.8345704887206613
10429,1.306040808936678,1.6237881782341896,-0.61441158978859
11494,0.4122899863401266,1.1508887914844592,-0.13141756361883955
5592,1.4301728676306433,1.3873384848593244,-0.13141756361883955
10230,-0.5559400714728041,-0.9996774673059815,-0.13141756361883955
9721,-0.28284954234608,0.3402041284849213,0.35157646255091085
1663,0.3129843393849541,0.9707366441512285,0.35157646255091085
5450,-1.077294717987459,-1.191089123847539,0.8345704887206613
15241,1.008123868071161,0.5203562758181519,0.8345704887206613
15270,-0.8786834240771144,-0.93212041205602,-0.61441158978859
3627,-0.08423824843573531,-0.8983418844310392,-1.0974056159583405
13931,-1.077294717987459,-1.0221964857226353,1.3175645148904118
13339,1.9515275141452983,2.0854280557755933,-1.0974056159583405
13083,0.9584710445935745,-0.2227713319314244,-1.5803996421280908
2693,-1.077294717987459,-0.4592210253062896,0.8345704887206613
11252,-0.7545513653831489,-0.7857467923477701,-0.13141756361883955
9789,0.6109012802504713,-0.2227713319314244,0.35157646255091085
14892,-0.13389107191332153,-0.35788544243134734,-0.61441158978859
10921,0.3626371628625404,-0.7181897370978086,-2.5463876944675916
10817,-0.20837030712970078,0.38524216531822897,-0.13141756361883955
5915,-0.13389107191332153,-0.1552142766814629,-0.61441158978859
3157,-0.5311136597340109,0.024937870651767717,0.35157646255091085
11506,1.6287841615409884,1.9277949268590164,-1.0974056159583405
9914,-1.077294717987459,-1.0221964857226353,1.3175645148904118
13471,-1.077294717987459,-1.1460510870142313,1.3175645148904118
6668,1.1819087502427124,0.903179588901267,-0.61441158978859
1059,-0.6055928949503904,-0.9546394304726739,-0.13141756361883955
4636,-1.077294717987459,-0.7744872831394432,0.8345704887206613
3242,-0.3573287775624594,-0.8307848291810778,0.35157646255091085
1678,0.13919945721340263,0.7230274415680364,0.35157646255091085
6892,-1.0028154827710798,-1.067234522555943,-0.13141756361883955
6374,2.7459726897866776,2.5808464609419772,-1.0974056159583405
7574,-0.3821551893012525,-0.3128474055980397,0.8345704887206613
14820,-0.7048985419055627,0.05871639827674846,0.35157646255091085
1757,-0.5559400714728041,-0.7069302278894817,-0.61441158978859
6019,1.6287841615409884,1.9503139452756701,-0.13141756361883955
12383,-1.077294717987459,-1.1685701054308852,1.3175645148904118
5116,0.3129843393849541,-0.8082658107644239,-0.61441158978859
8755,-1.077294717987459,-1.202348633055866,1.3175645148904118
7408,0.784686162422023,0.8581415520679594,-0.13141756361883955
2790,0.18885228069098867,0.5766538218597865,0.35157646255091085
863,0.33781075112374737,0.9256986073179209,-0.13141756361883955
7858,-0.08423824843573531,0.7342869507763633,0.35157646255091085
1484,-1.077294717987459,-1.1460510870142313,0.8345704887206613
7035,0.26333151590736814,0.4302802021515366,0.35157646255091085
7721,0.38746357460133357,-0.3241069148063666,0.35157646255091085
5977,0.983297456332368,1.3648194664426705,-0.61441158978859
5134,-1.077294717987459,-1.1573105962225583,0.8345704887206613
206,1.5791313380634018,1.7476427795257858,0.35157646255091085
4488,0.18885228069098867,0.5203562758181519,0.35157646255091085
6938,-0.5559400714728041,-1.0109369765143084,0.8345704887206613
9062,0.3626371628625404,-0.35788544243134734,-0.13141756361883955
12685,0.4371163980789196,0.14879247194336379,-0.13141756361883955
6910,-1.0028154827710798,-1.1347915778059046,0.8345704887206613
502,1.6536105732797814,1.8151998347757472,-0.61441158978859
7385,0.5115956332952991,0.3289446192765944,0.8345704887206613
1028,-0.5559400714728041,-0.7181897370978086,-0.13141756361883955
3840,-1.077294717987459,-0.4367020068896358,1.3175645148904118
10882,0.6109012802504713,-0.18899280430644366,-1.0974056159583405
13773,-1.0028154827710798,-0.673151700264501,0.8345704887206613
8110,-1.077294717987459,-0.8420443383894047,1.3175645148904118
14948,-0.9531626592934936,-1.1235320685975776,0.8345704887206613
5056,0.03989381025823017,-0.6168541542228664,0.35157646255091085
9762,-0.5311136597340109,-0.34662593322302043,-0.61441158978859
8154,-0.20837030712970078,0.38524216531822897,0.35157646255091085
10965,-0.48146083625642483,-0.9658989396810007,0.35157646255091085
14183,-0.9779890710322867,-0.9771584488893277,0.35157646255091085
2731,0.03989381025823017,0.8694010612762862,0.8345704887206613
14434,0.9584710445935745,1.4886740677342667,-0.61441158978859
8996,0.7350333389444368,0.9594771349429017,-0.13141756361883955
14039,0.561248456772885,1.2409648651510745,-0.13141756361883955
11837,-0.6552457184279764,0.19383050877667143,1.3175645148904118
2454,-0.3821551893012525,-0.2227713319314244,0.8345704887206613
12790,-0.7297249536443557,-1.044715504139289,-0.61441158978859
7215,-0.4069816010400455,-0.40292347926465505,-0.13141756361883955
3104,1.2812143971978849,1.713864251900805,0.35157646255091085
13067,0.2881579276461611,-0.18899280430644366,-0.61441158978859
14151,-0.9283362475547006,-0.6956707186811548,0.8345704887206613
8392,0.4867692215565058,-0.8082658107644239,-1.0974056159583405
6278,1.1570823385039195,0.4077611837348828,-0.13141756361883955
3099,-1.0524683062486662,-0.3353664240146935,1.3175645148904118
6184,-0.8786834240771144,-1.1010130501809237,1.3175645148904118
10470,-0.7297249536443557,-0.26780936876473205,0.8345704887206613
3561,1.057776691548747,0.26138756402663293,-0.61441158978859
5892,0.8343389858996093,-0.2227713319314244,-0.61441158978859
12666,1.80256904371254,1.1171102638594783,-1.5803996421280908
14624,-1.0524683062486662,-1.1460510870142313,0.35157646255091085
12706,-0.23319671886849389,-0.4592210253062896,-0.13141756361883955
13986,-1.0028154827710798,-0.4704805345146165,0.8345704887206613
391,-0.9283362475547006,-1.044715504139289,-0.61441158978859
6736,-0.5807664832115972,0.3064256008599406,0.8345704887206613
5618,-0.5559400714728041,0.250128054818306,0.8345704887206613
5258,-1.077294717987459,-0.4367020068896358,0.8345704887206613
9687,2.547361395876333,2.4119538228170736,-0.61441158978859
2695,2.0756595728392635,2.0741685465672663,-1.0974056159583405
2027,-0.4318080127788386,0.38524216531822897,0.8345704887206613
13440,-1.077294717987459,-1.0109369765143084,0.8345704887206613
5463,0.3129843393849541,-0.8307848291810778,-0.61441158978859
2568,-0.08423824843573531,-0.8533038475977316,-1.0974056159583405
8006,-0.13389107191332153,-0.8983418844310392,-0.61441158978859
64,-0.15871748365211455,-0.26780936876473205,0.35157646255091085
12076,-1.077294717987459,-1.1460510870142313,0.35157646255091085
2062,-1.0524683062486662,-0.5718161173895587,1.3175645148904118
5276,-0.9779890710322867,-0.17773329509811675,0.8345704887206613
7208,-0.8786834240771144,-0.6281136634311933,0.8345704887206613
8684,-1.077294717987459,-0.9658989396810007,0.8345704887206613
8571,-0.009759013219356063,0.8356225336513056,0.35157646255091085
6331,-0.9035098358159074,-0.2227713319314244,1.3175645148904118
4859,-0.18354389539090765,0.3402041284849213,0.35157646255091085
14552,-0.9531626592934936,-0.9884179580976545,0.8345704887206613
12185,1.554304926324609,1.713864251900805,-1.5803996421280908
4887,2.2246180432720224,2.1642446202338816,-2.063393668297841
9268,2.0260067493616774,2.0403900189422854,-1.5803996421280908
878,-0.08423824843573531,0.7005084231513826,0.8345704887206613
8529,-1.077294717987459,-0.49299955293127035,1.3175645148904118
7916,1.3556936324142643,0.9369581165262478,-0.61441158978859
6863,-1.077294717987459,-0.9996774673059815,0.8345704887206613
7892,0.4371163980789196,0.8694010612762862,0.35157646255091085
6439,2.150138808055643,1.725123761109132,-2.063393668297841
7869,1.5791313380634018,1.8039403255674202,-0.61441158978859
1016,1.330867220675471,0.13753296273503687,-2.063393668297841
9467,-0.7545513653831489,-1.055975013347616,-0.13141756361883955
11990,-1.0524683062486662,-1.0334559949309623,1.3175645148904118
7629,-0.8786834240771144,-1.0334559949309623,0.8345704887206613
12743,-0.5559400714728041,-0.9208609028476931,-0.61441158978859
11534,0.08954663373581641,0.7342869507763633,-0.13141756361883955
13103,-1.077294717987459,-1.1347915778059046,0.35157646255091085
14605,-0.45663442451763175,-0.9884179580976545,0.35157646255091085
995,0.4867692215565058,0.20509001798499835,-0.13141756361883955
10173,-1.077294717987459,-1.1122725593892506,0.8345704887206613
4297,1.057776691548747,0.1713114903600176,-1.5803996421280908
161,-1.0276418945098729,-0.27906887797305896,0.8345704887206613
5675,1.4549992793694364,1.7589022887341126,0.35157646255091085
6873,0.6357276919892645,-0.3015878963897128,-0.13141756361883955
14737,-0.6304193066891834,0.10375443511005612,0.8345704887206613
12990,1.6039577498021953,1.7589022887341126,-1.0974056159583405
9692,1.47982569110823,1.7701617979424396,-0.13141756361883955
7989,-0.9531626592934936,-1.044715504139289,0.35157646255091085
3843,-0.03458542495814907,0.7680654784013441,0.8345704887206613
13417,1.008123868071161,0.36272314690157514,-1.0974056159583405
10805,0.38746357460133357,0.9369581165262478,-0.61441158978859
11653,-1.0524683062486662,-1.1460510870142313,0.35157646255091085
1021,-0.4069816010400455,-0.5718161173895587,0.35157646255091085
3073,0.8343389858996093,1.4098575032759781,0.8345704887206613
7555,-0.33250236582366627,-0.04261918459819377,-0.13141756361883955
3943,-0.30767595408487314,-0.5267780805562511,-0.13141756361883955
1585,-0.20837030712970078,0.45279922056819044,0.8345704887206613
10147,0.015067398519437164,-0.3353664240146935,-1.0974056159583405
3152,0.561248456772885,0.8468820428596324,-0.13141756361883955
14541,0.21367869242978188,-0.41418298847298196,-1.5803996421280908
8226,-0.4318080127788386,0.4302802021515366,0.35157646255091085
12206,-0.6800721301667696,0.19383050877667143,0.8345704887206613
775,0.809512574160816,-0.29032838718138587,-2.5463876944675916
10748,1.8770482789289193,2.0741685465672663,-1.5803996421280908
9670,2.0756595728392635,2.209282657067189,-0.61441158978859
7099,-0.30767595408487314,0.5653943126514596,0.35157646255091085
5486,-0.7793777771219419,-1.055975013347616,-0.13141756361883955
6235,-0.23319671886849389,-0.797006301556097,0.8345704887206613
9555,0.4122899863401266,-0.2115118227230975,-0.61441158978859
7041,1.3805200441530574,1.162148300692786,-0.61441158978859
2612,-1.0276418945098729,-0.9433799212643469,0.35157646255091085
7513,1.306040808936678,1.5674906321925552,0.8345704887206613
11016,-1.077294717987459,-0.9884179580976545,0.8345704887206613
10233,-1.077294717987459,-1.191089123847539,0.8345704887206613
8433,-0.8786834240771144,-0.9884179580976545,0.8345704887206613
10253,-0.20837030712970078,-0.7857467923477701,0.35157646255091085
10555,-0.5311136597340109,-0.93212041205602,-1.0974056159583405
8792,0.809512574160816,-0.538037589764578,-0.13141756361883955
10627,-0.9531626592934936,-1.0109369765143084,0.35157646255091085
5393,0.5115956332952991,-0.04261918459819377,-0.13141756361883955
14502,0.6357276919892645,0.3965016745265559,-0.61441158978859
11080,0.784686162422023,1.1283697730678053,-0.13141756361883955
14356,1.08260310328754,1.162148300692786,-1.0974056159583405
8838,1.4301728676306433,0.5879133310681134,-2.063393668297841
3890,-0.5311136597340109,0.0024188522351138884,0.8345704887206613
3556,-1.0524683062486662,-0.8195253199727509,0.8345704887206613
11394,-0.6800721301667696,-0.48174004372294343,0.8345704887206613
1528,-0.45663442451763175,-0.39166397005632814,0.35157646255091085
15167,0.4122899863401266,1.8039403255674202,-0.61441158978859
1267,-1.0524683062486662,-0.3353664240146935,0.8345704887206613
7734,0.4122899863401266,0.0024188522351138884,0.35157646255091085
1899,0.9088182211159885,0.38524216531822897,-1.5803996421280908
4658,-0.6800721301667696,-0.5605566081812319,-0.13141756361883955
3005,-0.9779890710322867,-0.6281136634311933,0.35157646255091085
2734,2.001180337622885,2.1642446202338816,-2.063393668297841
15293,-0.48146083625642483,-0.7857467923477701,1.3175645148904118
189,0.9336446328547815,1.466155049317613,0.35157646255091085
9998,-0.9531626592934936,-0.2115118227230975,0.8345704887206613
9167,-0.9779890710322867,-1.0109369765143084,0.8345704887206613
2747,0.3129843393849541,1.03829369940119,0.8345704887206613
2047,1.5046521028470228,1.5224525953592474,-1.0974056159583405
7849,-0.7297249536443557,0.14879247194336379,0.8345704887206613
2558,-0.7793777771219419,-1.067234522555943,0.35157646255091085
9274,2.050833161100471,2.0966875649839203,-1.0974056159583405
8666,1.032950279809954,0.4302802021515366,-1.5803996421280908
11096,0.2385051041685749,0.903179588901267,-0.13141756361883955
13035,1.057776691548747,0.7005084231513826,-1.5803996421280908
6396,0.26333151590736814,1.0157746809845363,0.35157646255091085
12309,1.4301728676306433,0.779324987609671,-1.5803996421280908
3385,-0.5807664832115972,-0.11017623984815525,0.8345704887206613
4555,0.561248456772885,1.2634838835677282,0.35157646255091085
1184,0.3129843393849541,0.35146363769324823,0.35157646255091085
6420,-0.9035098358159074,-0.17773329509811675,0.8345704887206613
5051,0.5115956332952991,-0.41418298847298196,-1.0974056159583405
5311,0.9088182211159885,1.4098575032759781,-0.61441158978859
2433,1.728089808496161,1.3085219204010359,-0.61441158978859
6949,0.4867692215565058,-0.7407087555144625,-0.61441158978859
13803,-0.23319671886849389,-0.48174004372294343,-0.61441158978859
10583,-1.077294717987459,-1.202348633055866,0.0
769,-0.9531626592934936,-0.9884179580976545,0.8345704887206613
1685,2.1253123963168505,1.8039403255674202,-1.5803996421280908
8322,-1.0276418945098729,-0.9096013936393662,0.8345704887206613
11111,0.33781075112374737,1.0720722270261707,-0.13141756361883955
11363,-0.10906466017452843,-0.6281136634311933,-0.61441158978859
11636,0.6109012802504713,-0.5155185713479241,-2.063393668297841
14423,0.7350333389444368,1.3760789756509975,-1.0974056159583405
5578,1.3556936324142643,1.1058507546511516,0.35157646255091085
4426,-0.9035098358159074,-0.93212041205602,-0.13141756361883955
13526,-0.5559400714728041,-0.9771584488893277,0.35157646255091085
466,0.015067398519437164,0.36272314690157514,-0.61441158978859
6265,0.75985975068323,-0.12143574905648218,-1.0974056159583405
5734,1.032950279809954,0.6216918586930942,-0.13141756361883955
11284,-0.8290306005995282,-1.0221964857226353,-0.13141756361883955
11964,-0.8538570123383212,-0.6844112094728279,0.8345704887206613
5191,1.5046521028470228,0.7342869507763633,-1.5803996421280908
13418,1.032950279809954,0.35146363769324823,-1.5803996421280908
5390,0.38746357460133357,-0.04261918459819377,-0.13141756361883955
860,-0.8786834240771144,-0.14395476747313599,1.3175645148904118
7270,-1.077294717987459,-1.1685701054308852,0.8345704887206613
