,mean_temp
4209,18.3
4098,11.1
13529,1.8
6282,2.4
12646,20.2
7306,8.3
12300,19.4
1583,10.6
68,5.8
3251,6.0
8961,24.9
3295,8.6
11525,18.2
7802,14.0
7741,8.7
2455,16.1
1595,11.0
11570,17.5
14623,8.6
8294,13.6
8169,13.4
7583,9.0
13819,9.4
245,16.2
3017,10.0
5290,18.7
4751,8.9
9535,6.2
4003,11.1
6109,15.1
12682,14.4
11662,-1.8
3781,14.2
7030,10.0
673,3.0
6532,2.1
11634,7.1
8653,15.6
7931,15.2
10667,8.4
7482,17.2
3024,8.3
12678,11.4
13003,19.7
2425,16.1
12530,11.0
12773,8.2
3753,10.1
13088,15.9
7746,9.4
11584,15.0
13135,12.4
3433,14.8
4337,12.5
4280,10.8
13637,10.0
5226,12.5
11468,13.5
2517,5.1
8248,21.8
14727,10.9
13434,10.4
2036,20.5
3065,13.0
13157,10.9
6114,10.3
3355,8.0
6831,13.0
5181,5.0
13101,12.9
1427,2.2
13310,17.1
8310,15.6
1041,5.6
14425,20.9
13906,3.0
7750,9.0
1413,4.4
114,7.4
14031,18.9
8813,2.0
13549,10.2
230,16.6
8188,14.6
15091,12.4
13661,16.6
2746,14.4
10629,6.9
5516,6.4
1520,5.4
13658,12.4
8827,5.4
214,17.0
10061,27.2
14435,19.1
7596,9.5
14631,3.8
6903,7.7
11264,11.2
2487,10.9
15323,11.1
6017,15.8
6925,3.4
2182,6.1
4303,18.5
11514,22.4
3877,17.6
11027,7.6
3477,14.8
14777,17.0
10216,-0.8
6700,6.6
7267,4.9
3115,19.5
4556,13.6
6912,4.3
8225,16.4
8991,20.3
10240,7.4
13238,10.9
11732,7.1
10035,16.5
1498,2.9
6862,9.6
10295,9.0
10938,2.6
9266,16.5
14459,25.4
8818,5.4
7653,2.2
8221,24.8
7225,13.2
8757,10.6
2055,19.2
11710,5.1
2058,22.0
3550,10.2
15046,7.7
11069,13.6
6119,14.4
5681,22.2
13844,6.1
8132,8.5
8341,9.2
8466,11.8
483,9.4
9188,0.0
12429,4.1
14436,19.1
13384,14.8
9514,4.6
11977,11.9
13165,2.3
4965,19.6
2984,0.2
11956,19.4
6423,15.7
3079,14.0
2046,16.4
5076,10.1
13638,10.6
6127,17.1
5135,8.8
7171,17.4
4127,8.0
13896,3.3
2347,17.2
8289,14.0
7018,7.9
8176,13.2
15062,8.2
12486,6.5
15272,12.1
13098,11.4
1414,6.1
499,15.8
668,6.8
7363,8.3
8630,21.4
3033,13.4
6827,15.5
7464,12.9
6388,16.6
2485,9.9
12464,6.2
13654,16.2
303,11.2
9990,14.0
3946,15.2
5872,9.5
1703,20.0
4125,7.2
6682,7.2
5639,13.8
13464,13.4
10371,18.6
6208,1.5
1042,6.0
14999,6.3
5034,8.8
2924,3.0
3206,10.5
14002,9.9
9243,11.0
8704,12.0
14267,10.2
9161,8.2
13258,11.3
12018,11.8
14037,15.6
10605,9.3
11519,18.2
13857,13.1
11153,19.4
13362,19.2
2699,12.6
3402,6.7
6569,-0.5
8423,9.8
1068,6.2
5733,16.0
4862,11.0
3143,15.3
2470,15.2
11858,15.4
14616,8.6
10078,20.9
553,14.7
8537,18.8
4982,16.8
13225,7.4
5980,10.2
11984,15.0
2766,18.6
9782,13.8
3038,15.6
11222,16.7
4122,8.2
14271,7.2
6624,6.4
5364,17.6
8331,12.8
12054,8.1
3315,5.8
13371,17.6
9609,11.3
8478,9.4
11762,8.8
11359,5.7
7899,18.9
420,5.7
11890,15.5
14769,14.8
2995,3.8
5632,14.6
1496,1.4
1047,6.2
12019,6.7
9775,14.3
856,12.0
11992,13.7
6861,8.0
8390,3.7
12560,12.4
8692,6.4
8917,19.2
9081,11.3
5852,5.7
9084,11.1
10069,24.8
15260,9.9
8051,0.6
3187,15.2
6867,12.5
14801,21.8
820,7.4
1643,19.6
8229,17.4
14949,8.3
2631,7.4
107,7.2
10569,7.6
367,2.6
12821,6.8
416,6.6
2420,15.8
729,9.0
13247,11.6
15023,7.9
12405,5.9
12406,5.5
4128,12.2
6057,27.1
13266,8.6
2388,17.3
5723,15.8
9668,20.8
4702,5.6
8642,19.4
5351,13.4
11944,15.0
510,12.9
700,2.1
10067,24.9
11396,7.9
2628,3.8
4069,10.8
1277,15.9
14571,4.7
2030,20.4
10703,12.6
39,2.4
1891,10.2
10936,2.2
11912,19.0
10374,8.4
12423,9.4
3482,13.8
9809,9.0
2980,11.8
12095,-1.0
4755,9.6
1303,14.2
381,2.4
14121,14.4
7816,11.6
346,7.5
7719,7.6
11216,17.2
9972,13.6
474,12.1
5069,5.0
6887,8.9
1878,5.3
4672,9.7
12563,10.8
322,6.2
12444,5.9
14346,8.5
7968,13.2
12014,6.8
2754,18.6
4347,6.2
6934,8.6
3894,20.4
5156,3.6
3328,4.4
971,18.8
3076,15.5
7017,8.6
4463,6.3
4549,12.8
9222,13.0
12996,20.6
12351,13.1
14448,25.6
1201,10.5
2727,16.8
12017,10.2
10594,2.4
7405,9.0
36,1.2
6323,11.6
5654,18.8
13228,6.4
6932,11.2
10728,11.4
7261,3.6
5386,10.4
10477,15.9
5504,8.0
12818,6.8
4848,9.9
8861,9.4
3090,13.4
12521,9.7
1288,17.4
3031,10.8
12078,7.7
2977,2.0
2400,17.6
10881,11.7
14842,17.1
4860,11.2
4954,17.8
1746,15.6
4328,7.5
14708,9.9
10154,15.4
6393,15.4
9942,3.5
14343,8.9
8412,4.5
11786,13.9
3405,9.0
10121,19.8
9139,7.1
12187,9.5
3375,7.2
10391,18.8
12293,19.1
2507,1.7
14860,12.3
8511,13.4
7428,14.4
210,17.8
13470,13.1
1950,12.0
4609,19.8
651,6.9
2206,-2.2
4695,6.0
2615,-0.6
1396,9.4
10645,8.6
5692,19.0
4693,8.6
1670,23.2
2320,11.6
9733,15.4
12387,1.7
7290,8.3
1952,10.0
7991,4.9
4871,9.0
2937,-0.6
11114,12.0
14814,26.4
7934,12.9
5914,9.9
12129,9.2
10381,16.2
484,8.6
5834,3.4
13502,12.6
898,12.4
1732,16.3
8009,12.4
2613,-1.0
8204,13.6
8292,15.0
11054,11.6
11010,8.2
10027,16.1
12978,18.5
2640,4.8
1250,22.0
8035,2.8
5910,4.8
2435,14.1
5202,10.8
7964,11.0
15254,14.2
13668,11.8
11353,0.3
12695,19.0
7959,12.4
5438,0.6
2303,10.2
8665,15.2
12050,7.3
8314,15.8
582,18.0
4921,17.2
10763,15.5
718,2.2
3710,5.1
10619,4.6
762,4.4
5711,18.0
1870,3.2
12868,5.9
6367,25.5
10319,7.4
7159,21.9
738,5.2
11545,17.3
12667,16.2
4863,12.2
8655,18.9
9778,12.2
5843,5.6
8634,19.2
8029,4.1
4265,14.8
13588,5.5
13230,6.6
750,4.7
3449,13.3
7524,19.8
10274,7.9
2329,15.4
9790,13.8
1839,6.9
5667,16.2
3852,20.2
1275,15.8
14627,2.9
10358,13.6
4679,8.9
10158,13.0
15017,5.6
14791,17.9
5775,11.0
15211,18.6
2264,5.1
11237,12.8
1536,9.8
10758,14.2
8447,5.6
13033,17.6
1369,12.8
740,2.7
10547,4.0
7460,13.4
1188,10.2
13766,19.8
9039,15.0
1570,5.4
11669,1.7
4077,4.8
2527,13.8
2127,8.7
6762,20.6
3487,15.2
10307,2.8
2764,17.8
11797,18.1
5999,14.6
9119,8.9
13582,6.4
6311,6.1
8703,10.7
1981,12.3
14281,2.5
4295,14.2
10861,14.2
8600,18.6
4304,18.4
2057,21.2
13990,11.5
4919,15.2
13153,4.9
7197,13.7
11730,9.8
11972,17.2
3488,18.2
15079,8.3
11482,17.3
3978,8.2
6913,3.7
11356,6.2
9483,4.3
9194,6.8
5165,5.5
1710,14.1
14516,11.8
6590,3.1
9894,-0.6
562,14.6
13068,10.5
4438,6.7
640,11.1
1669,21.4
3000,3.7
12272,15.7
13708,16.2
8171,13.3
2407,14.6
12860,10.5
3611,3.2
7852,17.6
8161,8.4
14195,7.5
10157,12.4
8740,6.7
4048,8.5
2910,4.1
2742,17.2
11993,11.6
12386,4.0
14569,4.3
10982,4.0
5381,11.8
6884,12.6
2928,1.5
3166,18.7
10937,2.0
8279,15.8
10811,20.3
180,14.1
6020,18.4
5496,3.0
11236,15.9
2218,0.8
6756,15.2
1955,8.9
1057,12.9
15034,9.4
6688,11.4
5830,9.6
12801,8.4
1399,12.4
8694,12.6
10235,10.4
5844,1.4
10764,15.8
3068,14.9
6550,4.0
9648,13.6
2234,-2.6
5081,9.0
13579,3.5
13496,8.2
1210,12.6
8959,21.6
10678,6.8
2238,-0.4
10690,5.2
10994,1.2
2948,3.4
14603,4.9
13589,8.4
5500,9.2
12825,5.4
9586,9.9
13947,12.8
3776,16.5
13450,12.1
5554,5.8
8178,15.6
1434,8.0
15322,5.8
92,3.8
11651,1.3
2300,12.8
8067,2.5
13763,19.8
3844,21.2
13627,7.5
9730,16.4
14817,18.2
11648,6.3
14523,10.3
7780,12.1
14786,18.8
12388,2.5
8241,20.2
3822,21.2
3378,6.1
9572,15.1
1084,-0.4
8953,17.0
2777,16.9
5955,9.0
428,3.6
14042,16.6
9309,19.2
6395,15.6
5040,7.0
8104,12.1
14150,17.8
2698,11.8
6839,15.0
14886,12.1
3478,16.6
6355,11.4
8534,13.8
408,6.4
9851,5.6
13607,11.4
1608,9.8
10673,4.0
14211,4.8
7738,13.9
10427,18.0
4978,15.8
5100,5.1
13979,11.1
5174,2.5
426,8.0
949,16.8
7388,8.5
11576,19.5
3597,4.8
2865,7.9
11124,17.2
10827,15.2
4359,1.8
11659,-0.7
7960,10.0
9863,6.4
6194,4.6
8620,17.9
12755,6.8
1691,23.8
7882,20.7
8027,4.7
9671,21.6
5312,15.7
1421,9.2
6545,7.6
11775,9.7
819,8.2
4843,6.4
4367,1.0
6329,9.0
4269,14.8
9698,17.4
15013,9.5
14140,13.2
9241,8.2
4467,6.5
10122,18.2
409,7.2
1285,22.4
14153,16.1
4035,5.0
4344,4.6
1941,15.1
12138,11.5
1091,2.1
6835,18.0
73,1.8
7145,17.4
13154,8.7
4447,11.2
12246,14.5
15145,17.2
7025,12.4
5372,12.7
291,13.4
6918,12.3
12776,8.7
8426,8.4
3578,15.8
11676,-4.1
5659,17.2
6011,14.0
2089,14.9
11747,4.2
1801,3.0
14071,17.1
12593,13.9
1576,11.6
1110,-1.7
318,4.4
8249,17.8
9432,13.0
13907,6.1
13525,5.2
1825,5.6
3146,19.2
5337,17.2
7202,17.4
3411,13.0
144,9.4
9205,11.0
4786,4.6
8369,13.4
3514,16.6
4828,10.0
14997,7.6
13313,15.3
4501,7.9
9899,7.0
7344,0.8
10654,6.0
10972,4.0
15213,19.4
8455,5.6
7502,21.0
1830,4.0
9174,8.5
85,7.2
4590,19.5
1219,7.5
12848,9.2
14404,17.5
9226,9.3
11721,7.3
8015,11.8
11697,3.5
6067,24.0
6407,17.3
9232,7.5
11603,16.9
11019,8.0
594,18.0
9563,5.2
8482,9.8
8141,7.4
8928,18.1
8974,17.4
7061,11.8
9210,11.0
14876,17.9
14388,14.9
8943,19.0
61,11.0
14812,22.1
10513,15.0
3570,9.4
5412,9.8
10934,3.3
12270,17.0
4028,10.5
14223,1.3
12134,11.9
3728,5.6
12669,13.3
9317,15.3
7220,10.7
13199,5.8
15225,16.0
6281,1.6
12344,14.6
11670,2.8
4738,11.6
532,15.7
958,16.8
472,14.0
7281,6.4
7488,21.0
1513,0.4
2290,8.4
4974,14.7
6259,-0.2
6714,12.2
15228,14.7
1479,3.6
15247,17.1
5151,6.6
2899,7.4
14225,2.3
9674,19.2
10241,7.9
9301,13.3
14339,7.7
10346,14.4
10528,11.3
4509,8.8
5120,6.6
9416,12.3
9803,15.4
10399,16.9
9403,14.6
491,8.2
10328,13.2
12929,11.3
6105,16.8
7844,16.2
8018,7.4
8318,12.4
127,11.2
8485,9.6
10873,12.4
6108,15.1
4339,10.2
3724,8.7
1264,15.4
7975,9.3
13982,10.6
11883,18.8
8256,14.8
13732,19.6
7949,10.2
7136,17.7
10168,5.7
10561,8.8
275,15.7
5225,10.4
14466,15.9
10742,15.6
1272,15.4
12722,10.7
13682,16.6
6134,13.0
8246,23.5
1897,6.0
12395,4.9
13775,17.0
8366,5.4
9993,17.1
12594,16.0
13633,8.4
15064,6.4
11419,9.3
1458,4.2
7453,18.6
8101,9.8
7608,13.2
6459,16.0
3585,14.3
2826,13.8
715,5.0
12067,2.5
6245,-0.4
2973,2.2
13040,16.8
1118,4.6
11612,9.3
6824,18.3
3989,3.2
4750,10.2
1698,21.0
4336,11.8
5444,5.2
2316,9.2
9589,13.2
14365,8.6
4504,6.8
8113,4.2
11848,11.9
2458,15.0
15135,15.3
9000,22.2
7092,16.5
13750,25.5
2174,6.2
13495,8.3
13448,14.9
8131,10.7
12546,15.0
14773,13.8
13811,11.4
1864,6.0
13393,14.3
9988,14.9
13699,16.2
3846,18.8
12132,9.4
1145,4.4
3834,18.4
7250,10.0
14766,14.8
13662,15.6
733,10.4
12274,19.8
11489,15.0
8083,4.6
3282,11.2
2457,17.4
12895,13.0
8387,5.2
13259,11.9
13742,18.6
5902,7.8
1835,5.3
11471,13.5
8798,5.2
9970,11.0
4580,15.9
8217,19.6
4850,11.6
11275,11.8
11951,15.8
12562,7.7
15298,9.2
4717,9.2
5828,3.6
477,9.4
11175,20.3
4739,12.4
13911,8.8
4291,12.1
14475,22.9
8062,4.0
11123,19.2
642,12.2
9736,18.0
6802,23.2
4993,17.2
5703,15.8
14824,19.8
10264,-0.4
11654,-1.6
1793,6.0
1692,21.0
5025,13.8
15229,14.5
13783,14.2
493,8.0
7346,1.1
157,12.0
5391,13.4
13427,17.1
1463,8.0
9999,15.1
10537,9.8
4740,4.6
14888,14.4
9745,19.0
6790,18.4
12255,16.2
2287,10.8
7879,17.7
3351,1.8
9660,12.9
12579,13.3
965,16.6
7911,16.0
6695,15.4
2252,5.0
9585,9.3
2578,5.8
438,4.4
9393,13.0
8487,8.6
1614,15.2
8168,18.4
5028,12.5
9186,2.0
15104,17.8
8127,13.6
15105,14.8
13413,12.0
467,10.5
10313,10.8
3751,7.8
4832,7.0
756,6.3
5678,20.0
2929,-1.7
2688,12.4
1090,-0.2
7050,10.0
4715,11.2
3958,11.8
7497,19.5
12331,13.2
1374,11.4
12618,22.6
11502,22.3
12714,15.6
14879,16.1
10284,8.0
12177,8.6
13860,6.7
6529,3.4
2186,1.8
9898,4.2
4250,18.2
13052,18.1
1432,5.4
11115,12.9
6312,6.2
5145,5.0
6693,14.4
13853,3.4
2102,11.4
4885,12.5
7695,3.2
3891,16.1
1995,20.0
2952,-0.4
6225,8.0
13420,14.8
7621,7.6
14455,20.1
8528,12.0
2447,15.0
12321,13.3
9247,14.8
12064,10.1
10918,4.3
6482,14.2
12904,11.8
9152,7.5
8187,14.2
14226,3.9
14903,11.1
11643,4.2
6377,20.8
4153,15.8
134,19.6
11387,4.2
799,12.7
9070,9.4
427,4.0
9632,12.3
13326,18.4
7300,9.0
6156,11.7
14219,9.7
1255,18.2
5923,4.7
7132,16.8
10540,10.8
9378,20.0
6045,23.8
3131,18.7
1926,7.1
6070,22.0
3037,15.1
11392,4.1
10548,5.8
11262,13.5
15107,9.3
9720,18.5
15077,17.2
5707,16.6
12807,5.3
11220,17.2
3746,4.2
5094,6.4
14160,14.1
11073,11.2
13499,13.6
4096,10.0
8500,8.9
11241,13.5
3503,16.0
11212,16.9
9366,17.8
10959,3.4
10560,9.5
2314,9.0
9488,10.2
5250,17.2
2018,18.2
4660,11.2
5503,8.5
12577,13.8
4475,8.8
10094,17.7
13444,12.0
4513,11.6
11217,14.6
6879,5.8
8020,1.6
7591,10.3
12827,6.2
3448,12.8
12392,1.1
43,4.2
17,0.8
6051,20.6
1883,3.4
10955,0.8
2372,17.2
12809,6.9
10316,
9599,9.9
11790,9.1
4094,14.3
8772,0.0
13065,14.7
10977,4.4
14284,3.0
6417,19.4
6857,14.1
3305,7.7
10623,5.9
443,2.4
9410,12.2
11512,23.5
15172,
5627,10.2
10184,6.8
13058,18.5
14091,17.9
430,7.4
7223,13.6
12410,10.3
2328,15.3
12767,8.9
577,18.0
4233,26.9
684,12.4
5620,13.8
3785,11.1
4536,10.8
761,1.6
8471,8.6
7150,17.8
796,10.0
4721,6.8
5938,12.1
13231,7.7
11295,5.5
12799,9.0
12569,16.7
9680,16.6
9757,12.2
7685,4.7
7420,14.0
13195,4.2
1654,24.6
13487,10.4
12902,12.8
11602,13.3
591,20.9
10071,21.5
2392,15.4
2221,6.6
14084,16.8
10968,2.6
13368,20.6
7623,7.8
14815,28.8
8137,9.9
14417,15.8
4502,7.8
12399,-1.9
9015,14.4
11290,6.9
5532,2.4
8746,4.1
5598,16.1
15287,11.3
5557,4.6
7383,7.1
3540,16.9
6029,20.3
13287,11.0
1160,5.2
12294,17.1
7284,9.0
10252,2.6
12107,11.9
11616,6.0
11484,16.6
12137,10.6
9575,11.0
7768,9.6
1329,18.2
5821,6.6
5221,12.4
3772,10.6
13134,7.3
7603,11.1
1886,7.8
623,16.8
12686,17.2
1339,13.2
15166,16.0
5440,-0.8
8962,21.6
3080,12.0
3794,20.6
1501,-0.2
9679,19.2
14139,12.8
9548,3.3
10887,8.8
11874,16.9
7139,17.4
2532,8.2
7447,15.0
12409,10.0
12602,17.9
8293,14.8
11708,2.1
6945,6.6
8343,8.4
8940,17.4
14696,11.6
4238,20.6
14070,21.1
10696,7.5
1472,8.9
10318,12.2
9955,5.7
849,10.3
9983,10.1
6825,15.8
11149,18.1
6400,19.6
2210,0.9
10819,15.6
3526,18.4
3202,11.2
13889,6.1
13765,19.4
14853,16.4
4884,15.9
3424,14.0
414,7.6
9704,15.1
9295,18.6
14340,10.4
8903,13.8
12278,19.2
2094,10.9
8979,18.7
9746,19.8
5217,8.6
2340,14.2
265,9.5
7514,21.2
4602,19.3
5425,8.8
6717,11.8
7590,10.2
13710,15.9
3542,13.3
4688,12.6
13733,22.2
14798,18.2
2142,13.0
3851,19.7
7926,17.4
1082,-0.3
1671,23.8
8034,-1.1
6335,9.1
4667,15.0
12832,9.3
1503,2.0
1971,10.6
5107,1.8
3798,15.1
694,7.0
3855,27.0
12128,6.7
14658,8.4
12441,1.0
9553,2.6
8568,20.6
3094,13.2
8842,7.8
11923,17.9
10189,10.4
6307,9.4
4991,13.6
7625,4.6
3244,10.4
3100,21.0
5460,7.4
3563,12.6
15065,7.0
8317,13.8
11647,6.3
14317,7.4
13366,18.8
13037,14.4
8935,20.6
14113,19.4
4653,10.4
14009,12.1
9740,20.6
12106,12.6
9158,2.3
3231,6.0
10210,11.6
12248,15.2
2484,10.6
8956,22.8
5614,12.3
952,17.0
12694,16.3
10129,17.6
3409,12.4
8809,2.0
1718,15.8
11919,17.8
13615,11.6
7713,7.4
5960,8.8
11571,17.6
11025,6.9
10133,17.9
11390,5.0
2564,1.8
14014,15.2
1146,1.2
1937,14.8
9164,13.4
1031,7.1
3884,21.0
13953,13.0
8375,5.8
8370,11.2
8124,8.0
14921,4.3
8403,1.2
3858,23.4
96,5.8
13840,10.2
3130,17.4
2474,14.6
3931,10.6
2627,3.8
3773,12.8
8654,16.2
2239,1.2
12220,15.9
13631,6.5
6223,7.0
5640,13.4
11291,5.9
3027,11.6
8826,8.5
2389,16.1
12250,15.8
13552,7.8
1592,10.5
2391,15.6
3082,11.3
7664,5.4
14349,11.9
9869,3.0
8451,9.8
10979,6.4
5245,14.8
12048,10.4
15118,15.6
2901,5.2
4099,8.2
13751,23.2
13072,14.9
2540,11.3
10753,19.4
10368,
4772,1.0
2354,13.3
6126,16.6
6463,14.4
7372,6.4
12570,14.4
4184,16.2
12822,7.3
2576,6.2
7416,11.8
9810,10.0
14152,14.2
12893,10.5
13711,21.6
10441,18.4
1281,17.0
6244,-1.4
13997,11.2
5964,13.7
7303,9.4
6558,3.1
7771,5.2
14606,6.9
8888,12.2
7217,10.0
415,6.4
5809,10.6
13700,18.2
710,10.0
6724,17.2
3528,14.6
4503,8.2
2528,13.6
12615,24.1
5537,9.4
13719,20.2
2893,11.6
13737,19.7
15087,14.3
8893,11.7
11199,15.3
4533,11.2
4091,9.6
10029,21.8
2888,6.2
12474,2.6
1523,4.5
14358,14.3
5436,2.4
12584,14.5
1406,11.1
11327,-1.9
4894,21.4
11300,9.4
5379,12.6
6515,14.3
1811,7.2
5066,4.3
9030,19.0
11263,9.4
7302,6.5
10186,7.1
9513,7.6
10857,15.4
15200,24.9
14896,13.2
1486,9.2
8904,13.7
6791,19.2
774,2.2
1631,17.6
7861,14.0
14260,6.7
469,14.5
10657,7.1
8506,9.2
7149,18.6
13055,16.2
12981,23.2
14068,22.2
10097,18.0
598,18.1
4562,14.8
13237,8.9
8391,0.4
13248,13.8
1905,6.1
6662,7.4
7764,4.0
7508,17.4
8276,17.0
5563,6.9
10428,16.1
13181,-0.2
14228,3.3
10200,10.8
5768,9.6
9490,3.0
5399,13.1
7847,16.2
5786,13.2
12414,7.2
8638,15.2
8739,6.6
9113,8.0
2837,17.0
6670,11.3
10153,16.2
3218,8.5
3573,11.1
3132,16.6
6632,6.4
3520,15.0
7717,6.0
2588,2.6
3338,8.1
5118,6.9
3353,6.8
4308,15.0
1758,8.3
11882,17.6
10607,6.4
852,7.8
1494,2.6
14483,16.4
8424,9.3
2464,18.6
6075,23.8
13921,1.6
9286,19.2
14145,15.3
9761,16.1
6735,20.2
7698,8.4
4787,6.2
4608,21.0
11941,17.9
7387,10.3
6504,14.0
500,14.3
12639,20.2
11803,12.0
9341,23.0
1046,10.0
8803,5.6
2633,7.4
7298,6.8
8696,9.6
8372,6.6
4923,17.4
8727,9.0
14793,18.6
12674,16.9
6023,21.8
777,2.0
4789,7.5
5595,14.9
14088,17.9
4019,5.2
1194,5.2
10443,21.8
51,2.1
4829,10.8
2304,8.0
12352,8.6
11629,14.6
9026,17.0
1113,6.4
2982,8.5
656,6.7
3254,0.3
5653,21.9
1187,8.2
15240,18.9
15031,5.1
6699,15.0
565,16.9
4118,10.4
9334,20.8
840,7.6
3888,19.0
1642,15.4
9618,17.3
12794,6.8
9360,19.2
2666,10.0
1972,9.8
8118,8.6
8437,6.9
1149,1.1
4092,10.2
10564,10.0
12009,11.9
765,4.6
4800,4.9
15227,18.4
9345,21.6
3872,20.7
5880,9.2
9050,12.7
2620,7.9
9615,14.2
3026,9.7
10830,17.5
4102,5.5
6818,18.4
11511,21.8
13455,11.2
7807,13.5
7794,10.4
15224,15.3
2685,11.5
9601,6.4
11808,15.6
14980,7.8
911,15.6
6613,3.6
8355,6.2
13029,19.0
9751,
1345,18.0
1444,6.6
8698,11.6
3499,16.0
7110,21.8
5304,12.0
12925,15.0
12333,9.3
2422,18.4
5144,5.5
2732,18.8
80,5.0
4217,22.0
13701,16.6
10705,11.4
4959,21.1
5117,1.9
12073,10.1
8196,12.1
5133,8.7
1572,10.3
13298,12.6
879,13.8
1578,10.6
6778,21.6
1509,2.4
1896,7.2
10421,19.8
8753,4.0
4112,4.6
8670,12.4
1845,1.8
9571,15.0
10843,15.6
11609,10.7
6930,6.2
11090,13.5
14199,12.2
6853,16.0
14221,3.5
15208,20.8
9726,22.0
14441,22.9
6131,15.8
6101,14.5
3614,2.2
2108,16.0
6526,5.7
8473,5.7
15286,9.7
8457,10.0
4696,5.2
7113,17.0
8121,6.4
11771,11.3
7578,13.4
13520,7.8
13735,15.6
13348,19.4
13149,7.1
4325,6.6
3219,7.2
7932,13.8
5098,8.2
7207,18.1
1193,7.4
45,-2.2
5371,12.4
976,16.4
7796,16.4
2963,5.2
1584,10.5
10005,12.0
4515,15.2
13097,9.8
9930,6.4
1975,12.6
3912,19.3
14309,7.7
12628,20.3
4411,1.2
13161,8.6
10493,15.0
12950,15.3
10190,11.6
11950,17.0
12748,4.4
2840,13.3
8992,19.0
11033,9.8
6053,23.7
9824,6.0
5046,8.8
5957,10.4
12141,13.3
9846,10.0
12742,2.4
10752,20.1
4505,7.0
10620,7.0
37,3.3
576,17.8
11724,11.0
3988,2.8
11039,9.7
713,10.6
14740,12.4
9843,6.6
8449,4.6
2335,13.4
4981,17.2
4420,-5.4
7839,23.2
9276,15.2
881,17.4
567,13.8
13948,9.4
7873,17.2
2245,6.0
8645,16.6
5528,3.2
4165,16.2
11709,2.9
8183,20.0
10304,4.6
8857,8.2
239,13.8
10425,18.6
13307,14.0
7974,9.8
6978,6.3
1597,12.4
9891,3.8
6347,7.1
1901,3.4
1180,9.4
9507,10.2
7107,13.6
11667,6.3
3006,7.0
9672,17.8
2781,18.2
11417,8.9
5562,11.4
9231,8.6
11947,16.8
7105,14.6
9051,13.6
2829,14.1
7201,19.4
14391,21.3
7551,20.2
8452,6.2
4219,25.1
10933,2.6
13145,3.6
10798,21.2
9694,21.8
3413,13.4
7600,13.1
906,13.4
7466,14.8
3693,6.6
14250,3.4
3118,16.4
12797,5.4
10809,16.7
6372,16.8
7529,18.2
7434,15.4
5302,18.2
14248,9.5
9520,3.2
295,9.0
11134,19.9
5013,15.8
1785,3.0
4382,6.8
11605,17.0
6926,5.0
1284,21.3
8146,6.8
8268,18.0
12967,20.1
4454,12.1
14851,19.1
9552,1.3
549,16.7
7824,17.5
13217,7.9
3574,12.9
6596,5.3
4352,6.8
11355,4.6
2648,4.7
2586,3.0
6141,13.3
4889,18.9
13392,16.3
3160,13.8
10392,17.7
3182,18.1
3480,15.4
2377,22.4
15320,9.0
9254,11.4
9502,8.4
8731,8.3
8402,0.0
7292,6.2
10242,9.9
14754,19.1
5963,12.0
12393,0.9
13913,8.7
11373,2.2
10924,6.0
12585,14.9
8371,4.4
13802,13.4
7663,5.6
10458,14.4
10024,25.4
9943,5.4
1613,15.2
5899,6.8
10491,17.6
13137,7.0
9688,23.0
2015,23.6
12304,18.4
12071,9.7
9189,0.4
12878,10.5
2981,9.8
7963,10.6
9294,16.6
14809,16.3
243,19.1
4878,9.2
7634,10.4
106,7.3
8028,5.2
5489,7.6
14193,10.4
14078,21.9
13613,9.0
4830,6.6
8823,9.6
12983,24.0
10111,17.3
4605,19.6
13782,18.0
12142,11.8
9069,9.0
3960,9.4
3873,21.0
179,15.8
12970,17.9
5815,10.0
9723,17.6
11575,18.2
4793,8.0
7885,17.4
11542,19.0
15154,17.2
9992,16.6
29,0.7
2801,16.2
7198,13.5
5725,18.5
2922,9.0
4664,13.5
13151,4.9
8304,13.2
9577,12.4
1245,16.1
7808,11.4
4053,11.0
13286,12.4
4412,1.3
108,10.2
7308,9.9
13858,12.0
6935,5.9
13381,22.2
11496,20.6
7507,14.0
6315,13.6
8875,10.8
4394,3.5
12448,10.2
12993,21.5
14142,13.8
10296,11.0
4348,7.1
6392,15.4
14101,16.6
7820,12.5
7593,12.3
7406,9.8
6601,4.0
5883,4.6
7877,18.6
973,17.0
7573,14.8
4299,10.4
6330,10.6
3653,7.4
5404,8.2
12419,5.7
7635,9.2
3088,11.7
14650,6.8
5936,12.5
5556,7.5
7550,21.4
6334,7.0
10,2.6
2647,7.7
12059,7.0
1426,2.0
12381,7.4
3265,1.8
12038,2.3
14017,13.1
4814,9.2
8639,18.4
9877,7.6
1215,9.4
14254,7.5
14215,5.0
6576,-2.5
13665,12.2
10949,10.0
7019,9.7
323,3.4
1344,16.0
4457,11.4
7740,10.5
909,11.0
10375,9.9
3399,10.2
496,14.4
9565,6.6
8425,6.4
13774,14.6
9264,13.2
14995,3.0
3470,14.8
13809,9.8
12992,18.5
4365,1.3
10596,6.6
1195,9.2
7946,12.4
4953,20.4
1423,7.2
5747,16.0
256,11.4
12926,14.1
9859,1.3
288,12.6
13516,7.3
6061,20.6
8774,1.0
12396,6.1
13354,16.6
4484,14.6
9213,5.6
11257,15.1
5860,8.8
7278,1.4
1232,14.8
14721,16.8
13186,2.7
2675,8.8
1112,5.0
11756,9.4
7293,3.9
267,13.5
10991,-0.6
6804,23.8
14729,12.1
9365,17.4
8031,2.2
3048,12.2
8517,10.2
12934,13.7
1379,8.9
11967,13.0
13977,12.8
6424,18.2
4759,1.6
9799,16.3
11879,18.4
6874,8.4
3790,17.8
620,17.8
652,8.4
13131,4.7
8299,13.2
3473,16.8
12626,21.8
5277,14.7
7157,19.2
5019,17.4
13141,9.6
12026,4.8
2516,3.6
7709,6.8
11748,4.9
7410,6.3
13614,7.0
8420,9.3
11044,6.2
5873,5.5
3603,10.6
12007,7.9
14579,9.9
7228,11.6
9173,9.5
1506,0.5
6373,15.5
13299,13.5
11840,17.5
12186,11.1
15197,
7341,7.7
14963,9.6
4890,19.6
730,9.2
8613,16.9
12640,18.1
6415,18.6
8736,9.3
1745,11.6
3853,22.4
9880,9.4
14972,8.7
2709,16.0
7091,15.1
3388,8.8
13952,10.9
8793,7.0
5430,9.2
13501,14.3
9029,20.0
3126,15.4
1156,7.0
12796,5.9
32,2.8
10355,12.4
11900,22.5
1336,15.8
13849,2.6
13494,9.3
14371,19.6
12025,8.2
1610,13.6
939,20.6
11179,19.0
4023,9.3
12698,15.1
5605,12.4
11289,7.5
745,3.5
4083,9.6
11301,8.1
2877,7.2
9049,13.0
4701,4.2
1741,10.4
9484,4.9
2651,3.8
5339,18.7
10910,10.3
3002,4.4
1821,8.1
8908,15.2
1330,15.3
12953,16.9
957,22.0
2110,11.0
5665,16.8
11800,19.3
4691,5.6
1660,21.2
14170,13.4
13241,9.7
5361,13.2
13664,14.6
655,8.7
14493,16.9
11059,10.8
14310,7.9
13832,9.4
11097,13.7
7772,4.2
2199,-4.0
2960,8.1
4640,18.2
6876,5.2
13344,19.8
11689,3.0
13823,5.6
8300,12.6
1405,10.8
8641,19.2
2625,6.2
9344,21.6
5464,7.6
5434,3.6
10203,7.6
3148,19.4
12986,21.7
2873,10.0
3916,19.4
11590,9.7
5762,12.8
14673,7.7
8290,15.2
76,5.1
5195,7.1
7520,21.4
9185,1.6
14258,6.5
4947,20.2
15205,20.6
2260,8.2
1775,10.0
13933,10.0
5766,13.0
93,4.0
13695,16.9
10437,14.8
4007,12.2
7749,7.8
13462,14.2
6836,16.8
4810,8.6
3181,19.4
11960,20.5
1076,-4.4
2338,15.0
6076,23.0
1885,4.5
6196,4.8
10372,12.0
4323,7.0
4949,20.6
6137,10.8
11429,10.1
6005,13.2
10214,1.8
2759,17.4
7859,14.7
10536,8.0
4030,4.3
3352,5.0
1437,5.6
1233,13.7
11395,8.7
4281,13.2
9971,12.2
12438,-0.8
3102,20.9
2465,20.1
8493,15.2
11791,10.4
449,8.2
7799,17.8
5932,5.4
3621,10.2
2317,10.7
7803,19.0
2185,3.2
4477,8.2
1890,7.1
1155,9.6
7732,8.0
13535,6.8
12627,19.8
1728,15.4
7332,6.9
10989,1.1
8400,1.0
11113,12.4
11503,21.7
6220,9.4
4392,7.2
9100,8.9
2503,12.9
8037,9.9
2463,18.2
13030,17.4
2846,10.2
11621,8.0
10686,12.3
1612,17.2
8097,1.6
2191,7.1
1729,17.4
4824,10.9
10464,19.5
11524,21.1
10668,6.6
11478,20.5
9849,3.8
13332,20.1
15014,10.4
5781,13.8
12283,24.4
6554,4.0
4047,8.8
5773,15.4
8495,11.5
12608,19.9
7735,8.2
5689,24.2
4240,21.0
11726,5.5
10149,15.1
2755,15.1
2492,10.4
3139,14.4
9594,6.3
6740,14.8
5234,14.9
10417,15.6
3272,12.1
13066,13.9
5273,22.4
10774,18.9
2889,4.0
5418,7.8
788,3.1
5903,9.1
10946,8.0
5502,7.4
15151,25.9
14063,19.9
7810,10.4
5952,5.2
9568,3.0
3377,7.4
4527,16.0
13106,9.4
1780,4.8
7073,19.5
2959,5.6
10338,14.4
14156,12.8
349,6.8
5524,0.4
11527,19.5
3349,4.7
42,2.8
801,11.4
3529,16.0
15325,8.6
981,19.9
3458,18.3
6188,2.0
8013,9.6
5173,2.6
8649,19.2
8285,16.0
6072,22.8
6332,8.7
3091,13.8
7691,5.2
12325,12.7
2756,15.8
7525,18.6
916,17.3
4617,15.6
1616,17.8
12306,18.9
7310,12.2
2146,4.8
7528,18.0
1833,3.4
14251,3.5
6113,13.7
11038,10.4
7747,9.2
4714,10.6
14093,16.9
9927,6.4
11026,9.4
782,-0.2
14936,9.2
12719,13.3
12372,7.1
9566,6.7
5662,21.4
8607,21.8
9938,4.6
9245,15.0
4838,7.6
2401,16.2
8977,19.0
4205,17.9
4641,17.2
2152,10.5
6418,19.7
2947,4.7
15128,18.9
7523,20.6
3878,19.5
8786,8.7
10844,15.6
9994,14.8
13491,8.1
14377,13.5
7700,11.5
7191,18.8
3023,7.1
11681,-1.5
3541,15.8
3279,6.2
14749,16.3
12995,19.8
14611,5.0
8957,19.2
8012,10.4
2804,13.0
2211,3.1
9603,8.2
11187,18.9
12571,13.5
3133,19.8
12403,7.2
12285,21.2
9845,8.8
4320,9.2
7176,16.0
2107,14.8
5128,9.0
9875,8.1
11585,18.7
3973,5.7
5584,8.8
3034,13.8
8672,15.0
9962,5.4
4663,10.5
7792,11.6
3286,9.8
2367,12.1
9394,16.6
11792,13.5
440,4.4
12927,13.7
12336,11.8
7628,5.2
4692,6.2
13736,15.6
12360,6.3
10075,18.4
1224,8.8
8743,4.0
2592,1.5
3247,7.1
2812,11.4
7632,9.8
8147,8.0
12914,11.8
2691,10.5
4132,12.8
12907,10.7
8515,13.7
2249,7.0
2552,2.8
14424,20.9
10792,18.6
13797,10.1
11293,6.4
3649,10.0
380,3.0
10115,22.1
7231,8.4
12770,7.9
6741,15.7
9659,15.4
1360,10.8
3196,14.1
2037,23.4
486,12.0
10166,7.0
7793,9.7
783,1.5
8351,9.4
6234,-2.2
10333,15.1
11773,11.0
3238,7.0
11231,15.3
6027,16.6
14825,21.2
13412,13.9
15302,6.3
10530,9.5
12011,5.3
8395,2.0
13621,6.2
1915,5.8
9300,16.2
5931,4.7
11056,11.4
109,10.6
13105,10.1
3464,17.8
2138,12.8
11336,1.8
5803,9.8
742,1.8
15028,12.0
11798,19.0
6425,19.0
7506,17.2
14394,16.3
14184,11.7
4480,10.6
3442,12.4
6286,6.2
4521,13.6
2847,11.0
7359,4.4
14829,18.9
12835,7.1
9353,21.6
15340,-0.8
10471,17.2
7015,10.3
7672,9.4
5414,10.2
13798,10.8
13240,8.9
1834,3.2
9707,17.2
9815,7.3
12876,14.7
7457,16.8
7360,4.3
10170,7.5
4801,8.2
7065,13.8
7775,5.8
5950,10.0
11399,11.4
3003,7.2
23,-1.4
7682,3.8
3524,14.0
11213,14.3
5389,12.4
6000,14.4
9228,7.6
1309,21.8
14748,13.4
12975,16.8
3475,15.8
789,5.9
14648,8.8
12184,13.6
7348,4.4
3284,12.4
8621,16.8
2514,1.5
6442,19.0
4385,7.8
12716,15.4
4905,16.8
8936,17.2
7443,16.4
14655,7.7
5715,16.4
9132,4.6
3688,10.2
1395,9.2
9002,18.2
5863,6.5
5006,14.7
5714,17.6
15258,9.5
7689,1.6
14520,15.6
5257,19.6
5905,3.0
13508,12.1
12090,2.6
14198,10.4
5701,16.8
11119,16.4
11784,14.9
12690,16.5
12909,15.4
6165,2.6
14629,2.1
3301,3.3
13960,7.9
15059,7.3
11067,11.8
5406,5.8
12467,5.2
712,11.2
4279,16.0
7559,19.2
11032,9.8
9682,13.8
10665,9.8
1822,11.2
9630,10.9
5411,8.8
11050,9.3
14308,7.3
7872,20.2
13447,11.2
10606,9.4
6847,18.4
1977,14.4
12193,10.3
12476,4.3
3264,1.8
10631,8.5
4834,6.4
5061,9.7
252,17.7
8729,6.8
2098,16.4
5996,14.9
13189,5.4
3671,0.0
11052,11.0
13897,1.4
7971,13.9
11108,18.4
4416,0.4
14465,17.1
14872,15.8
9265,14.4
8847,10.1
9180,5.3
11841,19.3
12656,20.4
2934,-6.2
9401,16.8
7181,17.4
6826,17.2
10467,17.4
6870,9.5
15242,12.5
15269,15.1
8544,14.4
9661,14.5
13436,11.2
7407,7.2
56,1.6
3412,11.8
5857,6.2
2855,9.0
6507,15.2
2986,3.0
4572,18.4
6290,9.0
9431,9.8
12334,9.9
6486,12.1
14805,17.4
10872,14.4
12062,10.0
4722,4.2
14099,16.0
7767,8.6
4472,10.5
8985,24.8
12022,9.5
2188,1.7
14594,5.9
4049,7.9
13194,7.3
14245,6.7
10952,3.9
7733,4.3
3544,12.8
12648,19.9
519,19.6
8048,4.6
4508,7.4
10663,8.4
6956,5.9
5263,14.4
14887,13.8
11141,22.4
227,15.4
14646,8.6
10879,12.6
665,13.6
12555,9.7
13521,5.0
12037,3.2
14334,6.7
10597,5.2
10359,12.8
1699,19.6
15250,11.5
13315,16.9
1877,4.1
8840,8.0
513,12.9
14755,17.6
5970,20.0
11347,4.0
9838,4.8
8819,7.9
14161,13.8
9627,7.8
14103,19.6
8756,9.4
13190,4.9
13010,16.4
8628,21.6
2916,3.8
6018,13.7
480,9.5
6685,6.4
8779,8.8
2577,6.8
6081,20.8
13910,8.1
12687,17.1
11644,8.0
14534,13.7
5272,21.1
11455,8.3
12174,14.5
1596,12.4
11937,14.5
3896,15.2
10802,19.4
1349,16.6
6084,15.6
7515,22.0
3777,17.5
11952,15.7
11595,11.7
9217,6.7
4050,7.7
12565,12.1
11673,-2.1
5702,17.2
10020,20.0
12509,3.8
2762,18.2
15078,10.0
6692,15.0
3685,2.4
5062,9.2
3602,11.0
7895,19.4
9616,17.2
10670,5.2
1446,3.6
6466,12.8
1020,5.6
705,4.0
8513,15.7
1866,3.4
7696,0.8
6842,17.6
6803,21.8
11994,14.9
2574,6.2
12382,8.5
2956,7.2
7834,18.5
3742,12.0
3914,17.8
9054,11.6
11167,18.1
1419,8.4
1103,-2.6
8059,8.4
14891,13.4
8200,15.8
10598,6.2
1558,9.0
6734,16.5
7425,13.6
7173,16.1
14482,14.6
3523,17.4
4542,15.2
34,1.6
3400,7.4
14854,16.1
14678,8.1
12789,7.7
10871,11.0
10880,14.8
2652,3.4
5328,17.8
6189,4.3
10351,12.0
12431,1.7
12482,8.1
12538,9.5
12044,10.4
292,12.4
2836,16.6
11200,21.4
11173,19.7
11819,13.4
2870,12.8
11368,1.8
14940,10.6
7534,16.5
10780,16.8
7472,17.0
7919,17.4
1535,5.5
1318,20.3
2730,15.0
13891,5.8
6592,7.0
10363,15.6
13517,8.3
4879,11.9
10664,8.4
13034,16.3
11672,4.0
14004,12.4
2228,7.2
2641,6.0
4418,0.1
9387,16.7
12814,5.3
6491,12.8
10226,10.2
7195,11.5
356,2.0
8324,12.4
12780,6.3
13210,6.3
13618,12.4
4584,17.9
837,7.6
266,12.1
15137,16.2
2006,13.0
6346,6.5
11091,15.0
2362,15.6
13722,21.2
12619,20.6
12616,25.0
11183,19.2
9717,18.7
7614,9.2
826,8.3
9982,10.8
4253,22.8
6345,6.7
13666,12.6
8481,11.4
1441,2.2
3066,12.6
9868,2.5
2748,17.2
11341,6.1
9244,12.3
3061,9.4
889,15.8
13799,12.6
12845,6.1
6880,4.6
1963,11.0
3125,14.2
6174,9.6
9219,10.4
1127,8.2
9384,18.0
12066,1.7
6690,10.6
9952,11.8
12889,10.3
13755,19.8
6501,12.0
1543,5.9
3263,1.9
14528,18.1
10003,12.9
2268,2.8
3770,7.9
14492,18.2
8209,17.4
132,17.4
9573,13.9
15335,4.9
603,17.4
6730,19.6
843,4.8
393,6.0
14046,17.9
9176,7.2
11076,10.3
4989,14.5
3928,10.7
5511,3.3
7252,13.8
6765,18.5
13306,14.0
13530,1.7
7336,7.1
2277,5.4
13727,15.6
3234,6.9
12541,12.1
3498,14.8
6143,14.7
4613,17.3
14837,15.9
6275,3.6
401,6.4
7324,11.4
5727,13.6
12217,13.0
12442,1.7
10835,17.8
11729,10.2
4680,9.6
5008,17.2
7565,15.2
3403,8.8
7474,16.3
3883,19.0
6611,7.2
9642,19.2
8777,1.4
9691,24.5
1573,10.6
14282,3.0
9544,3.2
2423,16.4
8963,19.2
5264,14.5
15075,16.4
3548,15.0
8116,8.8
8066,4.7
9459,10.3
13601,8.3
8099,1.9
11661,3.0
6104,16.2
13277,15.3
5501,9.2
7784,10.6
809,10.6
14770,13.1
9964,12.6
2650,6.0
6922,6.2
15201,18.7
11946,17.2
3190,9.5
3620,9.2
1702,14.8
8834,10.6
9293,17.8
3650,7.9
6749,14.6
8025,6.4
14733,8.4
9737,19.3
12954,17.5
11927,16.1
3370,10.4
15327,10.3
7580,11.7
8550,13.6
10415,16.0
9512,7.9
11398,9.4
12478,4.8
7276,3.0
10436,16.3
14536,11.1
664,12.0
11146,16.3
10807,18.8
14485,16.8
1736,17.7
5259,14.2
8444,8.6
3347,2.6
1568,4.0
462,8.1
743,2.9
222,19.3
10046,24.6
3994,6.3
1979,12.8
13628,6.7
625,15.1
10890,8.9
14810,20.5
7540,17.2
12271,18.5
344,7.6
5494,3.6
7048,9.3
9225,10.0
1004,17.8
4449,11.6
2280,9.7
456,10.6
12299,19.5
9422,10.6
4335,12.4
2621,5.9
873,12.6
11822,12.1
13848,1.1
8608,20.2
6387,20.1
14781,15.6
5114,4.2
13312,17.4
5212,9.1
10416,16.2
1760,10.6
842,6.2
13486,9.3
13024,17.7
7254,6.2
5199,3.8
4803,2.8
2902,4.8
10224,9.0
15191,18.0
14998,6.5
7111,21.2
6462,14.6
15022,8.4
14229,3.0
11733,5.8
8443,11.8
3431,14.1
14469,20.2
9249,12.0
13372,19.2
10563,8.1
12374,9.3
13349,19.4
4725,1.6
1469,6.8
5130,10.8
8368,9.0
7271,9.8
7854,18.8
7034,11.2
9340,20.4
10311,9.8
10939,3.6
368,5.2
12863,9.7
3593,5.7
1415,7.4
12707,10.7
9336,18.8
15212,19.0
12436,-0.6
13597,8.2
7089,15.0
7188,17.4
2825,11.4
9534,4.8
1721,14.8
11686,6.9
5324,17.8
4060,5.4
14788,19.1
1824,5.7
10778,19.2
7391,8.8
12332,11.4
12061,9.8
9613,11.2
3232,6.5
1918,4.2
9722,16.2
1569,4.6
1831,5.6
347,7.9
1242,12.9
8079,6.8
7637,9.2
11553,17.0
13656,14.9
8830,7.3
7948,13.4
6888,9.3
14301,0.8
13391,15.2
12227,15.5
12233,17.6
14111,15.6
6742,16.1
12717,16.1
10522,8.0
12731,6.0
13648,11.1
15220,14.8
13655,15.4
6125,18.2
10845,16.3
13380,18.1
1222,7.0
6779,21.0
2134,7.8
9162,11.1
10401,14.4
13094,8.5
7058,11.1
13586,7.2
509,11.8
13828,7.3
3986,3.6
748,2.9
5246,12.1
1259,13.0
4718,7.9
1888,5.0
15089,14.9
711,10.4
13465,10.4
14016,16.4
15129,16.4
5833,3.0
9912,6.0
13457,13.8
7914,16.0
4808,6.6
3329,3.0
3293,4.3
8687,10.2
12539,10.2
7441,11.8
12501,0.7
8526,11.4
14201,5.7
10468,15.0
4865,11.8
5551,11.0
9466,4.2
7712,6.4
104,15.3
7068,18.0
1794,6.4
10988,4.2
14595,7.0
2386,21.2
10814,
4847,11.1
13770,24.4
5837,3.8
10739,
1658,23.6
212,18.6
8439,8.6
5886,9.8
4419,-1.2
14473,17.1
5193,8.8
5735,15.2
1359,15.7
334,11.2
2166,7.8
3110,17.9
5709,18.8
10228,6.8
792,5.7
233,14.8
14182,8.0
8552,16.3
1064,7.6
209,18.6
11699,8.3
11064,9.7
13702,19.0
9749,20.2
4498,10.2
6951,9.6
6277,3.4
2413,15.5
9820,1.6
7945,12.6
11830,14.5
7476,13.2
871,13.9
1263,17.9
1618,19.1
13692,18.0
4345,4.9
10309,6.0
2414,15.2
9634,10.2
13820,7.2
6702,9.0
1220,5.6
6264,6.2
1765,11.1
12590,18.8
8695,14.6
13673,20.6
2001,14.8
5609,14.1
9063,5.8
4581,18.3
14551,8.7
1485,8.4
3582,12.3
2523,0.9
5990,16.7
11924,17.3
13466,11.1
9939,6.2
3078,14.2
4833,6.9
6948,12.8
1305,18.2
4782,8.0
6206,-0.8
13762,18.4
4381,6.3
13414,12.7
7655,7.1
14314,9.2
6243,2.0
9787,11.8
2165,10.2
617,13.0
14881,16.9
13566,9.0
6497,13.3
8720,8.5
10479,17.6
9308,14.8
14554,12.0
2163,7.6
4770,-0.4
10376,11.6
15035,7.6
2004,18.4
14360,11.3
14667,10.8
3047,11.8
12783,8.0
13605,7.0
14668,8.9
9644,17.9
6641,10.2
8398,2.1
9330,19.4
3095,15.8
11986,10.1
3285,10.0
8405,2.8
9683,16.5
7656,3.4
1313,19.8
12036,5.8
10308,5.0
9373,16.2
2903,6.0
10995,0.2
3333,5.6
11541,18.9
3053,12.6
11342,3.0
5072,4.7
8880,14.3
10042,20.7
9073,9.9
2269,1.7
2694,13.9
8373,8.4
13837,5.2
10194,9.8
9592,10.7
10761,15.2
8267,18.3
10022,22.2
8074,5.5
8255,17.8
4707,3.0
13685,18.9
2114,10.6
7606,11.6
1541,5.8
6438,20.9
2602,0.5
14952,8.1
4607,19.4
10687,8.2
13968,16.6
11057,12.3
4756,8.2
6595,4.0
5538,7.2
13730,19.3
520,21.8
10701,8.7
8972,16.6
9646,14.2
11051,11.4
1092,2.6
14125,14.5
8762,8.3
4913,20.3
6123,16.8
13827,5.6
3771,8.4
6650,11.4
1109,-4.2
4655,11.4
13099,12.2
1038,10.6
6973,2.8
20,0.0
13830,6.6
14938,10.1
5531,0.2
13343,19.9
934,14.6
11892,16.7
15120,18.1
13881,3.6
14500,14.3
1726,16.3
4490,5.6
13000,19.3
9033,12.7
1737,18.8
10580,1.2
7532,14.8
561,13.2
7477,13.0
14162,13.8
12143,9.2
1162,3.2
9071,10.8
10251,2.6
7255,7.4
15303,10.2
1527,8.0
8094,3.4
9044,11.1
2930,0.2
14437,19.4
58,4.4
8952,19.1
8421,11.6
13085,13.9
4483,14.8
2291,8.9
10610,11.2
13162,6.6
14899,11.8
10635,6.4
11628,12.5
11814,18.6
1649,22.3
15139,18.7
6436,18.0
2724,19.4
10838,15.8
938,19.4
4510,10.4
13155,6.0
15050,7.9
4694,11.1
13988,8.9
10076,17.6
998,14.6
9392,18.2
4528,14.7
3870,21.9
7219,11.5
5354,15.1
14597,7.8
2907,6.1
11013,9.3
10010,12.8
3538,20.2
14146,16.8
5993,14.4
14499,13.8
915,15.0
13875,2.8
4415,1.6
11712,4.9
10519,9.3
10360,11.4
1817,9.9
14981,8.1
11926,15.1
3949,11.4
337,9.8
2072,21.0
13293,12.8
5822,9.3
10760,15.6
5143,6.0
12917,12.9
3513,18.6
2815,11.2
14898,13.0
6375,16.4
11625,11.7
13785,17.6
13071,13.9
11118,14.4
12051,8.2
766,4.6
3782,12.8
10832,18.2
1144,4.0
12520,9.7
2510,2.6
15157,18.4
2273,6.4
2860,9.4
1221,6.2
11066,10.8
4864,12.0
14873,19.1
11140,22.8
8282,14.3
11504,20.5
7074,18.8
4924,18.0
4532,12.8
7168,19.8
1672,23.4
11735,7.2
7134,15.6
9075,12.9
4055,11.4
7676,7.2
1808,4.6
2275,5.0
3761,7.0
7319,7.9
14558,11.9
13680,16.2
11560,17.3
2045,17.0
13301,15.4
13572,5.4
5113,0.7
1295,19.7
14827,20.1
4687,14.0
3952,15.2
6866,16.4
4317,10.3
10282,8.1
444,2.6
5519,4.3
858,14.0
8076,6.6
4439,6.5
5321,17.3
841,6.2
6958,6.4
8596,19.5
14213,1.9
11816,15.5
994,16.0
7553,20.4
9211,9.5
1554,6.0
11017,7.6
1973,7.7
1951,11.2
14468,19.4
9716,16.8
7773,6.4
12746,6.0
2513,3.6
5559,8.8
11413,6.1
6301,3.8
2835,15.6
4700,4.0
2445,17.6
2233,-2.6
3050,15.2
14862,15.9
400,6.2
7757,6.2
10038,14.6
5198,4.2
15183,18.6
11601,15.7
1023,8.0
3298,5.6
7581,10.2
11449,10.1
14982,11.8
14635,7.8
8262,24.4
5894,8.2
4241,23.0
5424,9.6
6875,5.9
8522,10.0
6805,24.8
4309,15.2
4080,7.8
803,8.4
1550,6.6
1009,12.8
15301,10.2
8879,11.4
2737,22.2
15021,12.5
5095,5.7
648,5.6
10394,16.8
2862,6.0
4975,16.3
7471,19.2
6399,16.3
14904,11.2
11893,17.5
550,15.3
11492,11.8
5617,9.2
8990,23.0
9072,11.9
211,17.8
12824,6.7
13324,18.5
6343,10.6
1781,7.6
11198,15.0
3543,12.0
7821,12.6
1438,8.4
2515,1.8
2868,8.2
2434,17.0
5045,7.8
4792,6.8
11129,16.2
9478,4.2
12002,9.9
6608,3.0
6475,12.8
1314,18.6
9542,4.6
6822,16.2
9115,1.5
3979,5.0
12,-2.6
6817,19.2
818,11.5
2784,15.6
11250,10.3
14722,17.4
453,9.2
1049,7.5
14868,18.0
1656,25.2
3457,18.4
8918,18.7
13411,14.7
12033,7.4
13317,18.1
5139,4.4
2908,7.7
12750,8.8
940,19.3
7028,14.4
8668,13.0
11799,18.2
7990,5.7
13925,8.0
12493,7.9
4634,17.6
14066,25.4
12665,21.1
8715,10.7
1400,15.4
9931,4.7
30,2.1
6363,14.0
6258,2.4
13632,6.4
3677,4.2
11909,17.0
672,3.1
13647,14.4
7699,11.6
6627,9.8
14609,9.4
5466,12.4
12955,18.7
11833,14.1
9140,7.9
1108,-2.2
14987,7.5
13905,0.3
3229,10.0
7937,15.2
9669,21.6
8358,8.0
3319,6.5
10263,2.5
5835,-2.2
7841,18.5
9441,10.0
9338,19.3
10484,14.8
2553,-3.3
4775,3.3
13761,18.2
2686,14.5
14654,7.2
14947,4.6
1563,5.6
13041,17.1
555,13.2
3071,16.8
11917,14.8
12856,9.7
4474,9.9
7722,4.6
12126,9.3
11416,9.0
4856,12.8
5268,15.6
2853,7.3
6885,10.8
7998,6.8
11655,-1.1
10095,16.6
9841,2.8
4601,18.0
13330,28.7
10325,11.8
14158,12.1
2213,2.9
4929,20.3
11164,17.8
11226,14.2
15108,9.7
6991,10.0
2111,13.2
13078,10.3
10099,17.4
8242,21.2
13928,9.2
14008,10.7
13611,8.1
13333,22.2
4446,8.9
13883,3.9
11490,15.9
8001,8.8
8075,4.4
5026,12.5
28,1.9
14532,12.9
12302,15.0
13120,6.2
10260,5.4
355,1.3
1429,0.1
11321,4.6
10820,17.2
11068,13.3
12550,10.2
11434,9.0
332,8.2
5643,18.4
9193,4.7
7811,12.2
13724,19.8
4224,18.2
964,17.6
11095,13.3
120,5.6
4930,17.7
11366,2.6
5579,8.6
15156,16.2
8114,3.4
4710,7.4
3281,8.2
2370,13.8
5522,2.2
2544,7.6
11546,16.4
11354,2.3
2885,12.6
10275,7.0
2178,3.7
9149,5.6
4898,16.8
5153,6.2
1209,10.4
5170,4.4
7978,7.2
9825,1.8
7936,19.4
3123,14.4
14393,15.9
1544,4.2
7955,10.8
14601,9.8
10978,3.8
7205,16.8
12908,11.9
9848,2.4
10347,15.4
13985,10.9
945,17.8
10947,10.2
4550,12.6
13707,15.8
12495,3.4
12659,19.5
8525,8.2
9269,18.3
14613,3.0
1675,14.8
9643,22.2
1561,7.0
11857,15.0
14797,17.8
7976,7.2
6213,6.6
8688,11.7
6044,23.7
4541,13.4
1782,8.1
7496,20.9
13760,16.8
1095,6.0
10556,6.9
10905,9.6
7985,9.0
3287,9.6
12680,12.3
677,3.7
6193,4.0
2605,-0.2
1392,7.8
11203,16.6
13276,12.3
752,7.8
1711,15.8
3737,11.7
15011,4.8
15008,10.3
13104,8.7
3215,12.8
797,12.0
8409,3.4
1777,8.2
4113,5.4
1770,12.6
13972,10.7
10833,19.7
13076,15.1
10499,12.6
6412,23.8
3022,8.0
14220,10.8
4228,20.4
14119,21.1
3012,8.4
14013,16.4
9913,4.2
5764,13.8
15336,7.5
4619,18.0
15127,19.1
7070,16.8
11817,14.9
10164,13.5
527,15.4
366,-1.8
6098,15.7
14372,19.1
4264,16.0
4262,19.9
9755,13.6
1919,3.0
701,3.0
6170,8.4
8108,6.4
9625,8.8
5018,18.6
11345,6.2
4423,-3.4
12125,7.6
4868,9.6
1298,17.2
7301,7.2
1352,16.2
2926,6.8
8218,21.6
11906,16.2
1287,21.0
6909,3.2
12933,14.6
12554,10.2
4350,6.2
8878,12.6
3697,6.6
2013,20.0
10259,8.6
4373,10.4
9239,8.9
5677,19.5
7153,16.4
9770,13.4
2147,5.0
8617,16.8
2705,10.2
5473,1.4
8699,12.7
2570,7.1
12943,20.6
7103,13.0
9887,3.0
14977,9.9
7585,13.6
8140,9.6
11204,15.0
810,11.0
12610,17.6
5684,24.3
9052,13.5
312,6.2
2073,15.4
13118,7.5
11532,18.3
11235,14.2
885,13.0
1477,7.8
1790,13.6
3142,16.4
8542,15.9
2008,16.2
3454,16.4
682,4.6
3895,16.0
11007,8.0
8997,17.0
10848,14.6
57,3.7
6916,10.8
13855,9.2
9311,17.4
2399,19.2
8618,19.6
14775,15.8
4126,9.0
9102,8.4
9023,18.6
9500,8.7
1468,5.4
5761,11.9
1416,7.8
470,14.6
2358,14.0
2722,19.0
12104,6.9
6886,11.6
7499,16.4
13084,14.2
13012,17.9
9855,4.0
4525,14.2
4610,19.6
14524,10.1
12361,5.4
6041,18.2
11839,14.5
3869,19.4
9053,12.0
14720,16.1
14403,18.5
6786,16.6
7894,20.4
12433,1.3
10790,16.4
12727,8.6
4674,6.4
1055,11.6
2281,12.2
9364,15.7
11388,1.3
13353,16.2
10769,16.0
1924,7.5
6379,16.8
4907,17.4
11513,23.1
13876,3.0
1075,-1.2
1115,6.8
3936,13.9
3533,15.1
15030,7.1
7889,20.2
460,7.7
3032,9.7
4207,15.2
6713,15.0
13684,15.8
6398,15.0
5841,12.0
6939,8.1
1452,0.9
2149,6.8
319,4.4
13401,16.5
7864,17.2
6769,19.4
1922,5.3
12335,11.5
13641,18.4
10444,19.7
12375,5.6
7801,14.4
10868,9.0
14489,18.1
2129,15.9
6403,20.4
7403,13.0
6478,14.0
6300,4.3
14322,1.9
11162,17.0
9048,16.2
12598,17.7
2509,1.3
1052,9.6
7819,11.8
6152,5.6
1681,21.6
12171,9.0
4067,9.0
5024,12.0
1456,8.4
9006,16.0
361,4.1
8870,17.0
14716,12.9
9197,5.8
15140,18.0
3145,16.8
13776,16.3
8749,6.8
505,11.8
10659,7.0
7169,19.0
13677,17.7
11785,14.5
13251,12.6
13394,13.0
540,13.6
4235,17.0
5507,6.2
13812,11.8
14628,3.0
10080,21.2
13863,8.0
754,9.4
8332,14.0
2003,19.3
2542,9.0
6073,23.8
2918,6.4
7791,12.0
5218,9.8
237,14.6
4271,16.4
5875,9.2
12453,7.5
100,13.1
11035,8.9
11055,12.2
9801,13.2
9893,1.5
5362,14.2
4766,4.6
8115,4.6
4880,13.4
12964,15.5
601,14.6
9767,12.2
13697,15.6
6182,3.0
12140,13.5
15333,6.1
2431,17.8
15117,20.0
1044,5.3
11866,19.0
1557,6.2
5009,17.2
1487,11.4
6577,-2.4
14941,9.0
14120,21.2
13053,16.9
2115,13.3
5795,11.2
13636,14.2
7364,10.2
8291,13.7
5491,9.6
10771,19.4
618,16.2
7920,14.4
8541,15.6
11788,13.5
15009,6.7
3396,14.0
1600,10.2
10515,15.4
10715,12.9
1615,17.6
1752,12.2
8911,14.1
2040,18.4
2083,16.7
9192,2.5
546,14.2
6199,7.2
10993,2.0
14138,12.1
11528,21.1
5147,4.4
11438,13.6
675,3.7
2545,8.0
4371,4.4
12768,11.0
3999,7.6
14577,12.9
6014,18.7
5096,7.5
175,14.0
14618,3.9
2208,-3.6
3609,9.8
12004,13.4
13274,11.5
3787,14.6
14370,17.7
10846,17.0
6458,16.0
2225,8.4
3049,12.1
296,10.8
1126,8.3
9773,13.4
14610,7.8
15072,12.3
2441,12.8
13185,2.6
7624,7.2
1322,17.8
1603,11.4
4210,21.7
11932,20.0
13218,8.4
9647,14.3
4065,8.0
6904,9.2
1294,18.4
5007,15.0
6069,20.0
6386,18.9
14352,17.2
10862,14.4
7377,8.2
4071,11.8
1507,1.8
12152,9.9
1559,6.6
9112,10.0
5577,5.2
11633,7.0
9934,3.8
12489,1.4
9148,3.8
1836,10.0
5611,14.8
7612,11.4
8545,13.3
5335,16.5
1354,19.4
14774,15.9
4141,19.1
9240,7.8
9457,9.6
13546,9.0
4844,6.8
4723,1.6
6260,0.5
13753,21.2
6906,11.0
3280,7.8
4032,8.8
6720,15.0
1235,14.2
8660,15.5
12502,0.6
10806,20.0
13683,14.8
10336,12.8
2251,6.8
1025,6.6
11933,19.4
7640,7.5
6649,12.6
14632,1.6
8323,16.8
13252,14.0
3397,13.3
313,3.6
636,13.3
6149,7.5
8776,0.9
15018,8.0
9796,17.2
12721,9.0
7249,9.3
10911,12.6
11899,18.6
1152,4.8
2970,1.9
8675,16.9
2584,2.2
10172,6.6
3885,20.8
14747,13.4
11825,16.6
8807,6.0
4771,-1.3
14059,15.4
12549,10.5
6697,18.1
7268,6.0
8077,10.0
11508,18.8
15164,16.8
11974,12.4
7131,16.4
6058,26.1
1840,3.0
13957,13.8
1564,7.2
3673,6.6
10398,17.2
13289,12.9
4698,5.2
15304,10.4
3320,5.6
5192,7.0
2272,5.7
14422,20.4
6157,10.6
4254,22.3
4773,3.6
6575,-2.8
14274,4.4
4709,8.6
847,7.0
13554,6.1
5544,10.3
5526,4.8
838,7.4
5461,3.4
8768,6.4
8747,4.9
7800,15.4
4597,20.1
5916,7.2
1417,10.0
5785,12.1
8283,14.0
3848,19.8
604,17.8
9581,11.0
13739,20.2
2078,17.4
9940,4.3
2311,11.7
9282,15.3
4343,3.6
1471,8.8
13541,6.8
1982,12.5
8724,9.4
4466,7.4
199,15.8
6676,7.4
485,9.2
6975,5.2
3270,6.0
4724,2.0
5728,14.9
2823,13.2
4551,11.3
9960,6.3
5336,16.0
3245,7.7
4453,10.8
10452,17.2
5817,8.1
8450,8.4
3749,7.4
2202,0.1
11335,1.1
12510,4.1
2794,14.6
7598,11.5
14838,19.6
10579,3.9
524,14.0
10740,15.0
14205,14.1
947,22.8
11826,13.7
9019,14.5
12139,12.1
1280,14.2
10256,7.6
122,4.6
4366,0.4
5885,9.4
7402,10.4
11868,15.0
8812,2.5
2302,5.6
13856,11.2
11510,19.4
12959,16.4
5820,9.6
10550,7.6
1005,14.0
3460,17.4
7289,8.7
14304,-2.4
13795,14.5
3055,10.0
13640,15.8
3566,12.7
14581,12.2
2132,14.2
501,14.2
13592,6.7
9856,3.6
3185,18.6
6153,4.8
8063,2.8
229,15.4
9088,13.4
4001,9.4
13387,16.6
14026,19.8
10741,16.4
9415,11.4
3007,9.4
12653,21.7
4587,16.1
4221,18.8
4305,17.8
9395,13.3
7924,21.6
2750,17.6
9202,3.6
595,18.1
7210,16.6
4376,6.6
2944,6.2
10567,9.4
10439,17.9
2718,12.6
3362,8.2
11446,7.4
8661,15.2
5824,13.1
8993,19.4
15173,22.8
5230,14.8
12703,11.7
6746,15.4
4161,14.6
13079,12.9
11793,13.5
6878,6.0
8810,1.6
12620,22.2
5322,19.8
5561,10.4
10306,4.2
12273,19.2
13482,10.8
13598,11.2
11305,3.7
14847,24.9
11030,10.0
14351,14.5
4867,8.2
9281,15.2
12988,22.9
1017,6.8
8251,17.1
8005,11.3
9853,8.0
1928,7.2
13288,10.0
350,5.7
6703,10.0
8794,5.8
223,20.6
6030,18.8
14345,8.8
13328,19.6
11515,20.4
9386,15.2
2500,10.9
8845,7.4
9876,8.3
564,15.8
1582,9.2
5545,11.5
2175,5.3
10155,15.6
9319,17.6
15311,4.5
3933,12.0
12223,15.0
7356,8.7
2707,11.2
15152,25.3
9923,2.5
5211,10.2
14920,8.4
9423,9.8
12205,17.1
3535,16.9
14400,15.4
11047,11.1
2397,22.4
6657,7.4
3739,13.4
11976,11.4
821,8.2
2063,20.0
13069,12.1
13758,19.0
81,3.1
5419,8.2
10118,18.7
14222,1.3
10134,15.6
2697,11.3
831,16.1
4574,22.2
3826,18.6
5924,6.8
15054,8.1
1397,11.6
10490,17.8
2833,14.8
10779,17.0
14273,11.8
14630,2.1
14096,17.7
13578,2.9
7530,18.8
48,-0.6
9368,17.4
12353,5.6
9652,15.2
6512,7.4
11702,9.9
7677,7.4
11505,22.3
6357,10.9
4095,12.8
2689,11.6
1189,11.6
11031,9.0
4845,8.2
5210,7.0
3990,4.2
2373,18.2
13198,6.4
5676,19.5
9878,7.9
2758,17.4
14116,18.2
6607,5.7
9975,12.1
12263,15.0
2488,10.6
2579,7.0
9003,18.8
12417,8.2
3880,20.2
10137,13.2
9059,6.3
7753,10.9
4934,15.6
14316,8.2
14092,17.4
13548,8.8
2209,-3.0
5235,10.8
3945,14.0
12093,0.3
9922,1.3
2164,9.0
2886,8.4
8205,16.6
11075,7.5
15245,12.6
516,10.2
11940,20.0
7516,24.2
5666,17.2
172,15.2
639,12.3
14870,13.9
9144,5.6
13294,14.5
7224,12.8
8049,4.5
5065,3.8
1143,2.8
11021,4.1
7435,15.2
11805,11.5
14883,17.4
12449,8.4
1832,5.4
14698,11.9
9543,3.5
3686,5.7
6227,5.8
5700,17.3
11611,10.0
13892,3.5
4537,9.4
3515,17.8
9895,
834,11.4
2486,10.8
11448,11.4
8741,5.1
12581,15.8
9123,7.6
13539,9.0
9531,8.2
5467,5.8
4915,17.6
65,5.6
11206,16.8
7855,16.8
10418,17.0
2024,16.8
1872,0.0
354,2.8
5360,12.4
1767,13.0
12679,13.5
9612,11.4
6405,19.0
4762,5.3
1164,7.0
12422,9.7
13008,17.3
3395,14.2
8483,7.5
7814,12.9
4568,22.4
10662,
3127,14.2
10877,15.1
6946,6.8
309,10.8
7541,19.9
13871,7.3
14411,17.2
10875,14.4
8735,10.0
4354,6.2
8900,10.6
10175,7.0
8401,-0.8
3587,15.0
13268,10.0
2583,0.3
7762,10.4
2770,18.8
4812,8.0
11034,10.2
10438,15.8
5087,3.0
324,3.0
5171,3.1
5648,17.0
6743,16.6
11156,17.5
3209,13.1
9522,2.6
3905,16.6
13463,14.5
1292,14.6
5638,10.8
14764,13.8
8701,9.3
13698,15.9
2379,16.2
10747,16.1
14933,4.2
3634,5.5
4169,18.0
8889,14.7
6658,8.6
13048,13.4
15051,9.0
3428,12.4
4421,-4.2
1101,0.9
10021,20.4
8231,15.1
14637,3.6
3250,6.6
4409,2.6
4140,20.0
3557,16.3
709,6.8
118,8.0
2022,15.0
4598,19.2
7627,5.2
14504,21.3
6130,16.8
7636,10.0
6952,10.1
13300,12.1
2374,18.3
14780,16.4
10999,2.9
13256,10.1
5227,12.2
10892,8.4
6606,5.2
4681,10.0
10858,14.6
10254,7.0
5003,13.4
7918,15.6
7836,17.6
2857,14.0
4273,16.4
5739,11.6
12892,8.7
10711,9.1
14057,17.9
5470,4.4
5816,10.6
1158,7.2
11210,15.0
14906,10.4
87,4.8
8061,6.2
3382,7.0
10159,12.4
10120,18.6
403,7.6
14935,6.8
3350,2.4
12774,8.7
7944,13.2
10799,21.6
6378,17.2
2241,-1.2
9187,0.8
10926,3.5
6552,4.1
7908,19.0
10066,22.8
6310,11.3
1027,8.2
14889,13.6
3803,10.4
5517,4.3
2436,14.0
4689,9.2
14320,0.5
5298,21.7
1278,18.0
8349,4.6
14802,21.3
6856,16.6
2042,17.0
13036,16.3
6654,8.6
6074,23.8
5157,4.5
1425,5.4
5027,12.4
5281,17.0
11317,5.7
1502,0.6
14946,5.2
13143,4.4
12564,12.9
9902,2.4
13167,1.9
6064,18.7
678,5.2
6673,12.4
5851,5.8
7194,10.8
10655,5.2
5265,16.3
7900,16.6
8658,16.3
9541,4.8
5053,8.1
5215,9.3
1850,1.9
6522,7.9
1070,5.2
11737,4.6
6784,21.0
7748,7.5
2480,12.1
12753,5.3
3392,10.0
1099,10.7
5484,3.7
12100,8.7
9314,15.6
11876,16.3
418,5.4
9690,22.1
5819,8.6
9079,10.6
1947,12.5
10931,5.2
3336,8.8
2299,12.6
13473,4.0
9377,19.8
15005,10.7
208,21.9
8486,7.2
3682,3.4
8922,15.6
8419,6.4
14907,13.2
528,17.2
5329,16.7
779,2.2
722,10.8
7770,8.0
9734,14.8
7313,3.0
1860,8.1
13017,16.5
14671,10.8
13898,2.0
13932,12.3
1992,17.1
2332,14.2
9969,10.3
6339,8.0
10143,16.9
12213,15.2
6117,15.8
3459,18.5
9965,10.8
6567,1.0
11533,17.7
8496,9.5
13998,10.9
9551,1.7
5492,7.3
8868,12.0
4518,10.5
13872,8.2
8394,5.1
5138,3.8
6755,14.1
14237,9.3
12782,6.4
257,11.7
14966,8.1
11572,16.3
13222,6.1
12240,17.0
6931,9.9
14701,6.6
13556,3.7
3625,6.3
702,3.0
3189,11.0
503,15.3
12169,11.2
14147,16.6
5441,1.4
2556,0.0
848,4.9
2248,6.2
5616,10.6
8925,15.4
372,3.8
14700,9.2
5317,20.2
10870,12.0
5487,4.2
5303,16.8
4052,6.8
3937,15.6
6252,4.3
15179,20.0
14570,2.6
12515,4.6
10976,5.8
4076,8.3
997,15.4
4332,9.8
13453,9.7
1176,8.2
14864,18.9
551,14.6
4840,6.9
13246,12.3
4372,7.9
3497,14.6
8287,12.3
13220,9.7
14249,7.2
1407,12.7
12766,7.7
12897,13.8
5176,3.1
5829,6.4
6062,19.1
15176,16.6
10192,11.9
6775,18.8
3588,12.2
11731,6.7
10505,14.0
693,14.2
2533,6.4
5011,15.2
3443,11.6
982,17.8
8270,20.4
5943,12.0
14457,19.9
4222,17.6
91,4.4
5652,17.0
2266,2.2
14429,20.4
8297,13.1
9735,17.2
9798,14.4
261,17.4
14247,8.2
3337,7.8
8523,11.2
5497,5.5
10018,15.5
4016,4.4
3626,6.7
9383,20.2
445,1.1
6752,12.7
5111,0.4
5965,16.8
12839,9.4
3555,17.2
2194,2.0
8337,11.2
7338,7.0
13114,9.7
3367,11.0
11863,17.6
2867,9.0
2526,9.9
10187,8.4
8816,4.6
8489,10.8
11820,12.7
1168,7.6
4144,13.4
5149,1.9
84,6.2
3149,20.9
14746,11.6
880,15.3
6747,14.8
11147,15.1
6535,2.2
7572,16.8
14663,11.5
9267,17.4
1467,6.2
11192,21.7
5641,14.1
6537,4.8
14961,6.4
452,10.1
4326,6.8
4044,5.8
11934,17.3
4137,17.0
3039,15.4
9307,15.5
13585,6.2
8614,17.8
5825,11.9
8158,11.8
10483,17.5
579,19.6
5236,10.6
6571,0.2
10734,15.6
7174,14.2
7467,14.4
11902,23.7
8257,15.0
11283,10.6
5587,8.6
12053,12.2
2467,19.3
4157,13.0
6349,10.4
12209,11.6
11037,8.2
413,7.6
402,6.7
4428,3.6
2084,15.2
3057,9.3
13351,18.8
11461,14.5
7060,9.2
164,14.4
13244,9.6
12083,0.6
14693,9.2
4302,16.0
9967,11.4
11442,11.6
3317,5.4
12286,19.1
7865,14.9
7582,8.8
13173,3.9
3934,11.0
6851,15.4
1847,3.2
12101,9.7
1334,15.0
11765,5.5
13538,11.6
13981,11.4
12378,10.8
753,10.2
3064,9.8
13303,16.1
6997,8.8
7536,15.4
9463,6.8
706,1.2
3491,18.7
9800,14.3
13880,7.5
4573,18.8
11884,17.3
7631,7.4
12159,6.4
7706,9.6
7054,13.3
5580,7.3
14767,15.2
6840,15.6
3151,19.8
14705,8.9
6523,5.3
14364,8.0
3799,13.3
4022,6.6
15038,4.2
15026,7.3
1074,-1.9
15277,11.1
10624,3.0
3438,13.9
9562,3.0
13729,21.5
11875,17.4
2429,14.3
246,16.1
3815,21.8
8583,14.8
3632,9.5
10223,7.7
2262,5.0
2246,7.7
835,12.2
5064,6.6
6202,0.7
432,5.6
13870,6.7
1173,5.4
8574,15.7
6437,20.7
8664,16.1
4656,13.8
8856,7.8
7925,20.0
5289,15.8
3757,8.4
12528,8.4
10110,21.8
250,17.9
8030,1.8
7952,9.0
7897,19.4
15015,7.5
7334,4.2
9082,10.0
2793,14.0
8253,20.2
12165,9.8
7795,14.0
13599,9.8
3407,12.2
2729,15.0
15192,21.2
9157,3.8
433,6.4
9004,20.0
7422,13.0
7592,13.0
11591,10.7
13961,8.5
11753,5.4
14908,14.6
8759,10.8
12638,18.9
11432,10.1
5629,13.9
4002,9.9
8916,22.4
4753,11.2
1332,14.5
10084,16.9
8047,5.8
8336,13.2
4196,15.4
1443,5.8
3681,2.9
8128,10.3
4310,14.7
7448,15.4
4899,17.8
8470,10.6
3985,4.4
14925,6.1
13649,11.3
12092,0.3
11089,12.4
2569,7.2
11767,9.2
4277,13.2
3666,7.0
8825,9.0
15196,25.6
2446,19.2
6821,18.6
14964,7.5
6520,10.2
5802,14.9
3657,6.2
11752,5.1
12370,11.4
3172,14.4
1223,8.2
7272,4.5
3639,7.0
4166,16.3
544,14.5
1204,9.1
8410,4.9
9020,16.8
13984,12.3
7242,9.2
2637,8.4
14858,14.1
14368,14.1
14181,11.3
12532,14.4
6758,13.8
13385,15.1
14122,14.6
877,12.2
12435,-1.2
196,17.8
14954,6.0
3383,9.2
4379,7.5
10565,11.3
10973,6.6
2997,8.2
3908,16.6
2571,6.0
7688,5.4
1755,8.0
6496,15.7
13243,9.4
14390,20.6
14697,10.2
5721,15.8
6443,17.5
14470,19.9
4969,21.6
6964,3.5
6814,16.0
6479,16.7
4711,7.8
4163,12.2
8091,1.9
8576,14.8
11501,21.9
12681,14.0
2682,11.3
13128,8.0
2508,1.3
15010,
1510,2.3
4314,12.6
9664,21.9
10432,16.6
5356,14.2
6639,8.2
5972,11.1
1244,16.0
3734,6.0
9068,6.8
13537,10.6
4121,5.8
7787,11.4
13092,7.7
4995,13.0
11100,14.4
8518,12.0
1876,2.8
7907,20.4
15300,11.1
5262,14.3
254,13.6
8364,11.8
4511,8.4
9479,5.9
5159,4.6
12655,18.8
8126,12.5
759,7.0
5481,6.1
654,10.1
5297,21.0
9604,11.5
5812,8.0
5288,16.0
2892,11.2
13715,26.8
3401,6.6
7626,3.7
5636,17.0
1420,10.4
3044,7.2
2830,14.0
10369,17.7
328,7.6
10414,16.9
253,16.8
13846,7.4
7318,6.7
6159,13.1
5323,18.8
14620,5.3
14576,8.2
4377,8.2
6022,21.6
5092,4.2
9470,8.2
5377,16.1
3019,10.2
3029,12.1
11895,17.8
2636,6.2
13485,12.8
9756,11.3
1131,8.0
3018,9.6
2945,5.2
3659,9.8
10834,22.3
15337,1.1
12072,7.7
12296,12.4
2663,7.4
14054,20.6
5378,15.0
8559,14.0
1362,11.8
7180,16.1
13734,18.2
5533,3.2
3481,16.0
14782,16.8
6255,6.6
14263,3.4
8951,15.6
13005,18.8
5112,-1.0
5940,13.4
14763,16.3
12231,20.4
11324,1.3
2880,6.1
5839,9.8
3381,8.4
12843,5.4
1302,18.0
14538,13.7
7442,13.7
4957,16.2
4836,8.0
10896,5.6
13039,16.8
9780,18.6
10397,18.0
5720,16.0
3879,20.1
9844,6.2
942,17.0
12840,7.4
3235,8.6
15290,10.0
3257,5.2
11587,17.1
11334,1.1
176,15.2
435,6.6
13388,16.0
7049,10.9
308,10.0
11619,7.0
1565,10.0
3964,11.4
6727,17.4
2135,7.5
15199,28.6
14657,9.4
8846,7.1
8866,4.6
12544,16.4
7393,11.4
2276,5.0
7072,18.0
9458,11.0
2623,4.4
9854,8.3
14049,25.5
231,17.4
8222,22.2
737,2.9
14753,16.7
8677,12.8
9412,11.5
8971,18.4
5705,16.4
8683,13.8
5935,12.4
6495,15.6
755,5.6
8416,4.4
14399,17.4
8119,5.8
11586,15.9
6200,6.1
9774,13.4
69,8.2
5367,13.2
8084,4.6
5682,22.2
1680,20.6
10899,9.6
5961,9.0
2603,0.8
7868,16.2
9485,1.8
11891,15.0
9234,11.0
2283,12.4
3732,6.2
13309,14.3
14443,20.8
14128,15.3
6620,5.4
8650,17.4
5127,8.2
1545,4.8
739,7.2
11742,11.1
11313,0.9
6984,10.4
6795,23.5
3518,18.6
13816,13.8
773,2.4
865,12.6
5200,5.8
12113,9.1
641,11.0
10312,10.5
8760,10.8
3203,10.4
7288,12.8
5204,7.2
14682,10.9
6923,5.0
15169,19.4
10604,6.9
11358,9.1
14694,8.1
10718,16.2
14930,5.1
3309,4.6
363,1.8
3723,6.1
7670,7.0
4726,1.3
2940,-1.6
471,14.2
1641,15.6
13818,14.4
12376,7.0
1172,6.4
9620,11.4
6085,16.4
13183,1.3
9375,15.6
3364,7.4
8509,10.1
1410,13.2
9804,11.4
6666,11.1
815,12.2
6500,11.2
7322,7.5
2131,14.4
1797,2.3
7727,8.6
4575,17.1
5190,12.6
8167,18.0
3122,17.1
5365,18.0
4275,16.0
14216,6.7
3089,12.6
9367,19.0
15316,0.9
9835,6.6
5253,11.9
1532,9.7
8602,15.7
2831,15.4
8269,20.5
14085,17.9
10092,18.4
11691,2.9
8998,18.8
1299,15.2
6273,6.6
5499,7.2
9443,10.9
13670,18.0
14979,7.8
1480,0.7
1601,9.0
5091,5.5
7067,15.6
12096,2.8
3661,10.0
13902,0.2
4825,11.4
5680,22.4
397,4.9
11901,23.0
2506,3.6
10090,19.4
9406,13.8
3010,5.8
13042,18.5
723,11.0
300,5.8
12883,11.6
9979,11.1
7328,8.5
4185,17.6
15319,6.0
13794,13.4
11469,14.1
4582,17.0
14761,19.1
7367,6.4
14507,18.9
15027,11.7
7433,16.6
12568,12.8
6965,3.9
1212,11.8
7055,10.6
8361,10.2
12587,17.3
11158,17.3
8839,6.5
11006,8.8
5427,8.8
9663,16.9
11583,12.3
7216,10.6
5994,15.6
3767,5.0
4272,16.8
14840,17.2
8981,24.2
786,1.6
9656,16.1
9125,10.0
14115,17.2
7853,17.6
13567,5.6
2905,4.4
4626,21.6
996,13.0
11740,6.3
14846,24.8
7246,8.5
6250,7.4
9329,20.3
8055,-0.1
14626,3.6
5523,-1.8
10539,8.5
7505,20.6
156,12.5
10098,16.4
3085,13.0
12806,5.5
1552,5.8
8978,17.4
9947,12.2
495,11.1
2321,8.4
912,16.2
9255,9.3
151,13.6
8994,21.0
10702,
11887,15.3
1738,15.4
3001,4.0
12136,13.4
6961,4.0
13838,6.0
2883,7.2
3720,7.6
7127,16.6
888,12.9
5471,3.3
3201,11.6
9924,0.4
4823,10.6
4704,7.8
343,9.6
4136,14.4
11043,7.6
3188,13.5
4522,16.2
2223,11.0
2121,12.4
6858,10.6
10626,6.7
9896,2.0
11777,13.7
9697,20.0
7366,9.4
12494,5.3
4734,8.1
12922,20.0
1465,10.2
4593,18.1
3565,13.1
5840,13.4
283,14.4
14234,10.2
6175,8.6
10529,10.4
4151,13.8
14834,16.6
10221,6.2
7376,11.4
8744,2.4
15000,8.1
8968,19.4
3161,16.8
2630,8.3
12127,8.8
13062,10.4
10249,2.3
1203,9.3
13995,6.7
10400,17.4
616,17.2
3114,17.2
12408,8.1
7481,19.3
9545,5.9
2728,16.5
12148,7.8
12632,21.8
10125,22.2
1357,16.6
9792,11.6
7798,15.0
14438,21.6
13725,19.2
1590,9.1
14900,12.4
3140,14.4
5338,14.7
547,13.0
7118,16.6
11908,16.7
14950,9.3
26,-1.8
1067,6.0
3918,14.6
6604,4.3
5529,2.2
6678,11.0
5398,14.0
11763,6.9
8081,5.7
9834,7.2
15261,9.0
437,5.8
10675,3.0
13976,11.8
5269,17.7
1861,6.2
10683,11.4
8316,13.4
15098,11.9
2706,10.4
12966,17.9
5325,15.8
6957,8.0
11796,16.8
14080,19.5
9058,9.2
14420,21.9
4011,10.2
13738,20.8
534,15.0
11831,13.5
585,16.0
11285,11.6
8919,17.0
10373,10.9
11696,4.1
8761,11.2
6464,15.2
12016,11.0
14302,-1.2
1916,4.8
13553,5.2
8107,7.4
14580,12.7
1910,5.2
10869,9.1
13778,18.5
1133,7.8
9987,11.8
12068,2.9
1317,20.2
4368,1.4
8313,16.8
11723,12.0
8855,9.2
7325,5.2
6080,21.6
14718,16.4
2601,-0.8
6568,2.1
2173,6.0
3605,6.1
6429,17.8
7995,7.0
3768,5.6
5077,9.1
8274,17.3
4631,17.4
10141,13.2
240,16.4
9016,16.2
9445,8.0
7602,12.1
8771,1.2
1867,5.7
11094,11.4
15210,19.1
2521,2.7
12574,15.0
1820,9.1
2410,13.8
8243,22.9
6637,7.9
5187,13.4
10287,6.6
4565,15.8
7942,15.2
12622,25.2
6391,14.4
2118,13.4
3779,12.3
4961,21.6
2809,10.8
498,17.8
14168,17.0
10255,8.1
4284,11.2
13398,13.9
9178,6.1
228,16.0
8965,22.0
10023,23.3
2741,19.5
9731,17.0
6001,17.0
5718,15.6
10456,16.8
5583,5.8
12930,12.0
13223,6.3
9638,13.2
1128,6.7
10646,11.2
1706,16.3
7450,15.0
3153,22.0
9703,17.0
15130,13.6
14745,13.2
6240,1.5
7104,15.0
11481,16.0
2721,18.6
7445,14.0
7893,20.1
14795,21.6
11688,5.9
8042,4.8
13438,11.7
9356,18.8
9621,10.9
11852,16.2
13573,4.9
10581,1.2
11107,17.4
10218,1.8
6054,23.7
12749,6.6
12455,4.4
2550,7.3
7440,11.6
6768,20.0
9936,2.3
13610,9.1
6449,15.8
10599,7.7
14919,6.5
2644,8.6
13419,13.7
4487,11.2
2061,20.8
4645,13.4
14408,16.4
13262,12.5
14835,16.6
13814,12.2
7265,2.6
4174,13.6
12777,5.1
9150,9.0
8543,15.1
12222,15.3
983,19.2
14498,20.8
5480,5.2
12854,9.4
4797,2.1
9858,0.3
3662,6.6
14127,18.6
6947,9.1
4657,13.0
6414,18.6
3150,20.2
9619,14.7
11078,15.0
4813,9.0
5969,19.0
2939,-1.6
1340,15.4
1391,9.1
12650,18.4
13212,6.1
9468,4.2
11142,20.3
11265,9.1
13236,11.5
6146,11.2
1412,6.8
2256,5.0
11337,3.6
11877,17.5
6120,16.2
2212,5.4
5603,9.8
6004,12.0
5417,8.8
4938,17.6
3624,5.4
3158,13.2
4267,15.8
463,7.2
1754,8.8
9436,10.4
9233,10.2
6380,12.8
3829,18.2
378,-1.5
10239,11.0
1335,15.0
14871,15.1
2716,13.8
9837,3.8
10520,8.2
13862,10.1
9932,1.8
6322,11.2
9438,12.4
12701,9.6
1894,5.0
4661,9.2
9918,4.5
7769,10.6
7090,16.2
6221,11.0
10279,9.0
10261,2.8
7037,7.9
14990,8.9
8886,12.8
13075,18.2
13322,16.6
10562,9.8
11410,10.1
3992,6.5
6691,14.2
1030,8.4
2220,7.2
11860,15.4
14209,5.5
3793,20.2
11189,19.4
12855,10.4
4327,6.8
13111,4.9
8302,14.2
14559,10.0
13493,10.0
5731,13.8
2917,3.8
5586,6.4
12290,19.0
6326,14.0
1515,2.9
14509,11.9
13915,4.2
13095,10.9
2263,3.4
4479,9.2
4239,21.4
13431,12.1
12872,13.3
893,14.0
1490,4.6
12301,15.9
12683,17.2
8516,11.6
2933,-7.6
14106,19.7
1129,4.6
731,6.4
3084,12.4
7297,5.4
4588,17.5
2795,13.4
7601,11.4
798,11.3
6232,3.4
734,3.9
8909,13.6
2244,3.5
178,15.5
1174,5.4
790,8.0
12308,13.0
198,18.9
14202,6.8
7675,8.9
548,15.6
3339,5.6
9426,13.8
7465,13.4
8902,13.3
13295,13.8
12641,20.2
7533,13.2
66,5.6
4712,9.4
5214,10.0
12275,20.9
5033,11.2
10402,14.0
2572,2.7
10480,14.6
11009,8.3
622,17.2
6222,9.8
787,0.3
3332,8.8
14772,13.6
6008,13.2
10803,19.6
8334,15.2
13926,8.6
10767,16.6
8899,10.2
515,10.2
478,9.4
4476,8.8
12566,10.8
9022,18.6
6899,7.8
1033,9.3
10291,11.2
2598,-3.6
1514,1.4
6191,4.6
11405,12.6
7237,11.3
5753,13.1
10384,15.3
13197,5.4
8236,15.8
8536,16.6
5521,3.4
1462,6.8
7915,15.8
1871,-0.2
12496,5.7
7209,16.7
10305,4.4
7349,2.2
4623,18.0
9681,15.3
4818,6.6
220,16.6
14053,19.0
9212,6.4
2476,14.2
4248,18.8
11707,2.9
14055,19.5
13158,12.5
6487,10.8
9639,12.6
14210,6.5
5650,15.8
13965,11.2
11060,
8052,1.0
14105,17.1
2881,7.2
1677,18.4
6060,20.6
901,15.2
14662,10.7
14622,10.2
2296,7.7
12756,7.0
8488,9.8
9214,6.5
8955,22.2
12916,12.5
12122,12.2
6772,17.7
12121,8.1
7257,6.0
2580,3.6
7966,12.7
14556,9.3
11376,4.8
15126,18.9
10008,15.2
9567,5.2
5254,12.8
681,3.9
14298,1.9
3159,14.0
14456,20.7
2987,2.8
4908,17.6
1882,2.2
8882,13.6
1940,12.4
3296,8.0
3534,14.6
5974,8.8
3729,3.4
490,8.7
5708,16.2
1181,9.4
1375,11.2
5014,13.8
626,15.8
4758,3.1
10575,3.4
11716,1.0
11218,15.7
4180,11.0
11578,14.3
9121,2.8
2887,7.8
8876,12.4
4539,13.4
10941,4.2
6671,8.8
6453,15.5
1366,13.8
2639,7.5
14530,20.6
5602,11.8
13874,7.0
5730,14.3
7204,16.1
5296,20.2
10591,6.7
2938,-1.4
10476,20.2
13291,15.3
8890,14.4
5979,10.8
4534,11.3
15069,9.6
7669,6.0
7607,13.2
12292,16.9
10083,16.7
12466,5.7
14918,9.6
6681,11.2
5428,6.4
5266,15.2
14089,17.6
15048,10.1
1784,7.0
7116,15.4
494,7.0
9287,18.1
13903,3.8
2038,20.8
4041,7.8
2897,6.6
8558,14.9
10032,18.9
10074,18.6
10182,9.2
2653,3.2
15278,15.2
8514,15.8
2031,18.2
5089,5.8
813,11.0
7235,16.6
6280,1.6
14130,17.1
1079,2.8
2226,9.3
11955,16.4
14030,17.9
11450,8.5
3261,6.2
5649,16.0
3862,20.4
2936,-2.3
11498,21.2
7080,16.2
3917,18.2
12484,8.8
305,7.5
4056,8.4
14602,6.5
2999,3.7
13263,14.9
1231,16.6
2313,10.0
12049,9.2
10508,12.0
13749,22.0
4321,10.7
15214,15.7
6470,13.0
15232,20.5
7500,16.3
12937,16.2
3899,16.6
3567,11.0
5452,5.8
8022,5.6
13273,14.3
12133,12.2
4270,15.0
8531,14.4
4086,11.0
6663,8.6
12462,4.7
588,17.8
3365,8.8
2670,10.6
5515,5.7
15262,11.6
13200,4.6
2395,18.4
5506,5.9
2170,4.8
14398,20.1
8134,12.0
9549,2.7
14430,23.4
10472,16.6
12792,8.7
5673,21.2
2774,17.8
7620,7.8
6559,6.7
10146,13.4
8456,8.4
14584,11.3
14374,13.9
5798,8.7
5982,10.8
5882,8.6
14731,12.9
10866,14.4
2181,4.6
12198,21.1
1473,5.0
6103,16.4
11599,14.8
9362,18.8
11247,9.4
421,1.9
2306,7.4
13100,10.7
171,17.0
3956,14.6
5606,11.5
14188,6.8
8462,6.5
1725,11.6
8938,20.3
10450,17.8
15284,6.2
11092,14.2
904,17.2
3494,16.6
8346,11.8
12365,9.9
7797,18.0
7396,13.8
14354,18.8
2080,16.2
7928,17.2
11460,12.8
7933,13.6
10086,16.0
10898,8.2
7211,15.0
4677,6.6
6533,3.4
5209,10.3
2646,6.4
11717,2.4
11201,18.5
10109,22.0
13376,16.1
10794,15.8
6365,19.4
11850,12.0
2155,8.0
11178,20.7
7370,4.0
13651,12.8
7837,18.3
3715,8.2
8111,3.9
11522,22.4
12718,14.0
3622,4.1
4516,12.4
7354,11.2
8750,6.2
1436,6.6
507,12.8
5275,17.2
5663,20.6
5402,4.4
5930,5.1
8947,17.0
2339,14.0
10100,17.2
4386,5.8
14688,10.6
7680,5.4
12421,8.6
11573,17.0
8693,9.2
643,9.8
1539,9.6
1211,10.8
15334,2.6
14006,13.6
8864,4.0
6106,15.0
5615,8.0
13497,10.7
1464,11.3
1192,12.4
3590,5.8
15052,12.5
6360,16.7
8697,8.4
12475,3.7
6719,12.2
506,15.6
13523,7.2
9462,8.6
14293,6.0
9840,4.2
1773,13.0
272,14.4
12518,7.0
14384,15.1
3618,3.0
2381,17.7
7008,4.4
13422,14.1
4633,17.2
8504,6.5
746,3.0
7707,8.0
3569,11.4
8982,25.4
9997,14.6
8557,14.8
6448,15.6
5599,12.3
14336,8.0
11018,6.1
8572,17.2
10810,
1912,6.8
14350,11.9
599,13.8
3892,14.3
5540,7.6
1652,23.4
8106,7.6
1893,3.7
11386,2.7
6502,14.2
4362,7.4
14994,4.3
375,1.6
1966,9.6
3957,11.1
13478,9.5
5696,21.8
1243,13.6
12663,18.8
12357,9.7
9354,20.6
941,18.2
10586,7.4
3346,2.6
2657,2.8
15004,10.0
10007,16.3
5326,16.2
10034,15.8
6578,-0.7
2799,13.6
4306,16.0
11098,13.9
12586,17.0
7244,7.0
298,11.6
12517,6.7
3823,22.4
10165,13.2
7977,8.6
2035,23.2
4039,11.5
10036,18.9
11001,3.5
1499,2.2
3512,15.6
15219,13.8
8844,8.0
8362,4.4
6828,16.2
7130,18.4
14991,8.5
11554,19.4
4085,9.4
242,18.0
13043,18.4
1644,18.6
7371,6.2
9676,20.6
5594,14.3
11500,22.4
10511,12.8
5231,11.6
2076,12.8
4103,5.8
7493,21.8
9043,8.6
5968,18.6
12817,6.1
12109,7.6
3966,10.2
10622,6.6
15019,7.2
14396,19.9
6754,14.7
10721,19.2
9322,14.2
12758,5.1
4078,4.2
7754,9.1
8832,8.4
2778,19.3
4603,18.2
4932,15.8
1985,16.0
3861,19.8
7774,7.1
325,5.0
14401,16.0
6394,15.8
15114,18.8
4054,9.6
2237,-1.9
5229,11.2
4571,18.6
8976,20.4
7454,14.4
1268,16.2
864,13.3
4942,17.2
2253,7.2
6010,16.0
6911,2.8
14285,4.1
6998,5.5
371,5.2
10984,4.2
7940,15.0
609,15.7
4651,13.8
12834,10.2
8872,16.6
11963,20.9
14807,19.9
11526,17.4
2364,14.4
7766,5.8
7148,17.8
9103,8.2
3789,16.4
11193,19.9
5581,7.6
9452,11.7
5060,10.8
15045,11.7
13509,14.0
8671,13.9
662,8.8
14187,10.7
10407,15.8
2776,17.0
4535,10.7
7189,19.6
9948,11.1
5573,7.0
6135,12.6
4427,0.2
5247,12.2
10633,6.6
3981,2.7
7825,14.7
2669,8.3
3977,8.0
279,15.9
13645,16.8
8718,11.2
7452,19.0
5197,6.6
13689,17.0
14300,2.1
4155,12.0
10356,13.4
4883,16.3
5807,12.2
3809,10.8
8713,9.7
10455,15.2
4683,11.0
15113,17.1
12911,13.4
12973,17.7
5593,9.0
11061,12.2
6897,11.6
4563,17.2
8376,7.9
12500,1.3
12961,18.6
1269,14.5
2350,9.8
8745,2.3
1384,9.0
9595,5.0
9036,12.5
5856,4.0
297,11.6
8635,19.0
13506,11.0
14021,18.0
10065,21.6
2077,14.3
9593,10.2
12239,18.1
2229,4.3
2842,13.4
2537,8.6
194,17.6
12720,10.3
7362,8.9
6636,6.7
7498,19.2
11110,18.6
4042,8.0
6553,3.8
13451,13.9
5505,8.7
6854,14.4
6761,18.6
5300,17.1
11838,12.6
320,4.8
7135,16.2
1371,11.4
15061,7.7
2654,3.8
9099,8.0
10714,10.2
3398,11.9
8532,13.1
9818,2.6
11529,20.7
10812,17.0
12882,10.8
926,18.6
244,18.3
7469,17.1
8207,16.9
143,11.0
5983,10.7
8151,10.1
2363,13.4
11227,15.1
129,10.4
1161,6.6
10639,2.7
15029,8.9
5953,6.0
287,12.4
9597,11.4
5308,18.5
8681,13.8
1170,4.8
13340,20.2
9404,16.6
6792,21.4
11232,12.8
1859,8.6
10940,3.2
10140,15.8
6781,17.2
11331,-0.9
10420,19.6
3121,15.3
8579,13.9
1311,21.0
1032,9.3
8339,11.6
10245,11.6
6382,12.8
7910,15.8
931,19.4
691,13.2
10138,12.4
6364,17.8
1909,6.8
9021,17.2
13687,18.5
15282,8.8
44,-0.2
3939,11.8
10104,19.4
7108,15.2
9602,6.1
4319,7.3
2965,3.4
3969,6.8
9379,21.4
13754,19.0
10215,0.1
13209,5.8
7478,16.9
6308,12.3
4159,12.6
3092,14.4
11981,10.2
7954,10.5
5555,7.2
3982,0.5
14212,4.0
6940,6.2
1404,11.6
3195,12.4
14666,11.1
10504,12.8
9974,11.2
969,20.0
12445,6.8
6543,7.6
9117,4.4
2843,14.4
2851,12.5
12634,19.4
13383,19.7
5956,9.9
10855,14.1
12235,15.0
4471,7.0
12815,5.6
12313,16.3
1789,8.8
12692,14.6
2059,23.6
7143,19.2
9578,12.6
1902,3.7
4686,10.8
10377,14.6
8090,3.4
4922,17.8
6785,20.0
13652,12.8
75,3.5
2345,17.7
6447,16.0
8430,11.4
8622,18.1
4586,21.8
14771,13.9
9883,3.1
11979,8.9
12503,1.5
1553,4.1
5874,7.5
8432,10.0
8975,18.8
12760,8.0
14969,5.8
9169,6.6
11467,16.4
5695,22.4
2941,0.1
10206,7.2
10243,11.6
7381,9.8
12359,7.6
1620,16.6
15328,11.2
7905,18.6
10797,22.0
12437,-0.6
6782,20.6
12534,10.0
13477,7.9
10266,3.2
1609,10.9
3096,15.5
2415,15.6
10744,16.0
2017,19.4
2971,0.5
15039,5.7
3246,5.8
124,6.4
1106,-1.8
1814,9.0
11962,20.4
14060,18.0
8790,7.8
2123,11.0
14414,21.0
10726,15.4
10967,-0.2
8970,19.7
14833,16.2
2197,-0.8
4051,7.4
1216,10.4
7701,9.9
725,3.1
9170,1.9
808,8.0
11488,13.9
10679,8.8
4906,15.5
10694,9.1
13873,10.2
3962,5.9
11878,17.8
2671,10.8
9754,18.4
9427,15.3
9417,12.8
1764,7.0
10963,-1.0
607,17.0
9657,17.2
9937,
3217,6.8
5737,11.8
8479,11.2
2053,20.4
3164,16.4
11258,14.9
11743,10.4
13650,13.4
1657,26.0
8069,8.2
8644,15.2
2710,13.1
14067,23.6
7549,20.2
4266,15.6
6715,12.4
422,2.8
5316,17.1
8849,11.5
2845,9.8
4066,8.8
13519,7.0
5244,17.8
1001,12.5
4198,18.4
2418,15.8
11982,10.0
3575,12.9
6726,15.4
3847,17.0
961,17.8
13630,6.6
10680,9.0
15223,14.8
757,8.4
5313,16.8
2284,14.8
12884,13.0
9606,7.9
4827,10.5
13590,6.8
807,5.8
3907,18.3
7023,7.8
1956,10.2
9343,21.6
10498,
12505,1.9
2402,16.6
11024,8.6
1073,-2.1
6524,3.4
14296,4.7
15332,12.0
8095,2.6
11427,9.5
12866,5.2
11465,19.9
12245,16.0
1003,15.7
7658,-0.7
14449,23.8
7566,16.8
14174,11.7
5368,12.0
12384,7.7
6289,5.6
12346,11.3
13518,7.6
9772,11.1
985,14.9
11014,7.8
6169,10.6
11736,6.7
7384,9.3
14287,3.1
14019,11.7
9954,9.2
14379,16.6
9460,9.8
2462,15.4
268,17.2
7962,11.4
3580,14.0
71,4.6
13426,14.3
12460,1.2
11809,13.2
2821,13.0
14363,7.3
589,15.5
10708,14.6
11308,2.1
11311,-0.2
11907,16.4
11074,8.8
3758,10.2
6845,15.0
2028,19.2
8869,14.8
11112,13.4
12545,15.9
5454,7.5
14387,14.8
11943,16.1
13498,13.1
13634,7.8
2432,20.0
4647,15.0
8469,6.8
9892,5.1
896,18.0
12623,21.5
1587,12.4
6686,8.6
1719,14.6
6100,14.6
3806,10.4
8806,5.2
12277,21.1
3961,6.4
10912,12.6
7036,9.8
13430,12.1
890,14.6
13833,12.2
4006,9.4
4939,16.3
12146,9.3
10044,25.7
5898,5.8
13119,7.2
12802,7.4
11569,16.7
584,20.8
3932,12.3
1260,13.3
10697,7.2
310,10.2
1716,12.8
6009,13.4
2052,20.6
11495,20.4
4668,12.5
4298,7.6
6646,9.4
3783,14.4
1008,13.6
7347,3.6
12795,4.1
14383,14.9
8383,2.2
10349,11.4
4059,5.6
8721,8.2
90,8.0
1987,18.0
11086,12.4
14818,19.9
11989,13.9
7279,0.2
14180,10.8
12945,16.6
13320,17.6
14915,12.0
9517,6.7
13318,16.7
13204,8.5
2925,4.7
11441,14.5
8185,17.4
5884,7.6
2341,12.8
11617,8.9
10897,5.8
627,18.6
10298,10.0
7545,18.6
9966,11.1
4765,4.3
14739,10.6
12952,18.1
128,10.0
12247,16.6
10652,8.9
4182,14.2
7299,9.6
6995,8.2
2398,19.5
13745,18.1
1186,8.6
12522,14.8
14910,6.0
5314,16.4
9220,10.0
4247,15.6
14659,7.2
9107,3.4
9497,8.6
1096,5.6
6653,8.0
1273,17.1
5698,20.0
12754,7.7
8728,7.4
6797,25.4
9590,11.2
6615,9.8
3358,9.2
7755,6.4
183,16.9
12123,10.9
11580,13.7
6513,11.5
4567,21.5
6603,4.2
14321,-0.3
1961,10.0
4992,13.2
4891,19.2
8039,6.6
5869,4.5
9570,8.0
14553,12.1
6226,5.1
12737,6.7
10856,13.5
1251,23.2
3176,18.8
3359,8.1
11930,16.1
9850,2.8
12164,8.9
15082,11.9
7411,7.3
7538,14.8
1051,9.0
9221,12.6
8464,8.0
4763,4.4
15163,17.0
1874,3.0
9278,13.6
10590,6.7
7282,10.6
9008,14.4
11678,1.0
4322,9.0
9448,5.2
5831,5.4
12443,1.6
12368,6.0
12506,2.7
13452,14.1
11931,16.0
4485,14.0
8615,17.3
3924,13.0
14545,7.3
10089,17.0
11322,3.9
7850,17.4
12391,4.6
3113,20.6
3303,2.3
9536,7.2
1690,19.9
9861,5.4
5048,8.0
10330,15.6
3308,2.8
1504,0.8
1806,0.4
3871,20.9
10198,9.6
3791,18.3
14614,4.0
11862,14.3
10676,4.2
1717,14.9
2696,15.2
1848,2.6
4512,9.5
12412,8.2
6622,7.7
3435,14.0
10385,17.2
142,11.8
10743,18.4
6992,6.3
10345,14.9
10108,19.6
1117,4.9
1756,7.0
497,18.3
6751,14.2
870,16.8
3357,6.6
9104,8.6
7678,3.2
721,7.6
886,13.6
14735,9.1
11245,12.4
15236,15.8
8347,6.6
9712,17.6
8102,8.8
13346,20.0
10465,16.0
314,5.7
13731,18.4
11454,7.2
4204,14.4
5850,4.6
6129,17.4
5447,4.6
3129,17.4
1996,21.2
11377,7.0
3968,11.5
12118,5.4
336,10.4
12119,8.1
12847,6.7
10625,5.0
2985,4.1
4620,20.0
6531,4.6
10087,15.6
3558,14.4
14942,5.3
3416,12.8
307,12.8
15231,19.2
11635,7.0
348,6.8
5918,5.8
13488,13.1
7243,7.6
14586,9.7
4482,12.5
12192,14.4
9421,9.6
8263,20.4
10324,11.0
6855,15.3
12479,4.2
10970,8.6
12499,4.0
10303,8.2
1666,21.0
7579,12.0
5570,5.8
52,4.3
10196,
6263,6.0
1445,6.8
10073,20.4
10419,18.7
1695,20.5
1574,9.0
11364,1.5
4405,4.4
1630,16.2
12900,11.7
1881,2.8
5074,8.9
5509,4.5
14916,9.2
11287,9.1
9040,14.6
10894,3.8
10637,5.4
186,19.6
5558,7.4
7185,18.8
14197,7.7
11778,13.7
6587,7.4
1234,13.4
12047,11.5
3915,17.0
446,1.6
844,5.0
5201,8.0
14734,7.7
11823,15.5
2440,11.7
3103,16.1
7692,4.0
4774,4.4
9718,19.4
6974,3.3
6094,17.6
9486,4.0
2153,11.4
5518,5.5
12288,17.5
5067,6.6
12949,16.3
12948,18.5
12778,6.7
776,-0.4
8417,6.4
14269,8.6
6324,11.3
4920,16.4
13356,16.8
9182,3.6
14574,6.2
10815,17.2
3136,16.8
12920,17.6
5462,3.9
3183,14.8
12738,5.2
7522,21.0
12745,5.2
3199,16.3
11606,14.9
1289,20.9
15239,19.4
14649,8.7
11409,9.1
7542,20.8
1879,3.6
13031,18.4
10236,10.8
5457,6.8
2148,6.8
4131,12.2
1036,14.6
8828,9.4
14625,8.1
4134,9.4
649,9.6
9275,14.4
6711,19.6
861,16.2
9095,9.1
191,17.4
8301,12.0
6026,15.9
1942,14.6
4331,10.4
13595,7.6
8775,2.8
7972,10.6
11864,21.8
11474,13.6
11374,2.7
2775,17.0
4145,13.1
13206,4.8
2617,1.2
2411,15.1
1094,6.9
6065,21.8
1546,6.2
4589,19.3
6034,24.0
10388,18.0
6953,9.2
3135,17.4
3856,25.6
14154,15.9
6419,20.8
3805,10.6
13379,17.2
14479,20.1
7431,12.6
6774,19.5
13484,12.7
464,7.1
1257,16.9
2259,6.8
5630,16.4
14865,18.1
6231,4.0
7382,8.1
10826,17.4
12660,20.3
1262,15.6
13821,6.9
7212,16.0
975,15.8
10974,8.2
5866,5.6
9133,1.6
6582,-1.7
2387,15.7
14927,6.8
5021,15.4
7129,18.2
12820,8.4
3882,16.6
6055,25.2
13950,10.8
11278,11.5
10920,3.9
3875,19.4
2789,14.3
9136,9.3
13642,20.0
1857,5.0
13308,11.4
4108,12.5
5213,8.6
8281,16.4
3255,2.0
7323,9.3
2690,11.4
7389,8.6
4627,20.6
14521,14.6
1319,18.8
11574,17.7
15160,18.0
5162,8.5
13080,15.5
13963,9.9
1135,7.4
4529,14.8
3505,19.4
4749,10.0
7086,10.0
9941,4.0
11620,6.3
15141,18.5
6336,9.2
11195,18.8
6982,11.0
13063,11.6
2505,4.4
2904,4.8
570,17.4
1448,5.2
3414,14.3
14082,16.3
11028,9.4
9290,23.2
12194,13.4
6837,16.8
3226,11.0
14951,10.0
4383,6.7
9229,6.4
7845,12.3
3539,18.3
12899,11.9
13759,17.0
2827,15.6
5780,11.0
4996,11.6
1338,13.7
3262,5.0
7876,15.9
11063,13.0
6838,14.2
5741,13.7
650,9.4
6039,18.9
2258,6.5
5395,12.2
14743,12.7
7082,13.9
11914,16.9
3521,15.0
11523,23.3
4478,6.2
5660,19.7
13358,15.0
67,7.8
14389,15.2
12153,10.1
7609,14.8
1258,14.7
12242,18.1
13073,16.2
991,17.0
3504,18.5
8305,16.6
919,20.8
165,11.8
10107,
13110,8.9
9141,10.1
4594,18.8
12434,-1.2
2850,10.8
12527,10.1
15309,7.6
12456,2.7
4460,11.8
11437,14.9
6623,7.9
9306,15.8
12867,7.4
8490,9.4
9867,3.3
2735,24.0
5669,19.4
4988,18.3
13817,10.0
2378,16.0
10643,6.4
4172,13.2
8092,3.8
12264,15.3
2103,11.4
3759,7.8
13975,11.8
1837,6.6
13555,4.0
12744,5.8
12516,7.7
5710,16.4
8799,5.3
4500,8.5
1093,6.8
13594,9.0
6718,11.0
11012,9.8
8960,22.6
160,15.0
203,15.8
6483,12.4
3940,10.9
15121,19.1
4933,17.6
11856,14.7
7647,7.5
1230,17.2
9166,12.8
3046,10.1
7957,11.0
2915,4.8
13941,8.2
4251,19.8
6111,11.3
6204,-1.5
2725,14.4
4290,17.3
4334,13.8
383,1.8
7485,15.9
4886,14.7
857,13.2
370,5.8
6539,5.6
2561,0.4
3801,16.8
5455,7.6
13180,3.2
13433,11.1
6859,10.9
10447,16.8
13321,14.7
15246,13.2
5944,12.1
615,16.8
2575,10.8
53,4.4
10932,5.0
3340,4.6
12252,16.9
9897,4.6
13914,6.0
15171,16.5
10285,8.7
14129,15.6
5876,5.0
10431,17.4
8995,21.1
1812,6.3
990,17.0
10630,8.2
12870,8.7
8411,2.8
2942,3.8
9480,9.6
3163,17.0
4678,6.6
2618,0.7
3612,2.2
8235,15.1
7871,20.1
13347,17.9
3792,18.6
9695,21.0
10364,17.0
10045,24.9
3439,13.1
1892,9.0
14796,19.1
14323,4.5
5255,13.2
13908,5.9
5167,4.0
6460,16.8
1505,0.6
12001,12.0
670,6.4
9471,10.0
11631,16.1
897,12.8
3306,6.2
8026,4.5
6239,3.3
2890,5.8
6003,12.7
7739,12.5
11683,0.2
11105,16.8
8397,7.4
2,-2.8
9961,6.2
13047,15.5
6079,18.6
531,16.1
13233,8.3
8181,17.7
13281,13.1
6476,11.8
15111,13.3
13006,17.4
8923,19.2
3406,9.4
5991,17.0
6328,8.9
11176,19.0
2565,5.2
2581,2.0
12524,13.2
8385,2.4
2607,-0.9
10725,16.4
14542,10.2
9447,10.4
2104,11.8
14278,3.8
10930,4.8
14048,24.5
4994,15.0
11466,21.7
5057,11.8
658,9.8
4434,6.0
14575,7.7
3816,21.6
6773,16.4
14462,24.5
9813,6.5
14474,18.9
7260,3.2
3904,15.3
10944,7.7
13669,14.6
9288,19.4
6811,20.0
11042,11.2
9359,18.8
3700,6.0
11701,11.6
1788,4.4
13032,19.0
6314,11.5
3645,11.0
1776,9.0
192,18.4
9012,17.8
10500,12.9
13201,4.0
14683,11.9
5388,12.2
10546,3.1
4951,17.8
2687,13.4
4390,7.5
4927,20.8
5552,11.4
11965,17.5
238,13.4
14233,6.0
10496,10.8
6901,8.3
12735,6.1
15203,21.7
9137,8.5
11084,12.8
8640,19.2
5097,9.0
12733,7.4
11436,12.5
12960,16.6
3552,16.0
15295,9.9
3360,8.4
8328,15.4
5628,11.5
7751,9.5
5783,9.8
4507,8.2
15094,10.7
146,11.3
11299,8.0
2294,9.2
7178,14.8
9928,8.9
14636,5.2
15274,10.0
14549,8.3
14286,4.8
8690,7.9
7081,13.2
4733,9.4
8912,15.2
4384,7.4
12079,5.8
14079,20.4
11842,19.7
4545,16.2
596,15.9
13959,8.2
10782,15.0
5164,4.7
15182,18.1
1647,21.8
6815,17.6
2700,12.6
1700,17.6
2773,15.4
6968,4.4
8143,6.2
6219,8.4
86,4.8
12572,14.0
12540,11.3
13439,13.3
2594,-1.0
11980,7.8
1029,6.3
136,11.8
6972,1.8
11459,12.3
7024,9.6
2854,9.7
1200,9.6
6121,14.2
9763,12.4
8758,12.0
11806,14.6
6296,4.0
3927,14.2
10105,19.0
13559,3.5
8468,7.8
3606,3.4
13690,16.0
2330,13.2
2187,2.2
195,18.3
5059,11.3
802,9.8
2668,7.8
241,18.8
2068,21.8
10553,5.2
13435,9.6
644,12.2
9116,4.0
5103,2.6
1637,18.3
7552,21.3
8312,15.2
3074,13.7
9014,18.0
7296,6.4
3278,3.6
8003,12.1
10327,13.4
4970,19.0
10903,
8326,16.3
6915,9.2
10709,14.8
7829,17.4
62,7.4
12130,6.5
15222,16.7
14280,2.8
11208,22.5
11099,13.9
679,5.3
2041,19.4
8933,20.9
5307,13.5
13215,9.7
3641,6.2
12662,15.8
14454,18.2
3258,3.8
1873,3.2
4744,3.6
9909,8.1
2912,2.2
4027,9.8
5488,8.0
13255,12.0
8024,8.4
7786,12.3
14208,3.2
6864,16.2
489,10.4
8685,12.6
690,12.2
602,14.8
10103,15.4
1014,9.2
869,14.5
1993,17.4
7610,11.8
5283,16.4
4370,2.8
11596,13.6
1361,12.9
10730,11.7
1526,6.4
12791,9.4
1629,16.0
1551,4.8
14442,19.4
14866,16.6
1337,17.2
3901,18.4
5041,9.0
8252,17.7
10442,20.5
13888,8.7
5039,6.8
2346,17.8
14758,14.2
5485,2.0
13619,11.1
5694,23.0
5119,10.3
5166,4.0
1134,5.4
8342,8.0
10772,17.2
10278,10.2
10451,16.6
4017,3.8
10409,17.4
10786,15.6
2424,17.6
4138,17.6
859,12.6
2962,7.6
8089,6.0
12459,4.0
11854,14.8
13138,8.7
13020,15.2
1364,14.4
13571,4.5
1779,2.3
10638,2.7
2101,11.1
1818,11.4
369,4.8
4937,16.1
5285,14.8
8367,7.2
12428,1.4
7071,16.4
2093,11.0
7817,10.9
1920,5.0
82,5.0
7331,6.6
7304,9.6
816,9.7
11880,17.4
4396,1.3
8475,10.4
6124,18.2
4120,8.4
14126,17.9
13620,7.1
1813,7.7
1271,15.4
8751,5.1
2994,2.2
11675,-2.8
6409,19.6
11881,15.7
2642,9.6
9280,17.5
12084,1.5
2305,6.7
11821,12.1
12853,9.0
4195,20.4
12813,4.7
3849,20.2
15109,8.9
12871,13.2
14692,9.1
3554,13.5
2195,1.4
2600,0.3
6163,10.7
1518,6.1
13900,1.9
11239,11.0
6309,9.6
5755,6.5
5633,10.8
8399,1.4
14292,6.3
7162,22.7
12940,15.8
11268,7.6
1988,15.3
9533,7.3
7737,12.4
517,13.5
6160,13.0
13757,18.8
13946,10.5
12371,12.0
11085,12.7
9607,10.5
4456,9.6
2761,15.0
6481,16.2
5911,4.5
13866,6.8
6547,6.3
4855,10.0
7644,6.8
13606,11.2
14863,17.6
6358,16.7
9741,19.0
2438,13.4
3765,10.2
6432,18.4
8643,17.2
7846,14.0
12471,1.4
9665,23.2
13780,14.8
6340,7.4
4821,7.0
18,0.8
3560,9.5
3951,12.8
49,0.5
15187,27.2
887,14.5
6261,0.6
7236,10.6
6989,8.8
6043,23.0
8708,10.4
3168,15.8
2949,3.1
1424,7.9
139,11.2
10116,18.5
10570,6.2
3197,15.8
5131,5.8
112,11.0
8160,8.4
14421,22.1
4559,14.4
4595,19.0
4690,6.6
7951,12.6
11444,8.9
3277,7.0
4068,12.6
4408,2.4
10864,13.2
13174,5.9
9729,19.7
451,9.0
7262,4.8
3731,7.4
7256,7.6
13747,19.1
4986,16.5
3663,4.0
2763,19.6
8850,11.4
11277,11.5
1855,4.8
999,14.0
389,3.1
6426,20.9
1476,10.2
2240,0.9
14519,15.2
14034,14.8
8112,4.0
992,14.8
7032,11.8
4997,12.4
3922,16.6
2972,0.8
6871,9.6
13864,9.0
4769,0.5
1293,16.6
14378,14.8
4173,11.8
2535,5.2
14022,16.0
1907,6.5
13269,9.8
14573,7.5
8560,13.8
6033,22.0
7619,9.0
1151,1.2
1567,9.6
3171,15.4
9689,20.8
7106,15.2
4160,14.3
4287,11.3
2230,3.2
11357,6.0
174,13.8
1903,4.1
9291,19.4
8752,3.6
14710,6.8
3408,12.8
1538,12.0
2292,8.4
9523,4.4
1363,15.0
4357,2.4
5260,13.4
14691,10.5
14471,20.6
680,5.5
12110,8.4
3664,5.1
1661,18.6
508,10.0
166,14.6
12704,10.5
9198,5.9
12793,6.6
7365,13.1
1914,6.8
7263,3.0
14790,19.9
14960,7.0
7361,6.8
1104,-2.6
12012,8.0
9944,9.4
5310,18.8
11566,15.3
5754,11.0
152,16.4
12166,8.5
5679,20.4
14027,17.7
3551,13.0
3722,9.2
11292,4.5
13115,10.5
4538,10.6
11412,5.7
10014,15.3
8463,7.6
1991,19.3
13524,6.0
8501,8.4
5141,8.3
3811,12.2
13679,16.2
3450,15.0
4591,19.4
7352,7.0
205,18.9
9327,19.5
6680,8.8
2749,16.8
8497,8.6
1849,2.0
14029,17.5
10180,13.4
3240,8.3
12162,9.0
3109,20.8
10179,12.8
5934,14.2
12551,13.2
5810,9.8
8575,15.7
5634,11.3
4307,14.9
3156,17.3
6534,3.1
14038,15.6
13338,17.0
12710,15.6
8891,11.4
3832,15.4
13386,17.0
4776,5.2
7997,5.8
4276,15.4
14958,7.5
15170,19.1
14730,12.5
278,13.2
6771,18.6
7415,12.0
3252,4.0
10950,7.6
10672,7.0
14433,24.4
289,12.6
3075,14.8
11077,12.0
9582,9.3
10841,15.2
270,12.5
4570,21.2
13476,5.6
9583,10.4
6696,17.6
4316,11.4
3180,16.1
1422,10.0
8275,17.2
9065,6.4
12097,5.9
4557,14.5
7812,13.2
6297,5.1
14023,19.4
12367,9.3
14874,20.6
1132,9.6
10642,4.0
10521,8.8
6242,2.0
11623,13.0
14385,15.9
7423,12.0
14003,12.1
10152,16.0
12859,9.8
12543,12.7
5520,4.6
9408,14.8
13359,15.3
14550,6.1
9256,9.5
3786,13.8
11400,10.7
8345,10.1
2161,11.2
3008,6.5
1105,-3.6
11304,5.6
692,13.9
12005,9.1
4956,17.3
8307,17.2
4369,1.6
2765,19.0
3929,15.3
11693,4.5
15073,15.9
7778,9.0
11072,13.2
628,17.4
2451,17.8
10942,5.0
3824,18.7
13787,15.4
15279,14.5
3743,11.4
2176,4.0
6689,9.4
8858,8.4
3318,6.4
11121,19.2
9653,15.0
7432,12.6
2787,15.4
1196,5.4
1676,17.1
3947,15.4
7618,9.5
4444,7.8
5722,16.0
11945,14.2
10695,7.4
13009,17.5
2369,14.6
4967,20.9
2217,4.0
8148,10.3
10410,16.0
3326,4.4
14957,6.5
3583,13.6
15003,6.0
15074,15.9
3619,5.6
6217,9.7
2468,16.4
8277,17.9
12985,21.4
5973,10.5
3667,8.4
5158,2.5
7594,11.2
6976,7.1
10211,6.5
3423,16.2
10717,18.0
8199,16.6
2409,14.2
3212,13.5
13136,9.9
5366,15.5
11401,11.6
6593,4.8
2895,13.0
13432,12.7
14148,17.5
3642,7.8
11361,2.4
11288,7.1
12869,7.0
9475,5.4
10193,12.4
13219,9.8
9061,8.8
14867,18.2
13767,18.6
8548,12.8
15204,20.1
5451,11.0
7160,21.2
10685,12.4
7866,13.6
2743,17.4
15233,22.3
10082,19.2
9797,15.8
4958,19.6
12606,23.0
10572,2.6
6474,12.9
7888,20.4
8811,1.5
492,7.2
12251,18.8
1116,6.3
5637,14.6
13483,11.8
15146,17.5
14841,16.8
13894,5.0
13214,11.0
6589,-0.4
15123,17.1
7557,18.2
10692,7.0
12267,18.9
5241,12.5
14196,5.3
2783,17.2
11274,13.1
10661,6.5
1696,19.2
5685,20.2
2295,9.9
5939,14.8
7763,8.6
10244,10.8
9968,10.4
3313,5.4
4781,4.6
8350,7.6
11415,8.0
9784,
9915,2.2
7605,13.1
215,17.9
6707,12.4
12633,20.0
8682,12.0
14025,20.7
3483,16.6
7006,8.7
5102,3.8
6599,5.8
3764,7.5
12160,10.0
6410,20.6
12672,14.7
25,0.8
10601,8.4
7659,1.2
13382,22.9
9744,20.2
14135,15.6
13229,6.9
6683,7.8
9171,4.7
10847,15.1
10039,15.5
12614,24.4
8584,14.5
13512,11.7
13187,5.2
13096,10.0
14811,18.8
12699,16.8
1102,-1.4
3276,10.2
5345,20.2
11904,20.0
13939,6.2
13510,10.9
8386,3.2
8835,10.2
11126,15.3
15329,8.6
2207,-5.2
4552,13.4
4402,5.8
7395,14.5
3718,8.4
972,18.2
4579,17.6
6516,16.0
719,4.2
6155,8.6
14487,16.9
2803,12.8
2566,7.0
4025,7.1
6198,6.6
8224,18.6
13565,12.4
4063,6.2
9889,3.1
2792,15.2
2222,8.0
5818,8.2
3866,16.7
14643,2.3
13297,11.9
13958,11.7
13026,16.9
3227,5.8
4214,20.8
3923,14.2
10469,15.8
11440,14.9
1401,15.0
8931,19.3
7703,6.0
4979,18.3
3253,1.2
13249,11.6
2661,8.4
2158,11.4
8578,15.2
8088,7.8
674,3.9
11658,-0.6
7011,7.6
11254,15.5
10197,10.6
3841,20.2
1815,7.7
12769,6.0
15096,11.5
2100,10.6
13532,1.3
6708,12.8
1673,17.1
10293,8.6
4213,22.0
11557,19.2
15178,20.0
1548,5.3
11079,12.8
8547,11.8
5184,9.7
1461,6.8
14413,20.6
3220,8.2
12939,14.0
14065,22.0
7170,18.0
7430,13.2
14641,-0.1
1751,12.9
3976,9.4
8353,4.0
1772,13.5
9388,15.4
10070,23.2
10860,15.7
2016,18.4
2005,13.8
3893,14.9
3237,7.4
4424,-1.7
10270,7.6
8588,17.2
10980,5.8
2257,5.9
4072,11.6
5574,7.0
9083,12.0
14596,7.6
5355,19.2
8418,4.8
6093,16.8
7935,17.9
12420,6.5
1519,5.4
12535,7.2
1378,11.0
5672,20.4
9215,4.5
2587,3.2
14985,8.0
5621,13.3
12099,6.9
11049,12.0
12631,25.3
5842,7.5
7122,14.0
5832,3.4
9821,2.6
4888,19.2
5904,4.2
522,15.5
8043,4.8
3607,6.8
9120,5.4
234,12.4
3796,22.8
6318,12.4
7094,14.0
10202,9.3
1948,11.6
6361,14.0
14884,10.6
12035,5.2
6091,15.8
10863,12.8
13954,9.1
2224,9.7
9298,20.0
13890,8.3
9010,16.2
5571,5.2
4523,18.1
5793,11.2
13492,9.4
5738,10.0
2624,5.2
4728,-3.8
7818,10.8
8859,12.8
15215,16.7
14001,12.7
9080,10.1
11402,9.8
2437,16.0
6056,26.6
9009,16.2
6352,13.6
10533,12.0
3167,18.8
1809,6.5
12427,8.6
7161,23.4
9456,7.4
5086,4.0
12356,7.8
7016,9.8
11949,14.1
4945,21.0
6046,17.8
12849,11.7
14224,1.9
6919,13.0
5590,11.2
7226,14.7
1228,16.7
11812,14.9
6846,17.8
8244,24.6
11859,17.8
6555,3.6
159,15.4
8851,11.3
9779,16.0
1589,9.8
15100,11.7
14562,12.0
14539,10.2
14332,5.2
6687,10.6
14347,9.8
11535,19.3
10576,1.7
13663,14.2
7480,17.0
14227,4.8
1556,6.0
2828,14.6
436,7.4
5789,9.8
12512,2.2
1588,13.8
7398,13.0
2780,17.2
13793,12.5
9242,12.5
5686,22.6
3965,7.6
4727,-1.5
9165,14.4
1238,12.5
2951,-0.8
10534,9.5
11184,19.7
11846,13.3
14132,13.0
1497,4.4
6465,13.2
7355,7.4
7823,15.8
7547,18.4
7913,16.6
10614,8.1
13139,10.7
5185,11.2
5647,17.6
14426,23.5
5242,12.8
2130,14.8
2092,10.1
5409,8.6
10207,7.8
187,17.6
11480,16.5
7938,14.6
3655,6.2
3426,10.2
11750,4.4
1381,10.8
13604,8.6
8605,17.6
7427,15.8
5037,4.6
4897,17.6
3175,16.0
13061,10.2
12225,17.2
8448,3.4
15190,18.7
12798,6.3
2235,-4.1
8068,4.4
9959,9.2
4236,16.5
12928,13.9
14024,20.5
13865,5.8
9764,16.8
24,0.6
3363,6.8
1088,-1.2
10886,10.4
8733,8.0
14058,15.9
2841,11.6
10503,15.2
7537,14.4
7470,18.6
14311,7.5
4152,17.3
9501,5.5
695,4.6
14097,16.7
6337,8.2
1227,14.8
1999,16.0
276,15.6
11650,2.7
5929,4.9
2953,0.2
3637,7.0
3906,17.8
4778,1.6
5845,1.0
14880,15.8
4117,9.5
11610,11.4
1137,9.0
2767,15.4
8182,17.6
14283,2.6
12156,8.1
7661,8.0
9134,3.6
15288,13.2
2490,7.4
14857,15.3
7742,10.0
3935,12.8
2384,19.8
8016,13.2
7084,15.4
115,8.6
1863,7.4
10750,15.0
3119,14.6
4258,23.0
14176,16.1
12982,24.1
2819,12.0
11684,5.3
15134,13.5
13955,8.1
4699,6.4
3802,13.2
6068,22.0
3536,17.1
3825,16.5
6642,10.4
13271,14.7
1946,11.4
13402,17.1
12612,22.9
12788,6.6
9802,13.8
7269,6.0
11961,20.9
7929,15.8
7166,18.4
6963,3.4
5867,6.0
10859,14.5
4761,3.5
10386,19.6
882,17.0
557,14.4
12439,0.3
1207,11.0
14102,16.2
7684,4.6
11845,14.3
9702,16.8
6538,5.2
10485,16.0
3211,11.8
3630,9.8
1708,17.1
12654,18.0
8458,5.9
1140,4.0
3162,17.6
6207,-0.5
14590,5.5
3730,8.7
10101,16.6
11843,16.1
2660,6.8
8848,11.4
1307,21.2
2567,7.2
9190,2.4
2834,14.0
14689,11.7
9429,13.0
2151,8.4
11958,19.1
3835,15.4
14875,16.8
13191,5.7
12601,14.8
10378,16.1
9326,17.6
5004,13.7
6626,10.8
9495,7.6
1627,13.0
12276,19.4
9714,15.8
15049,10.9
358,0.4
138,10.9
8491,12.4
9748,19.9
382,1.2
11181,19.5
11549,17.9
4857,13.0
14275,5.0
1439,5.4
9569,5.6
946,20.9
12711,14.9
5498,4.0
4916,15.4
8556,13.4
10913,6.4
1932,5.9
2352,12.8
3236,8.6
14568,5.0
9493,2.8
15044,
3807,10.8
14134,14.9
1936,12.7
13676,19.4
4154,14.6
8988,26.8
2416,15.9
11727,5.5
6139,11.4
785,1.2
6789,18.2
11350,4.0
8036,5.3
8315,13.8
14529,17.5
5668,19.5
2172,3.8
2169,5.9
6628,11.1
4009,7.6
4340,7.2
910,12.3
6268,5.5
2309,4.8
10033,17.4
9449,4.8
6591,4.8
4458,10.0
7597,8.8
9370,17.7
11781,9.5
14333,5.5
4652,11.4
6218,8.3
442,4.0
3415,18.2
9591,8.1
13423,13.8
11744,9.3
9649,16.6
12013,10.6
5744,15.5
1054,9.6
13390,18.2
3699,3.3
929,15.6
6468,16.0
8767,10.0
1829,4.2
14077,21.1
14531,12.9
11853,17.1
12480,3.0
2011,16.1
913,13.6
7611,10.0
12624,21.6
11807,16.3
15016,6.0
2606,0.4
4928,23.2
9783,14.4
6564,3.1
12483,9.3
6,1.5
11172,17.6
7835,18.8
6583,-0.4
3361,8.6
10135,17.3
11953,13.7
1635,14.4
1141,4.0
13397,12.8
359,1.8
2070,20.2
3134,17.4
5160,5.8
6990,11.2
3243,9.4
2242,1.2
1474,4.9
13177,4.4
10081,18.0
3259,4.7
10213,5.6
4020,4.0
13564,7.8
8566,17.1
3500,15.4
2658,4.4
12965,17.5
1130,7.2
14108,20.1
1819,11.5
7461,14.6
12024,7.7
14944,4.8
12519,9.2
7064,10.9
4318,10.8
9342,21.4
4669,13.0
9428,16.0
5476,6.8
15092,12.8
13469,13.9
1856,3.8
2282,13.0
13355,15.6
4008,8.0
6401,20.0
15230,17.5
14244,10.3
386,6.4
1628,14.3
10906,10.2
11728,9.4
12923,17.4
14319,10.7
7718,7.0
11772,10.5
11381,6.3
15294,12.8
9101,8.4
13292,16.0
10058,22.4
1842,4.6
2497,5.6
201,16.2
12314,14.7
3868,18.2
5054,12.6
5889,9.2
2702,13.9
7922,19.0
331,11.4
3808,11.4
935,13.8
10651,7.2
1774,13.0
13325,20.6
8611,22.1
10878,15.0
14045,20.0
989,16.5
5443,3.8
12786,8.6
6993,6.8
13117,8.3
5806,12.2
13416,13.2
13363,20.4
6574,-2.0
3052,10.6
13264,9.2
8365,5.0
4615,21.8
3321,5.1
14112,16.6
6246,-0.8
6048,20.7
3311,6.7
11925,15.3
12058,7.0
14402,17.1
11196,20.0
8210,20.3
11431,11.9
3628,3.4
13609,11.2
10366,13.4
1356,21.2
5002,16.2
14033,18.2
5823,13.2
14587,9.8
5670,21.8
3112,21.2
182,15.1
13603,8.8
10004,10.4
855,7.4
12931,12.7
4912,18.7
13107,8.8
1800,2.9
14217,7.0
10621,6.4
5482,6.6
14676,6.7
1968,11.2
14329,9.1
12491,2.2
4697,6.2
4987,18.2
4650,15.3
1159,4.8
9405,13.4
14760,17.5
1325,17.5
10288,8.7
12055,8.7
4796,3.6
6796,24.8
5808,10.2
15142,19.3
1455,9.2
5410,8.9
8333,13.4
2800,13.4
9836,3.6
10332,17.5
7616,9.1
13744,20.6
7815,13.0
4378,5.8
8921,16.2
12188,8.7
6716,11.6
10128,19.3
3736,6.6
2261,6.4
7429,14.1
4005,7.6
9302,12.2
13786,17.7
11190,17.2
2394,17.0
1185,7.0
2007,14.0
193,19.3
13674,18.2
8770,1.2
5525,4.0
771,3.6
10587,8.3
1478,5.5
1846,1.5
3740,11.4
14843,18.6
7986,9.7
405,7.4
14794,19.4
10265,0.6
10088,17.7
13122,5.1
6317,10.4
6581,-0.8
10571,3.2
1447,1.7
342,11.4
7468,15.2
14376,12.7
10719,18.4
727,3.4
4577,18.0
9168,8.0
9250,8.4
3516,19.8
13653,14.4
12369,8.0
7156,19.4
7851,17.2
10178,12.0
9491,0.9
1348,17.7
660,12.8
1492,4.2
12558,14.1
13086,15.4
5154,3.2
10507,13.6
9885,1.6
14704,9.8
9277,14.8
2524,1.1
11804,12.8
13001,21.5
5374,11.9
3198,16.4
5717,18.4
11671,2.6
13974,10.3
12609,19.1
8259,17.9
14410,17.4
40,2.8
10461,16.2
12864,8.0
11872,19.5
13574,8.7
11639,9.5
6816,18.1
10559,9.2
11776,10.5
12511,2.8
10704,12.2
2723,22.2
14110,16.8
14381,12.4
9335,20.2
14937,8.8
7155,18.5
11770,11.0
14164,13.3
12730,8.3
7230,7.6
10412,17.0
5075,12.8
10523,7.9
7880,19.2
5394,12.4
9641,16.4
13124,5.6
7789,13.9
14342,10.2
4088,8.9
1967,10.1
13804,13.7
13522,8.2
14725,11.6
6999,5.7
423,5.5
14238,9.8
10096,18.2
14591,3.4
13160,8.0
6142,14.8
5661,22.9
9031,10.8
4596,18.8
2659,4.2
141,11.7
2597,-4.4
6701,6.2
1377,11.6
3674,5.0
9658,12.4
15184,17.0
6362,13.4
14382,12.1
4741,4.2
1138,6.4
10449,19.2
7374,5.0
1787,-1.2
12311,15.6
4646,17.1
7568,16.4
459,7.2
6115,10.8
8179,16.9
11565,14.5
948,17.4
9528,8.1
6370,17.6
4628,20.3
7358,5.1
5925,8.4
6040,19.2
441,3.8
6659,11.0
9794,15.8
10430,16.6
8831,8.2
9046,12.6
3830,16.6
14427,24.2
6144,8.4
13904,0.9
6344,10.5
12724,13.0
1958,10.0
9262,13.0
155,16.5
10487,11.0
12210,15.1
4578,17.5
1089,-1.0
6049,22.0
11132,18.4
14712,5.2
9122,5.2
7950,11.2
11101,17.4
1674,14.3
6763,21.5
12852,8.6
6416,21.6
14675,9.0
11439,14.2
2326,12.8
7096,18.7
13179,2.3
12056,8.1
6450,15.4
14261,6.8
1715,12.4
9890,3.8
9172,7.8
8381,4.4
9433,12.6
3831,13.8
6299,5.1
3348,1.6
14612,4.9
9177,6.7
10013,10.8
587,18.8
9346,23.2
10964,-1.8
14617,7.7
10091,18.0
2990,3.4
14259,7.8
12108,9.8
14173,14.2
11749,2.3
9587,12.0
264,9.2
11739,5.3
13126,5.8
6788,19.2
14638,1.9
13064,12.6
10131,16.0
3864,15.4
10435,17.5
10592,7.8
6274,7.2
14431,23.7
15040,6.6
3711,4.9
8438,6.2
9786,14.4
1529,7.4
12583,14.4
923,17.0
12034,6.3
7329,9.8
4364,4.6
669,7.0
3604,6.9
5108,4.6
10102,15.6
13835,10.4
5248,9.8
7183,20.7
10888,10.7
2591,2.4
5906,1.8
9973,13.0
6509,13.8
11205,15.1
7133,15.7
2307,5.3
8804,9.5
3690,10.5
687,8.5
612,16.0
7167,18.0
12103,3.2
3200,13.6
10459,15.0
11168,16.3
6629,8.2
4135,10.6
1898,4.4
282,15.6
258,13.6
11116,13.8
14477,22.6
4943,17.7
2822,14.2
11531,20.3
3525,14.8
14826,21.2
5223,14.4
2285,13.4
6063,18.0
8078,11.6
4654,14.4
5000,13.9
6710,16.8
14325,8.2
8676,17.1
10403,14.1
5416,8.6
475,6.4
2555,-0.5
8087,6.8
7,6.9
11849,13.1
6411,22.7
14993,3.7
13693,16.1
5546,10.8
2426,15.6
6744,14.5
10006,13.8
14779,16.8
2274,7.9
9203,7.4
1577,11.5
7264,3.4
9259,11.1
10183,7.3
3970,7.8
5879,7.2
14965,8.3
14330,10.3
7193,14.7
3867,19.6
14464,19.9
6823,15.4
11240,15.2
7548,18.8
781,2.4
15106,8.6
1749,11.6
10983,6.0
6519,12.0
5774,12.4
9283,14.5
9369,17.0
2324,11.0
10271,8.3
5055,8.2
10800,22.7
13850,3.4
10482,16.8
1727,17.6
610,16.2
4666,17.2
5413,10.2
8103,9.8
8174,11.6
8535,15.1
11349,1.9
3750,6.8
11407,10.5
97,6.8
6985,10.0
3137,14.4
1537,12.0
11780,10.3
3648,8.9
13644,16.2
1517,8.6
14361,9.7
4624,19.4
11861,15.3
6566,3.0
2090,11.6
7097,16.2
6171,10.6
7521,21.8
572,19.8
14607,9.8
13934,6.2
3062,10.4
597,18.4
6633,9.8
14481,14.1
7875,15.0
7345,1.0
6304,7.1
12310,16.8
14501,14.4
12525,13.8
5976,8.3
8562,13.8
1938,14.6
12877,13.1
8100,6.8
1753,7.6
3670,3.0
11844,12.4
12317,13.5
2361,15.8
4260,15.6
5432,6.2
6285,5.4
12069,3.1
14537,12.3
11929,15.2
12010,9.5
13132,5.8
12712,15.2
13513,9.5
5591,13.7
1171,6.3
7927,17.0
12341,8.6
9614,11.6
11333,0.9
14909,8.0
12401,4.8
14073,18.3
874,11.3
2297,12.5
14291,5.2
2643,7.6
14239,5.8
5347,14.7
9032,10.6
15244,10.1
581,19.2
204,16.7
7896,20.8
9833,8.5
2014,20.9
11445,8.2
11663,-0.7
905,15.4
631,16.0
8461,4.2
12787,7.4
1974,8.4
162,12.4
4998,14.6
12644,17.3
9557,2.7
13445,12.7
4713,10.0
9067,7.3
1431,4.0
6868,10.8
14032,19.4
7710,8.0
7736,11.0
4283,12.1
7531,16.4
12196,20.7
11048,10.4
10053,20.6
10851,12.8
3384,8.6
14680,7.8
12454,4.0
12785,8.6
7462,13.7
3331,9.5
14639,2.2
10595,
6404,20.9
8895,10.8
2096,13.0
10195,9.3
12881,9.7
7999,8.3
5017,16.9
8738,8.0
1449,5.6
6900,7.8
2610,-1.6
1900,3.6
8186,15.3
3920,16.6
2757,18.4
6397,15.5
10077,17.6
11888,15.5
13305,14.5
2097,16.8
8329,11.7
14513,14.7
5624,11.6
9028,19.0
3471,12.6
8266,19.4
2171,2.4
14190,8.1
14107,17.6
8590,18.4
2010,15.2
15025,9.5
1283,18.2
13082,13.8
10028,18.2
14741,11.4
1019,5.8
9518,3.8
11002,1.7
8667,13.5
2810,12.3
13250,11.4
1651,21.7
14762,21.1
1169,8.4
10720,18.8
9398,12.0
6256,8.0
5469,5.3
13406,15.1
10258,8.4
867,11.2
11166,17.2
5093,6.5
5433,3.8
541,13.2
9324,15.5
15093,8.5
6354,12.6
14338,9.4
3390,6.8
11154,19.0
11451,9.4
14604,6.8
15243,10.8
10775,17.4
11005,8.0
3959,9.7
14240,2.6
6643,10.0
6841,15.2
12702,10.9
3586,15.4
12425,8.6
2563,-0.2
10822,17.4
13686,17.8
12211,15.1
5036,6.2
1080,0.4
5891,7.2
10277,9.4
10644,10.8
4966,19.3
2023,15.8
13801,12.1
7909,17.5
13396,12.6
7321,6.0
226,16.0
1013,9.1
1929,8.5
12861,12.1
5251,13.8
9596,10.8
2179,5.4
697,2.4
1124,7.4
7378,9.2
12087,-2.2
12573,14.3
5110,3.8
7902,17.0
1778,4.4
12216,12.9
2634,7.7
7544,18.4
7604,11.2
3489,18.8
1037,13.2
10448,17.4
12526,12.2
15252,10.0
8505,9.4
2649,5.6
10473,15.0
2979,7.0
2547,9.9
5132,7.6
2159,11.1
11329,-2.8
9114,4.3
6445,17.6
3967,13.6
1428,2.6
13978,16.5
2520,4.6
12841,8.9
8033,-2.2
13152,2.9
13253,16.7
15147,19.0
448,8.0
13021,15.6
9476,3.8
5995,13.3
15310,5.9
3727,6.2
7353,8.2
8553,19.4
6279,1.8
13728,18.0
7295,4.4
9496,10.6
6251,4.4
5926,10.2
2460,18.6
22,-1.0
2066,20.7
1653,24.2
8894,13.2
8706,13.0
10935,3.7
1376,12.0
1724,12.8
10660,8.1
3754,9.3
10517,9.4
8652,13.6
4183,15.1
4082,9.6
9678,17.4
11870,18.1
8474,6.8
6579,0.8
4558,15.8
3537,19.4
14702,5.9
7003,8.0
10773,16.6
9560,3.0
14544,4.7
12613,23.8
8789,5.0
9951,12.9
646,10.0
6381,13.6
7527,16.4
14878,18.2
12355,9.0
7165,20.9
11660,1.2
12226,14.9
7697,4.5
11182,19.6
14445,22.0
4875,15.0
10736,16.9
14736,11.8
5341,18.2
13093,7.0
12180,9.1
7031,11.3
2160,10.8
685,13.6
12214,12.6
11435,11.0
2461,17.2
11029,9.6
11889,16.4
7128,15.8
6267,4.7
4941,18.4
5946,10.4
4583,18.9
5784,9.0
10422,19.6
7569,17.2
13074,17.9
10512,16.6
521,22.0
8714,11.5
13507,10.0
13861,10.1
3983,2.1
14674,9.8
13280,14.3
780,2.4
10613,6.6
12597,16.8
5607,11.8
5978,9.6
8843,7.6
3747,2.6
2196,-1.2
8561,13.8
15165,18.1
4285,12.6
8569,19.2
10408,17.9
9832,8.9
9805,9.2
6979,7.2
1827,7.9
11824,14.7
9154,7.0
14615,7.1
14848,24.9
2376,20.6
8551,14.2
3839,23.9
14518,11.8
1246,19.2
7504,21.4
11483,17.1
6511,11.2
11886,16.7
14051,25.5
5439,-2.0
10759,14.7
11615,6.0
10229,7.8
14200,5.7
8964,20.4
10681,11.2
11754,4.8
14913,9.9
14647,8.3
5510,6.5
5330,18.0
4531,12.0
9866,3.1
365,-1.8
12400,1.5
12089,2.6
15314,5.6
147,11.6
1668,22.5
11280,13.9
13583,7.4
7650,7.5
8599,19.1
11698,6.8
7788,11.6
3456,15.4
11768,11.4
3271,6.7
4940,16.2
9223,12.6
15148,17.2
6230,4.2
13678,16.5
13056,18.4
9047,15.0
3926,13.9
13112,4.5
8080,6.0
78,7.0
7088,15.0
2247,6.0
12645,20.2
13163,6.2
15264,10.7
14744,13.8
12696,16.0
7451,18.8
8980,21.3
2279,7.0
8123,8.0
12287,18.2
3897,14.8
12553,10.3
7177,16.8
9312,17.8
14522,17.0
3631,9.9
14074,18.1
6272,6.1
8616,17.3
392,1.6
3191,10.1
16,2.1
4200,13.9
2672,10.8
14652,6.9
6164,3.0
12956,18.8
3493,17.1
9651,15.9
13004,18.6
7394,14.6
4839,7.0
593,18.2
12027,5.7
14307,5.8
8737,8.6
5827,2.2
10749,14.5
7961,12.8
5887,9.7
2355,12.6
6036,21.2
4798,1.2
10634,6.4
13275,13.1
4592,22.6
11234,12.8
8656,19.0
163,15.3
14232,3.0
14491,16.6
15007,9.9
7380,12.9
15276,10.9
10201,10.0
6356,13.6
11276,10.9
9092,7.0
5542,10.2
6007,11.3
7993,9.0
7638,6.6
6793,22.4
10900,10.6
7758,5.4
4837,5.6
2293,8.8
6548,4.0
7898,18.9
4481,10.7
3716,11.6
10837,15.6
6140,15.2
9956,5.8
1549,6.6
11221,15.6
10331,17.2
2044,16.2
767,8.3
5693,24.0
7870,19.1
9700,19.3
7857,17.6
3302,1.5
4517,10.6
13940,8.3
12380,8.9
3292,8.0
9011,18.6
1403,11.6
1382,10.1
10340,16.4
6928,8.4
5671,25.2
1638,14.2
15032,5.6
6907,10.3
8591,14.9
6406,16.7
9074,12.7
11757,8.3
1179,8.1
5448,8.2
13279,16.4
10322,11.7
5078,7.8
8648,18.0
5175,4.0
10142,13.7
689,12.0
13596,8.3
6525,4.9
15067,9.8
6488,9.6
10145,17.0
7154,15.0
12905,10.6
6610,6.6
10902,10.0
13142,5.4
13176,7.7
4349,5.2
14255,5.0
1884,3.8
13267,10.5
2494,8.2
5947,12.6
3036,15.0
5777,10.2
11795,13.5
845,4.7
8734,9.6
11916,17.1
12379,9.8
11871,17.7
12415,9.0
7967,12.0
13016,12.9
7340,8.4
13834,13.0
12689,16.0
7137,18.4
2964,4.3
2529,12.4
5772,13.8
1048,6.0
7045,4.8
1960,11.3
2530,11.4
11138,24.2
8429,10.6
4917,14.3
9325,15.6
5901,4.2
8286,16.0
4259,16.4
13150,8.6
13254,13.2
5656,19.4
6097,17.4
5907,4.8
7373,3.5
2978,4.9
13608,11.0
14288,3.8
6721,15.5
7842,17.5
8264,18.1
13474,2.7
12111,10.9
3138,14.2
8325,15.0
15235,17.7
12265,15.8
14177,16.6
11421,11.7
1826,8.4
5548,5.4
8785,7.6
10917,9.2
12329,13.1
560,14.2
13531,3.2
8435,9.0
5435,2.6
4437,10.8
10382,16.6
8597,20.8
1442,3.8
8453,8.2
4406,3.1
14633,1.3
1689,21.9
15144,16.5
9917,4.0
13813,13.0
5962,9.0
2496,7.8
12547,10.9
340,11.9
2408,15.8
9793,13.3
12974,18.2
5782,13.4
4576,17.3
3725,7.4
15265,11.1
2785,16.6
9715,16.0
13202,5.2
14428,21.5
1012,14.8
5280,14.8
4895,18.4
9958,8.2
7121,16.4
6549,2.6
4037,7.4
148,15.8
285,15.6
14819,19.7
8555,13.0
12135,13.4
12885,10.2
9732,15.2
6770,20.0
4443,4.4
7446,12.8
236,13.2
14724,12.7
10754,16.2
7123,14.8
12800,7.9
14670,11.3
3083,13.8
14707,10.1
10294,10.0
632,15.6
6813,16.5
2493,8.8
2665,6.9
13028,17.6
13113,7.2
12906,8.5
10526,12.0
10060,25.3
11811,11.3
12075,6.0
15110,11.3
4211,20.6
9686,18.5
10593,4.8
3874,18.4
9424,13.3
10853,14.6
2817,10.8
13570,4.4
14644,4.2
15057,8.0
13792,14.5
7426,15.7
12345,12.4
13203,6.5
12998,18.4
11253,13.0
14136,13.0
9777,16.6
1735,16.5
7397,9.6
11015,
4255,21.8
12684,15.8
2475,16.6
10756,13.8
15315,3.6
3713,7.2
13788,12.6
1804,3.6
707,-0.2
11238,11.4
14123,15.8
5189,12.6
13357,16.9
5472,2.1
72,2.8
7843,16.2
14822,20.3
5101,5.4
6764,21.0
9382,18.6
10793,15.0
1125,9.2
1241,17.0
12630,21.4
14494,14.3
2349,9.9
11543,19.6
6602,4.4
12200,20.7
6780,18.8
9769,15.9
12098,7.9
11921,17.2
4358,3.4
1343,18.4
15321,8.4
13329,23.0
14699,10.7
8632,20.0
6652,10.4
1100,9.6
10829,17.0
9160,4.8
8841,8.6
9738,21.7
7327,3.8
7622,8.5
987,12.8
10658,9.0
2852,7.8
11695,7.0
8853,11.0
630,15.4
1249,20.0
3179,14.4
482,8.6
9776,16.0
9654,12.0
3040,16.4
5010,16.2
13468,13.2
7000,9.0
3273,12.1
7227,11.6
3683,4.7
6674,13.0
6807,22.3
12337,12.3
14939,11.6
1316,20.8
3225,11.2
1072,-0.2
4815,8.3
12968,20.5
10823,18.3
9852,8.0
5752,13.6
10617,8.4
14041,20.1
4616,21.4
3097,14.4
12168,9.4
14488,18.1
6869,8.6
1300,15.9
7285,10.3
6284,5.1
12919,16.2
13616,12.2
5495,2.5
5291,19.8
9600,9.2
10037,18.7
1798,2.3
12149,6.1
9667,23.6
5203,8.0
8227,17.4
5047,6.0
6441,20.9
8636,19.4
8105,11.8
2359,13.7
14406,18.9
3654,7.1
7052,12.8
11371,2.7
1286,19.4
14011,16.2
4445,7.0
11608,11.1
2137,10.4
6787,19.2
10828,18.1
12208,11.1
15068,10.5
9873,2.4
14962,9.7
13054,19.7
13769,18.2
6894,15.0
9884,2.0
13144,3.0
10733,12.4
11827,14.6
8564,15.8
7151,17.7
963,14.2
6012,17.4
4882,19.7
140,11.8
12611,19.1
12046,7.9
13867,5.8
8906,13.3
6936,4.0
6542,5.4
5243,14.8
11380,7.6
10030,20.6
4431,3.6
12816,7.6
406,7.6
8212,24.6
9196,6.9
12833,7.6
10603,6.1
10737,15.3
13242,9.1
10582,2.7
9135,7.1
8234,17.3
11022,5.0
11563,15.8
11214,16.4
11556,20.0
4399,4.1
5252,14.7
11,0.4
4760,2.2
1177,7.4
10139,12.3
10693,8.3
2863,7.4
6471,11.9
12057,8.3
6228,4.2
9218,8.0
12040,2.7
2989,2.4
9153,7.4
11081,9.2
7117,16.8
11207,18.0
7010,5.2
11530,21.5
13129,7.8
11760,6.2
8927,17.6
12592,15.7
1440,2.6
14955,5.0
2875,9.8
12178,8.0
9108,4.6
13969,14.1
13504,11.5
12281,19.4
11339,5.7
7232,9.9
3726,9.1
2772,15.1
9816,6.8
454,5.8
9013,20.0
8189,11.6
1367,12.0
3712,6.0
15119,16.5
1388,13.4
9042,10.6
1000,14.2
7761,6.8
3553,13.6
4114,8.2
9829,3.2
1667,22.4
3173,16.0
14194,8.5
9539,9.8
14432,25.0
488,10.4
3230,10.1
3828,19.4
10824,18.3
13283,11.7
5208,9.4
7848,16.6
11424,10.1
5704,15.5
14800,21.7
8133,8.4
703,4.8
5105,1.6
13657,14.6
3291,8.4
8125,11.4
11865,25.0
10600,7.6
9519,3.6
14785,20.9
13851,7.5
4909,17.8
4440,6.8
13980,11.2
986,13.4
14677,10.2
14186,10.2
14076,20.9
7705,9.4
12241,15.7
6257,7.0
11677,-1.7
6089,14.0
10666,11.1
5238,9.9
12065,3.7
1198,4.9
12373,9.1
9710,18.6
13929,8.0
7519,21.2
6812,17.6
9991,16.0
9206,14.1
8320,16.6
9556,2.4
10225,10.0
7175,15.3
4470,8.9
891,13.1
10985,4.1
1969,12.9
12595,16.4
5757,10.0
6527,3.8
6294,5.2
14959,6.7
7595,10.2
9110,6.6
3249,6.1
6570,0.5
6638,9.6
7351,6.4
14087,18.1
9400,15.4
12060,8.9
7473,17.0
12504,2.1
12257,20.0
14144,12.6
13316,18.9
1239,12.4
2289,10.0
2740,20.3
8467,9.6
4585,18.5
9227,7.4
1229,15.7
9200,3.2
6980,9.4
5178,6.8
12020,8.6
10724,18.8
4293,15.5
1058,5.0
6262,4.0
11036,8.8
281,18.2
9235,10.9
9508,7.8
968,20.4
10573,2.1
3953,14.0
1939,12.1
14083,15.9
1274,15.8
619,16.6
13443,12.5
1742,13.4
1390,10.0
2203,0.6
9771,12.0
9847,2.6
3568,10.6
10544,7.7
10404,14.4
6116,12.2
15296,12.6
6052,21.2
3178,15.6
3192,11.6
9499,7.0
6099,14.6
7029,9.2
575,21.8
10552,9.2
6656,9.3
7115,16.6
15330,9.5
6276,5.1
9472,6.2
13796,12.3
11083,16.2
5897,4.7
5724,14.8
10185,8.4
10831,18.0
269,15.4
629,17.6
11970,18.2
3081,11.2
3466,14.8
6430,18.2
14305,-1.0
7062,10.0
12588,20.7
12215,12.3
14924,7.3
5543,7.0
10238,10.1
4356,5.2
13996,5.8
2113,14.2
8219,23.6
10232,7.2
12120,6.8
14564,10.8
3216,10.6
3814,17.3
8321,18.1
13175,6.1
2278,3.9
4599,19.2
13,-0.6
14169,12.8
12668,15.2
1525,7.5
2365,15.0
4648,15.6
11244,11.7
12197,21.5
10532,12.7
374,2.7
13070,13.1
6477,14.3
525,14.2
9131,4.3
14996,4.3
12765,8.8
6895,14.0
10339,14.0
3591,5.7
11106,18.8
7904,16.6
2958,10.2
11815,17.3
529,18.8
3714,8.3
4732,4.4
9461,10.3
12473,1.5
1394,13.6
12201,20.0
12582,16.2
9989,13.2
11171,16.7
9633,8.7
10574,2.6
15131,
12003,13.2
5631,15.4
9465,5.8
6563,7.3
4703,5.0
1712,15.8
14970,7.5
955,18.4
6675,11.2
3453,16.0
9579,13.0
14412,16.6
12803,4.9
8595,18.2
2071,18.8
14943,3.1
10169,5.8
158,12.2
7005,11.5
12080,4.3
9094,7.5
352,3.6
6078,20.2
6236,-1.3
12732,7.3
12322,12.9
8946,18.3
11163,18.5
15305,6.5
2920,10.2
8503,7.4
4644,13.1
661,11.2
7057,9.9
10181,10.8
3665,6.8
7979,6.7
306,9.9
10527,13.8
4790,10.6
2356,12.8
11894,17.2
11996,11.8
1927,9.2
14335,7.0
3427,9.6
8941,18.1
3638,4.4
13057,18.1
1266,15.0
1560,10.6
14592,1.9
11787,13.2
10326,15.3
7179,14.4
4109,12.7
7867,14.0
4904,12.6
7294,1.2
514,11.9
894,16.0
8601,18.8
21,-0.2
11577,15.9
15253,13.8
899,12.6
207,22.2
458,7.6
10246,9.4
2430,14.8
8442,10.8
12398,0.5
9299,17.0
3389,10.2
9905,8.3
3911,18.9
5383,9.0
8907,16.0
552,14.8
9631,10.6
10462,17.0
3144,14.6
6917,11.0
2056,19.4
1925,8.8
634,14.8
6082,18.4
8508,9.5
14246,7.9
14856,17.9
8619,21.4
13182,1.8
105,11.3
3041,14.0
12430,2.6
10361,11.3
1709,14.5
89,5.4
7014,9.1
10433,16.4
3174,17.0
917,18.5
7833,18.6
6732,20.0
1949,10.3
12236,15.2
11040,8.0
6368,17.8
1,-2.6
8032,-0.3
12529,8.1
6047,18.6
9127,4.2
15189,18.5
2720,16.2
8783,5.8
15053,7.0
3117,19.6
11128,15.5
14540,10.9
10640,4.0
9768,12.8
3762,8.8
213,17.8
778,2.9
3496,15.5
15095,10.2
2043,16.6
8920,17.4
5420,10.0
6154,6.2
9759,16.2
8357,8.4
12894,12.2
11758,10.0
13377,17.7
12625,20.4
10205,6.4
8465,8.6
12052,9.2
4167,15.4
10960,0.9
3788,15.4
8586,16.0
583,18.2
15209,20.4
15317,2.2
116,9.3
6644,10.4
13868,6.7
15267,11.8
14989,9.1
13756,20.0
8712,9.4
1763,4.1
1875,0.8
12157,9.2
11536,19.5
10445,17.0
3224,8.7
526,15.8
7725,6.1
2946,4.3
4473,9.4
12091,-1.4
5655,16.6
8884,13.2
6059,21.5
959,15.6
12636,17.3
6342,10.7
3633,9.1
1050,8.3
8782,5.6
8711,7.8
3380,9.2
3676,7.2
5776,11.0
13886,6.2
6573,0.6
5179,7.6
1607,11.0
3610,3.8
14973,6.5
6635,10.7
15338,2.6
10001,13.4
791,7.0
8984,23.8
3056,9.4
10047,20.4
1980,13.7
11425,10.1
3598,5.4
933,15.9
12155,7.9
13193,6.3
7424,13.2
5626,9.9
1682,20.5
4179,13.2
12218,13.5
13156,8.4
6446,17.2
4116,6.0
988,17.3
11703,11.3
11645,7.2
2896,5.2
3778,13.4
5658,18.6
11722,8.6
3093,14.9
3155,21.0
11393,5.2
1823,7.5
14776,14.9
1098,9.2
10396,18.6
2844,13.8
9078,7.8
3342,2.8
38,2.0
6540,3.6
14359,11.8
8707,12.6
3356,7.6
13025,17.5
9645,13.0
11745,6.3
11801,17.3
12857,12.1
10698,7.6
11186,18.3
12191,12.7
7813,13.0
14926,6.4
9098,7.4
8220,24.0
14171,14.5
10699,7.8
2428,14.4
5043,6.6
5346,18.5
8954,19.4
11939,18.6
4811,9.7
8476,11.2
686,12.6
4799,2.8
7437,14.7
2353,13.2
6353,12.8
13717,20.6
4569,20.6
8213,21.0
2752,23.2
9077,9.4
8073,10.0
9109,6.2
1040,5.8
13622,8.0
7491,19.6
1265,16.1
12771,7.0
14236,9.1
7059,11.4
277,11.6
5084,11.3
10276,
9437,10.7
2382,16.2
571,21.2
1435,4.1
12094,-2.6
9439,11.3
5352,13.4
12873,13.2
11718,2.0
10706,11.3
5445,0.6
1007,11.2
12962,15.5
4543,15.4
12987,22.7
13544,8.6
14241,2.9
2064,18.4
1136,9.0
9882,6.0
14214,4.0
5343,17.9
10177,10.3
294,11.2
9739,24.6
10204,5.4
8780,9.6
11521,18.5
2403,18.6
10321,11.0
3998,5.6
14324,4.7
3741,12.0
11700,11.2
14166,17.9
2719,13.3
14137,11.9
12713,16.9
5150,5.6
2808,11.2
9017,17.0
556,12.4
13706,18.7
4795,2.6
2469,15.3
3738,13.2
4286,11.8
12643,15.9
9908,7.2
2604,0.4
362,4.0
6924,3.1
1704,18.8
2139,12.1
3239,6.0
2383,16.7
7314,2.6
4311,13.8
9477,3.4
1312,19.8
14476,22.2
3930,13.7
6183,-0.8
13302,15.8
1591,8.2
14415,20.4
2162,7.8
2396,19.6
317,3.3
9516,8.8
11303,6.1
5233,15.4
13789,13.3
5068,6.2
4036,6.4
8987,29.0
3020,11.0
9903,2.3
11579,17.6
8228,16.2
12741,4.4
9105,5.6
5295,18.4
3972,7.4
5370,13.1
4133,10.8
974,16.0
7291,9.0
9175,8.4
954,18.7
9610,11.2
9752,17.4
12327,15.2
14419,19.8
12457,3.0
9547,2.1
14295,8.6
5016,12.6
14929,6.5
9179,6.0
10874,11.8
7490,18.7
13239,8.2
1640,17.6
1290,19.4
11873,19.1
1380,9.0
1933,7.2
4675,6.0
14028,17.2
11352,1.1
10222,7.0
892,14.8
7287,11.4
4876,12.3
12261,20.5
7906,19.9
12447,8.7
8194,11.9
14405,19.0
10301,10.4
9041,15.4
10929,2.9
2466,18.4
7657,0.2
10106,17.5
9788,13.3
1913,4.1
13331,21.8
11362,3.0
2736,22.6
726,2.0
7214,12.6
8245,25.5
1796,3.4
3845,18.6
6402,19.4
10745,16.0
10992,0.8
936,13.4
2265,2.4
824,6.2
12513,5.0
7274,4.0
11593,14.8
1389,10.8
3564,13.3
9076,11.0
5429,6.8
7827,14.4
5690,23.1
13059,17.2
7878,20.0
1868,7.6
13373,18.2
8202,14.8
11607,12.4
7486,17.4
9655,14.3
806,3.5
4805,9.6
13558,4.1
12260,21.8
10300,8.7
14050,25.4
15275,9.5
10426,18.1
9155,3.4
7511,18.8
8056,2.6
4494,7.8
2632,7.4
13667,12.0
8896,11.4
8623,17.8
7832,15.3
4388,6.1
145,11.0
6467,15.0
2033,18.0
14012,15.6
1165,6.0
11692,4.2
2050,17.3
3760,8.5
10816,17.4
12676,11.4
4435,7.0
3430,13.3
8190,14.0
14341,13.2
7069,17.7
4361,3.8
10616,6.8
9454,3.4
1771,12.4
3511,18.2
271,12.0
12984,22.2
15308,8.2
8436,10.1
12605,21.1
12764,4.9
2032,16.0
14711,6.0
12316,13.3
9005,17.2
14836,18.8
3810,13.0
13784,14.4
9996,14.4
14094,18.6
4346,5.3
10653,11.1
545,14.5
3241,10.6
8930,20.4
8502,8.4
11713,6.5
9323,14.8
15217,14.8
12303,18.5
10961,-2.2
7564,14.8
920,22.4
14000,11.2
11779,14.8
6640,9.0
12151,10.4
7694,0.5
8230,15.4
12651,20.1
7126,17.6
4278,15.2
2983,1.6
130,12.6
13409,15.6
7980,9.0
2667,7.1
7138,17.5
3223,6.9
9374,14.8
7693,3.1
5392,12.9
614,15.9
15195,27.1
1466,11.7
4497,9.2
3042,14.6
9126,5.8
2419,15.8
5085,6.6
3294,4.9
6737,17.4
1500,-0.1
13014,14.4
9018,17.0
1521,5.5
13999,13.4
11122,18.8
4232,27.4
7686,4.4
8820,9.1
4430,3.4
12045,6.2
390,1.6
12537,11.2
15133,13.4
7124,15.2
5913,10.0
12182,13.3
8592,15.3
4806,7.4
13327,18.4
13748,21.0
11551,17.9
8238,17.6
8044,2.8
15012,5.0
3993,6.4
11834,13.4
11918,15.2
14660,9.4
13400,16.2
6609,4.1
5319,15.2
15101,
7119,15.0
2421,16.4
5604,12.6
1750,11.5
15071,14.5
13845,6.2
12254,15.7
14911,8.6
338,12.2
8407,5.4
11855,12.6
1341,15.9
14651,5.5
7982,7.8
12086,-1.2
3640,8.4
329,11.3
13562,5.8
3004,10.1
6960,2.8
4090,8.5
11307,-0.2
9828,3.5
2322,8.4
6667,10.8
7009,7.6
4197,16.7
3549,12.1
9650,17.3
8363,8.0
4203,15.2
14303,-3.3
11761,10.2
12418,8.6
14064,19.0
13350,19.9
13815,13.5
6185,2.4
1639,13.8
9130,3.3
60,6.8
1240,16.2
5760,13.4
5136,9.0
2343,14.1
2120,10.2
1524,5.4
7617,10.9
153,15.0
481,5.8
6122,14.7
12652,20.2
7674,6.4
7101,11.6
12112,10.8
1762,5.6
8942,19.6
7715,5.4
9977,12.1
13945,8.1
7479,17.2
6212,5.4
12693,18.0
4853,6.4
2711,11.1
6766,18.4
4150,12.4
12385,6.5
1333,14.4
14450,24.3
11046,7.2
8378,4.4
9328,20.5
14418,17.9
14893,15.3
10250,1.4
14005,12.4
3850,21.2
8340,9.0
4124,6.6
13081,11.6
13764,23.3
11555,21.7
4788,5.9
2866,8.2
11968,12.9
1386,12.5
5941,8.5
3067,15.8
13912,10.2
3629,5.9
14525,12.0
12989,21.9
13741,18.6
3028,14.6
2969,1.6
11664,1.1
9900,6.3
11145,17.3
8646,19.4
6136,11.4
8801,2.4
4263,18.6
13018,14.0
645,11.0
14823,20.6
2074,11.6
12244,15.9
341,11.2
8041,5.8
1622,16.2
12875,13.9
7141,18.8
5796,13.1
7184,18.5
14327,8.2
8232,16.4
5475,4.6
10281,10.0
12116,8.0
10367,14.0
14218,8.1
74,0.7
15181,20.3
15234,22.6
10849,15.2
11372,4.0
10268,8.4
8633,18.8
14175,13.4
2051,20.2
2541,10.3
1301,18.9
5877,6.6
7368,3.6
11622,13.4
1304,16.7
8428,10.6
13962,10.1
2599,0.2
12808,8.5
2573,4.2
11472,16.4
3186,16.0
12145,9.6
2768,17.8
4831,6.8
4223,18.6
14816,22.2
2106,9.9
2679,10.8
10953,2.2
12880,13.3
13591,4.6
1387,11.4
14850,17.8
14572,8.0
13713,22.5
14831,20.1
7083,15.0
13364,17.9
13192,5.3
1279,16.2
13221,5.8
804,8.0
1555,5.8
14566,8.2
11382,5.4
4566,18.8
12994,20.4
14844,20.4
4841,6.2
3594,4.9
6035,23.2
6852,13.8
10112,15.5
8705,13.4
4177,14.0
1308,21.4
9106,3.4
3452,16.6
3695,6.0
4242,19.8
11348,2.2
2198,-3.1
8966,20.2
4425,-1.9
6150,7.8
943,13.9
822,8.3
5005,12.8
6612,9.6
12469,3.1
8356,9.3
5619,12.0
4547,13.8
12175,12.3
2538,10.2
14968,5.7
9503,10.2
5207,6.8
14608,8.4
13836,5.8
13575,5.6
3054,8.9
3675,6.4
7776,6.6
7218,10.5
6722,12.6
3300,6.6
3310,6.6
7221,12.7
8519,10.4
10682,8.2
5954,6.8
10998,4.0
12600,17.4
832,12.8
11271,5.3
3462,16.9
13489,13.4
14328,9.8
7643,5.2
54,2.9
12256,18.0
3451,17.4
6305,6.0
10093,17.9
1481,2.7
4873,11.6
13087,17.5
8038,7.0
12342,12.1
3335,6.0
6016,17.8
4926,20.3
9138,9.9
5797,12.3
11485,14.9
10353,16.4
15084,12.4
5083,9.2
6645,9.8
12481,5.3
11249,9.1
5490,9.7
768,10.2
2065,20.5
14585,12.0
11687,5.9
7311,6.0
8477,9.7
15248,14.1
4524,16.6
11568,17.2
10524,9.8
2717,15.0
2079,13.6
11581,14.8
8914,18.8
951,16.2
8058,8.8
2482,12.2
10454,15.2
9181,2.2
11404,6.8
1759,9.4
9984,13.5
4422,-4.6
6704,11.6
13671,18.4
9916,2.8
5182,6.0
8533,12.6
3701,8.6
4243,19.3
688,8.5
3432,16.4
13395,13.7
4944,19.6
966,17.5
14894,13.5
14563,12.0
10395,16.4
2713,11.6
4757,4.9
13290,13.5
12350,14.4
14653,8.8
6320,15.8
13472,8.8
5975,7.6
3572,12.2
12997,20.4
5299,16.8
1990,18.0
12312,16.0
12951,17.3
1205,9.2
13490,12.2
13050,15.6
4971,16.9
14923,6.3
13226,6.6
6783,19.4
3600,10.8
6490,15.2
8609,23.4
15306,2.9
13887,8.7
8070,7.6
8577,17.2
7973,10.0
14299,2.4
1625,15.8
536,13.0
8766,8.3
7970,12.4
13224,8.4
4212,18.8
6456,16.8
3507,20.2
8393,3.4
9524,6.5
7112,16.8
11694,6.0
2708,13.8
5031,10.6
6514,12.2
4662,11.9
4021,5.3
1854,6.7
14478,19.7
2872,8.1
3030,14.0
9397,18.2
1645,21.6
3417,13.8
3476,15.8
14661,10.8
11053,12.8
1792,8.5
13718,21.8
3797,16.0
3368,8.2
11559,15.6
11725,10.5
7196,12.7
14803,19.1
5109,5.2
6024,23.0
11641,4.2
8795,1.8
11248,7.6
14276,4.9
126,9.4
5959,8.8
3876,19.6
11127,15.0
13635,9.2
4451,9.4
7147,18.1
3531,15.6
10922,4.4
827,8.4
9831,5.6
7790,11.6
984,17.0
11473,13.4
11197,17.1
7783,10.2
10380,18.6
14706,8.9
2443,17.5
8554,15.6
10541,11.2
345,6.8
814,12.6
6166,4.9
12999,18.9
11397,7.5
13938,4.4
15006,11.2
11517,18.7
12298,15.7
5779,8.1
2116,13.0
10026,16.8
793,2.8
15259,11.3
6898,11.1
2674,10.2
94,4.0
4225,21.0
3756,9.8
2891,8.9
2371,17.0
11420,10.4
14416,15.7
3228,8.0
7863,13.1
6359,19.4
14131,14.3
13102,9.8
7326,1.2
6028,17.8
11045,5.3
13429,11.7
11104,13.4
1865,5.6
4612,15.8
10049,19.8
2645,4.6
2243,3.2
5373,13.4
2336,15.2
950,17.4
11260,13.3
1120,4.6
10789,17.4
2204,-1.3
419,4.0
922,17.8
9446,8.0
8669,14.6
10227,7.4
5408,8.0
5788,11.5
5742,14.4
7667,2.0
5567,13.1
8135,10.6
1202,9.0
10818,15.8
5765,13.8
8389,2.9
1970,16.6
11302,4.1
4018,4.5
10343,13.8
3687,6.6
13108,8.7
1997,22.2
4033,11.0
15185,17.1
11246,12.9
1248,20.8
2192,4.0
2712,10.6
9184,3.0
2190,2.8
4670,12.8
5142,7.6
5984,11.2
6565,4.2
7804,18.9
11954,14.8
6943,6.2
11789,10.2
12903,13.1
9510,5.0
10055,19.0
10535,6.6
10641,4.1
2136,8.6
1065,3.5
600,12.8
4227,19.2
10813,15.6
7577,15.4
77,4.2
7546,18.8
2898,9.2
4820,11.0
9506,9.9
14290,5.9
6413,22.8
9444,9.2
9064,8.0
12042,9.5
8007,7.5
5468,4.4
5951,9.8
14988,10.3
11157,17.1
3391,6.4
5415,10.1
2560,1.0
15175,18.7
8162,10.3
2635,7.9
5256,17.5
3530,16.9
8567,18.3
1908,7.5
12621,25.4
14231,4.5
235,13.3
12219,15.9
1604,13.7
7984,7.9
9310,15.4
11869,15.3
3490,18.6
15116,20.3
11150,19.7
1994,19.4
2824,13.4
14266,6.0
10568,7.6
13924,7.6
1342,18.2
8512,15.0
1619,20.6
11905,17.4
5287,15.6
2060,20.6
15271,13.4
2219,3.9
9865,6.4
6038,20.2
260,16.3
14386,17.9
10231,9.8
12977,20.7
9093,8.0
3744,9.6
2026,17.7
6988,7.6
4234,19.6
1917,4.2
1828,4.8
9765,14.2
12607,21.6
12941,18.7
6233,-0.2
14337,11.2
12846,5.7
6283,6.4
4208,15.4
12819,7.8
224,19.2
8915,19.8
10002,13.0
9333,19.6
13721,18.1
6469,15.2
13956,10.8
14461,23.4
13746,18.1
14931,6.0
10954,2.9
846,5.2
4289,13.8
5560,11.4
13234,7.3
2551,6.4
13917,5.8
11120,14.4
117,9.8
8837,7.1
5966,17.7
8195,11.6
12362,5.3
14043,17.5
8659,14.8
7489,17.6
5,-0.5
5342,17.2
9111,8.2
10787,17.7
4324,6.4
1063,5.4
2590,1.6
8434,10.4
13046,18.0
9352,21.8
11062,15.2
3735,10.2
13918,4.4
10589,7.2
3517,19.6
6986,9.7
11613,8.7
10755,13.1
6767,19.1
5622,12.1
1605,12.7
1733,16.1
10516,12.5
10901,10.6
14348,13.7
9504,8.4
11640,7.4
3812,14.2
14778,15.3
10554,3.0
10167,5.2
11706,3.2
1761,7.8
5401,6.2
2739,20.0
13829,7.2
14787,18.8
2472,11.0
6738,18.6
6891,5.1
12199,20.1
7943,15.1
12910,14.0
9685,16.5
4206,21.6
6371,17.7
10350,13.0
9361,20.2
10348,15.5
232,16.6
8258,16.2
7561,12.8
9795,15.4
6168,6.0
11475,16.5
3596,3.6
6288,4.0
4632,15.2
125,6.7
7641,9.3
6229,3.0
13542,7.6
1296,17.5
1976,14.1
14557,9.9
14496,19.6
10267,5.8
12772,6.6
5750,12.2
8152,10.7
14895,14.1
3086,13.8
14252,3.5
6882,10.0
14294,8.4
7673,7.0
3345,6.2
8172,9.4
14472,19.5
5870,5.0
6506,14.2
2797,11.8
918,19.4
1646,22.1
5122,7.4
5126,8.3
13170,2.2
13623,12.4
4621,20.2
6809,23.5
364,1.4
11479,19.6
2125,8.3
8150,9.2
12315,12.1
12761,8.1
8717,9.9
13013,15.7
55,1.8
638,15.0
302,8.5
10958,1.5
5811,7.8
1276,15.6
14178,12.1
12912,14.5
10247,6.6
13568,3.3
13337,17.6
4432,-0.4
3644,11.4
4143,18.9
2878,9.4
12394,2.6
6493,10.8
13367,18.7
10478,17.2
10453,18.7
5240,10.8
14446,22.7
10488,14.3
6937,5.7
7240,13.2
14124,16.0
9945,11.6
13389,18.2
10160,15.9
2593,-1.0
11309,0.3
2393,14.7
523,13.9
6376,17.9
6981,11.5
13716,19.8
6677,11.8
3900,17.7
14792,17.0
12891,9.2
5585,6.7
14380,13.8
7956,11.2
7570,17.0
11314,0.1
6777,20.6
12348,12.8
10161,10.9
671,4.2
4188,15.6
666,15.6
3266,0.6
1887,4.6
11458,10.6
8472,6.0
9911,4.4
11139,24.0
12647,17.4
9091,8.4
7687,4.8
6031,20.8
15090,11.9
6090,15.4
6238,1.6
7350,4.8
7830,16.1
760,0.1
6254,2.2
1906,5.2
12234,18.4
12015,8.6
12330,11.4
3818,21.6
6269,4.8
4300,14.8
5569,9.2
7941,15.8
10785,14.0
4164,13.8
11223,16.7
5971,14.8
3579,16.0
2832,15.4
5449,8.4
3472,14.9
6327,12.4
137,12.2
7043,4.1
4892,20.8
2180,10.2
10320,7.2
7730,5.4
3177,14.8
4854,6.2
4637,16.9
5115,0.0
14289,3.4
7648,7.6
4261,19.0
12536,6.3
1331,14.0
10209,12.5
12734,11.2
10674,1.4
7002,9.5
9550,1.4
6941,8.5
8017,10.8
6241,0.5
9521,3.9
15318,4.5
6881,6.6
13051,13.5
10342,13.9
4530,11.1
10314,8.2
4673,8.6
12173,13.5
6996,7.2
1252,22.2
11470,13.7
3374,6.5
2814,10.2
4719,7.8
6544,7.6
10040,17.8
4858,14.0
7901,18.7
11229,16.2
8580,14.0
8427,10.7
1077,-3.6
10176,8.4
4363,5.0
12154,8.7
770,8.6
10357,12.4
12725,10.0
8865,5.0
249,17.2
9766,17.2
7239,11.7
3419,14.6
10273,9.2
10015,17.0
14738,10.9
4976,17.8
4544,11.9
5565,9.4
7939,16.4
716,6.8
14821,20.6
12338,12.3
2048,16.6
5997,14.0
6600,4.8
7245,7.6
13456,13.0
4178,15.8
4809,6.0
10916,10.0
14561,10.9
7140,20.4
7190,19.4
1460,5.4
5989,15.2
9860,
10948,10.7
2000,13.8
12763,3.1
12805,6.2
8175,14.6
404,9.6
384,4.2
14511,10.5
14567,7.3
10344,15.4
1633,17.0
14665,10.3
13772,22.6
4784,8.7
14526,15.2
6970,4.8
3925,13.2
13528,3.4
4158,14.8
7449,12.8
13140,11.8
14090,18.1
13550,10.9
8415,8.4
2193,2.2
11328,-0.9
12661,17.6
10016,17.6
1015,8.4
5124,9.5
13164,6.0
7418,12.7
7409,5.9
8989,24.4
2871,13.0
9,3.3
10136,16.0
1838,7.6
4804,6.4
255,15.4
7026,12.6
5713,19.2
12677,11.6
3324,2.8
7714,4.6
1581,11.6
11148,16.2
924,18.8
2779,18.2
10700,7.6
7891,19.2
6132,15.3
13216,5.8
5320,15.0
7312,5.0
7102,11.4
6042,21.3
3775,15.6
4835,6.2
12328,14.4
4964,18.2
10971,3.6
539,11.6
7483,15.0
2745,17.6
3719,4.9
14642,2.9
6819,16.8
13659,11.8
9337,18.2
13319,16.7
4468,8.3
667,10.3
7575,14.6
11211,15.7
8549,13.8
5063,8.6
11023,8.4
10975,5.2
1353,18.9
13323,18.4
7114,19.5
15002,5.4
8662,16.2
2703,12.8
3330,4.0
8053,0.4
11829,15.6
9588,13.4
3584,13.5
14503,17.9
13454,10.7
5645,17.8
3376,7.5
1256,15.8
6190,6.4
11704,8.2
13843,8.2
13970,12.2
9442,10.6
13987,8.9
5348,13.8
11003,4.1
12490,3.8
11476,16.9
11125,17.8
4175,12.0
13460,11.8
4910,17.1
1852,6.8
6316,13.1
12972,16.1
15122,20.0
2105,10.8
133,18.5
13428,15.0
5029,11.7
928,13.5
823,9.4
7576,16.2
11632,9.8
1531,8.2
1214,9.8
504,16.5
12477,5.2
10188,9.6
6530,5.2
3072,16.2
10150,15.0
9576,11.2
9086,8.3
13116,11.4
8647,17.4
6619,3.9
13971,11.6
9273,10.6
3709,4.6
14717,14.8
4849,11.2
4748,7.6
4268,14.2
11714,2.4
12326,12.1
11794,14.8
15158,17.3
8905,11.5
4186,16.4
10406,17.6
5301,16.5
2923,6.0
6588,3.5
1810,4.8
3486,17.8
7419,10.7
3141,14.4
10019,18.6
9347,21.6
1324,16.6
4312,11.5
7494,21.6
8702,11.2
9872,8.6
8691,6.8
14588,6.8
10048,21.2
9580,12.2
13807,11.6
11911,19.6
10578,3.4
5541,7.1
11428,9.6
6172,11.8
1540,6.6
9409,12.7
2681,12.1
15162,15.8
11185,20.2
13704,19.1
6313,7.6
1191,10.8
13964,10.8
5293,18.6
1542,6.4
11493,14.1
11516,18.0
7056,9.6
2539,12.5
953,16.6
7241,10.1
6731,20.2
4846,11.2
6801,21.8
8010,11.9
4330,8.1
8924,16.9
5334,18.8
7330,6.0
9348,23.0
4729,0.1
11486,16.5
6541,4.6
11174,22.6
5305,12.6
5161,7.8
7860,16.4
2156,5.2
1062,5.2
10808,16.6
1167,6.5
11414,7.7
3636,8.0
7651,5.4
5588,8.8
11130,17.8
7192,18.0
4491,5.2
7266,3.4
11332,-0.3
4980,18.3
8335,13.6
15268,15.5
11769,10.8
4946,21.0
2782,19.0
717,4.2
10011,10.0
2502,9.9
4360,2.6
4171,14.6
8082,5.0
14976,8.6
395,8.2
13923,6.2
14512,10.8
7186,16.1
15070,13.8
4492,4.6
1365,13.6
15198,28.4
14191,7.6
8787,7.2
14397,19.6
12144,7.8
13584,5.6
5917,5.4
4968,21.4
2914,4.4
15221,19.0
10518,8.4
5644,15.9
3766,5.2
3440,14.6
12043,10.3
12324,13.3
7357,5.4
6806,23.8
9879,9.1
2143,9.6
5104,2.6
5073,7.8
1571,9.1
4079,5.2
1122,3.9
2786,15.5
14527,16.8
2967,2.8
2504,11.6
5988,15.0
11657,-0.5
8867,7.6
11000,2.0
7164,16.8
11540,16.4
728,6.2
7587,16.6
7543,17.5
412,8.2
11338,4.4
9708,16.9
5745,16.0
7668,3.4
825,7.2
3267,2.0
3974,8.6
8808,6.5
8306,17.6
417,8.6
11261,14.4
9817,3.1
6748,16.0
8967,19.9
12377,10.3
11088,12.6
14806,19.5
2082,17.0
8945,18.6
10738,12.4
12161,8.9
3373,8.7
5726,16.3
4107,12.1
10636,3.6
4380,7.5
7723,7.8
1066,3.7
3913,18.8
13479,10.7
5536,10.2
8002,11.5
5387,10.4
5732,13.6
11690,1.3
2738,19.6
5052,4.9
4000,9.6
9760,17.6
2427,16.0
11938,16.8
6833,17.0
10123,16.6
1687,21.8
851,9.6
11738,5.3
6303,5.4
9087,11.5
12784,8.5
14593,3.9
5878,10.8
8527,12.8
2839,15.0
11279,12.2
4611,19.2
9540,4.6
9207,10.8
11008,7.7
9823,4.6
2489,9.6
11922,14.7
6905,10.1
7390,7.7
11443,13.7
2849,11.8
14069,23.1
6665,10.2
5881,9.6
10262,3.2
4452,10.2
9949,10.2
7421,14.2
13600,8.4
9827,3.0
12838,10.9
6484,11.9
2479,11.8
6617,9.4
10457,16.5
11151,18.1
13515,6.8
14902,8.3
11251,12.1
13245,10.8
14061,18.9
2141,10.4
13296,14.8
11310,-0.6
5188,9.6
14890,15.0
12237,17.0
11548,15.7
2744,16.0
7253,10.4
13284,14.9
3506,21.8
1679,17.8
4249,17.6
3147,18.0
8130,8.2
10486,14.8
7004,9.8
580,19.6
9662,16.5
12991,22.4
4070,10.8
13500,13.3
3343,1.8
13184,3.2
7404,12.0
12775,8.2
3672,3.0
559,14.4
5237,10.2
7805,21.0
13407,13.3
11041,9.6
512,14.3
12921,17.9
1081,-0.6
1664,20.6
9204,8.9
1931,8.8
14839,18.6
1150,-0.4
2838,17.2
5949,9.1
8308,14.6
8932,21.2
15020,11.4
14262,6.8
5177,5.3
11867,15.4
14098,17.1
830,15.0
8311,15.5
4752,10.2
14974,7.1
14917,10.1
15251,14.4
635,15.6
4465,5.2
12556,12.4
6799,23.4
7987,6.6
7079,18.2
6966,2.5
4142,19.0
7027,13.6
9183,4.4
876,10.8
4869,11.7
5315,15.6
5222,13.2
4,-0.8
3051,11.0
5691,20.6
3124,15.6
14599,10.1
10852,14.2
2491,9.6
13365,18.4
3854,24.7
13125,4.5
4777,1.2
9907,9.0
14640,-0.4
7509,22.2
6457,18.6
6293,8.3
1148,2.8
11453,7.1
574,18.4
3769,6.9
11928,14.0
4146,12.9
853,4.6
10174,8.6
10966,0.1
5919,8.8
13121,4.1
13403,18.3
9358,19.8
6614,5.9
6002,12.3
9163,12.0
10893,5.4
4495,6.0
8173,11.8
6655,7.4
12039,2.8
2368,14.0
12307,16.6
4780,3.4
12323,14.1
7992,7.0
2950,1.5
5625,9.5
6971,0.1
8716,11.1
10647,6.4
13208,9.2
1841,5.9
5986,16.4
537,14.4
2806,14.0
5801,13.6
5596,16.4
7206,17.5
7343,0.8
12533,16.4
7560,15.0
8096,0.4
11367,3.0
784,2.1
12249,15.6
1409,11.4
10729,11.7
154,15.9
7806,18.8
3009,5.0
1686,21.2
11093,12.4
4014,6.5
7455,13.8
12913,14.4
3863,17.6
2733,21.2
1895,5.4
5442,6.1
569,18.2
6709,13.8
5854,3.9
1816,8.6
10257,6.1
8319,15.3
3394,13.9
3327,4.2
15313,4.4
6102,15.5
2975,3.1
980,17.8
10492,15.7
190,17.2
9331,16.8
5088,4.2
699,2.8
14975,4.1
606,17.8
12468,4.8
301,7.7
14832,19.1
3420,15.5
15041,7.5
1060,7.3
14056,18.6
15180,20.8
10757,14.8
3444,13.6
1069,4.6
10716,17.4
2205,-1.4
9435,12.0
7339,10.2
8208,16.4
7679,2.2
11312,-0.5
13503,10.6
4642,16.2
7683,2.9
12946,18.5
9007,14.3
7996,7.4
11259,13.8
12740,8.8
5600,12.0
9151,8.8
7022,5.6
14619,3.8
4893,20.5
225,18.6
14362,8.4
3354,6.3
5895,7.4
10677,7.7
8754,4.2
3436,13.4
14565,9.4
14373,14.8
1693,19.6
6893,9.4
1045,7.7
3446,13.6
12757,5.1
8050,3.6
9146,5.8
15312,5.2
10927,3.8
11296,7.6
4735,9.0
4496,9.8
1218,9.0
13446,8.0
13703,19.0
6015,17.8
9719,20.2
3987,1.2
4911,17.8
9492,2.8
4493,5.3
6944,5.0
5699,18.8
8352,6.5
12259,23.3
13992,11.9
956,20.0
11983,13.7
11426,9.7
2869,9.4
11969,16.4
4433,1.8
4973,14.6
14207,6.5
2961,9.4
14172,14.1
2200,-1.2
98,9.5
15115,20.5
2557,2.7
11375,2.9
8445,6.0
12115,10.8
4199,16.0
9637,13.0
5539,8.5
1648,20.8
12874,13.0
12915,13.4
12183,14.6
9888,3.1
11383,4.8
6197,3.6
6295,4.0
4499,9.6
1154,8.0
2255,5.1
9874,5.3
3170,14.8
7400,13.8
10248,3.8
7158,20.8
12282,23.2
15136,14.6
3108,21.8
4548,12.7
11915,17.8
14589,5.5
5423,9.4
2049,15.8
13168,0.5
11835,13.3
9208,10.7
8815,1.2
14681,8.0
15033,6.0
14075,18.8
262,14.2
13922,3.4
11561,15.3
4061,6.2
5534,5.8
14486,15.7
14257,6.8
6616,7.9
8120,5.4
8155,9.6
1802,4.6
4736,6.7
15324,8.6
2385,21.4
6694,13.6
5759,11.2
1959,10.4
2976,2.6
8680,14.4
1843,2.9
1734,15.6
2911,1.6
11411,10.4
8338,15.3
13822,7.6
1986,15.6
9561,1.3
6546,8.6
14243,9.7
7098,14.2
2811,12.2
659,11.0
9986,16.3
2511,3.1
11589,12.4
4282,12.0
9339,19.1
11464,18.5
8800,2.6
6287,5.6
11774,11.1
1930,9.3
7125,17.7
197,20.0
7777,9.1
2931,0.5
8004,9.2
2327,13.2
4389,6.2
8958,19.5
12688,14.6
4218,23.6
11447,9.3
202,13.8
3510,16.0
4931,15.7
14582,6.0
5535,7.4
9925,2.7
5791,11.6
10969,7.2
1707,18.0
5172,0.8
5249,12.0
13949,12.9
11666,3.2
6528,5.3
15112,14.4
5855,3.2
8164,11.5
854,8.6
13877,3.0
14555,12.9
4737,8.4
12289,17.3
10352,14.2
698,1.8
11344,5.7
11191,17.0
3696,5.6
1636,17.5
7280,3.6
7554,19.8
11649,6.5
3581,11.2
1291,18.7
12851,12.5
6585,3.1
13808,10.4
1853,6.1
5232,14.6
3763,7.8
3304,3.6
1495,1.9
13919,2.4
11935,15.5
11637,7.9
7994,4.5
1998,18.5
663,8.8
12971,16.4
13545,10.2
3748,4.2
4413,1.9
12936,17.1
5530,0.7
5575,8.0
8901,10.7
7526,15.8
9474,5.7
5864,6.6
13260,10.9
10867,10.6
6776,19.8
12221,16.1
1306,20.6
13688,18.7
13696,17.1
7392,12.0
10429,16.2
11494,18.6
5592,12.2
10230,9.3
9721,17.2
1663,20.8
5450,11.4
15241,17.0
15270,14.3
3627,5.6
13931,11.7
13339,19.9
13083,16.0
2693,11.3
11252,12.6
9789,13.4
14892,12.9
10921,4.8
10817,15.3
5915,5.2
3157,16.2
11506,20.5
9914,3.2
13471,11.2
6668,8.6
1059,3.2
4636,16.0
3242,9.3
1678,17.4
6892,6.9
6374,16.4
7574,15.9
14820,18.4
1757,7.0
6019,18.0
12383,8.1
5116,-1.8
8755,7.6
7408,3.4
2790,16.2
863,12.4
7858,15.7
1484,5.6
7035,10.4
7721,5.8
5977,8.8
5134,9.9
206,20.2
4488,8.2
6938,7.9
9062,5.2
12685,16.1
6910,2.4
502,13.8
7385,8.4
1028,5.6
3840,19.6
10882,9.5
13773,16.8
8110,8.0
14948,5.4
5056,8.4
9762,14.8
8154,9.3
10965,2.4
14183,9.4
2731,16.8
14434,24.2
8996,17.3
14039,16.6
11837,16.7
2454,14.8
12790,10.5
7215,8.5
3104,16.6
13067,13.6
14151,16.4
8392,0.9
6278,6.4
3099,17.9
6184,0.6
10470,17.7
3561,9.2
5892,6.2
12666,22.0
14624,5.5
12706,10.9
13986,10.2
391,-0.5
6736,20.6
5618,11.7
5258,15.5
9687,21.8
2695,13.8
2027,16.2
13440,12.8
5463,6.3
2568,6.2
8006,11.2
64,6.3
12076,4.9
2062,20.8
5276,14.6
7208,18.4
8684,12.2
8571,18.2
6331,9.0
4859,13.9
14552,10.8
12185,10.2
4887,18.8
9268,17.6
878,12.6
8529,11.2
7916,14.0
6863,13.8
7892,21.0
6439,23.0
7869,17.8
1016,7.5
9467,4.0
11990,14.8
7629,5.5
12743,5.8
11534,21.1
13103,9.4
14605,5.4
995,16.1
10173,
4297,10.1
161,13.0
5675,20.3
6873,6.4
14737,12.1
12990,23.6
9692,22.4
7989,4.5
3843,19.0
13417,12.4
10805,19.1
11653,-0.8
1021,10.0
3073,15.4
7555,17.6
3943,12.0
1585,13.2
10147,14.4
3152,19.0
14541,13.7
8226,17.8
12206,16.0
775,0.2
10748,15.0
9670,23.5
7099,17.0
5486,2.9
6235,-1.4
9555,-0.4
7041,4.6
2612,-1.8
7513,19.8
11016,8.8
10233,8.6
8433,12.9
10253,5.8
10555,5.7
8792,10.6
10627,8.2
5393,12.4
14502,16.2
11080,12.8
14356,17.8
8838,6.4
3890,18.7
3556,17.0
11394,6.5
1528,6.0
15167,15.1
1267,16.0
7734,5.0
1899,5.8
4658,15.2
3005,10.0
2734,23.4
15293,11.3
189,18.6
9998,13.7
9167,10.8
2747,18.4
2047,18.3
7849,17.0
2558,4.9
9274,12.4
8666,14.8
11096,13.7
13035,17.2
6396,14.9
12309,13.1
3385,9.0
4555,15.9
1184,6.2
6420,20.0
5051,5.4
5311,17.9
2433,20.0
6949,10.1
13803,12.8
10583,3.2
769,10.6
1685,18.0
8322,16.4
11111,17.6
11363,2.3
11636,6.4
14423,20.5
5578,6.0
4426,0.2
13526,4.6
466,8.6
6265,5.5
5734,14.4
11284,10.9
11964,17.1
5191,6.3
13418,13.6
5390,13.3
860,14.0
7270,8.0
