,sunshine,global_radiation,cloud_cover
9261,0.8343389858996093,1.2409648651510745,0.35157646255091085
5376,-1.077294717987459,-0.8307848291810778,1.3175645148904118
12578,-1.0028154827710798,-0.2340308411397513,1.3175645148904118
927,-0.7545513653831489,0.08123541669340228,0.8345704887206613
14109,0.7102069272056438,0.9594771349429017,-0.13141756361883955
7439,-0.6800721301667696,0.10375443511005612,0.35157646255091085
7724,-0.7048985419055627,-0.7294492463061355,1.3175645148904118
10269,-1.0524683062486662,-1.0334559949309623,0.8345704887206613
1056,-1.0524683062486662,-1.1235320685975776,0.8345704887206613
13159,-0.10906466017452843,-0.8645633568060586,-1.0974056159583405
4643,-0.6552457184279764,-0.3804044608480012,-0.13141756361883955
10850,-0.4069816010400455,-0.18899280430644366,0.35157646255091085
5405,1.1570823385039195,-0.03135967538986686,-1.5803996421280908
3995,-0.4318080127788386,-0.9771584488893277,-0.61441158978859
12179,-1.077294717987459,-0.5042590621395973,0.8345704887206613
7562,-1.077294717987459,-0.797006301556097,0.8345704887206613
9978,-0.8290306005995282,-0.17773329509811675,1.3175645148904118
10289,-1.077294717987459,-0.93212041205602,0.35157646255091085
9025,1.728089808496161,0.8356225336513056,-1.5803996421280908
12751,-1.077294717987459,-1.1685701054308852,0.35157646255091085
9558,1.032950279809954,0.19383050877667143,-1.0974056159583405
1270,-0.28284954234608,0.5991728402764404,0.8345704887206613
3322,-0.009759013219356063,-0.6506326818478472,-0.61441158978859
566,-0.9283362475547006,-0.16647378588978984,0.8345704887206613
13196,1.1570823385039195,-0.14395476747313599,-2.063393668297841
1989,-0.5559400714728041,0.3402041284849213,0.8345704887206613
1402,-1.077294717987459,-1.0897535409725967,1.3175645148904118
2473,-0.3573287775624594,-0.4479615160979627,0.35157646255091085
12023,-0.0594118366969423,-0.8758228660143854,-1.0974056159583405
14784,-0.6552457184279764,0.23886854560997908,0.8345704887206613
8999,0.06472022199702318,0.49783725740149815,-0.13141756361883955
8791,-1.0524683062486662,-1.1122725593892506,0.8345704887206613
4398,0.4371163980789196,-0.7181897370978086,-2.063393668297841
12203,1.231561573720299,1.6463071966508436,-1.0974056159583405
13265,0.784686162422023,1.049553208609517,-2.063393668297841
10981,-0.506287247995218,-0.8983418844310392,-0.13141756361883955
4105,0.2385051041685749,0.29516609165161367,-0.13141756361883955
12150,-1.0524683062486662,-0.6168541542228664,0.8345704887206613
14149,-0.8042041888607351,-0.5830756265978857,0.8345704887206613
10514,-0.5807664832115972,-0.6281136634311933,-0.13141756361883955
8136,-0.6304193066891834,-0.13269525826480907,0.8345704887206613
13015,0.6605541037280576,0.8919200796929401,-1.0974056159583405
9950,-0.7793777771219419,-0.3804044608480012,1.3175645148904118
5049,0.6109012802504713,-0.35788544243134734,-0.61441158978859
5859,-1.077294717987459,-1.1685701054308852,1.3175645148904118
3210,0.18885228069098867,-0.3015878963897128,-0.13141756361883955
7809,0.6853805154668505,1.2184458467344206,0.35157646255091085
4990,0.2385051041685749,0.4865777481931712,-0.13141756361883955
7200,-0.8538570123383212,-0.538037589764578,0.8345704887206613
13639,2.1749652197944367,1.984092472900651,-2.063393668297841
7001,-1.077294717987459,-0.93212041205602,1.3175645148904118
7645,-0.45663442451763175,-0.9771584488893277,-0.13141756361883955
7044,-1.077294717987459,-0.6393731726395202,1.3175645148904118
1226,2.199791631533229,2.0629090373589394,-2.063393668297841
10334,1.4549992793694364,1.3085219204010359,-2.063393668297841
3325,0.9336446328547815,-0.34662593322302043,-0.61441158978859
1562,0.983297456332368,0.9482176257345747,-1.0974056159583405
8604,-0.9531626592934936,-0.2115118227230975,0.8345704887206613
1087,-1.0524683062486662,-1.1798296146392122,0.8345704887206613
15155,0.7102069272056438,1.848978362400728,-0.13141756361883955
937,-0.5559400714728041,0.23886854560997908,0.8345704887206613
12637,0.7350333389444368,1.1058507546511516,-2.063393668297841
3474,0.9336446328547815,1.4774145585259397,-0.13141756361883955
10119,0.13919945721340263,0.13753296273503687,0.35157646255091085
13691,-1.077294717987459,-0.4254424976813089,0.8345704887206613
4073,-0.45663442451763175,-0.6055946450145395,-0.13141756361883955
4526,-0.506287247995218,0.3176851100682675,0.35157646255091085
9699,-0.0594118366969423,0.6892489139430557,-0.13141756361883955
15193,0.6109012802504713,1.7026047426924782,0.8345704887206613
4936,0.21367869242978188,0.9707366441512285,-0.13141756361883955
6844,-1.0524683062486662,-0.8195253199727509,0.8345704887206613
903,1.6536105732797814,1.9615734544839971,-1.0974056159583405
8651,0.5860748685116783,0.4865777481931712,-0.13141756361883955
10542,0.3626371628625404,-0.5943351358062126,-1.5803996421280908
14934,-1.077294717987459,-1.1573105962225583,1.3175645148904118
8725,-1.0524683062486662,-1.1235320685975776,0.35157646255091085
10050,0.11437304547460941,0.8919200796929401,0.35157646255091085
6480,0.33781075112374737,0.024937870651767717,0.8345704887206613
1659,0.784686162422023,1.3197814296093628,-0.61441158978859
7921,-1.077294717987459,-0.7519682647227893,1.3175645148904118
2807,-0.6552457184279764,-0.26780936876473205,-0.13141756361883955
8520,-1.077294717987459,-0.5492970989729049,0.8345704887206613
4671,-0.8538570123383212,-0.7857467923477701,0.8345704887206613
2760,-0.28284954234608,0.49783725740149815,-0.13141756361883955
4387,-0.18354389539090765,-0.9096013936393662,-0.13141756361883955
6385,1.4053464558918505,1.8039403255674202,0.35157646255091085
6723,2.6218406310927125,2.4569918596503815,-1.5803996421280908
1350,0.16402586895219565,0.20509001798499835,-0.13141756361883955
9554,0.5860748685116783,-0.16647378588978984,-0.61441158978859
14167,-0.20837030712970078,-0.4479615160979627,-1.5803996421280908
4972,-0.8042041888607351,-0.14395476747313599,0.8345704887206613
1624,1.4053464558918505,1.8039403255674202,-0.61441158978859
2025,-0.0594118366969423,0.7117679323597095,0.35157646255091085
4716,-1.077294717987459,-1.1798296146392122,1.3175645148904118
102,0.38746357460133357,0.6104323494847672,0.8345704887206613
3501,-0.8786834240771144,-0.16647378588978984,0.8345704887206613
2512,-1.077294717987459,-1.1460510870142313,0.8345704887206613
12715,0.7350333389444368,-0.24529035034807822,-0.61441158978859
7213,-0.08423824843573531,-0.2115118227230975,0.35157646255091085
11626,-1.077294717987459,-1.07849403176427,0.8345704887206613
12029,-1.077294717987459,-1.191089123847539,0.8345704887206613
251,-0.15871748365211455,0.05871639827674846,0.35157646255091085
736,-1.077294717987459,-1.191089123847539,0.8345704887206613
3948,-1.0028154827710798,-0.9433799212643469,0.8345704887206613
2614,1.032950279809954,-0.008840656973213026,-2.063393668297841
7781,0.18885228069098867,0.5991728402764404,0.35157646255091085
1493,0.5115956332952991,-0.538037589764578,-0.61441158978859
9819,0.561248456772885,-0.6168541542228664,-2.5463876944675916
2227,-0.258023130607287,-0.7294492463061355,-0.13141756361883955
7704,-1.077294717987459,-1.1122725593892506,0.8345704887206613
13994,1.1322559267651264,1.2297053559427475,-1.0974056159583405
3838,2.0260067493616774,2.1529851110255547,-1.5803996421280908
3334,0.8343389858996093,-0.2340308411397513,-1.5803996421280908
2344,2.6218406310927125,2.4682513688587084,-1.5803996421280908
12343,0.46194280981771285,-0.2340308411397513,-0.13141756361883955
10987,-0.7793777771219419,-0.9546394304726739,-0.13141756361883955
11818,-0.7545513653831489,0.0024188522351138884,0.35157646255091085
10163,0.8591653976384023,-0.27906887797305896,-0.61441158978859
1957,1.231561573720299,1.4999335769425937,-1.0974056159583405
12575,2.2246180432720224,2.265580203108824,-1.5803996421280908
12542,0.38746357460133357,0.8806605704846132,-0.61441158978859
7187,-0.3821551893012525,-0.04261918459819377,0.8345704887206613
11318,-0.5807664832115972,-1.0221964857226353,-1.5803996421280908
6829,0.809512574160816,0.5316157850264789,-0.61441158978859
3980,-0.18354389539090765,-0.8307848291810778,-0.61441158978859
2145,-1.077294717987459,-1.1347915778059046,-0.61441158978859
13171,0.21367869242978188,-0.7069302278894817,-1.5803996421280908
10506,-1.0276418945098729,-0.8645633568060586,0.35157646255091085
10126,-0.5559400714728041,-0.35788544243134734,-0.13141756361883955
11102,-0.48146083625642483,0.3402041284849213,-0.61441158978859
150,-0.9283362475547006,-0.12143574905648218,0.8345704887206613
9316,0.06472022199702318,0.8694010612762862,-0.13141756361883955
10354,-0.08423824843573531,0.5766538218597865,0.35157646255091085
3689,0.983297456332368,-0.36914495163967426,-1.0974056159583405
932,0.06472022199702318,0.7905844968179979,0.35157646255091085
12942,1.8770482789289193,2.0741685465672663,-1.0974056159583405
9559,-0.6552457184279764,-0.5718161173895587,0.35157646255091085
3043,1.8273954554513328,1.7363832703174589,-0.61441158978859
13178,-1.077294717987459,-1.1235320685975776,-0.61441158978859
12176,-1.077294717987459,-0.5267780805562511,1.3175645148904118
14752,1.6039577498021953,1.8264593439840742,-0.61441158978859
11520,0.9584710445935745,1.443636030900959,-1.0974056159583405
8460,-0.506287247995218,-0.5155185713479241,-0.61441158978859
10669,-1.077294717987459,-0.8195253199727509,0.8345704887206613
9526,-1.0276418945098729,-1.07849403176427,0.8345704887206613
11272,-0.9035098358159074,-0.9996774673059815,0.8345704887206613
8709,-1.0524683062486662,-1.067234522555943,1.3175645148904118
6908,-1.077294717987459,-1.1798296146392122,0.35157646255091085
6914,-0.7297249536443557,-1.055975013347616,0.8345704887206613
14757,0.08954663373581641,0.8356225336513056,0.35157646255091085
7760,-0.48146083625642483,-0.12143574905648218,0.8345704887206613
387,0.4867692215565058,-0.6506326818478472,-0.13141756361883955
7981,-0.8290306005995282,-0.9433799212643469,0.8345704887206613
14690,-1.077294717987459,-0.797006301556097,1.3175645148904118
7315,-0.8538570123383212,-1.067234522555943,-0.61441158978859
6983,1.032950279809954,-0.24529035034807822,-1.0974056159583405
6145,-0.3573287775624594,-0.673151700264501,0.35157646255091085
4010,-1.077294717987459,-1.202348633055866,0.8345704887206613
6955,-0.13389107191332153,-0.8420443383894047,-0.61441158978859
5196,0.8591653976384023,0.5316157850264789,-1.5803996421280908
3669,-0.9035098358159074,-1.067234522555943,0.35157646255091085
6389,-0.7297249536443557,0.14879247194336379,0.35157646255091085
11418,0.9584710445935745,0.8243630244429786,-1.0974056159583405
3297,0.6853805154668505,-0.6956707186811548,-1.5803996421280908
8686,-1.077294717987459,-0.9771584488893277,1.3175645148904118
3668,-0.8290306005995282,-1.044715504139289,0.35157646255091085
8309,-0.8538570123383212,-0.6506326818478472,0.8345704887206613
14715,-0.7297249536443557,-0.17773329509811675,0.8345704887206613
2312,0.6109012802504713,0.9932556625678823,0.8345704887206613
10460,-1.077294717987459,-0.6393731726395202,1.3175645148904118
10362,-0.7297249536443557,0.05871639827674846,0.8345704887206613
1606,0.3129843393849541,0.9932556625678823,-0.61441158978859
4397,0.7102069272056438,-0.673151700264501,-1.5803996421280908
9060,-1.077294717987459,-1.0334559949309623,1.3175645148904118
9355,1.057776691548747,1.2297053559427475,0.35157646255091085
3463,1.306040808936678,1.7476427795257858,0.35157646255091085
10302,-0.15871748365211455,-0.11017623984815525,0.35157646255091085
13514,-1.077294717987459,-1.191089123847539,0.35157646255091085
88,-1.077294717987459,-0.7407087555144625,1.3175645148904118
14484,-0.5559400714728041,-0.03135967538986686,1.3175645148904118
6499,1.1819087502427124,0.0024188522351138884,-1.0974056159583405
11674,-1.077294717987459,-1.202348633055866,1.3175645148904118
8233,-0.45663442451763175,0.37398265610990206,0.8345704887206613
4097,-1.0276418945098729,-0.7181897370978086,1.3175645148904118
12432,-1.077294717987459,-1.1798296146392122,0.8345704887206613
11604,-1.077294717987459,-0.9546394304726739,1.3175645148904118
2448,-1.077294717987459,-0.7857467923477701,0.8345704887206613
4638,1.256387985459092,0.7117679323597095,-1.5803996421280908
339,-1.077294717987459,-1.191089123847539,1.3175645148904118
6521,0.4371163980789196,-0.5492970989729049,-1.5803996421280908
9372,-0.7545513653831489,-0.2340308411397513,0.35157646255091085
7887,1.032950279809954,1.2972624111927091,-0.13141756361883955
9822,-0.5311136597340109,-0.9208609028476931,-0.61441158978859
9096,-0.03458542495814907,-0.8195253199727509,-1.0974056159583405
14664,1.1819087502427124,-0.008840656973213026,-2.5463876944675916
4040,-1.077294717987459,-1.1460510870142313,1.3175645148904118
15150,2.8204519250030566,3.031226829275054,-2.5463876944675916
5106,-1.077294717987459,-1.202348633055866,0.35157646255091085
9574,1.306040808936678,0.644210877109748,-0.61441158978859
764,-0.8042041888607351,-0.9433799212643469,0.8345704887206613
12349,-1.077294717987459,-1.044715504139289,1.3175645148904118
5613,1.7032633967573674,1.8151998347757472,-0.13141756361883955
12709,-1.0276418945098729,-0.93212041205602,-0.13141756361883955
15297,-0.7793777771219419,-0.8758228660143854,0.8345704887206613
2236,-0.10906466017452843,-0.5830756265978857,-0.61441158978859
1889,-1.077294717987459,-0.9208609028476931,1.3175645148904118
1799,-0.18354389539090765,-0.9096013936393662,-0.13141756361883955
15331,-1.077294717987459,-1.1573105962225583,1.3175645148904118
10162,-1.077294717987459,-1.055975013347616,1.3175645148904118
1720,0.11437304547460941,0.10375443511005612,-0.13141756361883955
12488,-1.077294717987459,-0.8758228660143854,0.8345704887206613
2813,-0.8042041888607351,-0.4592210253062896,0.8345704887206613
3684,-1.077294717987459,-1.1235320685975776,0.8345704887206613
3469,-0.0594118366969423,0.779324987609671,0.35157646255091085
511,1.1074295150263334,1.5449716137759013,0.35157646255091085
6177,-1.077294717987459,-1.1798296146392122,0.8345704887206613
6872,1.2067351619815054,-0.12143574905648218,-1.0974056159583405
4900,-1.0524683062486662,-0.34662593322302043,0.8345704887206613
99,-0.7545513653831489,-0.25654985955640514,0.8345704887206613
6237,-1.077294717987459,-1.1347915778059046,1.3175645148904118
7726,0.5115956332952991,-0.20025231351477057,0.35157646255091085
6050,0.8839918093771955,1.3197814296093628,-0.61441158978859
4955,-1.0276418945098729,-0.35788544243134734,0.8345704887206613
15149,2.8701047484806432,3.188859958191631,-2.063393668297841
7456,2.199791631533229,2.231801675483843,-1.0974056159583405
1935,0.4867692215565058,0.7680654784013441,-0.13141756361883955
379,-1.0524683062486662,-1.1460510870142313,0.8345704887206613
7234,-1.0524683062486662,-0.9884179580976545,1.3175645148904118
1533,-0.6055928949503904,-0.4254424976813089,0.35157646255091085
5363,0.3626371628625404,0.38524216531822897,0.35157646255091085
2559,-0.0594118366969423,-0.8870823752227124,-0.61441158978859
4659,0.4122899863401266,-0.03135967538986686,-0.61441158978859
2957,-1.077294717987459,-1.1010130501809237,1.3175645148904118
5071,0.08954663373581641,-0.7407087555144625,-1.0974056159583405
8796,0.4122899863401266,-0.5830756265978857,-0.13141756361883955
850,-0.7545513653831489,-0.07639771222317451,0.8345704887206613
5050,-0.13389107191332153,-0.6055946450145395,-0.13141756361883955
14945,0.2881579276461611,-0.797006301556097,-2.063393668297841
4618,0.015067398519437164,0.4302802021515366,-0.61441158978859
8950,-0.30767595408487314,0.5653943126514596,0.35157646255091085
6584,-1.077294717987459,-1.1798296146392122,1.3175645148904118
5344,0.4122899863401266,0.7568059691930171,0.35157646255091085
6444,0.46194280981771285,0.7230274415680364,0.35157646255091085
7728,0.06472022199702318,-0.34662593322302043,-0.13141756361883955
5267,-1.0524683062486662,-0.34662593322302043,0.35157646255091085
8198,-0.6055928949503904,0.28390658244328676,0.8345704887206613
14095,0.5860748685116783,1.049553208609517,0.35157646255091085
15036,0.784686162422023,0.20509001798499835,-1.0974056159583405
6562,-1.077294717987459,-1.202348633055866,1.3175645148904118
1953,0.7102069272056438,1.1396292822761322,-0.13141756361883955
7063,0.9584710445935745,1.2522243743594015,-0.13141756361883955
12944,2.398402925443574,2.378175295192093,-2.063393668297841
14845,1.6784369850185743,1.3985979940676512,-1.5803996421280908
12836,0.5115956332952991,-0.26780936876473205,-1.0974056159583405
3559,1.1819087502427124,0.35146363769324823,-1.5803996421280908
47,-1.077294717987459,-1.044715504139289,1.3175645148904118
7571,-0.08423824843573531,-0.11017623984815525,-0.13141756361883955
10895,0.11437304547460941,-0.5267780805562511,-0.61441158978859
2154,-0.20837030712970078,-0.8420443383894047,-1.0974056159583405
4935,2.249444455010816,2.265580203108824,-1.0974056159583405
4100,-0.5807664832115972,-0.29032838718138587,0.35157646255091085
13580,0.5860748685116783,0.11501394431838304,-0.13141756361883955
11802,2.0756595728392635,1.7589022887341126,-2.5463876944675916
7652,0.015067398519437164,-0.8870823752227124,-0.61441158978859
14203,-1.077294717987459,-1.1460510870142313,1.3175645148904118
9808,-0.6552457184279764,-0.8758228660143854,0.35157646255091085
6759,-0.6552457184279764,0.22760903640165217,0.8345704887206613
9826,-1.0276418945098729,-1.1235320685975776,-0.61441158978859
4561,0.5860748685116783,1.2634838835677282,0.35157646255091085
6351,-1.077294717987459,-0.4367020068896358,1.3175645148904118
8499,-0.30767595408487314,0.0924949259017292,-0.13141756361883955
3371,0.5115956332952991,0.3965016745265559,-0.13141756361883955
5651,2.4232293371823674,2.4119538228170736,-0.61441158978859
12085,0.9336446328547815,-0.4254424976813089,-2.5463876944675916
10656,0.6853805154668505,0.11501394431838304,-1.0974056159583405
3643,-1.0028154827710798,-1.1573105962225583,0.8345704887206613
1310,0.13919945721340263,0.7455464599846903,0.35157646255091085
14062,2.050833161100471,-0.8758228660143854,-1.0974056159583405
10208,-1.077294717987459,-1.202348633055866,0.8345704887206613
5437,-0.258023130607287,-0.8307848291810778,-0.61441158978859
2943,-1.077294717987459,-1.1573105962225583,1.3175645148904118
8657,-0.5807664832115972,-0.27906887797305896,0.8345704887206613
12514,1.3805200441530574,1.049553208609517,-2.063393668297841
13375,0.2385051041685749,0.6892489139430557,0.8345704887206613
476,1.8273954554513328,1.578750141400882,-0.61441158978859
6933,-1.0524683062486662,-1.1798296146392122,-0.13141756361883955
10588,-1.0524683062486662,-1.1798296146392122,1.3175645148904118
11734,-0.28284954234608,-0.6281136634311933,-0.61441158978859
411,-1.077294717987459,-1.055975013347616,0.35157646255091085
13091,0.21367869242978188,-0.5492970989729049,-0.61441158978859
4414,-0.7793777771219419,-0.9433799212643469,-0.13141756361883955
9901,0.9336446328547815,-0.3353664240146935,-1.5803996421280908
8582,0.015067398519437164,0.8356225336513056,0.8345704887206613
10997,-1.077294717987459,-1.0897535409725967,0.8345704887206613
5318,-0.9779890710322867,-0.25654985955640514,0.8345704887206613
11319,-0.15871748365211455,-0.9208609028476931,-1.5803996421280908
4442,-0.6552457184279764,-0.5943351358062126,0.35157646255091085
10510,0.2881579276461611,-0.18899280430644366,-0.61441158978859
15283,-0.18354389539090765,-0.5267780805562511,-2.063393668297841
13935,-1.077294717987459,-0.9996774673059815,1.3175645148904118
8045,-1.077294717987459,-1.1798296146392122,0.8345704887206613
8408,-1.077294717987459,-1.191089123847539,1.3175645148904118
13360,1.4301728676306433,1.601269159817536,-1.5803996421280908
10424,0.561248456772885,1.173407809901113,-0.61441158978859
2140,0.561248456772885,-0.538037589764578,-0.13141756361883955
1805,-0.8042041888607351,-1.07849403176427,0.35157646255091085
9270,2.44805574892116,2.288099221525478,-2.063393668297841
15047,0.5860748685116783,0.28390658244328676,0.35157646255091085
8948,-0.7048985419055627,0.1713114903600176,0.8345704887206613
1254,1.80256904371254,2.0291305097339585,-0.61441158978859
5838,-0.7545513653831489,-1.067234522555943,0.8345704887206613
5804,-1.0276418945098729,-1.1122725593892506,0.8345704887206613
1061,-0.7048985419055627,-0.9996774673059815,0.35157646255091085
9097,0.5364220450340921,-0.6956707186811548,-0.61441158978859
9515,-0.3821551893012525,-0.8983418844310392,-0.61441158978859
4329,0.33781075112374737,-0.5605566081812319,-1.0974056159583405
1213,2.0756595728392635,1.8039403255674202,-1.0974056159583405
2546,-1.0524683062486662,-1.1798296146392122,0.8345704887206613
8587,-0.258023130607287,0.5991728402764404,0.8345704887206613
9505,-1.077294717987459,-1.1798296146392122,0.35157646255091085
4881,1.6287841615409884,1.7701617979424396,-1.5803996421280908
4901,-0.10906466017452843,0.7230274415680364,0.8345704887206613
3678,-0.18354389539090765,-0.7857467923477701,-0.61441158978859
7586,-0.6552457184279764,-0.6055946450145395,0.8345704887206613
13626,-1.077294717987459,-0.5830756265978857,1.3175645148904118
3919,-0.4318080127788386,-0.3015878963897128,0.8345704887206613
5186,-0.45663442451763175,-0.3241069148063666,-0.61441158978859
3941,-0.08423824843573531,-0.41418298847298196,0.35157646255091085
9910,-0.8290306005995282,-0.8533038475977316,-0.13141756361883955
4469,0.6109012802504713,0.4865777481931712,0.35157646255091085
2232,0.4867692215565058,-0.4479615160979627,-0.13141756361883955
6066,2.1253123963168505,1.8377188531924011,-1.5803996421280908
6860,-0.03458542495814907,-0.34662593322302043,-0.13141756361883955
6920,0.5364220450340921,-0.7857467923477701,-0.61441158978859
9864,-1.077294717987459,-1.191089123847539,1.3175645148904118
2254,-0.20837030712970078,-0.3241069148063666,-1.0974056159583405
3260,-1.077294717987459,-1.191089123847539,1.3175645148904118
3111,1.4301728676306433,1.7814213071507665,-0.61441158978859
3889,-0.8290306005995282,-0.26780936876473205,1.3175645148904118
4115,1.4053464558918505,1.0945912454428246,-1.0974056159583405
7087,-0.009759013219356063,0.7568059691930171,0.8345704887206613
10781,0.2881579276461611,1.027034190192863,0.35157646255091085
11755,-0.13389107191332153,-0.2115118227230975,-0.13141756361883955
7890,-0.3821551893012525,0.29516609165161367,0.35157646255091085
149,-0.6552457184279764,0.19383050877667143,0.8345704887206613
6421,0.9584710445935745,1.3085219204010359,-0.13141756361883955
10043,1.7777426319737468,2.0178710005256315,-2.5463876944675916
6605,-1.077294717987459,-1.1235320685975776,1.3175645148904118
1119,-0.6552457184279764,-0.9433799212643469,0.35157646255091085
15085,2.0260067493616774,2.1192065834005738,-2.5463876944675916
11160,0.015067398519437164,0.7455464599846903,-0.13141756361883955
2021,-0.9531626592934936,-0.17773329509811675,0.8345704887206613
12508,-0.0594118366969423,0.14879247194336379,-0.61441158978859
13743,1.9515275141452983,1.6350476874425166,-2.063393668297841
9305,-1.0276418945098729,-0.26780936876473205,0.8345704887206613
3087,-0.03458542495814907,0.8131035152346517,0.35157646255091085
14020,2.0756595728392635,2.0966875649839203,-1.0974056159583405
4874,0.8839918093771955,1.2409648651510745,0.35157646255091085
13790,1.47982569110823,0.37398265610990206,-2.5463876944675916
9296,1.80256904371254,2.0516495281506124,0.35157646255091085
169,1.3556936324142643,1.7814213071507665,-2.063393668297841
5163,0.06472022199702318,-0.4592210253062896,-0.13141756361883955
15339,-0.9779890710322867,-1.0897535409725967,0.35157646255091085
4315,0.2385051041685749,-0.41418298847298196,-0.61441158978859
3077,-1.077294717987459,-0.4367020068896358,0.8345704887206613
14515,0.784686162422023,0.22760903640165217,-1.0974056159583405
1655,0.983297456332368,1.4774145585259397,-2.063393668297841
6672,1.3556936324142643,1.0720722270261707,-0.13141756361883955
13166,-0.4069816010400455,-0.9096013936393662,-0.61441158978859
13127,0.2385051041685749,-0.8420443383894047,-1.5803996421280908
11705,0.38746357460133357,-0.7181897370978086,-1.0974056159583405
1617,1.9763539258840919,2.1304660926089007,-0.61441158978859
5900,1.2812143971978849,0.05871639827674846,-1.5803996421280908
12858,1.6784369850185743,0.7342869507763633,-2.5463876944675916
925,0.4867692215565058,1.1396292822761322,0.35157646255091085
13752,1.9267011024065053,1.466155049317613,-1.5803996421280908
6133,-1.077294717987459,-0.9996774673059815,0.35157646255091085
6302,1.7032633967573674,1.173407809901113,-2.063393668297841
13527,-0.8042041888607351,-1.044715504139289,-0.61441158978859
9963,0.2881579276461611,0.5316157850264789,-0.61441158978859
9371,0.6109012802504713,0.7342869507763633,-0.13141756361883955
3902,1.47982569110823,0.9369581165262478,-2.063393668297841
12664,-0.03458542495814907,0.20509001798499835,-1.5803996421280908
14279,-0.8042041888607351,-0.9433799212643469,0.35157646255091085
14118,1.231561573720299,1.1058507546511516,-1.0974056159583405
3658,-0.08423824843573531,-0.8870823752227124,0.35157646255091085
4149,-0.13389107191332153,0.5653943126514596,0.35157646255091085
351,-1.0028154827710798,-1.1573105962225583,-0.13141756361883955
11668,-0.18354389539090765,-0.93212041205602,-0.61441158978859
10130,1.1322559267651264,0.4077611837348828,-1.5803996421280908
8764,-1.077294717987459,-1.202348633055866,1.3175645148904118
10062,1.5046521028470228,1.7589022887341126,-0.61441158978859
11903,-0.8290306005995282,-0.11017623984815525,0.35157646255091085
8109,-0.3573287775624594,-0.25654985955640514,0.8345704887206613
8156,-1.077294717987459,-0.538037589764578,0.8345704887206613
9673,0.33781075112374737,1.0945912454428246,0.8345704887206613
12576,0.06472022199702318,0.8694010612762862,-0.13141756361883955
14253,-1.077294717987459,-1.1798296146392122,1.3175645148904118
12697,1.2812143971978849,0.26138756402663293,-0.61441158978859
6661,1.728089808496161,1.027034190192863,-1.5803996421280908
3422,1.032950279809954,1.421117012484305,-1.5803996421280908
9584,-1.077294717987459,-0.7519682647227893,1.3175645148904118
10945,-0.6055928949503904,-1.0334559949309623,-0.61441158978859
8159,1.554304926324609,1.601269159817536,-0.61441158978859
10777,1.231561573720299,1.6800857242758243,-0.61441158978859
15188,1.554304926324609,2.0966875649839203,-0.61441158978859
4866,-0.258023130607287,0.35146363769324823,0.8345704887206613
14932,-1.077294717987459,-1.1460510870142313,0.35157646255091085
8797,-0.20837030712970078,-0.7519682647227893,-0.13141756361883955
7379,1.231561573720299,0.5428752942348057,-0.13141756361883955
8710,-1.077294717987459,-1.1010130501809237,0.8345704887206613
9742,0.7350333389444368,0.644210877109748,0.35157646255091085
6216,-1.077294717987459,-1.191089123847539,0.8345704887206613
5340,0.06472022199702318,0.5766538218597865,0.35157646255091085
542,0.2881579276461611,1.060812717817844,0.35157646255091085
5967,2.2742708667496085,2.006611491317305,-1.5803996421280908
914,0.983297456332368,1.5224525953592474,0.35157646255091085
907,-1.0524683062486662,-0.3353664240146935,0.8345704887206613
4246,1.1570823385039195,1.2297053559427475,-0.13141756361883955
4062,-1.077294717987459,-1.067234522555943,1.3175645148904118
7046,-1.077294717987459,-0.6168541542228664,1.3175645148904118
10923,-0.9035098358159074,-1.067234522555943,0.8345704887206613
14732,-0.6055928949503904,0.0924949259017292,0.8345704887206613
3527,-0.30767595408487314,0.14879247194336379,0.35157646255091085
2337,0.38746357460133357,1.049553208609517,0.35157646255091085
4625,1.9267011024065053,1.3760789756509975,-2.5463876944675916
6224,-1.0524683062486662,-1.1460510870142313,0.8345704887206613
1598,0.13919945721340263,0.8243630244429786,0.8345704887206613
5459,-1.077294717987459,-1.202348633055866,0.8345704887206613
3800,2.5970142193539187,2.4457323504420545,-2.063393668297841
10474,-0.6552457184279764,-0.24529035034807822,-0.13141756361883955
9320,-0.3821551893012525,0.47531823898484427,0.35157646255091085
10543,-1.0524683062486662,-1.1010130501809237,0.35157646255091085
5397,0.015067398519437164,-0.3015878963897128,0.8345704887206613
1107,-0.8042041888607351,-1.055975013347616,-0.61441158978859
15086,2.5721878076151254,2.265580203108824,-1.5803996421280908
8603,0.4867692215565058,1.0945912454428246,0.35157646255091085
1086,-1.077294717987459,-1.202348633055866,0.8345704887206613
8247,1.2812143971978849,1.5224525953592474,-0.13141756361883955
5479,0.3626371628625404,-0.8082658107644239,-0.61441158978859
10689,-0.0594118366969423,0.26138756402663293,-0.61441158978859
2183,-1.077294717987459,-1.202348633055866,1.3175645148904118
6192,-1.077294717987459,-1.202348633055866,1.3175645148904118
895,2.100485984578057,2.220542166275516,-1.5803996421280908
3366,-0.9779890710322867,-0.661892191056174,0.8345704887206613
10884,-0.8290306005995282,-0.8082658107644239,-0.13141756361883955
7665,-0.9779890710322867,-1.1460510870142313,-0.13141756361883955
3207,0.5115956332952991,-0.14395476747313599,-0.13141756361883955
7785,-0.8042041888607351,-0.16647378588978984,0.8345704887206613
4170,0.6109012802504713,1.2522243743594015,0.35157646255091085
12424,-1.077294717987459,-1.191089123847539,0.8345704887206613
15273,-0.8538570123383212,-0.797006301556097,-2.063393668297841
14901,0.5860748685116783,-0.2115118227230975,-1.0974056159583405
11751,-0.9531626592934936,-0.7744872831394432,1.3175645148904118
13480,-0.7297249536443557,-1.0109369765143084,-0.61441158978859
8254,-0.7545513653831489,-0.04261918459819377,0.8345704887206613
2864,0.33781075112374737,-0.5155185713479241,-0.13141756361883955
4768,0.33781075112374737,-0.6956707186811548,-1.0974056159583405
9743,0.8591653976384023,0.6892489139430557,0.35157646255091085
4902,1.9515275141452983,2.107947074192247,-0.13141756361883955
8573,-0.6304193066891834,0.26138756402663293,0.8345704887206613
3623,-1.077294717987459,-1.191089123847539,1.3175645148904118
2771,-1.0524683062486662,-0.4479615160979627,1.3175645148904118
11385,0.16402586895219565,-0.14395476747313599,-0.61441158978859
15055,-0.5559400714728041,0.12627345352670993,-0.13141756361883955
9629,0.6357276919892645,1.1283697730678053,0.8345704887206613
4341,-0.30767595408487314,-0.8420443383894047,-0.61441158978859
13602,0.33781075112374737,0.36272314690157514,-0.61441158978859
6850,-0.08423824843573531,-0.2340308411397513,0.35157646255091085
15206,0.21367869242978188,0.7117679323597095,0.8345704887206613
4639,0.2881579276461611,0.23886854560997908,0.8345704887206613
13944,0.18885228069098867,-0.09891673063982834,-0.13141756361883955
1547,0.75985975068323,0.5653943126514596,-1.0974056159583405
4110,0.46194280981771285,0.49783725740149815,-0.13141756361883955
13361,0.75985975068323,1.18466731910944,-1.5803996421280908
10804,-1.077294717987459,-0.5267780805562511,0.35157646255091085
4705,-1.077294717987459,-1.1460510870142313,0.8345704887206613
11219,-0.48146083625642483,-0.26780936876473205,0.35157646255091085
4985,1.1322559267651264,1.0720722270261707,0.35157646255091085
6325,0.26333151590736814,0.7117679323597095,-0.13141756361883955
8138,0.983297456332368,0.9594771349429017,0.35157646255091085
7654,0.21367869242978188,-0.8533038475977316,0.35157646255091085
6977,0.38746357460133357,-0.5155185713479241,-0.13141756361883955
9981,-0.4069816010400455,0.23886854560997908,0.8345704887206613
5794,-1.077294717987459,-1.1235320685975776,1.3175645148904118
7463,1.80256904371254,2.0291305097339585,-0.61441158978859
5194,-0.13389107191332153,-0.03135967538986686,0.35157646255091085
15257,-0.7297249536443557,-0.4254424976813089,-1.0974056159583405
11194,0.2881579276461611,0.5991728402764404,-1.5803996421280908
9238,1.2812143971978849,1.2071863375260936,0.35157646255091085
1326,1.1570823385039195,1.1959268283177669,-1.5803996421280908
4274,0.11437304547460941,0.14879247194336379,-0.61441158978859
12596,0.16402586895219565,0.9594771349429017,-0.13141756361883955
6994,-0.5807664832115972,-0.673151700264501,0.8345704887206613
7969,0.4867692215565058,-0.36914495163967426,-0.61441158978859
10191,-0.9779890710322867,-1.1010130501809237,-0.13141756361883955
2519,0.11437304547460941,-0.7632277739311163,0.35157646255091085
1475,-0.9779890710322867,-1.1122725593892506,0.8345704887206613
2683,-0.08423824843573531,0.5653943126514596,0.8345704887206613
7702,0.6357276919892645,-0.5042590621395973,-0.61441158978859
9263,-1.077294717987459,-0.48174004372294343,0.8345704887206613
6843,0.561248456772885,0.1713114903600176,-0.13141756361883955
8663,-1.0028154827710798,-0.6956707186811548,0.8345704887206613
6422,0.13919945721340263,0.7568059691930171,-0.13141756361883955
2906,0.33781075112374737,-0.8307848291810778,-1.0974056159583405
1611,0.5364220450340921,1.18466731910944,0.35157646255091085
13842,-1.077294717987459,-1.1685701054308852,0.8345704887206613
15056,1.6039577498021953,1.2409648651510745,-1.5803996421280908
5921,0.8591653976384023,0.44153971135986353,-0.61441158978859
10502,-0.6055928949503904,-0.5042590621395973,-0.13141756361883955
7013,-1.077294717987459,-0.8533038475977316,1.3175645148904118
884,1.9763539258840919,2.1192065834005738,-1.0974056159583405
12850,0.5364220450340921,0.0924949259017292,-1.5803996421280908
8054,-1.077294717987459,-1.1573105962225583,0.35157646255091085
9611,-1.0276418945098729,-0.4592210253062896,1.3175645148904118
735,0.33781075112374737,-0.797006301556097,-1.0974056159583405
9349,2.1749652197944367,1.9277949268590164,-1.0974056159583405
15088,2.44805574892116,2.220542166275516,-0.61441158978859
758,-1.077294717987459,-1.1347915778059046,1.3175645148904118
1393,-0.5559400714728041,-0.7181897370978086,0.8345704887206613
8546,-0.23319671886849389,0.5653943126514596,0.35157646255091085
2357,1.6536105732797814,1.9615734544839971,-1.0974056159583405
12158,0.6853805154668505,0.8356225336513056,-1.0974056159583405
2498,0.8839918093771955,-0.34662593322302043,-1.0974056159583405
2150,-0.30767595408487314,-0.8533038475977316,-0.13141756361883955
10171,0.5364220450340921,-0.48174004372294343,-2.5463876944675916
7828,1.7529162202349537,2.006611491317305,-0.13141756361883955
3289,-0.45663442451763175,-0.9771584488893277,-0.61441158978859
1489,-0.7545513653831489,-0.9546394304726739,-0.61441158978859
7307,-0.4069816010400455,-0.9658989396810007,0.35157646255091085
5920,0.38746357460133357,0.19383050877667143,-0.13141756361883955
12202,1.1322559267651264,1.578750141400882,-2.063393668297841
11188,1.9763539258840919,1.6350476874425166,-2.5463876944675916
293,-0.15871748365211455,-0.5042590621395973,-0.61441158978859
2726,2.4728821606599536,2.4344728412337275,-1.5803996421280908
8986,2.150138808055643,1.8827568900257088,-2.5463876944675916
11997,-1.0028154827710798,-1.0334559949309623,0.8345704887206613
3898,0.75985975068323,0.655470386318075,-0.61441158978859
5271,2.348750101965988,-1.600072495240129e-16,-0.61441158978859
14983,-0.8538570123383212,-1.0221964857226353,-1.0974056159583405
487,-1.0028154827710798,-0.35788544243134734,0.35157646255091085
290,1.2812143971978849,0.024937870651767717,-1.0974056159583405
3169,0.11437304547460941,0.27264707323495985,-0.13141756361883955
12531,2.100485984578057,1.7363832703174589,-1.5803996421280908
8145,-0.20837030712970078,0.29516609165161367,-0.13141756361883955
101,0.11437304547460941,0.4190206929432097,-0.13141756361883955
8380,-0.5807664832115972,-1.0221964857226353,-1.0974056159583405
9464,0.3129843393849541,-0.7519682647227893,-0.13141756361883955
1323,-0.9035098358159074,-0.27906887797305896,0.8345704887206613
3509,-0.45663442451763175,0.20509001798499835,0.35157646255091085
8944,1.5294785145858159,1.8827568900257088,-0.61441158978859
14505,-0.0594118366969423,-0.008840656973213026,0.35157646255091085
14967,-0.5807664832115972,-1.0221964857226353,-0.13141756361883955
9129,-1.077294717987459,-1.202348633055866,1.3175645148904118
8679,0.8839918093771955,0.12627345352670993,0.35157646255091085
286,0.2385051041685749,-0.25654985955640514,-0.13141756361883955
13930,-0.5311136597340109,-0.6844112094728279,0.35157646255091085
14984,-0.13389107191332153,-0.8533038475977316,-1.0974056159583405
3341,-0.48146083625642483,-0.6281136634311933,-0.13141756361883955
9285,0.18885228069098867,0.9594771349429017,0.35157646255091085
10365,0.9088182211159885,1.3648194664426705,-1.5803996421280908
4292,0.3129843393849541,-0.04261918459819377,0.8345704887206613
12901,-0.4318080127788386,0.20509001798499835,0.35157646255091085
14155,0.5364220450340921,0.03619737986009463,-1.0974056159583405
11320,-1.077294717987459,-1.202348633055866,1.3175645148904118
6664,1.7777426319737468,1.1171102638594783,-2.063393668297841
11323,0.5115956332952991,-0.7857467923477701,-1.5803996421280908
11630,-0.20837030712970078,-0.6844112094728279,0.35157646255091085
4462,0.7102069272056438,0.4077611837348828,-0.13141756361883955
13899,0.4867692215565058,-0.673151700264501,-2.5463876944675916
6247,0.561248456772885,-0.4479615160979627,-0.61441158978859
4486,0.3129843393849541,0.5766538218597865,0.35157646255091085
12708,0.5115956332952991,-0.20025231351477057,-0.61441158978859
5146,-0.009759013219356063,-0.6844112094728279,-0.13141756361883955
13232,0.33781075112374737,0.28390658244328676,-1.5803996421280908
4245,1.9267011024065053,1.6575667058591705,-1.0974056159583405
13859,0.08954663373581641,-0.8758228660143854,-1.5803996421280908
15194,0.46194280981771285,1.2747433927760552,-1.5803996421280908
3910,-0.9779890710322867,-0.6281136634311933,0.8345704887206613
5736,-1.077294717987459,-0.797006301556097,1.3175645148904118
4999,0.08954663373581641,0.20509001798499835,-0.61441158978859
15124,2.7459726897866776,3.1100433937333425,-2.063393668297841
10770,-0.20837030712970078,0.655470386318075,0.8345704887206613
13740,0.015067398519437164,0.5428752942348057,-0.13141756361883955
357,-1.077294717987459,-1.202348633055866,0.35157646255091085
9711,1.6536105732797814,1.7026047426924782,-0.13141756361883955
11518,-0.009759013219356063,0.7680654784013441,0.35157646255091085
1962,-1.0276418945098729,-0.3353664240146935,0.8345704887206613
6473,0.015067398519437164,-0.03135967538986686,-0.13141756361883955
5349,1.5046521028470228,1.3085219204010359,-0.61441158978859
5155,-1.077294717987459,-1.07849403176427,1.3175645148904118
4229,0.9088182211159885,1.2860029019843822,-0.61441158978859
2701,-1.0276418945098729,-0.3015878963897128,0.35157646255091085
8446,1.032950279809954,-0.2115118227230975,-1.0974056159583405
7759,-1.077294717987459,-0.7407087555144625,1.3175645148904118
836,1.7529162202349537,1.432376521692632,-1.0974056159583405
1163,-0.33250236582366627,-0.3241069148063666,0.8345704887206613
11133,0.5115956332952991,1.2184458467344206,-1.0974056159583405
8086,0.18885228069098867,-0.40292347926465505,-0.13141756361883955
6820,-1.077294717987459,-0.7181897370978086,0.8345704887206613
1744,0.4867692215565058,-0.11017623984815525,-0.61441158978859
5657,2.7707991015254705,2.592105970150304,-2.063393668297841
12918,1.6287841615409884,1.7701617979424396,-1.5803996421280908
15326,-0.8042041888607351,-1.055975013347616,-1.0974056159583405
12284,1.6536105732797814,1.454895540109286,-2.063393668297841
9381,0.7102069272056438,0.5541348034431327,-0.13141756361883955
5140,-1.077294717987459,-1.1347915778059046,1.3175645148904118
9045,0.4371163980789196,-0.0651382030148476,-0.13141756361883955
6369,2.6218406310927125,2.502029896483689,-1.5803996421280908
10746,-1.077294717987459,-0.4367020068896358,1.3175645148904118
4189,-0.10906466017452843,0.7455464599846903,0.35157646255091085
10722,-0.20837030712970078,0.49783725740149815,-1.0974056159583405
8459,0.38746357460133357,-0.2227713319314244,-0.61441158978859
9159,0.983297456332368,-0.4704805345146165,-2.063393668297841
9509,0.3626371628625404,-0.7519682647227893,-0.61441158978859
6510,0.03989381025823017,-0.5267780805562511,0.35157646255091085
12485,-1.077294717987459,-0.8983418844310392,1.3175645148904118
15226,-0.6055928949503904,0.26138756402663293,-0.13141756361883955
11316,-0.5807664832115972,-1.0221964857226353,-0.13141756361883955
1006,-0.8786834240771144,-0.6956707186811548,0.35157646255091085
4747,-1.077294717987459,-1.191089123847539,1.3175645148904118
13147,-0.258023130607287,-0.9433799212643469,-2.063393668297841
15060,2.299097278488402,1.443636030900959,-1.5803996421280908
1984,0.06472022199702318,0.8806605704846132,0.8345704887206613
828,-0.30767595408487314,0.08123541669340228,0.35157646255091085
13826,-0.6304193066891834,-0.8758228660143854,-0.13141756361883955
8348,0.5115956332952991,-0.5267780805562511,-0.61441158978859
6461,-0.0594118366969423,0.10375443511005612,-0.13141756361883955
5853,-1.0524683062486662,-1.1573105962225583,0.8345704887206613
11273,-0.6800721301667696,-0.9096013936393662,-0.13141756361883955
12318,1.306040808936678,0.5428752942348057,-2.063393668297841
13425,0.9336446328547815,0.18257099956834452,-1.0974056159583405
5826,-0.23319671886849389,-0.9433799212643469,-0.13141756361883955
13481,-1.077294717987459,-1.1685701054308852,0.8345704887206613
7782,0.6357276919892645,0.903179588901267,0.35157646255091085
5205,0.6853805154668505,0.6104323494847672,-1.0974056159583405
2380,1.7777426319737468,1.9953519821089778,-0.61441158978859
15216,-0.18354389539090765,0.644210877109748,0.8345704887206613
4087,-0.3821551893012525,-0.3241069148063666,0.8345704887206613
1123,-1.077294717987459,-1.1347915778059046,0.35157646255091085
11942,0.5364220450340921,0.3965016745265559,-0.61441158978859
3827,2.348750101965988,2.366915785983766,-1.0974056159583405
8598,0.8839918093771955,1.3873384848593244,-0.13141756361883955
1747,0.46194280981771285,-0.17773329509811675,-0.61441158978859
304,-0.18354389539090765,-0.6393731726395202,-0.61441158978859
11143,0.75985975068323,1.3648194664426705,-0.61441158978859
9525,-0.9779890710322867,-1.055975013347616,0.35157646255091085
6927,-1.077294717987459,-1.202348633055866,1.3175645148904118
4441,-0.18354389539090765,-0.4479615160979627,0.35157646255091085
2009,0.561248456772885,1.2409648651510745,-0.13141756361883955
6440,1.9515275141452983,1.601269159817536,-2.063393668297841
7556,0.983297456332368,0.6667298955264018,-0.13141756361883955
7831,2.150138808055643,2.24306118469217,-0.13141756361883955
10628,0.4122899863401266,-0.5155185713479241,-1.0974056159583405
3063,-0.4318080127788386,0.37398265610990206,0.35157646255091085
11741,-1.077294717987459,-1.0109369765143084,1.3175645148904118
8873,2.050833161100471,1.6237881782341896,-2.5463876944675916
11715,-1.0276418945098729,-1.0897535409725967,1.3175645148904118
13370,-0.8538570123383212,-0.17773329509811675,0.8345704887206613
8881,-0.08423824843573531,0.45279922056819044,0.35157646255091085
14375,0.3626371628625404,0.9256986073179209,-0.61441158978859
14578,0.13919945721340263,-0.797006301556097,-2.063393668297841
1010,0.75985975068323,0.05871639827674846,-0.61441158978859
8589,-1.077294717987459,-0.4479615160979627,1.3175645148904118
7484,-1.077294717987459,-0.4254424976813089,1.3175645148904118
4622,-0.33250236582366627,0.13753296273503687,0.35157646255091085
13459,-1.0524683062486662,-1.067234522555943,0.35157646255091085
4119,-0.0594118366969423,0.3064256008599406,0.8345704887206613
3745,0.4122899863401266,0.47531823898484427,0.35157646255091085
7660,-1.077294717987459,-1.202348633055866,1.3175645148904118
6271,-1.077294717987459,-0.93212041205602,1.3175645148904118
10990,-1.077294717987459,-1.1122725593892506,1.3175645148904118
5129,-1.077294717987459,-1.1685701054308852,0.8345704887206613
1522,-0.30767595408487314,-0.3804044608480012,0.35157646255091085
2919,-1.0524683062486662,-1.1798296146392122,0.8345704887206613
2189,-1.0524683062486662,-1.1798296146392122,0.8345704887206613
14783,-0.8290306005995282,0.03619737986009463,0.35157646255091085
11885,-0.7545513653831489,0.06997590748507537,1.3175645148904118
7417,-1.077294717987459,-0.5830756265978857,1.3175645148904118
5787,-1.077294717987459,-1.1010130501809237,1.3175645148904118
10766,1.6536105732797814,1.9615734544839971,-1.5803996421280908
6618,0.03989381025823017,-0.5492970989729049,-0.13141756361883955
9527,-0.5807664832115972,-0.8758228660143854,-0.13141756361883955
5719,0.16402586895219565,0.46405872977651735,-0.13141756361883955
14230,-1.077294717987459,-1.202348633055866,0.35157646255091085
5483,-0.8290306005995282,-1.07849403176427,0.8345704887206613
7965,-1.0028154827710798,-0.9433799212643469,0.35157646255091085
1453,-1.077294717987459,-1.202348633055866,1.3175645148904118
8014,-0.8538570123383212,-1.1010130501809237,0.8345704887206613
10085,-0.7545513653831489,-0.07639771222317451,0.35157646255091085
11978,1.008123868071161,-0.05387869380652068,-0.61441158978859
14480,0.4867692215565058,0.7342869507763633,-0.61441158978859
2267,-0.5311136597340109,-0.3353664240146935,-0.13141756361883955
9303,0.983297456332368,1.5449716137759013,-0.13141756361883955
3011,-1.0524683062486662,-0.673151700264501,0.8345704887206613
11408,-0.9035098358159074,-0.5267780805562511,0.8345704887206613
13893,-0.9035098358159074,-1.07849403176427,-0.61441158978859
10497,-1.0524683062486662,-0.8307848291810778,0.8345704887206613
1320,-0.6800721301667696,-0.008840656973213026,0.35157646255091085
5893,-1.077294717987459,-1.0334559949309623,0.8345704887206613
4220,1.7777426319737468,1.8940163992340358,-2.063393668297841
12830,1.008123868071161,-0.20025231351477057,-2.063393668297841
10909,-1.077294717987459,-1.1347915778059046,0.8345704887206613
10943,0.46194280981771285,-0.8082658107644239,-1.0974056159583405
8377,0.5364220450340921,-0.7744872831394432,-0.61441158978859
2798,-1.0524683062486662,-0.6055946450145395,0.8345704887206613
14813,2.199791631533229,2.1192065834005738,-2.5463876944675916
2308,-0.6800721301667696,-0.03135967538986686,0.35157646255091085
6728,1.032950279809954,1.5449716137759013,-0.13141756361883955
6071,2.0260067493616774,1.713864251900805,-0.13141756361883955
4162,2.3239236902271947,2.265580203108824,-0.61441158978859
5508,0.561248456772885,-0.5605566081812319,-0.61441158978859
8723,-0.08423824843573531,-0.7744872831394432,0.35157646255091085
6201,-0.8786834240771144,-1.1122725593892506,0.8345704887206613
11131,1.7777426319737468,2.0403900189422854,-1.0974056159583405
10012,1.2812143971978849,1.6800857242758243,-1.5803996421280908
13800,-0.3821551893012525,-0.5155185713479241,0.8345704887206613
2081,-0.6800721301667696,-0.34662593322302043,-0.13141756361883955
1373,-0.8538570123383212,-0.6956707186811548,0.35157646255091085
8272,1.728089808496161,1.3985979940676512,-1.5803996421280908
6087,-1.0276418945098729,-0.5943351358062126,0.8345704887206613
2608,-1.0276418945098729,-0.9658989396810007,-0.13141756361883955
3120,-1.077294717987459,-0.4704805345146165,1.3175645148904118
11813,1.5294785145858159,1.612528669025863,-2.063393668297841
10836,0.18885228069098867,0.36272314690157514,-0.13141756361883955
2471,-1.077294717987459,-0.9433799212643469,1.3175645148904118
4826,-0.506287247995218,-0.29032838718138587,0.8345704887206613
3447,-1.077294717987459,-0.4367020068896358,1.3175645148904118
1730,-1.0524683062486662,-0.8195253199727509,0.8345704887206613
1844,-0.13389107191332153,-0.8307848291810778,0.35157646255091085
1623,0.4867692215565058,1.1959268283177669,0.35157646255091085
6333,1.4053464558918505,1.5337121045675743,-1.0974056159583405
10068,0.8591653976384023,1.3085219204010359,-0.61441158978859
14877,-0.4318080127788386,-0.3128474055980397,0.8345704887206613
5958,1.5791313380634018,1.4886740677342667,-0.61441158978859
5547,1.4053464558918505,0.4865777481931712,-1.0974056159583405
11159,-1.0524683062486662,-0.39166397005632814,1.3175645148904118
7075,2.497708572398747,2.276839712317151,-0.61441158978859
168,0.46194280981771285,1.18466731910944,-0.13141756361883955
9529,-1.0524683062486662,-1.0897535409725967,0.8345704887206613
3060,0.75985975068323,1.2634838835677282,-0.13141756361883955
12451,0.3626371628625404,-0.5718161173895587,-1.0974056159583405
5042,-0.009759013219356063,-0.4592210253062896,-0.13141756361883955
14192,-0.8290306005995282,-0.9546394304726739,0.8345704887206613
13421,1.5791313380634018,0.49783725740149815,-2.5463876944675916
12347,-1.077294717987459,-1.0334559949309623,1.3175645148904118
434,-0.9283362475547006,-0.6956707186811548,0.8345704887206613
6162,-0.30767595408487314,-0.8082658107644239,0.35157646255091085
14986,-0.9531626592934936,-1.0334559949309623,-1.0974056159583405
3106,2.547361395876333,2.4457323504420545,-1.5803996421280908
8237,0.33781075112374737,0.9932556625678823,0.8345704887206613
8581,-0.6055928949503904,0.28390658244328676,0.8345704887206613
9236,-1.0028154827710798,-0.48174004372294343,0.35157646255091085
2315,-0.8042041888607351,-0.09891673063982834,0.8345704887206613
7558,0.5364220450340921,0.4077611837348828,0.35157646255091085
13369,1.8273954554513328,1.713864251900805,-1.5803996421280908
9675,0.5364220450340921,1.2297053559427475,-0.13141756361883955
7639,-0.5311136597340109,-0.9771584488893277,0.8345704887206613
9546,0.9088182211159885,-0.18899280430644366,-0.61441158978859
8949,-1.0276418945098729,-0.27906887797305896,0.8345704887206613
10212,0.38746357460133357,-0.8195253199727509,-1.5803996421280908
12976,0.7350333389444368,1.3197814296093628,-0.61441158978859
930,-0.6055928949503904,0.22760903640165217,0.35157646255091085
3522,-0.5807664832115972,-0.020100166181539942,0.8345704887206613
46,-1.077294717987459,-1.055975013347616,1.3175645148904118
13966,0.4122899863401266,0.37398265610990206,0.35157646255091085
9056,0.6109012802504713,-0.18899280430644366,-0.61441158978859
373,-0.9779890710322867,-1.1235320685975776,0.35157646255091085
13536,-1.0276418945098729,-1.1122725593892506,-0.13141756361883955
8271,1.7529162202349537,1.432376521692632,-0.61441158978859
1470,-1.077294717987459,-1.1798296146392122,0.35157646255091085
3704,1.1322559267651264,-0.08765722143150143,-0.13141756361883955
10156,-1.077294717987459,-1.0334559949309623,-0.13141756361883955
11614,0.08954663373581641,-0.3804044608480012,-0.61441158978859
4455,-0.7048985419055627,-0.49299955293127035,0.35157646255091085
1684,1.3556936324142643,1.4098575032759781,-0.61441158978859
5032,-0.9779890710322867,-0.8533038475977316,0.35157646255091085
5865,-1.077294717987459,-1.1573105962225583,0.8345704887206613
13449,-0.6552457184279764,-0.7857467923477701,-0.13141756361883955
11152,0.38746357460133357,1.0720722270261707,-0.61441158978859
1944,2.1749652197944367,1.8714973808173818,-2.5463876944675916
5706,1.057776691548747,1.18466731910944,-0.13141756361883955
15037,-0.18354389539090765,-0.14395476747313599,-0.61441158978859
13077,0.16402586895219565,-0.3804044608480012,-0.61441158978859
12831,-1.0524683062486662,-1.0109369765143084,-0.13141756361883955
11547,-0.7545513653831489,-0.08765722143150143,0.35157646255091085
9271,0.5115956332952991,1.1058507546511516,0.35157646255091085
5274,-0.8042041888607351,0.05871639827674846,0.8345704887206613
11242,0.7102069272056438,-0.05387869380652068,-2.063393668297841
6408,2.671493454570298,2.4119538228170736,-1.5803996421280908
13777,-1.077294717987459,-0.8420443383894047,1.3175645148904118
12887,1.6536105732797814,1.3423004480260168,-2.063393668297841
13726,0.06472022199702318,0.7117679323597095,0.35157646255091085
9027,0.6853805154668505,0.35146363769324823,-1.5803996421280908
7501,-0.15871748365211455,0.644210877109748,0.35157646255091085
8184,2.398402925443574,2.3331372583587853,0.35157646255091085
6291,-0.9531626592934936,-0.6055946450145395,1.3175645148904118
8937,1.9763539258840919,2.1529851110255547,-0.13141756361883955
9935,0.2881579276461611,0.0924949259017292,-0.13141756361883955
9725,2.0756595728392635,1.713864251900805,-2.063393668297841
1022,-1.077294717987459,-1.0109369765143084,0.8345704887206613
9143,-0.28284954234608,-0.8983418844310392,-0.13141756361883955
6508,0.2385051041685749,-0.4367020068896358,-0.61441158978859
15001,-1.0524683062486662,-0.93212041205602,0.8345704887206613
7077,1.5791313380634018,1.7701617979424396,-1.5803996421280908
200,1.08260310328754,1.4999335769425937,0.35157646255091085
2848,0.4867692215565058,-0.24529035034807822,-0.61441158978859
13879,-1.077294717987459,-1.191089123847539,1.3175645148904118
3571,-0.8786834240771144,-0.7744872831394432,0.35157646255091085
468,1.2812143971978849,1.1396292822761322,-0.61441158978859
4333,-1.077294717987459,-1.1235320685975776,1.3175645148904118
8431,-0.7297249536443557,-0.93212041205602,-0.13141756361883955
7085,-0.7793777771219419,0.04745688906842155,0.8345704887206613
7517,2.1749652197944367,2.006611491317305,-0.61441158978859
431,-0.5311136597340109,-0.4479615160979627,0.8345704887206613
3971,-1.077294717987459,-1.1347915778059046,0.8345704887206613
13424,-0.3573287775624594,-0.36914495163967426,-0.61441158978859
2450,-1.0524683062486662,-0.7407087555144625,0.8345704887206613
8216,1.6287841615409884,1.9390544360673434,0.35157646255091085
13261,1.057776691548747,1.162148300692786,-1.0974056159583405
4400,-1.0524683062486662,-1.1347915778059046,1.3175645148904118
2996,0.11437304547460941,0.024937870651767717,0.35157646255091085
6757,0.2881579276461611,1.049553208609517,0.35157646255091085
280,0.2385051041685749,-0.16647378588978984,0.8345704887206613
2459,-0.9779890710322867,-0.7181897370978086,0.8345704887206613
13023,0.08954663373581641,0.4302802021515366,-0.61441158978859
8833,-0.20837030712970078,-0.25654985955640514,0.8345704887206613
1121,0.21367869242978188,-0.6844112094728279,0.35157646255091085
6390,-0.18354389539090765,0.6779894047347288,0.8345704887206613
5403,0.6109012802504713,-0.16647378588978984,-1.5803996421280908
708,-0.33250236582366627,-0.9546394304726739,0.35157646255091085
7881,1.2812143971978849,1.5224525953592474,-0.61441158978859
6266,1.2067351619815054,0.04745688906842155,-1.5803996421280908
6455,-0.03458542495814907,0.19383050877667143,0.35157646255091085
518,-1.077294717987459,-0.4479615160979627,0.8345704887206613
10220,-1.077294717987459,-1.202348633055866,1.3175645148904118
439,-1.077294717987459,-0.8420443383894047,1.3175645148904118
3698,-1.0524683062486662,-1.0221964857226353,0.35157646255091085
8877,1.1819087502427124,1.2184458467344206,-1.5803996421280908
5847,-0.506287247995218,-0.9884179580976545,0.8345704887206613
259,0.21367869242978188,0.14879247194336379,-0.61441158978859
5396,0.015067398519437164,-0.29032838718138587,0.35157646255091085
9538,-1.077294717987459,-1.07849403176427,1.3175645148904118
8085,-0.48146083625642483,-0.673151700264501,0.8345704887206613
3045,1.9267011024065053,1.8151998347757472,-1.5803996421280908
11538,-0.7048985419055627,0.024937870651767717,0.35157646255091085
902,1.554304926324609,1.9052759084423625,-0.13141756361883955
5023,-0.18354389539090765,-0.27906887797305896,0.8345704887206613
7182,0.8343389858996093,0.8243630244429786,-0.13141756361883955
27,-0.30767595408487314,-0.8082658107644239,0.8345704887206613
5282,-1.0524683062486662,-0.3353664240146935,1.3175645148904118
7283,-0.9531626592934936,-1.1347915778059046,0.8345704887206613
5527,-1.077294717987459,-1.044715504139289,0.8345704887206613
7822,-0.258023130607287,0.5879133310681134,1.3175645148904118
1199,0.9584710445935745,0.9594771349429017,-0.13141756361883955
9727,-1.077294717987459,-0.6168541542228664,0.8345704887206613
12862,-0.6304193066891834,-0.36914495163967426,0.8345704887206613
14621,-1.077294717987459,-1.1798296146392122,1.3175645148904118
5612,-0.48146083625642483,0.28390658244328676,0.35157646255091085
4181,-1.0524683062486662,-0.3353664240146935,0.8345704887206613
3016,0.6605541037280576,0.644210877109748,-0.13141756361883955
10891,-1.077294717987459,-1.055975013347616,0.35157646255091085
11959,1.6039577498021953,0.5316157850264789,-2.5463876944675916
1807,-0.9531626592934936,-1.1347915778059046,-0.13141756361883955
1748,-1.077294717987459,-0.9884179580976545,0.8345704887206613
11224,1.3556936324142643,0.5428752942348057,-2.063393668297841
7535,1.2067351619815054,1.2297053559427475,-0.13141756361883955
13720,1.2067351619815054,1.5224525953592474,-0.13141756361883955
11679,-1.077294717987459,-1.202348633055866,0.8345704887206613
13705,0.2385051041685749,0.9819961533595555,0.35157646255091085
10650,-1.077294717987459,-0.9884179580976545,0.8345704887206613
3098,-0.18354389539090765,0.6779894047347288,0.8345704887206613
5224,1.231561573720299,1.2297053559427475,-0.61441158978859
5407,0.11437304547460941,-0.40292347926465505,-0.61441158978859
4461,-1.077294717987459,-0.8195253199727509,1.3175645148904118
5228,-0.3573287775624594,0.23886854560997908,0.8345704887206613
11315,-1.077294717987459,-1.202348633055866,1.3175645148904118
3996,-1.077294717987459,-1.202348633055866,0.35157646255091085
3274,-1.0028154827710798,-1.1573105962225583,0.35157646255091085
10783,0.561248456772885,1.2071863375260936,-1.0974056159583405
2319,-0.8290306005995282,-0.09891673063982834,1.3175645148904118
12450,-0.7297249536443557,-0.93212041205602,0.35157646255091085
2157,-1.077294717987459,-1.1685701054308852,1.3175645148904118
14713,0.9088182211159885,0.9369581165262478,-1.0974056159583405
12552,-0.7048985419055627,0.06997590748507537,1.3175645148904118
1632,0.4122899863401266,1.1508887914844592,-0.13141756361883955
10907,0.4122899863401266,-0.5830756265978857,-2.063393668297841
10025,-0.23319671886849389,0.644210877109748,0.35157646255091085
2119,0.9584710445935745,-0.12143574905648218,-1.5803996421280908
9034,0.33781075112374737,0.06997590748507537,0.35157646255091085
8836,-0.6552457184279764,-0.48174004372294343,0.35157646255091085
1534,0.561248456772885,0.22760903640165217,-2.063393668297841
14756,-0.08423824843573531,0.7005084231513826,-0.13141756361883955
12268,1.3556936324142643,1.5111930861509206,-1.5803996421280908
14684,-1.077294717987459,-0.8420443383894047,1.3175645148904118
6118,-0.18354389539090765,-0.26780936876473205,0.8345704887206613
11507,1.057776691548747,1.5674906321925552,-1.0974056159583405
3021,1.008123868071161,0.9256986073179209,-0.13141756361883955
13146,0.4371163980789196,-0.8082658107644239,-2.5463876944675916
5369,-0.13389107191332153,0.013678361443440803,0.35157646255091085
7666,-1.077294717987459,-1.202348633055866,0.35157646255091085
11256,0.784686162422023,-0.25654985955640514,-1.5803996421280908
9929,-0.8786834240771144,-0.673151700264501,0.8345704887206613
13854,-1.077294717987459,-1.191089123847539,1.3175645148904118
7401,-0.8042041888607351,-0.3241069148063666,0.35157646255091085
4720,-1.077294717987459,-1.191089123847539,1.3175645148904118
12077,-1.077294717987459,-1.1460510870142313,1.3175645148904118
4230,2.3239236902271947,2.0854280557755933,-2.063393668297841
8214,0.3129843393849541,1.0720722270261707,0.35157646255091085
1697,1.80256904371254,1.432376521692632,-2.063393668297841
15125,2.8204519250030566,3.1325624121499964,-2.5463876944675916
10113,0.75985975068323,0.5541348034431327,-2.063393668297841
2677,2.199791631533229,1.9165354176506895,-1.5803996421280908
13049,0.2881579276461611,0.0924949259017292,-2.063393668297841
7163,1.9018746906677122,1.713864251900805,-1.0974056159583405
2444,0.7350333389444368,0.5316157850264789,-1.5803996421280908
123,1.3805200441530574,1.4999335769425937,-1.0974056159583405
13533,0.5860748685116783,-0.6506326818478472,-2.5463876944675916
11975,1.3805200441530574,0.11501394431838304,-2.5463876944675916
7051,0.38746357460133357,0.7342869507763633,0.35157646255091085
10825,-0.20837030712970078,0.29516609165161367,0.8345704887206613
6505,1.1074295150263334,-0.13269525826480907,-1.5803996421280908
8265,-0.9283362475547006,-0.3241069148063666,0.8345704887206613
3154,0.8343389858996093,0.9819961533595555,-0.13141756361883955
273,0.06472022199702318,-0.13269525826480907,-0.13141756361883955
9450,-1.077294717987459,-1.1347915778059046,0.8345704887206613
3589,0.9584710445935745,-0.26780936876473205,-1.5803996421280908
4450,-1.0524683062486662,-0.8420443383894047,0.8345704887206613
13551,-0.009759013219356063,-0.6281136634311933,-0.13141756361883955
11592,-1.077294717987459,-0.8758228660143854,1.3175645148904118
5292,2.671493454570298,-1.600072495240129e-16,-2.063393668297841
2921,-1.077294717987459,-1.191089123847539,0.35157646255091085
6725,2.646667042831505,2.490770387275362,-2.063393668297841
9199,0.21367869242978188,-0.03135967538986686,0.35157646255091085
12354,-1.0524683062486662,-1.0334559949309623,0.8345704887206613
10337,1.5791313380634018,1.421117012484305,-2.5463876944675916
13991,0.26333151590736814,0.655470386318075,-0.61441158978859
7720,0.9584710445935745,-0.1552142766814629,-0.61441158978859
12041,-0.30767595408487314,-0.9658989396810007,-0.13141756361883955
9608,1.5294785145858159,1.4098575032759781,-0.13141756361883955
12232,1.256387985459092,1.713864251900805,-1.0974056159583405
794,-0.8538570123383212,-0.6844112094728279,0.8345704887206613
9906,-0.48146083625642483,-0.7294492463061355,-0.13141756361883955
4410,-1.077294717987459,-1.1347915778059046,1.3175645148904118
8814,1.2812143971978849,-0.08765722143150143,-2.5463876944675916
4075,-0.03458542495814907,-0.39166397005632814,-0.61441158978859
2310,-1.0524683062486662,-0.48174004372294343,1.3175645148904118
12658,1.2067351619815054,1.0833317362344976,-2.063393668297841
5664,0.75985975068323,1.3648194664426705,-0.13141756361883955
1766,-1.077294717987459,-1.0897535409725967,1.3175645148904118
10545,0.8343389858996093,-0.5155185713479241,-2.063393668297841
5871,-0.4318080127788386,-0.8533038475977316,0.35157646255091085
4794,0.08954663373581641,-0.49299955293127035,-1.0974056159583405
9418,-0.33250236582366627,-0.5042590621395973,0.8345704887206613
13270,-0.9035098358159074,-0.2340308411397513,0.35157646255091085
2020,0.2881579276461611,1.0045151717762093,0.35157646255091085
8344,1.032950279809954,-0.34662593322302043,-0.61441158978859
2680,-0.48146083625642483,0.21634952719332526,0.35157646255091085
14714,1.6536105732797814,1.3535599572343435,-0.61441158978859
19,-1.077294717987459,-1.1573105962225583,0.8345704887206613
13937,-0.8786834240771144,-0.8082658107644239,0.8345704887206613
12181,-0.3821551893012525,0.3402041284849213,0.8345704887206613
9498,0.6605541037280576,-0.7519682647227893,-1.5803996421280908
13011,0.6605541037280576,0.9482176257345747,-0.13141756361883955
9487,-1.0276418945098729,-1.1685701054308852,1.3175645148904118
11144,0.4371163980789196,1.1396292822761322,-0.61441158978859
13805,-0.15871748365211455,-0.48174004372294343,-1.0974056159583405
10691,1.330867220675471,1.0945912454428246,-1.5803996421280908
7752,-1.077294717987459,-0.7857467923477701,1.3175645148904118
15043,0.08954663373581641,0.013678361443440803,0.8345704887206613
3651,-1.077294717987459,-1.191089123847539,0.35157646255091085
13617,0.8839918093771955,0.9256986073179209,-1.0974056159583405
5513,-0.7297249536443557,-0.9096013936393662,0.35157646255091085
657,-0.7545513653831489,-0.7632277739311163,0.35157646255091085
11391,-1.077294717987459,-0.8870823752227124,0.8345704887206613
8817,1.231561573720299,-0.05387869380652068,-1.5803996421280908
5896,-0.506287247995218,-0.661892191056174,0.35157646255091085
10031,-0.9531626592934936,-0.13269525826480907,1.3175645148904118
2034,0.4371163980789196,1.0157746809845363,-0.13141756361883955
2323,-1.077294717987459,-0.48174004372294343,1.3175645148904118
11266,-0.8290306005995282,-0.93212041205602,0.35157646255091085
2684,0.46194280981771285,0.9707366441512285,0.35157646255091085
5981,1.6784369850185743,1.8377188531924011,-0.13141756361883955
1034,0.03989381025823017,-0.5605566081812319,-0.13141756361883955
12340,0.8343389858996093,-0.0651382030148476,-2.063393668297841
10609,-1.077294717987459,-1.1685701054308852,0.35157646255091085
2214,0.5115956332952991,-0.6393731726395202,-1.0974056159583405
13561,-1.077294717987459,-1.044715504139289,0.35157646255091085
3635,-1.077294717987459,-1.202348633055866,0.8345704887206613
13712,0.4122899863401266,1.060812717817844,-0.13141756361883955
14546,0.7102069272056438,-0.3241069148063666,-1.5803996421280908
12781,0.4867692215565058,-0.797006301556097,-2.063393668297841
11948,-0.45663442451763175,-0.24529035034807822,-0.61441158978859
2629,-0.13389107191332153,-0.14395476747313599,0.35157646255091085
11764,-1.077294717987459,-0.8307848291810778,0.35157646255091085
13399,-0.7297249536443557,-0.3353664240146935,0.8345704887206613
8008,-0.8786834240771144,-1.1010130501809237,0.8345704887206613
6597,-0.8538570123383212,-1.0221964857226353,0.8345704887206613
12190,-0.9035098358159074,-0.14395476747313599,0.8345704887206613
11711,-1.077294717987459,-1.1460510870142313,0.8345704887206613
11177,0.983297456332368,1.2522243743594015,-1.0974056159583405
12898,-1.077294717987459,-0.5718161173895587,0.35157646255091085
6517,-0.3573287775624594,-0.7407087555144625,-0.13141756361883955
4983,0.6605541037280576,0.8356225336513056,-0.13141756361883955
3660,-1.077294717987459,-1.191089123847539,1.3175645148904118
1035,-1.0028154827710798,-0.9996774673059815,0.8345704887206613
862,-0.0594118366969423,0.6216918586930942,0.35157646255091085
13895,-1.077294717987459,-1.1685701054308852,1.3175645148904118
12363,-0.03458542495814907,-0.6506326818478472,-0.61441158978859
2856,-1.077294717987459,-1.055975013347616,1.3175645148904118
6270,-1.077294717987459,-0.93212041205602,0.8345704887206613
3679,-0.9779890710322867,-1.067234522555943,0.35157646255091085
4193,-0.5311136597340109,0.36272314690157514,0.8345704887206613
188,0.3129843393849541,1.049553208609517,0.8345704887206613
4123,1.306040808936678,1.18466731910944,-0.61441158978859
2595,-0.10906466017452843,-0.6506326818478472,-0.13141756361883955
6433,-0.6055928949503904,0.05871639827674846,0.8345704887206613
11652,0.5860748685116783,-0.673151700264501,-1.5803996421280908
3233,-1.077294717987459,-1.1122725593892506,1.3175645148904118
608,2.001180337622885,1.3985979940676512,-2.063393668297841
12603,0.03989381025823017,0.8468820428596324,-0.61441158978859
14517,-0.28284954234608,-0.29032838718138587,-0.61441158978859
5778,0.809512574160816,-0.26780936876473205,-1.0974056159583405
11423,0.6357276919892645,0.7342869507763633,-0.13141756361883955
14007,-1.077294717987459,-0.5042590621395973,0.8345704887206613
1372,-1.077294717987459,-0.9208609028476931,0.8345704887206613
8784,-0.3821551893012525,-0.8983418844310392,0.35157646255091085
10151,-1.0524683062486662,-0.9546394304726739,-0.61441158978859
11598,-0.9035098358159074,-0.7181897370978086,1.3175645148904118
218,-0.28284954234608,0.38524216531822897,0.8345704887206613
8191,0.5364220450340921,1.2184458467344206,0.35157646255091085
360,-1.077294717987459,-1.202348633055866,1.3175645148904118
11267,-1.0524683062486662,-1.067234522555943,0.8345704887206613
10219,-1.077294717987459,-1.202348633055866,1.3175645148904118
13587,1.057776691548747,0.45279922056819044,-0.61441158978859
327,0.3129843393849541,-0.7181897370978086,-1.5803996421280908
14719,2.1253123963168505,1.6913452334841512,-2.5463876944675916
13272,0.6357276919892645,1.049553208609517,-0.13141756361883955
5908,0.4371163980789196,0.013678361443440803,-1.0974056159583405
8625,1.256387985459092,1.3423004480260168,-1.0974056159583405
8019,0.6605541037280576,-0.7744872831394432,-1.5803996421280908
13675,-0.30767595408487314,0.5653943126514596,0.8345704887206613
8929,2.44805574892116,2.4119538228170736,-1.0974056159583405
15291,-1.0276418945098729,-0.9208609028476931,-0.61441158978859
8637,0.4371163980789196,0.6892489139430557,0.35157646255091085
9318,1.5046521028470228,1.8377188531924011,-1.5803996421280908
13983,-0.8786834240771144,-0.3353664240146935,1.3175645148904118
2128,-1.0028154827710798,-0.9884179580976545,0.8345704887206613
14728,-0.4069816010400455,0.22760903640165217,0.8345704887206613
8626,2.199791631533229,1.8264593439840742,-1.5803996421280908
10041,1.032950279809954,1.5674906321925552,-1.5803996421280908
3577,-1.077294717987459,-1.0109369765143084,1.3175645148904118
4779,-0.8786834240771144,-0.9884179580976545,-0.13141756361883955
12461,-1.077294717987459,-1.067234522555943,1.3175645148904118
9758,-0.7545513653831489,-0.4592210253062896,0.8345704887206613
13660,1.5294785145858159,1.8151998347757472,-0.61441158978859
9862,-0.9283362475547006,-1.1235320685975776,0.8345704887206613
8719,-0.6552457184279764,-0.9208609028476931,0.35157646255091085
10280,-0.8290306005995282,-0.8082658107644239,0.8345704887206613
13211,0.5860748685116783,0.03619737986009463,-2.063393668297841
11995,-0.6552457184279764,-0.8420443383894047,0.35157646255091085
7671,-0.9035098358159074,-1.1122725593892506,0.8345704887206613
13045,-0.15871748365211455,-0.07639771222317451,-1.0974056159583405
9709,-0.5311136597340109,0.21634952719332526,0.35157646255091085
13943,-0.506287247995218,-0.4704805345146165,0.8345704887206613
5566,0.983297456332368,0.6892489139430557,-0.13141756361883955
4216,2.497708572398747,2.3331372583587853,-2.063393668297841
10784,-0.009759013219356063,0.779324987609671,0.35157646255091085
2676,0.38746357460133357,0.8243630244429786,0.8345704887206613
12670,-1.0524683062486662,-0.6844112094728279,-0.61441158978859
2184,-0.9779890710322867,-1.1460510870142313,-0.13141756361883955
5030,-0.5311136597340109,-0.5492970989729049,0.35157646255091085
4754,-1.0276418945098729,-1.1460510870142313,0.8345704887206613
11004,-0.7048985419055627,-0.8082658107644239,0.35157646255091085
5070,-1.077294717987459,-1.1460510870142313,0.35157646255091085
14799,-0.6304193066891834,0.23886854560997908,1.3175645148904118
2562,-0.7545513653831489,-1.055975013347616,-0.61441158978859
5890,-0.48146083625642483,-0.7069302278894817,0.35157646255091085
2769,1.2067351619815054,1.466155049317613,-0.61441158978859
3323,0.4371163980789196,-0.5042590621395973,-0.61441158978859
4764,-0.9283362475547006,-1.07849403176427,0.35157646255091085
10671,-1.0524683062486662,-0.7519682647227893,0.8345704887206613
6890,0.5115956332952991,-0.5605566081812319,-1.5803996421280908
4294,0.9584710445935745,0.18257099956834452,-1.0974056159583405
9706,1.554304926324609,1.7026047426924782,-0.13141756361883955
1530,-0.6055928949503904,-0.4592210253062896,-0.13141756361883955
5888,0.21367869242978188,-0.4704805345146165,-0.13141756361883955
3269,-1.077294717987459,-1.202348633055866,1.3175645148904118
8765,-1.077294717987459,-1.191089123847539,1.3175645148904118
11082,-0.48146083625642483,0.22760903640165217,-0.13141756361883955
6834,0.38746357460133357,0.23886854560997908,-0.13141756361883955
15080,2.5225349841375393,2.0966875649839203,-0.61441158978859
4202,-0.5311136597340109,0.35146363769324823,0.8345704887206613
1688,0.561248456772885,0.8919200796929401,-0.61441158978859
13936,-1.0028154827710798,-0.9096013936393662,1.3175645148904118
5861,-0.5807664832115972,-0.9546394304726739,0.8345704887206613
12752,-0.6800721301667696,-0.9996774673059815,-0.61441158978859
5020,0.6357276919892645,0.12627345352670993,-0.13141756361883955
4043,-0.18354389539090765,-0.7857467923477701,-0.13141756361883955
14458,2.2246180432720224,2.0178710005256315,-2.5463876944675916
12319,-1.077294717987459,-0.8533038475977316,-0.13141756361883955
7716,0.8591653976384023,-0.24529035034807822,-1.0974056159583405
5400,0.03989381025823017,-0.3353664240146935,0.35157646255091085
13511,-0.258023130607287,-0.9433799212643469,-0.13141756361883955
8910,0.4867692215565058,1.1171102638594783,-0.13141756361883955
10329,0.16402586895219565,0.46405872977651735,-1.5803996421280908
14928,-1.077294717987459,-1.1347915778059046,1.3175645148904118
7765,0.38746357460133357,0.5090967666098251,0.35157646255091085
2991,1.008123868071161,0.35146363769324823,-2.063393668297841
14672,-0.23319671886849389,-0.3353664240146935,0.35157646255091085
9313,1.1570823385039195,1.6350476874425166,-0.13141756361883955
4129,-0.03458542495814907,0.44153971135986353,0.35157646255091085
4338,-0.5559400714728041,-0.8983418844310392,0.8345704887206613
385,-0.9035098358159074,-1.055975013347616,0.8345704887206613
14052,-0.6800721301667696,0.21634952719332526,-0.13141756361883955
7779,1.2067351619815054,1.1959268283177669,0.35157646255091085
6560,-1.077294717987459,-1.202348633055866,1.3175645148904118
10776,0.11437304547460941,0.903179588901267,0.35157646255091085
311,-1.077294717987459,-1.1122725593892506,0.8345704887206613
14852,0.33781075112374737,0.5428752942348057,-1.0974056159583405
7711,0.46194280981771285,-0.4367020068896358,-1.0974056159583405
4785,-0.3821551893012525,-0.7519682647227893,-0.61441158978859
8492,-0.30767595408487314,0.013678361443440803,0.8345704887206613
8898,0.7102069272056438,1.18466731910944,-0.61441158978859
13540,-1.077294717987459,-1.1347915778059046,1.3175645148904118
10286,0.26333151590736814,-0.1552142766814629,-0.61441158978859
4649,-1.0524683062486662,-0.797006301556097,0.8345704887206613
7589,1.1570823385039195,0.10375443511005612,-1.5803996421280908
1053,0.21367869242978188,-0.6956707186811548,-0.13141756361883955
12957,0.13919945721340263,0.9482176257345747,-0.13141756361883955
1869,1.08260310328754,-0.2340308411397513,-2.5463876944675916
9564,-1.077294717987459,-0.8983418844310392,0.8345704887206613
12465,-0.9531626592934936,-0.9433799212643469,1.3175645148904118
7444,0.6109012802504713,1.173407809901113,0.35157646255091085
13852,0.38746357460133357,-0.797006301556097,-2.5463876944675916
9385,0.9088182211159885,0.5766538218597865,0.35157646255091085
353,-0.506287247995218,-1.0109369765143084,-0.13141756361883955
15307,-0.6800721301667696,-0.9433799212643469,1.3175645148904118
7475,1.2067351619815054,1.6913452334841512,0.35157646255091085
8973,1.256387985459092,1.5449716137759013,-0.13141756361883955
2095,1.1570823385039195,0.3965016745265559,-1.0974056159583405
5206,-0.6800721301667696,-0.25654985955640514,0.35157646255091085
8153,1.032950279809954,1.2184458467344206,-0.13141756361883955
4393,-0.45663442451763175,-0.9546394304726739,-1.0974056159583405
14598,-0.6055928949503904,-1.0334559949309623,0.35157646255091085
14,-1.077294717987459,-1.1685701054308852,0.0
12243,-1.077294717987459,-0.4479615160979627,1.3175645148904118
9481,-0.6055928949503904,-1.0334559949309623,-0.13141756361883955
533,0.06472022199702318,0.8919200796929401,0.35157646255091085
12561,0.38746357460133357,1.03829369940119,-0.13141756361883955
13646,1.80256904371254,1.8602378716090548,-1.0974056159583405
1411,-1.0028154827710798,-1.055975013347616,0.35157646255091085
4013,-1.077294717987459,-1.202348633055866,0.8345704887206613
14685,0.4867692215565058,0.22760903640165217,-0.61441158978859
12580,-0.9283362475547006,-0.11017623984815525,0.35157646255091085
8354,0.6357276919892645,-0.5605566081812319,-0.61441158978859
9881,-0.03458542495814907,-0.797006301556097,-0.61441158978859
14367,1.5294785145858159,1.578750141400882,-1.0974056159583405
5909,-0.9779890710322867,-0.7744872831394432,0.35157646255091085
13824,0.13919945721340263,-0.6055946450145395,-1.0974056159583405
1911,-0.7545513653831489,-0.39166397005632814,0.35157646255091085
568,2.5225349841375393,2.2993587307338044,-2.5463876944675916
2002,1.2067351619815054,1.6800857242758243,0.35157646255091085
6848,0.784686162422023,0.1713114903600176,-0.61441158978859
31,-1.077294717987459,-1.1235320685975776,1.3175645148904118
8000,0.13919945721340263,-0.7744872831394432,-0.13141756361883955
121,0.7102069272056438,1.0720722270261707,-0.13141756361883955
5623,-1.0524683062486662,-0.35788544243134734,1.3175645148904118
9090,-1.077294717987459,-1.1573105962225583,1.3175645148904118
4375,-0.6055928949503904,-1.0334559949309623,-0.13141756361883955
10566,-1.077294717987459,-1.191089123847539,0.8345704887206613
12729,-0.9283362475547006,-0.9884179580976545,-0.13141756361883955
732,-1.077294717987459,-1.191089123847539,1.3175645148904118
6810,-0.15871748365211455,0.3176851100682675,0.8345704887206613
12117,0.8591653976384023,0.18257099956834452,-0.61441158978859
79,0.5860748685116783,0.3402041284849213,-0.61441158978859
2099,0.26333151590736814,-0.04261918459819377,-0.13141756361883955
5512,-0.9531626592934936,-1.0221964857226353,0.35157646255091085
410,0.3626371628625404,-0.41418298847298196,-0.13141756361883955
11433,1.8770482789289193,1.578750141400882,-2.063393668297841
1370,-1.077294717987459,-0.9096013936393662,1.3175645148904118
9035,-0.4318080127788386,-0.3353664240146935,0.8345704887206613
8122,-0.6055928949503904,-0.26780936876473205,0.8345704887206613
13311,-0.7793777771219419,0.0924949259017292,-1.0974056159583405
5035,-1.077294717987459,-0.9884179580976545,0.35157646255091085
8730,0.2881579276461611,-0.7407087555144625,-0.13141756361883955
9315,1.6536105732797814,1.9390544360673434,-0.61441158978859
5697,-0.5807664832115972,0.12627345352670993,0.8345704887206613
10290,0.11437304547460941,-0.1552142766814629,0.35157646255091085
9430,0.3626371628625404,-0.40292347926465505,-0.61441158978859
12723,-1.077294717987459,-1.07849403176427,0.8345704887206613
12497,-1.0028154827710798,-0.6956707186811548,0.8345704887206613
2122,-0.4318080127788386,-0.6506326818478472,0.35157646255091085
14185,-0.9779890710322867,-0.9884179580976545,-0.13141756361883955
9230,1.032950279809954,0.9369581165262478,-0.61441158978859
5080,-0.20837030712970078,-0.8645633568060586,0.35157646255091085
10148,-0.48146083625642483,-0.5605566081812319,-0.61441158978859
4914,2.497708572398747,2.4457323504420545,-0.13141756361883955
13847,0.4371163980789196,-0.7294492463061355,-2.5463876944675916
11243,0.8839918093771955,-0.008840656973213026,-1.5803996421280908
4130,0.8839918093771955,1.060812717817844,-0.61441158978859
15280,-0.9035098358159074,-1.0109369765143084,1.3175645148904118
14189,0.6357276919892645,-0.4592210253062896,-2.063393668297841
12339,-0.0594118366969423,-0.3804044608480012,-0.61441158978859
9357,-0.10906466017452843,0.45279922056819044,0.35157646255091085
11656,-1.077294717987459,-1.1798296146392122,0.8345704887206613
12102,0.7102069272056438,-0.24529035034807822,-2.063393668297841
6800,2.1253123963168505,1.7926808163590935,-1.0974056159583405
8166,1.9515275141452983,1.9165354176506895,-1.0974056159583405
9128,-1.077294717987459,-1.202348633055866,0.8345704887206613
12411,-1.077294717987459,-1.202348633055866,0.8345704887206613
8454,0.5860748685116783,-0.2227713319314244,-1.0974056159583405
15237,1.5791313380634018,1.049553208609517,-1.5803996421280908
3025,-0.7048985419055627,-0.16647378588978984,-0.61441158978859
6161,-0.48146083625642483,-0.8533038475977316,-0.13141756361883955
2704,0.7350333389444368,1.3085219204010359,-0.13141756361883955
2518,-1.077294717987459,-1.1573105962225583,1.3175645148904118
7947,-0.08423824843573531,-0.26780936876473205,0.8345704887206613
10064,-0.258023130607287,0.5316157850264789,-0.13141756361883955
3881,1.6536105732797814,1.4999335769425937,-1.5803996421280908
14353,2.050833161100471,1.6350476874425166,-2.5463876944675916
3837,2.795625513264264,2.5808464609419772,-2.063393668297841
2088,-0.5807664832115972,-0.34662593322302043,0.8345704887206613
10054,2.497708572398747,2.378175295192093,-2.5463876944675916
3467,0.21367869242978188,0.9932556625678823,0.35157646255091085
14114,-0.7297249536443557,-0.14395476747313599,-0.13141756361883955
455,-1.077294717987459,-0.7294492463061355,1.3175645148904118
5597,0.7102069272056438,1.027034190192863,0.8345704887206613
13437,-1.0524683062486662,-0.9546394304726739,1.3175645148904118
2086,-1.0524683062486662,-0.7519682647227893,0.8345704887206613
14407,-0.258023130607287,0.6216918586930942,-0.61441158978859
7342,0.75985975068323,-0.40292347926465505,-1.0974056159583405
9455,-1.077294717987459,-1.1573105962225583,0.8345704887206613
14395,-0.6304193066891834,0.22760903640165217,0.35157646255091085
9363,0.9088182211159885,1.027034190192863,0.35157646255091085
14804,-0.45663442451763175,0.38524216531822897,-0.13141756361883955
4977,0.75985975068323,0.9819961533595555,0.35157646255091085
5180,1.231561573720299,0.37398265610990206,-1.0974056159583405
4147,-0.0594118366969423,0.6104323494847672,0.35157646255091085
11828,1.8770482789289193,1.972832963692324,-2.063393668297841
13569,-0.0594118366969423,-0.4367020068896358,-0.61441158978859
5805,-0.9283362475547006,-1.067234522555943,0.8345704887206613
8165,0.9088182211159885,1.2860029019843822,0.35157646255091085
10791,-1.077294717987459,-0.4704805345146165,1.3175645148904118
8822,-0.4069816010400455,-0.5718161173895587,0.8345704887206613
173,0.4371163980789196,1.173407809901113,-0.13141756361883955
10509,-0.8290306005995282,-0.7181897370978086,0.35157646255091085
50,-1.077294717987459,-1.0334559949309623,0.0
11588,-1.0524683062486662,-0.797006301556097,0.35157646255091085
15256,0.18885228069098867,0.14879247194336379,0.8345704887206613
10762,1.554304926324609,1.9052759084423625,-0.61441158978859
7286,-1.0028154827710798,-1.1573105962225583,0.35157646255091085
399,-1.077294717987459,-1.1122725593892506,0.8345704887206613
749,-0.10906466017452843,-0.8195253199727509,0.35157646255091085
15207,-0.6552457184279764,-0.3804044608480012,-2.063393668297841
6248,-1.077294717987459,-1.0897535409725967,0.8345704887206613
2678,0.8343389858996093,1.1508887914844592,-1.5803996421280908
6176,-0.9531626592934936,-1.0897535409725967,0.8345704887206613
4903,-1.0524683062486662,-0.34662593322302043,0.8345704887206613
12548,-1.077294717987459,-0.49299955293127035,0.8345704887206613
13089,-1.0028154827710798,-1.0109369765143084,0.35157646255091085
12167,-0.45663442451763175,0.14879247194336379,0.35157646255091085
1039,0.7350333389444368,-0.41418298847298196,-2.063393668297841
3717,0.015067398519437164,-0.18899280430644366,0.35157646255091085
1139,-0.8042041888607351,-0.8758228660143854,0.35157646255091085
2796,-0.08423824843573531,0.3176851100682675,0.35157646255091085
13993,-0.5807664832115972,0.03619737986009463,0.35157646255091085
5729,1.4301728676306433,0.8919200796929401,-0.61441158978859
8742,-1.077294717987459,-1.191089123847539,1.3175645148904118
7337,0.015067398519437164,-0.673151700264501,0.8345704887206613
9696,1.008123868071161,1.454895540109286,-0.61441158978859
5688,1.80256904371254,1.8377188531924011,-1.0974056159583405
5309,-0.8538570123383212,-0.04261918459819377,1.3175645148904118
9260,-0.8538570123383212,-0.12143574905648218,1.3175645148904118
6561,-1.077294717987459,-1.202348633055866,1.3175645148904118
5712,0.2881579276461611,0.644210877109748,0.35157646255091085
14560,-0.009759013219356063,-0.6956707186811548,-0.61441158978859
1739,-0.33250236582366627,-0.39166397005632814,-0.13141756361883955
15132,0.26333151590736814,1.2972624111927091,0.8345704887206613
3821,2.671493454570298,2.5470679333169968,-0.13141756361883955
7613,-1.0524683062486662,-1.067234522555943,0.35157646255091085
11457,1.008123868071161,1.3985979940676512,-0.61441158978859
11071,1.554304926324609,1.454895540109286,-1.5803996421280908
4489,0.7102069272056438,0.8694010612762862,-0.13141756361883955
14036,-0.33250236582366627,0.5428752942348057,0.35157646255091085
15174,1.8522218671901263,2.614624988566958,-0.13141756361883955
2998,0.4122899863401266,0.20509001798499835,-0.13141756361883955
5992,0.6605541037280576,1.2634838835677282,-0.61441158978859
8240,2.050833161100471,2.0291305097339585,-0.13141756361883955
1225,1.2067351619815054,1.466155049317613,-1.0974056159583405
1358,-0.7793777771219419,-0.49299955293127035,0.8345704887206613
4012,-0.506287247995218,-1.0109369765143084,0.35157646255091085
3441,0.21367869242978188,0.9819961533595555,-0.13141756361883955
2039,1.8770482789289193,1.8377188531924011,-0.61441158978859
12879,-1.0524683062486662,-0.6281136634311933,1.3175645148904118
9693,2.2742708667496085,2.220542166275516,-0.61441158978859
4682,-0.9779890710322867,-0.9546394304726739,0.8345704887206613
2481,-1.077294717987459,-0.9996774673059815,1.3175645148904118
10405,-0.20837030712970078,0.655470386318075,0.35157646255091085
5350,0.13919945721340263,0.5090967666098251,-0.13141756361883955
4201,1.6536105732797814,1.9390544360673434,-1.0974056159583405
0,0.6605541037280576,-0.7519682647227893,-1.5803996421280908
10839,-0.8290306005995282,-0.39166397005632814,0.8345704887206613
3314,-1.077294717987459,-1.1347915778059046,1.3175645148904118
3445,1.1322559267651264,1.6237881782341896,-0.13141756361883955
9376,1.4053464558918505,0.9707366441512285,0.35157646255091085
3592,0.9336446328547815,-0.3241069148063666,-1.0974056159583405
12705,-1.0276418945098729,-0.9096013936393662,0.8345704887206613
3372,0.4867692215565058,0.3965016745265559,-1.0974056159583405
6498,0.7350333389444368,-0.13269525826480907,-1.0974056159583405
14141,0.5364220450340921,0.27264707323495985,-1.0974056159583405
13576,0.6357276919892645,0.05871639827674846,0.35157646255091085
12389,0.2881579276461611,-0.8082658107644239,-1.5803996421280908
6350,1.231561573720299,1.590009650609209,0.35157646255091085
3013,0.6853805154668505,0.6104323494847672,0.35157646255091085
12671,-0.08423824843573531,0.0924949259017292,-1.5803996421280908
1593,1.1322559267651264,1.454895540109286,-0.13141756361883955
10751,1.5791313380634018,1.9052759084423625,-1.0974056159583405
9272,0.2881579276461611,0.9594771349429017,-0.13141756361883955
1346,-0.5311136597340109,-0.17773329509811675,-0.13141756361883955
9921,0.4371163980789196,-0.07639771222317451,-2.063393668297841
4139,2.3735765137047813,2.0291305097339585,-2.5463876944675916
3418,-0.4069816010400455,0.3402041284849213,0.35157646255091085
14768,0.809512574160816,1.4098575032759781,-0.13141756361883955
2495,-1.077294717987459,-1.07849403176427,1.3175645148904118
13415,0.2385051041685749,0.05871639827674846,0.35157646255091085
8887,-0.7048985419055627,-0.008840656973213026,0.8345704887206613
5998,-0.9035098358159074,-0.07639771222317451,0.8345704887206613
14133,0.16402586895219565,0.21634952719332526,-0.13141756361883955
2662,-0.23319671886849389,0.23886854560997908,0.8345704887206613
2589,-1.077294717987459,-1.1122725593892506,1.3175645148904118
12114,-0.23319671886849389,-0.34662593322302043,0.0
14634,-0.3821551893012525,-0.8533038475977316,0.35157646255091085
12472,-1.0524683062486662,-0.9771584488893277,1.3175645148904118
5553,0.26333151590736814,0.0924949259017292,-0.61441158978859
624,-0.7793777771219419,-0.4592210253062896,0.8345704887206613
5012,-1.0276418945098729,-0.7519682647227893,0.8345704887206613
13038,0.9088182211159885,0.5766538218597865,-1.5803996421280908
7874,-0.8786834240771144,-0.11017623984815525,1.3175645148904118
8700,0.2385051041685749,-0.4367020068896358,-0.13141756361883955
8396,-0.9531626592934936,-1.1347915778059046,0.35157646255091085
6959,0.06472022199702318,-0.7744872831394432,-0.61441158978859
13336,0.5115956332952991,1.1959268283177669,-1.0974056159583405
11233,-1.0276418945098729,-0.8307848291810778,1.3175645148904118
6798,0.21367869242978188,0.7117679323597095,0.35157646255091085
13901,0.46194280981771285,-0.661892191056174,-2.5463876944675916
10056,2.4728821606599536,2.3443967675671122,-2.063393668297841
15186,1.9267011024065053,2.4569918596503815,-2.063393668297841
11087,1.4301728676306433,1.601269159817536,-1.5803996421280908
5465,-1.077294717987459,-1.202348633055866,1.3175645148904118
1768,-0.258023130607287,-0.6956707186811548,-0.61441158978859
4962,-0.4318080127788386,0.29516609165161367,0.35157646255091085
8,0.3626371628625404,-0.7744872831394432,-0.61441158978859
1722,0.8591653976384023,0.4302802021515366,-1.0974056159583405
3105,2.2246180432720224,2.265580203108824,-1.0974056159583405
9605,0.5115956332952991,0.7680654784013441,-0.13141756361883955
11058,-1.077294717987459,-0.661892191056174,1.3175645148904118
15285,-0.33250236582366627,-0.6506326818478472,0.35157646255091085
13090,-0.9779890710322867,-0.9996774673059815,-0.13141756361883955
450,-0.30767595408487314,-0.0651382030148476,0.35157646255091085
10489,-0.7297249536443557,-0.4592210253062896,0.35157646255091085
8157,-0.28284954234608,0.36272314690157514,0.35157646255091085
8149,-0.30767595408487314,0.26138756402663293,-0.13141756361883955
13027,-0.9035098358159074,-0.4367020068896358,0.35157646255091085
12691,-0.48146083625642483,-0.40292347926465505,-0.13141756361883955
4313,0.015067398519437164,-0.4704805345146165,-0.13141756361883955
9224,-0.7793777771219419,-0.3353664240146935,0.35157646255091085
14510,-0.13389107191332153,-0.12143574905648218,-0.13141756361883955
7756,0.4371163980789196,0.38524216531822897,0.35157646255091085
7040,-0.9035098358159074,-0.39166397005632814,0.8345704887206613
9391,-1.077294717987459,-0.8195253199727509,0.8345704887206613
181,-0.18354389539090765,0.6779894047347288,-0.13141756361883955
7386,0.4867692215565058,0.3289446192765944,0.35157646255091085
1321,0.8839918093771955,1.1171102638594783,-0.13141756361883955
4448,-0.5807664832115972,-0.49299955293127035,0.8345704887206613
3755,0.8839918093771955,0.903179588901267,0.35157646255091085
9396,-0.9531626592934936,-0.673151700264501,0.8345704887206613
5058,-1.0524683062486662,-1.067234522555943,-0.61441158978859
13672,-0.009759013219356063,0.8131035152346517,-0.61441158978859
12762,-0.8538570123383212,-1.1010130501809237,-1.0974056159583405
9304,0.561248456772885,1.2522243743594015,0.8345704887206613
12842,-0.8290306005995282,-0.7744872831394432,0.8345704887206613
6167,-0.10906466017452843,-0.7857467923477701,-0.13141756361883955
1683,-0.0594118366969423,0.5316157850264789,-0.13141756361883955
6518,0.6853805154668505,-0.4479615160979627,-0.61441158978859
2231,-1.077294717987459,-1.0897535409725967,1.3175645148904118
2342,2.249444455010816,2.265580203108824,-1.0974056159583405
12492,-1.0028154827710798,-0.7294492463061355,1.3175645148904118
6083,1.9018746906677122,1.432376521692632,-1.0974056159583405
13831,0.4867692215565058,-0.5830756265978857,-1.5803996421280908
3820,1.6287841615409884,1.9503139452756701,-0.13141756361883955
8726,-0.5311136597340109,-0.9208609028476931,0.35157646255091085
10796,-0.15871748365211455,0.5991728402764404,0.35157646255091085
3817,0.6357276919892645,1.3085219204010359,0.35157646255091085
1580,0.11437304547460941,0.644210877109748,0.8345704887206613
772,0.8591653976384023,-0.3241069148063666,-1.5803996421280908
10577,-0.6304193066891834,-1.044715504139289,0.35157646255091085
2935,-1.077294717987459,-1.1798296146392122,1.3175645148904118
284,0.4122899863401266,-0.1552142766814629,-0.13141756361883955
14686,-0.13389107191332153,-0.08765722143150143,0.35157646255091085
3184,0.6109012802504713,0.29516609165161367,-0.61441158978859
394,-0.03458542495814907,-0.7181897370978086,0.35157646255091085
6013,1.6784369850185743,1.984092472900651,-0.13141756361883955
326,-1.0276418945098729,-1.1122725593892506,0.8345704887206613
9216,0.3626371628625404,0.3289446192765944,0.35157646255091085
14583,-1.077294717987459,-1.191089123847539,1.3175645148904118
4606,1.6287841615409884,1.5674906321925552,-0.13141756361883955
14460,2.199791631533229,1.984092472900651,-2.5463876944675916
15249,-0.8538570123383212,-0.5042590621395973,0.35157646255091085
8805,-1.077294717987459,-1.0897535409725967,1.3175645148904118
3069,-0.23319671886849389,0.5766538218597865,0.35157646255091085
4407,-1.077294717987459,-1.1460510870142313,1.3175645148904118
5294,2.001180337622885,-1.600072495240129e-16,-2.063393668297841
11379,0.08954663373581641,-0.35788544243134734,-0.13141756361883955
2126,0.809512574160816,-0.27906887797305896,-1.5803996421280908
2201,-1.0028154827710798,-1.1347915778059046,-0.13141756361883955
12826,-0.8786834240771144,-0.9208609028476931,-0.13141756361883955
8040,-1.077294717987459,-1.191089123847539,1.3175645148904118
5137,-0.7048985419055627,-0.9658989396810007,0.35157646255091085
1261,-0.258023130607287,0.6216918586930942,0.35157646255091085
5284,2.0756595728392635,-1.600072495240129e-16,-1.0974056159583405
1662,2.398402925443574,2.24306118469217,-2.063393668297841
9453,-1.077294717987459,-1.1460510870142313,1.3175645148904118
3283,-1.077294717987459,-1.202348633055866,1.3175645148904118
9919,-1.077294717987459,-0.9884179580976545,1.3175645148904118
5770,-1.077294717987459,-1.0109369765143084,0.8345704887206613
1418,0.2385051041685749,-0.6956707186811548,-1.5803996421280908
5216,-0.7297249536443557,-0.20025231351477057,0.8345704887206613
5422,-0.33250236582366627,-0.7294492463061355,-0.61441158978859
1714,-1.077294717987459,-0.7744872831394432,0.8345704887206613
3386,-1.077294717987459,-0.673151700264501,0.8345704887206613
7838,2.199791631533229,2.276839712317151,-1.5803996421280908
9926,0.08954663373581641,-0.14395476747313599,-0.13141756361883955
8926,0.46194280981771285,1.173407809901113,0.35157646255091085
10801,1.1819087502427124,1.4774145585259397,-1.5803996421280908
3963,-1.0276418945098729,-1.055975013347616,0.8345704887206613
9118,-1.0524683062486662,-1.1798296146392122,0.8345704887206613
3015,-1.077294717987459,-0.7069302278894817,1.3175645148904118
2215,-1.0524683062486662,-1.1235320685975776,-0.13141756361883955
1433,-1.077294717987459,-1.191089123847539,1.3175645148904118
4074,0.4867692215565058,-0.2115118227230975,0.35157646255091085
12082,-1.0524683062486662,-1.1010130501809237,0.8345704887206613
6088,-0.258023130607287,0.08123541669340228,0.35157646255091085
1459,-1.077294717987459,-1.202348633055866,0.8345704887206613
9530,-1.077294717987459,-1.1122725593892506,0.8345704887206613
9237,1.6536105732797814,1.3985979940676512,-0.13141756361883955
3546,0.784686162422023,0.4302802021515366,0.35157646255091085
11180,0.561248456772885,0.9482176257345747,-0.61441158978859
2404,1.4053464558918505,1.578750141400882,0.35157646255091085
13577,0.983297456332368,0.21634952719332526,-1.0974056159583405
5937,0.4867692215565058,0.5316157850264789,-0.13141756361883955
1247,1.4301728676306433,1.7814213071507665,-0.13141756361883955
977,0.9336446328547815,0.7230274415680364,-2.063393668297841
11343,-0.5311136597340109,-0.9208609028476931,0.8345704887206613
10009,-0.03458542495814907,0.7455464599846903,-0.61441158978859
13927,-0.0594118366969423,-0.5267780805562511,-0.13141756361883955
9389,1.47982569110823,0.7568059691930171,-1.5803996421280908
13207,-1.077294717987459,-0.9884179580976545,1.3175645148904118
9839,-0.6304193066891834,-1.0334559949309623,0.35157646255091085
4226,0.7350333389444368,1.2071863375260936,-0.13141756361883955
6598,0.3129843393849541,-0.6844112094728279,0.35157646255091085
9414,-0.18354389539090765,-0.39166397005632814,0.8345704887206613
2554,0.4122899863401266,-0.8082658107644239,-1.0974056159583405
5380,-0.03458542495814907,-0.07639771222317451,0.35157646255091085
4464,-0.20837030712970078,-0.05387869380652068,-0.61441158978859
7539,1.2067351619815054,1.162148300692786,0.8345704887206613
2483,-0.7793777771219419,-0.7744872831394432,0.35157646255091085
12131,1.6536105732797814,0.8131035152346517,-2.5463876944675916
3991,-0.7545513653831489,-1.055975013347616,0.35157646255091085
9248,0.13919945721340263,0.632951367901421,0.8345704887206613
2882,-0.258023130607287,-0.8420443383894047,-0.61441158978859
3857,1.057776691548747,1.443636030900959,-1.0974056159583405
10341,-0.506287247995218,0.11501394431838304,-0.61441158978859
9511,-0.9035098358159074,-1.07849403176427,0.8345704887206613
3705,-0.9779890710322867,-0.9208609028476931,0.8345704887206613
14535,0.2385051041685749,-0.3128474055980397,-0.61441158978859
1650,1.008123868071161,1.5111930861509206,-0.61441158978859
9701,-0.3573287775624594,0.4302802021515366,0.8345704887206613
11582,0.33781075112374737,0.21634952719332526,-1.5803996421280908
4600,-0.7048985419055627,0.013678361443440803,0.8345704887206613
15138,-0.6552457184279764,0.4190206929432097,0.8345704887206613
8374,-0.0594118366969423,-0.8870823752227124,0.35157646255091085
6494,0.08954663373581641,-0.3015878963897128,-0.13141756361883955
13791,1.1819087502427124,0.250128054818306,-2.063393668297841
13694,-0.6552457184279764,0.22760903640165217,0.8345704887206613
12088,-1.077294717987459,-1.1010130501809237,1.3175645148904118
9351,1.08260310328754,1.2972624111927091,-0.61441158978859
12739,-1.077294717987459,-1.1460510870142313,1.3175645148904118
5550,0.015067398519437164,-0.07639771222317451,0.35157646255091085
15263,-0.4069816010400455,-0.24529035034807822,-0.61441158978859
12105,-1.0524683062486662,-0.9771584488893277,1.3175645148904118
1713,0.06472022199702318,0.1713114903600176,-0.13141756361883955
10292,0.21367869242978188,-0.07639771222317451,-0.61441158978859
3887,2.0756595728392635,1.612528669025863,-1.0974056159583405
6630,0.18885228069098867,-0.3353664240146935,0.35157646255091085
11255,0.6357276919892645,-0.29032838718138587,-1.5803996421280908
8624,0.46194280981771285,0.8806605704846132,-0.13141756361883955
8763,-1.077294717987459,-1.202348633055866,1.3175645148904118
9871,-1.077294717987459,-1.1798296146392122,1.3175645148904118
6006,-1.0524683062486662,-0.3353664240146935,0.8345704887206613
4553,0.06472022199702318,0.8919200796929401,0.35157646255091085
9640,0.18885228069098867,0.8919200796929401,0.35157646255091085
4404,-1.0028154827710798,-1.1010130501809237,0.35157646255091085
5799,-0.08423824843573531,-0.7632277739311163,-0.13141756361883955
9785,0.26333151590736814,-0.27906887797305896,-1.0974056159583405
8280,-0.8786834240771144,-0.41418298847298196,0.8345704887206613
1217,-0.5559400714728041,0.13753296273503687,0.35157646255091085
5572,0.6357276919892645,0.6104323494847672,0.35157646255091085
13505,0.11437304547460941,-0.8758228660143854,-1.0974056159583405
12728,-1.077294717987459,-1.1010130501809237,1.3175645148904118
4877,-0.7297249536443557,0.024937870651767717,0.8345704887206613
4395,0.7350333389444368,-0.673151700264501,-2.5463876944675916
8330,0.06472022199702318,-0.4367020068896358,0.35157646255091085
9024,1.6039577498021953,0.8018440060263248,-1.0974056159583405
177,0.38746357460133357,1.1283697730678053,-0.13141756361883955
3608,-1.077294717987459,-1.1460510870142313,0.35157646255091085
8610,0.809512574160816,1.2522243743594015,-1.0974056159583405
6902,-1.077294717987459,-1.1573105962225583,1.3175645148904118
7840,2.100485984578057,2.231801675483843,-1.0974056159583405
457,1.7777426319737468,1.18466731910944,-1.5803996421280908
5331,0.18885228069098867,0.7568059691930171,-0.13141756361883955
5928,-1.0276418945098729,-0.673151700264501,0.8345704887206613
12031,0.2385051041685749,-0.8420443383894047,-2.063393668297841
2085,-1.077294717987459,-0.8082658107644239,0.8345704887206613
63,0.5115956332952991,0.024937870651767717,-0.61441158978859
10618,0.5364220450340921,-0.5943351358062126,-2.063393668297841
12297,-0.5807664832115972,-0.1552142766814629,0.35157646255091085
3495,1.008123868071161,1.3873384848593244,-0.13141756361883955
6962,-1.0524683062486662,-1.1235320685975776,0.35157646255091085
2879,-1.077294717987459,-1.1460510870142313,1.3175645148904118
13882,-0.45663442451763175,-0.9771584488893277,-1.0974056159583405
10615,-0.33250236582366627,-0.8533038475977316,-0.61441158978859
6669,0.11437304547460941,0.3289446192765944,0.35157646255091085
7375,-0.5559400714728041,-0.41418298847298196,0.8345704887206613
15099,-0.8290306005995282,0.26138756402663293,0.35157646255091085
5642,2.3735765137047813,2.378175295192093,-1.0974056159583405
2453,-1.0276418945098729,-0.7294492463061355,0.35157646255091085
6434,1.1570823385039195,1.2747433927760552,0.8345704887206613
12487,-1.077294717987459,-0.8870823752227124,1.3175645148904118
1454,-1.077294717987459,-1.202348633055866,1.3175645148904118
7316,-1.077294717987459,-1.1798296146392122,0.35157646255091085
12649,1.1322559267651264,1.18466731910944,-2.063393668297841
10712,-0.9531626592934936,-0.3015878963897128,0.8345704887206613
15024,-0.4318080127788386,-0.5042590621395973,1.3175645148904118
10840,-0.9531626592934936,-0.5267780805562511,0.8345704887206613
12736,0.03989381025823017,-0.6956707186811548,-1.5803996421280908
5549,-0.20837030712970078,-0.2115118227230975,0.35157646255091085
12888,2.100485984578057,1.590009650609209,-2.5463876944675916
11487,-0.15871748365211455,0.7005084231513826,0.35157646255091085
6556,-1.077294717987459,-1.202348633055866,0.35157646255091085
9995,-1.0524683062486662,-0.39166397005632814,1.3175645148904118
14318,-0.4069816010400455,-0.29032838718138587,0.8345704887206613
3208,-0.20837030712970078,-0.4367020068896358,-0.13141756361883955
12980,1.032950279809954,1.4886740677342667,-1.0974056159583405
795,-0.10906466017452843,-0.24529035034807822,0.8345704887206613
14897,-0.6552457184279764,-0.661892191056174,0.35157646255091085
3288,-0.6304193066891834,-1.0221964857226353,0.35157646255091085
5790,-0.8538570123383212,-0.9546394304726739,0.35157646255091085
9407,-1.0276418945098729,-0.8420443383894047,0.8345704887206613
3752,-0.3573287775624594,0.06997590748507537,0.8345704887206613
13612,-0.3573287775624594,0.05871639827674846,0.35157646255091085
633,0.6853805154668505,0.22760903640165217,-0.61441158978859
563,-1.0276418945098729,-0.3241069148063666,0.8345704887206613
4802,-0.8538570123383212,-0.8195253199727509,-0.13141756361883955
12021,-0.15871748365211455,-0.8645633568060586,-0.61441158978859
12269,0.2881579276461611,0.8356225336513056,-0.13141756361883955
10914,-0.6800721301667696,-0.9546394304726739,-0.13141756361883955
11169,0.5860748685116783,1.0833317362344976,0.8345704887206613
11766,-0.3573287775624594,-0.18899280430644366,0.35157646255091085
4519,-1.077294717987459,-0.4592210253062896,1.3175645148904118
7047,-0.7545513653831489,-0.17773329509811675,0.8345704887206613
10379,2.398402925443574,2.3443967675671122,-2.063393668297841
8284,0.983297456332368,0.7230274415680364,0.35157646255091085
9124,-1.077294717987459,-1.202348633055866,0.8345704887206613
10389,0.46194280981771285,1.18466731910944,-0.61441158978859
9985,1.554304926324609,1.601269159817536,-1.5803996421280908
8250,0.2385051041685749,0.8243630244429786,0.8345704887206613
11971,-0.5559400714728041,-0.5718161173895587,0.35157646255091085
829,0.5364220450340921,0.644210877109748,-0.61441158978859
6383,1.80256904371254,2.0516495281506124,-1.0974056159583405
9626,0.8839918093771955,1.2634838835677282,-0.61441158978859
9624,1.80256904371254,1.7926808163590935,-1.5803996421280908
14265,-1.077294717987459,-1.1573105962225583,1.3175645148904118
6095,0.8343389858996093,0.5879133310681134,0.35157646255091085
6435,-0.8786834240771144,-0.24529035034807822,0.8345704887206613
4925,0.6357276919892645,1.3085219204010359,-0.61441158978859
4288,1.3805200441530574,0.46405872977651735,-1.0974056159583405
11365,-1.077294717987459,-1.067234522555943,1.3175645148904118
2271,-1.077294717987459,-0.8082658107644239,1.3175645148904118
3784,0.561248456772885,1.0720722270261707,0.35157646255091085
4296,-0.8042041888607351,-0.661892191056174,0.35157646255091085
10723,2.100485984578057,2.0178710005256315,-2.063393668297841
5749,0.18885228069098867,-0.03135967538986686,0.35157646255091085
8594,2.5721878076151254,2.4119538228170736,-1.5803996421280908
1575,0.26333151590736814,0.6892489139430557,0.8345704887206613
407,-0.20837030712970078,-0.6393731726395202,0.8345704887206613
4745,-1.077294717987459,-1.202348633055866,1.3175645148904118
9201,-0.6055928949503904,-0.4479615160979627,1.3175645148904118
5385,-1.0524683062486662,-0.8307848291810778,0.8345704887206613
4684,-0.4318080127788386,-0.6956707186811548,0.35157646255091085
3646,-1.077294717987459,-1.202348633055866,0.8345704887206613
7633,0.26333151590736814,-0.7294492463061355,0.8345704887206613
9451,-0.9283362475547006,-1.044715504139289,0.8345704887206613
8441,-0.48146083625642483,-0.7632277739311163,0.35157646255091085
2439,0.6605541037280576,0.5766538218597865,-0.13141756361883955
14159,-1.077294717987459,-0.9433799212643469,0.8345704887206613
6205,-0.20837030712970078,-0.93212041205602,-0.13141756361883955
14306,-1.077294717987459,-0.93212041205602,1.3175645148904118
11452,0.3626371628625404,0.9144390981095939,-0.13141756361883955
14409,0.38746357460133357,1.1283697730678053,0.35157646255091085
2673,-0.7545513653831489,-0.09891673063982834,0.8345704887206613
12604,1.8770482789289193,2.0629090373589394,-2.5463876944675916
8802,-1.077294717987459,-1.1010130501809237,0.35157646255091085
5564,-0.23319671886849389,-0.020100166181539942,0.8345704887206613
1740,-1.077294717987459,-0.9433799212643469,-0.13141756361883955
8177,2.1749652197944367,2.1529851110255547,-0.13141756361883955
11326,0.4867692215565058,-0.7744872831394432,-2.5463876944675916
1385,0.4371163980789196,-0.2340308411397513,-0.61441158978859
14143,-0.7793777771219419,-0.5042590621395973,0.8345704887206613
12224,0.8343389858996093,1.443636030900959,-0.61441158978859
683,-1.077294717987459,-1.1347915778059046,1.3175645148904118
6077,2.001180337622885,1.590009650609209,-2.063393668297841
1078,-0.33250236582366627,-0.9658989396810007,0.35157646255091085
9976,-1.0276418945098729,-0.4592210253062896,-0.13141756361883955
9628,2.100485984578057,2.0178710005256315,-0.13141756361883955
10127,1.057776691548747,0.44153971135986353,-1.5803996421280908
7095,-0.30767595408487314,0.5541348034431327,0.8345704887206613
11165,0.3626371628625404,0.9707366441512285,0.35157646255091085
10411,-0.0594118366969423,0.7680654784013441,0.8345704887206613
11558,1.47982569110823,1.2860029019843822,-1.5803996421280908
12426,-0.9035098358159074,-1.1010130501809237,0.8345704887206613
7436,0.015067398519437164,0.6779894047347288,0.8345704887206613
800,-1.0028154827710798,-0.7632277739311163,1.3175645148904118
14331,-0.6800721301667696,-0.3241069148063666,0.8345704887206613
747,-0.6552457184279764,-0.9884179580976545,-0.13141756361883955
1921,-0.9779890710322867,-0.5267780805562511,0.35157646255091085
13942,-0.0594118366969423,-0.24529035034807822,0.35157646255091085
2325,-1.077294717987459,-0.4704805345146165,0.8345704887206613
3984,-1.077294717987459,-1.1685701054308852,0.35157646255091085
8072,-0.4318080127788386,-0.7744872831394432,0.35157646255091085
14272,-0.9779890710322867,-1.055975013347616,0.35157646255091085
7856,-1.077294717987459,-0.4367020068896358,1.3175645148904118
590,-0.258023130607287,0.35146363769324823,0.35157646255091085
7146,0.3129843393849541,0.9369581165262478,0.35157646255091085
8404,0.18885228069098867,-0.8307848291810778,-0.61441158978859
6987,0.9088182211159885,-0.2227713319314244,-1.5803996421280908
13885,-0.5807664832115972,-0.9996774673059815,0.8345704887206613
11369,-1.077294717987459,-1.055975013347616,1.3175645148904118
3387,1.5791313380634018,1.2409648651510745,-1.5803996421280908
1491,-1.077294717987459,-1.1235320685975776,0.8345704887206613
1923,-0.258023130607287,0.11501394431838304,0.8345704887206613
4896,0.3129843393849541,1.0157746809845363,0.35157646255091085
11456,0.06472022199702318,0.7342869507763633,0.35157646255091085
5858,-0.9035098358159074,-1.07849403176427,0.8345704887206613
14912,0.015067398519437164,-0.5492970989729049,-0.13141756361883955
15202,-1.077294717987459,-0.49299955293127035,1.3175645148904118
10057,1.728089808496161,1.9165354176506895,-1.0974056159583405
4045,0.5115956332952991,-0.5943351358062126,-0.61441158978859
12230,-0.009759013219356063,0.8243630244429786,0.8345704887206613
8862,1.7032633967573674,1.2297053559427475,-1.5803996421280908
7588,0.983297456332368,0.05871639827674846,0.8345704887206613
11638,-1.077294717987459,-1.1235320685975776,0.8345704887206613
10558,-1.0524683062486662,-1.1460510870142313,0.8345704887206613
10842,-1.0524683062486662,-0.6844112094728279,1.3175645148904118
473,0.3129843393849541,0.644210877109748,-0.61441158978859
2177,-1.077294717987459,-1.202348633055866,0.8345704887206613
1398,-1.077294717987459,-1.067234522555943,1.3175645148904118
11836,-0.258023130607287,0.5653943126514596,0.8345704887206613
3429,2.4232293371823674,2.3106182399421313,-1.5803996421280908
6179,-1.077294717987459,-1.191089123847539,1.3175645148904118
4256,-0.30767595408487314,0.1713114903600176,-0.13141756361883955
4004,-1.077294717987459,-1.202348633055866,0.35157646255091085
6950,-0.9283362475547006,-1.1010130501809237,0.35157646255091085
12935,1.1074295150263334,1.578750141400882,-0.61441158978859
9440,-0.9779890710322867,-1.0109369765143084,0.35157646255091085
2417,0.8839918093771955,1.1171102638594783,-0.13141756361883955
6107,1.554304926324609,0.6779894047347288,-0.61441158978859
3101,1.256387985459092,1.713864251900805,-0.13141756361883955
6209,-1.077294717987459,-1.191089123847539,0.8345704887206613
12963,0.6109012802504713,1.2860029019843822,-0.13141756361883955
10788,0.38746357460133357,1.060812717817844,-0.13141756361883955
14369,2.299097278488402,2.0291305097339585,-2.5463876944675916
9252,-1.077294717987459,-0.538037589764578,0.8345704887206613
14081,0.5364220450340921,1.1283697730678053,-0.61441158978859
586,0.08954663373581641,0.644210877109748,0.8345704887206613
6921,-0.23319671886849389,-0.9433799212643469,-0.61441158978859
5183,0.18885228069098867,-0.020100166181539942,-0.61441158978859
13781,0.13919945721340263,-0.008840656973213026,-1.0974056159583405
6338,1.330867220675471,1.5449716137759013,-0.13141756361883955
6651,-0.28284954234608,-0.16647378588978984,0.35157646255091085
7233,-0.6055928949503904,-0.6956707186811548,0.35157646255091085
11998,-1.077294717987459,-1.1010130501809237,1.3175645148904118
8057,-1.077294717987459,-1.1573105962225583,1.3175645148904118
3706,1.032950279809954,-0.07639771222317451,-1.0974056159583405
3316,-0.9035098358159074,-1.0109369765143084,-0.61441158978859
4342,-0.7545513653831489,-0.9884179580976545,0.35157646255091085
9728,0.561248456772885,0.8356225336513056,0.35157646255091085
2405,-0.9035098358159074,-0.18899280430644366,0.8345704887206613
10735,-0.7545513653831489,0.06997590748507537,0.35157646255091085
10731,-0.0594118366969423,0.6779894047347288,-0.61441158978859
8498,1.5791313380634018,1.18466731910944,-1.0974056159583405
11491,-0.6800721301667696,0.21634952719332526,0.35157646255091085
11378,-1.077294717987459,-0.9996774673059815,0.8345704887206613
3205,0.7102069272056438,-0.03135967538986686,-0.61441158978859
7745,-1.0524683062486662,-0.7857467923477701,0.35157646255091085
10475,0.3129843393849541,0.37398265610990206,-0.61441158978859
12886,1.9763539258840919,1.4886740677342667,-2.063393668297841
12523,-0.28284954234608,0.18257099956834452,-0.13141756361883955
3465,-1.077294717987459,-0.4254424976813089,1.3175645148904118
3379,-0.3821551893012525,-0.03135967538986686,0.8345704887206613
3421,1.8770482789289193,1.9165354176506895,-2.063393668297841
11539,0.8839918093771955,1.2184458467344206,-0.61441158978859
14467,0.5860748685116783,0.9707366441512285,-0.61441158978859
3059,-0.7793777771219419,0.013678361443440803,1.3175645148904118
13771,1.6536105732797814,0.8468820428596324,-2.5463876944675916
12228,0.5364220450340921,1.2409648651510745,-0.13141756361883955
2334,-0.258023130607287,0.5316157850264789,0.35157646255091085
13172,0.5860748685116783,-0.6168541542228664,-2.063393668297841
993,-0.8786834240771144,-0.5718161173895587,1.3175645148904118
11991,-1.0524683062486662,-1.0334559949309623,0.8345704887206613
3461,2.5225349841375393,2.4569918596503815,-1.0974056159583405
5868,-1.077294717987459,-1.1460510870142313,1.3175645148904118
2531,-0.18354389539090765,-0.9096013936393662,-0.13141756361883955
6883,0.08954663373581641,-0.5943351358062126,0.8345704887206613
10956,0.06472022199702318,-0.8758228660143854,-2.063393668297841
11011,-1.077294717987459,-1.0109369765143084,1.3175645148904118
6431,1.08260310328754,1.2747433927760552,0.35157646255091085
1071,-1.077294717987459,-1.191089123847539,1.3175645148904118
7309,-0.45663442451763175,-0.9771584488893277,0.35157646255091085
7744,1.3805200441530574,0.6104323494847672,-1.5803996421280908
811,-0.6304193066891834,-0.34662593322302043,0.8345704887206613
7917,1.6536105732797814,1.049553208609517,-0.61441158978859
12947,2.001180337622885,2.1642446202338816,-1.5803996421280908
3307,0.2881579276461611,-0.7069302278894817,-0.61441158978859
12440,-1.077294717987459,-1.1573105962225583,-0.13141756361883955
8180,0.75985975068323,1.3085219204010359,0.8345704887206613
1983,0.4122899863401266,1.1396292822761322,0.35157646255091085
8530,-1.077294717987459,-0.49299955293127035,1.3175645148904118
15083,-0.506287247995218,0.024937870651767717,0.8345704887206613
8934,-0.15871748365211455,0.7117679323597095,0.35157646255091085
12890,0.3626371628625404,0.655470386318075,-1.0974056159583405
13768,1.8770482789289193,1.0045151717762093,-2.5463876944675916
751,-1.077294717987459,-1.1573105962225583,1.3175645148904118
2351,0.6853805154668505,1.3310409388176898,0.8345704887206613
2974,-1.077294717987459,-1.0221964857226353,0.8345704887206613
1795,0.5364220450340921,-0.7407087555144625,-1.0974056159583405
7912,1.2812143971978849,1.060812717817844,-0.61441158978859
10199,-0.3573287775624594,-0.9433799212643469,0.35157646255091085
4514,1.5791313380634018,1.713864251900805,-0.13141756361883955
11642,-0.9779890710322867,-1.055975013347616,0.8345704887206613
14547,-1.077294717987459,-1.067234522555943,0.8345704887206613
7458,-0.23319671886849389,0.6216918586930942,0.35157646255091085
10501,-1.077294717987459,-0.9096013936393662,1.3175645148904118
4706,0.38746357460133357,-0.673151700264501,-1.5803996421280908
11544,-1.077294717987459,-0.5718161173895587,0.8345704887206613
13123,0.4867692215565058,-0.7744872831394432,-2.5463876944675916
9147,0.2385051041685749,-0.7519682647227893,-0.61441158978859
14086,-0.9283362475547006,-0.18899280430644366,0.35157646255091085
8422,0.18885228069098867,-0.7294492463061355,0.35157646255091085
5608,0.9584710445935745,1.3197814296093628,0.8345704887206613
10000,-0.6552457184279764,0.14879247194336379,1.3175645148904118
14751,1.256387985459092,1.612528669025863,-0.13141756361883955
13404,-0.506287247995218,-0.2227713319314244,0.8345704887206613
7862,0.16402586895219565,0.9144390981095939,-0.13141756361883955
12700,-0.7545513653831489,-0.661892191056174,0.35157646255091085
9904,-1.077294717987459,-1.067234522555943,1.3175645148904118
8197,1.032950279809954,1.5674906321925552,-0.61441158978859
9413,-0.18354389539090765,-0.3804044608480012,0.35157646255091085
1488,-1.077294717987459,-1.1347915778059046,1.3175645148904118
13624,2.150138808055643,1.725123761109132,-2.5463876944675916
8897,0.11437304547460941,0.7568059691930171,-0.61441158978859
8829,-1.077294717987459,-0.9208609028476931,1.3175645148904118
7247,-0.28284954234608,-0.7069302278894817,-0.13141756361883955
6706,1.1570823385039195,1.454895540109286,-1.0974056159583405
12074,-0.9035098358159074,-1.055975013347616,-0.13141756361883955
14452,0.7350333389444368,1.2184458467344206,-0.61441158978859
2250,-1.077294717987459,-0.9884179580976545,-0.61441158978859
962,0.3129843393849541,0.6779894047347288,0.8345704887206613
7826,-1.0524683062486662,-0.34662593322302043,0.8345704887206613
377,0.38746357460133357,-0.7519682647227893,-1.5803996421280908
1803,-0.8786834240771144,-1.1010130501809237,1.3175645148904118
4506,0.6853805154668505,1.0720722270261707,0.8345704887206613
9350,2.44805574892116,2.0516495281506124,-2.063393668297841
6211,-1.077294717987459,-1.191089123847539,1.3175645148904118
1586,0.8591653976384023,1.2071863375260936,0.35157646255091085
9390,1.3556936324142643,0.6779894047347288,-0.13141756361883955
10885,-1.077294717987459,-1.0221964857226353,1.3175645148904118
11537,-0.10906466017452843,0.5653943126514596,-0.13141756361883955
1743,-0.0594118366969423,-0.3241069148063666,-0.13141756361883955
3903,-0.3573287775624594,-0.05387869380652068,-0.13141756361883955
2859,-1.0276418945098729,-1.0109369765143084,0.35157646255091085
9037,1.4301728676306433,0.46405872977651735,-1.5803996421280908
2616,-1.077294717987459,-0.9433799212643469,1.3175645148904118
12291,0.5860748685116783,0.7568059691930171,-0.61441158978859
14072,0.2385051041685749,0.9707366441512285,0.35157646255091085
8379,0.46194280981771285,-0.797006301556097,-1.5803996421280908
12172,-0.8290306005995282,-0.1552142766814629,0.35157646255091085
13441,-0.23319671886849389,-0.5267780805562511,-0.61441158978859
5792,-0.9283362475547006,-1.0109369765143084,0.35157646255091085
2894,-1.077294717987459,-1.191089123847539,1.3175645148904118
11406,-1.0524683062486662,-0.7181897370978086,0.8345704887206613
8540,-0.7297249536443557,0.06997590748507537,0.8345704887206613
3,-1.077294717987459,-1.191089123847539,1.3175645148904118
14508,1.1322559267651264,0.5090967666098251,-0.61441158978859
4604,0.9088182211159885,1.173407809901113,0.35157646255091085
6214,-1.0524683062486662,-1.1685701054308852,1.3175645148904118
10310,-0.48146083625642483,-0.2115118227230975,0.35157646255091085
6253,-0.30767595408487314,-0.661892191056174,-0.13141756361883955
2270,0.08954663373581641,0.06997590748507537,-0.13141756361883955
11384,-0.9283362475547006,-0.7632277739311163,0.8345704887206613
5152,-1.077294717987459,-1.0897535409725967,1.3175645148904118
960,1.5791313380634018,1.443636030900959,-0.13141756361883955
9399,-1.0276418945098729,-0.7744872831394432,0.35157646255091085
6647,-0.7793777771219419,-0.5492970989729049,0.8345704887206613
11170,-1.077294717987459,-0.5267780805562511,1.3175645148904118
1769,-1.077294717987459,-1.1010130501809237,1.3175645148904118
9811,-1.0524683062486662,-1.0897535409725967,1.3175645148904118
9842,-0.6055928949503904,-1.0221964857226353,-0.13141756361883955
8627,0.7350333389444368,1.0045151717762093,-0.13141756361883955
3652,-1.077294717987459,-1.191089123847539,0.8345704887206613
12829,0.4122899863401266,-0.40292347926465505,-1.0974056159583405
7021,-1.0524683062486662,-0.7407087555144625,0.8345704887206613
7503,2.6218406310927125,2.3894348044004197,-1.0974056159583405
12591,-0.8042041888607351,0.06997590748507537,0.8345704887206613
6454,-0.8538570123383212,-0.40292347926465505,1.3175645148904118
10114,1.80256904371254,1.0157746809845363,-2.063393668297841
14463,0.9336446328547815,1.2297053559427475,-1.0974056159583405
2876,-1.077294717987459,-1.1347915778059046,0.35157646255091085
1114,-1.0524683062486662,-1.1347915778059046,0.35157646255091085
5758,0.8839918093771955,0.10375443511005612,0.35157646255091085
6503,0.4122899863401266,-0.3128474055980397,-0.13141756361883955
8629,1.3805200441530574,1.3535599572343435,-0.13141756361883955
7512,2.547361395876333,2.265580203108824,-0.61441158978859
3221,-1.077294717987459,-1.055975013347616,1.3175645148904118
9425,1.1570823385039195,-0.08765722143150143,-1.5803996421280908
14497,0.8591653976384023,0.5879133310681134,-0.61441158978859
14687,-0.9531626592934936,-0.6506326818478472,1.3175645148904118
13841,-1.0524683062486662,-1.1347915778059046,1.3175645148904118
10234,-1.0524683062486662,-1.1685701054308852,0.35157646255091085
11351,-0.6304193066891834,-0.9096013936393662,-0.13141756361883955
12413,-1.0276418945098729,-1.1685701054308852,-0.61441158978859
6151,1.057776691548747,-0.3241069148063666,-0.61441158978859
13335,1.1570823385039195,1.6237881782341896,-2.063393668297841
1579,0.08954663373581641,0.6104323494847672,-0.13141756361883955
4111,1.2812143971978849,0.9594771349429017,-1.5803996421280908
8129,0.21367869242978188,0.37398265610990206,-0.13141756361883955
7662,-1.077294717987459,-1.202348633055866,1.3175645148904118
2909,0.5364220450340921,-0.797006301556097,-2.063393668297841
6739,-0.7793777771219419,0.0924949259017292,1.3175645148904118
14905,-1.0276418945098729,-0.9658989396810007,0.35157646255091085
2301,-0.5807664832115972,0.0024188522351138884,0.35157646255091085
13714,2.497708572398747,-0.9208609028476931,-2.5463876944675916
6186,0.6109012802504713,-0.7632277739311163,-2.063393668297841
5333,0.3129843393849541,0.8243630244429786,0.35157646255091085
2054,0.015067398519437164,0.5203562758181519,-0.13141756361883955
13213,0.8591653976384023,0.18257099956834452,-1.0974056159583405
3268,0.561248456772885,-0.7857467923477701,-1.5803996421280908
6319,0.5115956332952991,0.8018440060263248,0.8345704887206613
10393,-0.03458542495814907,0.8131035152346517,0.35157646255091085
12266,-0.5559400714728041,0.19383050877667143,-0.13141756361883955
3708,-0.9531626592934936,-0.8758228660143854,0.35157646255091085
2968,-1.0524683062486662,-1.0221964857226353,0.35157646255091085
720,0.16402586895219565,-0.8645633568060586,-0.61441158978859
7438,0.6357276919892645,1.1396292822761322,0.35157646255091085
970,1.4549992793694364,1.2071863375260936,-2.063393668297841
10059,2.4728821606599536,2.3218777491504583,-2.5463876944675916
12081,-1.077294717987459,-1.1347915778059046,1.3175645148904118
6249,-0.6055928949503904,-0.8082658107644239,-0.13141756361883955
13408,0.7350333389444368,0.4077611837348828,-0.13141756361883955
6092,-0.3573287775624594,-0.03135967538986686,0.8345704887206613
12000,-0.8042041888607351,-0.9433799212643469,0.8345704887206613
388,0.6853805154668505,-0.5943351358062126,-2.063393668297841
13709,1.1322559267651264,1.5674906321925552,-0.61441158978859
8494,1.306040808936678,0.9707366441512285,-2.063393668297841
14922,-0.9779890710322867,-1.0334559949309623,0.35157646255091085
6832,-0.08423824843573531,0.013678361443440803,0.35157646255091085
11499,1.256387985459092,1.713864251900805,-1.5803996421280908
8065,-1.077294717987459,-1.1235320685975776,1.3175645148904118
315,-0.23319671886849389,-0.7632277739311163,-0.13141756361883955
8414,-1.0276418945098729,-1.1347915778059046,1.3175645148904118
13878,-1.077294717987459,-1.191089123847539,1.800558541060162
4730,-1.077294717987459,-1.202348633055866,0.8345704887206613
1328,1.1570823385039195,1.173407809901113,-0.61441158978859
6954,-0.3573287775624594,-0.9096013936393662,-0.13141756361883955
13022,-0.4318080127788386,0.06997590748507537,-0.13141756361883955
4948,-0.9283362475547006,-0.16647378588978984,0.8345704887206613
8689,-1.077294717987459,-0.9996774673059815,0.8345704887206613
14695,-0.48146083625642483,-0.18899280430644366,0.35157646255091085
1862,-1.077294717987459,-1.1010130501809237,1.3175645148904118
2955,-1.0028154827710798,-1.044715504139289,0.8345704887206613
4034,0.5115956332952991,-0.6956707186811548,-0.61441158978859
3014,-0.9779890710322867,-0.5492970989729049,0.8345704887206613
605,-0.0594118366969423,0.3176851100682675,0.35157646255091085
4391,-0.4318080127788386,-0.9546394304726739,0.35157646255091085
2626,-0.9035098358159074,-0.673151700264501,0.8345704887206613
1026,0.4867692215565058,-0.3015878963897128,-0.61441158978859
4084,0.561248456772885,0.10375443511005612,0.35157646255091085
10079,-0.18354389539090765,0.47531823898484427,-0.13141756361883955
7743,-0.5311136597340109,-0.35788544243134734,0.8345704887206613
12238,-0.6552457184279764,0.21634952719332526,0.8345704887206613
7172,0.9088182211159885,1.027034190192863,0.35157646255091085
6830,1.7032633967573674,0.9144390981095939,-1.5803996421280908
6634,-0.5807664832115972,-0.5605566081812319,0.35157646255091085
2216,-1.077294717987459,-1.1460510870142313,0.8345704887206613
7510,0.75985975068323,1.2522243743594015,-0.61441158978859
1368,1.1819087502427124,0.35146363769324823,-1.0974056159583405
5610,-0.08423824843573531,0.6104323494847672,0.35157646255091085
1253,0.16402586895219565,0.9482176257345747,-0.13141756361883955
4401,0.4371163980789196,-0.6956707186811548,-0.61441158978859
8203,-0.9531626592934936,-0.14395476747313599,0.8345704887206613
2069,0.5115956332952991,0.632951367901421,-0.13141756361883955
11562,0.784686162422023,0.8468820428596324,-0.61441158978859
9279,0.5115956332952991,1.1508887914844592,0.8345704887206613
5357,1.1322559267651264,0.8806605704846132,-0.61441158978859
10765,1.5046521028470228,1.8714973808173818,-0.61441158978859
6967,-0.18354389539090765,-0.7744872831394432,0.8345704887206613
14270,-0.6055928949503904,-0.9208609028476931,0.35157646255091085
8781,0.11437304547460941,-0.7857467923477701,-0.13141756361883955
2348,-1.077294717987459,-0.4367020068896358,1.3175645148904118
2536,-1.077294717987459,-1.202348633055866,0.8345704887206613
8570,2.1749652197944367,2.265580203108824,0.35157646255091085
2788,1.8770482789289193,1.5674906321925552,-0.61441158978859
8674,-0.5807664832115972,-0.4704805345146165,0.8345704887206613
425,-1.077294717987459,-0.9433799212643469,0.8345704887206613
2124,-0.6055928949503904,-0.7407087555144625,-0.13141756361883955
12463,-0.03458542495814907,-0.5605566081812319,0.35157646255091085
9257,0.03989381025823017,0.655470386318075,0.35157646255091085
1111,-0.20837030712970078,-0.8645633568060586,-0.61441158978859
4963,1.1322559267651264,1.3873384848593244,-0.13141756361883955
12404,0.4122899863401266,-0.8195253199727509,-1.0974056159583405
8298,0.16402586895219565,0.08123541669340228,0.8345704887206613
637,-1.0524683062486662,-0.8420443383894047,0.8345704887206613
248,1.032950279809954,0.7455464599846903,-1.5803996421280908
14015,0.015067398519437164,0.7117679323597095,0.8345704887206613
13285,1.1074295150263334,1.4774145585259397,-1.0974056159583405
10957,-1.077294717987459,-1.191089123847539,0.8345704887206613
5327,0.4371163980789196,0.9707366441512285,0.8345704887206613
696,-0.6304193066891834,-0.9771584488893277,-0.61441158978859
10707,-0.48146083625642483,0.13753296273503687,1.3175645148904118
4301,0.13919945721340263,-0.25654985955640514,-0.13141756361883955
6485,-1.0524683062486662,-0.8758228660143854,0.8345704887206613
5015,-0.5807664832115972,-0.40292347926465505,0.8345704887206613
8406,-1.077294717987459,-1.191089123847539,1.3175645148904118
1236,-1.077294717987459,-0.4479615160979627,1.3175645148904118
5683,1.2812143971978849,1.590009650609209,0.35157646255091085
5359,-0.7048985419055627,-0.26780936876473205,0.35157646255091085
4417,-0.7545513653831489,-0.9208609028476931,0.35157646255091085
1516,-1.077294717987459,-0.9996774673059815,1.3175645148904118
8360,-1.0524683062486662,-1.1235320685975776,0.8345704887206613
11370,0.46194280981771285,-0.35788544243134734,-0.61441158978859
12559,-0.8042041888607351,-0.008840656973213026,0.8345704887206613
14533,-0.08423824843573531,-0.41418298847298196,0.8345704887206613
1011,-1.0276418945098729,-0.8645633568060586,0.8345704887206613
70,0.11437304547460941,-0.04261918459819377,-0.13141756361883955
11286,0.26333151590736814,-0.7294492463061355,-1.0974056159583405
5220,-0.8042041888607351,-0.2340308411397513,0.8345704887206613
14859,-0.3821551893012525,-0.0651382030148476,0.35157646255091085
4192,0.16402586895219565,0.9707366441512285,-0.13141756361883955
10481,0.38746357460133357,0.3176851100682675,-1.5803996421280908
6451,-0.20837030712970078,0.19383050877667143,0.35157646255091085
1178,0.809512574160816,0.5090967666098251,-2.5463876944675916
11103,0.26333151590736814,0.9594771349429017,-0.13141756361883955
7275,-0.20837030712970078,-0.9096013936393662,0.35157646255091085
7681,-1.077294717987459,-1.1798296146392122,0.8345704887206613
8163,2.348750101965988,2.0966875649839203,-2.063393668297841
5646,1.330867220675471,1.7701617979424396,0.8345704887206613
5121,-0.0594118366969423,-0.8758228660143854,-0.13141756361883955
12673,-0.8786834240771144,-0.5042590621395973,0.35157646255091085
3404,-0.506287247995218,0.13753296273503687,0.8345704887206613
9251,-1.077294717987459,-0.538037589764578,1.3175645148904118
4708,-1.077294717987459,-1.1573105962225583,1.3175645148904118
12657,1.032950279809954,1.0045151717762093,-1.5803996421280908
13410,0.9336446328547815,0.46405872977651735,-1.0974056159583405
11228,-0.9035098358159074,-0.673151700264501,-0.61441158978859
3909,-0.5559400714728041,-0.26780936876473205,0.35157646255091085
5168,-1.0524683062486662,-0.9658989396810007,0.8345704887206613
9434,-0.23319671886849389,-0.6506326818478472,-0.13141756361883955
41,-1.077294717987459,-1.07849403176427,1.3175645148904118
167,-0.9283362475547006,-0.09891673063982834,0.8345704887206613
7567,-1.0524683062486662,-0.7744872831394432,0.8345704887206613
3248,-1.077294717987459,-1.1573105962225583,0.8345704887206613
13257,-0.33250236582366627,0.19383050877667143,0.35157646255091085
6032,1.4301728676306433,1.7814213071507665,-0.61441158978859
6492,1.1322559267651264,0.11501394431838304,0.35157646255091085
7144,1.7777426319737468,1.8714973808173818,-0.13141756361883955
5044,0.7350333389444368,-0.24529035034807822,-0.13141756361883955
6452,-0.009759013219356063,0.3176851100682675,0.35157646255091085
11720,-1.0524683062486662,-1.0897535409725967,0.8345704887206613
9089,-1.077294717987459,-1.1460510870142313,1.3175645148904118
9724,1.47982569110823,1.421117012484305,-1.5803996421280908
1083,0.26333151590736814,-0.8420443383894047,-1.0974056159583405
5601,1.6784369850185743,1.6575667058591705,-0.13141756361883955
5123,-1.077294717987459,-1.1798296146392122,1.3175645148904118
13461,-1.0276418945098729,-1.055975013347616,-0.13141756361883955
2656,-1.0028154827710798,-0.5267780805562511,0.8345704887206613
805,0.33781075112374737,0.13753296273503687,-0.13141756361883955
12804,-0.6552457184279764,-0.9658989396810007,-0.13141756361883955
6472,-1.077294717987459,-0.8420443383894047,1.3175645148904118
6341,1.032950279809954,1.3873384848593244,-0.13141756361883955
11215,-1.077294717987459,-0.797006301556097,0.8345704887206613
3437,-0.506287247995218,0.3402041284849213,0.35157646255091085
4026,-1.077294717987459,-1.1798296146392122,0.8345704887206613
2499,-0.6304193066891834,-0.8307848291810778,0.8345704887206613
13278,0.784686162422023,1.2071863375260936,-0.61441158978859
8359,-1.0276418945098729,-1.1010130501809237,0.8345704887206613
3595,1.057776691548747,-0.3353664240146935,-2.5463876944675916
9857,-0.5311136597340109,-1.0109369765143084,-1.0974056159583405
12969,-0.8786834240771144,-0.04261918459819377,0.8345704887206613
10713,0.06472022199702318,0.632951367901421,0.35157646255091085
4851,0.21367869242978188,0.5203562758181519,0.35157646255091085
3780,2.050833161100471,1.9390544360673434,-0.61441158978859
2805,-0.6800721301667696,-0.26780936876473205,0.35157646255091085
12147,0.08954663373581641,0.3064256008599406,-0.13141756361883955
13458,-1.077294717987459,-1.1010130501809237,0.8345704887206613
14742,2.3239236902271947,2.1529851110255547,-2.5463876944675916
6096,-0.9283362475547006,-0.538037589764578,0.8345704887206613
9622,1.4549992793694364,1.5674906321925552,0.35157646255091085
3058,-1.0524683062486662,-0.3804044608480012,1.3175645148904118
10283,-0.28284954234608,-0.5155185713479241,-0.13141756361883955
9537,-1.077294717987459,-1.07849403176427,1.3175645148904118
10854,1.1074295150263334,0.5203562758181519,-1.5803996421280908
14344,-1.0028154827710798,-0.5267780805562511,1.3175645148904118
2900,0.5364220450340921,-0.7857467923477701,-1.0974056159583405
8023,-1.077294717987459,-1.202348633055866,1.3175645148904118
14326,-0.30767595408487314,-0.12143574905648218,0.8345704887206613
11618,-0.20837030712970078,-0.5492970989729049,0.35157646255091085
4564,0.26333151590736814,1.027034190192863,0.35157646255091085
14723,-0.506287247995218,0.10375443511005612,0.8345704887206613
7020,0.13919945721340263,0.12627345352670993,-0.13141756361883955
170,1.728089808496161,2.006611491317305,-1.5803996421280908
11330,-0.5559400714728041,-0.9884179580976545,-0.61441158978859
217,0.2881579276461611,0.8243630244429786,0.35157646255091085
13467,-1.077294717987459,-1.1347915778059046,1.3175645148904118
7731,-1.0524683062486662,-0.8870823752227124,0.8345704887206613
12229,1.1322559267651264,1.6350476874425166,-0.61441158978859
5079,-1.077294717987459,-1.1685701054308852,0.35157646255091085
7100,0.08954663373581641,0.903179588901267,0.35157646255091085
2012,2.249444455010816,2.276839712317151,-2.063393668297841
13543,-0.20837030712970078,-0.7632277739311163,0.35157646255091085
11920,0.4867692215565058,0.779324987609671,-1.0974056159583405
7238,0.13919945721340263,-0.4592210253062896,-0.13141756361883955
2655,0.4371163980789196,0.5766538218597865,-0.13141756361883955
8913,1.1074295150263334,1.5562311229842283,-0.13141756361883955
10124,0.8591653976384023,0.4077611837348828,-0.61441158978859
7412,1.057776691548747,1.0833317362344976,-0.13141756361883955
8773,-1.077294717987459,-1.191089123847539,-0.13141756361883955
11422,1.231561573720299,1.049553208609517,-1.5803996421280908
13227,0.13919945721340263,0.0924949259017292,0.35157646255091085
8278,0.21367869242978188,0.47531823898484427,0.35157646255091085
900,-1.0524683062486662,-0.3353664240146935,0.8345704887206613
12364,-0.03458542495814907,-0.661892191056174,-0.61441158978859
184,0.4867692215565058,1.18466731910944,-0.61441158978859
8871,2.1253123963168505,1.6237881782341896,-2.5463876944675916
2087,0.26333151590736814,0.14879247194336379,-0.13141756361883955
7199,0.8839918093771955,0.47531823898484427,-0.13141756361883955
14264,-1.077294717987459,-1.1573105962225583,1.3175645148904118
14765,0.06472022199702318,0.8694010612762862,0.35157646255091085
11759,-0.8538570123383212,-0.6168541542228664,0.35157646255091085
14726,-0.7793777771219419,-0.13269525826480907,0.8345704887206613
8748,-1.077294717987459,-1.202348633055866,1.3175645148904118
592,-0.08423824843573531,0.45279922056819044,0.35157646255091085
3479,2.100485984578057,2.1529851110255547,-1.0974056159583405
14490,0.983297456332368,0.7680654784013441,-1.5803996421280908
6942,-0.506287247995218,-0.9884179580976545,0.35157646255091085
15168,1.6536105732797814,2.265580203108824,0.8345704887206613
5148,-1.077294717987459,-1.1122725593892506,1.3175645148904118
15066,0.26333151590736814,0.4865777481931712,-0.13141756361883955
13341,-1.0276418945098729,-0.3015878963897128,0.8345704887206613
538,0.21367869242978188,1.0045151717762093,-0.13141756361883955
7076,2.497708572398747,2.288099221525478,-1.0974056159583405
9145,-0.33250236582366627,-0.8983418844310392,-0.13141756361883955
5589,0.809512574160816,0.9819961533595555,0.35157646255091085
13378,-1.077294717987459,-0.6168541542228664,1.3175645148904118
4459,0.26333151590736814,0.12627345352670993,0.35157646255091085
13334,0.18885228069098867,0.9594771349429017,-0.61441158978859
9933,-0.6552457184279764,-0.4704805345146165,0.8345704887206613
9055,1.256387985459092,0.03619737986009463,-2.063393668297841
7642,0.561248456772885,-0.7519682647227893,-1.0974056159583405
4554,1.032950279809954,1.578750141400882,0.35157646255091085
10317,1.057776691548747,0.7905844968179979,-1.5803996421280908
13405,-0.30767595408487314,-0.09891673063982834,0.35157646255091085
4783,-0.9531626592934936,-1.0109369765143084,0.35157646255091085
3613,0.5115956332952991,-0.661892191056174,-1.0974056159583405
10335,1.9763539258840919,1.601269159817536,-2.5463876944675916
5945,1.9763539258840919,1.466155049317613,-1.5803996421280908
6889,-0.009759013219356063,-0.6844112094728279,-0.61441158978859
3532,0.75985975068323,0.655470386318075,-0.13141756361883955
9489,-1.0028154827710798,-1.1573105962225583,0.8345704887206613
3819,1.5294785145858159,1.8827568900257088,-1.0974056159583405
3214,-1.077294717987459,-1.0221964857226353,1.3175645148904118
9812,-0.3573287775624594,-0.797006301556097,-0.61441158978859
4252,-0.13389107191332153,0.3402041284849213,-0.13141756361883955
4560,-0.10906466017452843,0.7455464599846903,0.8345704887206613
11389,0.6605541037280576,0.13753296273503687,-1.0974056159583405
11462,-0.3821551893012525,0.4077611837348828,-0.61441158978859
9946,-1.0524683062486662,-0.7181897370978086,0.8345704887206613
7277,0.11437304547460941,-0.8420443383894047,-0.13141756361883955
6138,0.26333151590736814,-0.36914495163967426,0.35157646255091085
10538,-1.0028154827710798,-1.0334559949309623,0.8345704887206613
465,0.4122899863401266,0.5991728402764404,-0.13141756361883955
9420,-1.0524683062486662,-0.9546394304726739,0.8345704887206613
12204,-0.9531626592934936,-0.1552142766814629,-0.13141756361883955
8510,0.8343389858996093,0.9819961533595555,0.35157646255091085
113,-0.3573287775624594,0.22760903640165217,0.35157646255091085
14495,-0.8538570123383212,-0.4479615160979627,0.8345704887206613
7615,-0.23319671886849389,-0.7181897370978086,-0.13141756361883955
35,-0.8786834240771144,-0.9658989396810007,0.35157646255091085
2288,-0.8786834240771144,-0.40292347926465505,0.8345704887206613
5846,0.6357276919892645,-0.7519682647227893,-1.5803996421280908
5458,0.4867692215565058,-0.797006301556097,-1.5803996421280908
2019,-0.6800721301667696,0.1713114903600176,0.35157646255091085
13909,-1.077294717987459,-1.1235320685975776,1.3175645148904118
868,-1.077294717987459,-0.4592210253062896,0.35157646255091085
9750,-1.077294717987459,-0.7744872831394432,1.3175645148904118
15,-1.077294717987459,-1.1685701054308852,1.3175645148904118
8021,-1.0524683062486662,-1.1798296146392122,1.3175645148904118
6621,-1.077294717987459,-1.055975013347616,0.8345704887206613
14543,-0.28284954234608,-0.6168541542228664,-0.13141756361883955
10052,-0.8290306005995282,0.0024188522351138884,0.8345704887206613
8863,1.5791313380634018,1.18466731910944,-2.063393668297841
12366,-0.9779890710322867,-1.0334559949309623,0.8345704887206613
5456,-0.3821551893012525,-0.9658989396810007,-0.13141756361883955
4029,-0.8042041888607351,-1.055975013347616,0.8345704887206613
6112,-1.077294717987459,-0.8758228660143854,1.3175645148904118
8261,1.5046521028470228,1.466155049317613,0.35157646255091085
5353,1.3805200441530574,1.173407809901113,-0.61441158978859
4058,-1.0524683062486662,-1.044715504139289,0.8345704887206613
8295,-0.30767595408487314,-0.14395476747313599,-0.13141756361883955
7518,1.231561573720299,1.466155049317613,0.35157646255091085
4024,-1.0276418945098729,-1.1460510870142313,0.35157646255091085
8983,2.0756595728392635,1.8827568900257088,-1.5803996421280908
11430,1.9267011024065053,1.5562311229842283,-2.063393668297841
5933,-0.4069816010400455,-0.08765722143150143,0.8345704887206613
6025,0.7102069272056438,1.3423004480260168,0.35157646255091085
4031,-0.9779890710322867,-1.1122725593892506,-0.61441158978859
3942,1.2812143971978849,0.04745688906842155,-2.5463876944675916
1851,-0.28284954234608,-0.8195253199727509,0.35157646255091085
14679,0.983297456332368,0.3402041284849213,-1.0974056159583405
12979,0.8343389858996093,1.3760789756509975,-0.61441158978859
2791,0.38746357460133357,0.6892489139430557,0.8345704887206613
14645,-1.077294717987459,-1.1010130501809237,1.3175645148904118
11810,2.1749652197944367,1.9390544360673434,-2.5463876944675916
8824,-1.0524683062486662,-0.9433799212643469,0.8345704887206613
5332,1.6287841615409884,1.6350476874425166,-0.13141756361883955
11230,-1.0524683062486662,-0.8420443383894047,0.8345704887206613
8440,-0.28284954234608,-0.6956707186811548,0.35157646255091085
6181,-1.077294717987459,-1.191089123847539,1.3175645148904118
11682,-0.6055928949503904,-1.0334559949309623,-1.0974056159583405
14600,-0.7048985419055627,-1.055975013347616,-0.61441158978859
15281,-0.9035098358159074,-0.9208609028476931,-0.61441158978859
15042,-0.7297249536443557,-0.25654985955640514,-1.0974056159583405
7903,1.80256904371254,1.4886740677342667,-1.5803996421280908
83,-0.9035098358159074,-0.5492970989729049,0.8345704887206613
8854,1.4301728676306433,0.9369581165262478,-0.61441158978859
9292,0.561248456772885,1.2522243743594015,0.35157646255091085
2452,-0.8786834240771144,-0.5605566081812319,0.8345704887206613
3204,-1.077294717987459,-0.9658989396810007,1.3175645148904118
12458,-1.077294717987459,-1.0897535409725967,1.3175645148904118
1002,-0.15871748365211455,-0.2115118227230975,-0.13141756361883955
12865,0.8343389858996093,0.5090967666098251,-1.0974056159583405
5987,-0.15871748365211455,0.6216918586930942,0.8345704887206613
5082,-1.077294717987459,-1.1798296146392122,1.3175645148904118
4148,-0.9283362475547006,-0.2115118227230975,0.8345704887206613
4064,1.032950279809954,-0.20025231351477057,-0.13141756361883955
4807,0.561248456772885,-0.13269525826480907,-0.61441158978859
8539,0.8591653976384023,1.3310409388176898,0.8345704887206613
535,-0.3573287775624594,0.5316157850264789,0.35157646255091085
8142,0.7102069272056438,0.8694010612762862,0.35157646255091085
1482,-1.0276418945098729,-1.1122725593892506,0.8345704887206613
11897,-0.6552457184279764,0.11501394431838304,0.35157646255091085
7492,0.784686162422023,1.3760789756509975,0.8345704887206613
7066,-0.6304193066891834,0.10375443511005612,0.35157646255091085
12747,-0.8042041888607351,-1.0221964857226353,0.8345704887206613
8384,-0.03458542495814907,-0.8983418844310392,-1.0974056159583405
13019,0.5115956332952991,0.7568059691930171,-1.0974056159583405
1483,-0.45663442451763175,-0.8870823752227124,0.35157646255091085
13314,0.21367869242978188,1.0045151717762093,-0.13141756361883955
14100,-1.077294717987459,-0.5605566081812319,1.3175645148904118
14206,0.26333151590736814,-0.7181897370978086,0.35157646255091085
4038,-1.077294717987459,-1.1573105962225583,1.3175645148904118
2406,1.7777426319737468,1.7701617979424396,-0.61441158978859
2585,-1.077294717987459,-1.1347915778059046,1.3175645148904118
8288,1.3805200441530574,0.8356225336513056,-0.13141756361883955
14268,-1.077294717987459,-1.1460510870142313,1.3175645148904118
13643,0.08954663373581641,0.7230274415680364,-0.13141756361883955
1858,-0.33250236582366627,-0.7744872831394432,0.35157646255091085
14953,-1.077294717987459,-1.202348633055866,0.35157646255091085
247,1.728089808496161,1.0833317362344976,-2.5463876944675916
3954,-0.20837030712970078,-0.6168541542228664,0.8345704887206613
11325,-0.10906466017452843,-0.8983418844310392,-1.5803996421280908
5748,0.015067398519437164,-0.09891673063982834,-0.13141756361883955
14789,2.299097278488402,-0.8983418844310392,-2.063393668297841
11340,-1.077294717987459,-1.1685701054308852,0.35157646255091085
4353,-1.077294717987459,-1.191089123847539,0.8345704887206613
6877,0.06472022199702318,-0.538037589764578,-0.13141756361883955
14179,0.9584710445935745,-0.2227713319314244,-1.5803996421280908
14018,-0.5311136597340109,0.27264707323495985,0.8345704887206613
8382,-1.077294717987459,-1.202348633055866,1.3175645148904118
8883,-1.0524683062486662,-0.48174004372294343,1.3175645148904118
2167,0.03989381025823017,-0.8758228660143854,-0.61441158978859
3508,0.809512574160816,1.1171102638594783,0.8345704887206613
6536,0.8591653976384023,-0.6055946450145395,-1.0974056159583405
7007,1.47982569110823,0.49783725740149815,-0.61441158978859
13779,-0.45663442451763175,-0.3015878963897128,0.35157646255091085
8885,0.3626371628625404,0.8131035152346517,0.35157646255091085
5375,1.47982569110823,0.6892489139430557,-0.61441158978859
10413,-0.20837030712970078,0.644210877109748,0.35157646255091085
872,0.75985975068323,1.2860029019843822,-0.13141756361883955
6557,-0.3821551893012525,-0.9771584488893277,-0.61441158978859
5751,-1.077294717987459,-0.8983418844310392,1.3175645148904118
12279,1.08260310328754,1.2184458467344206,-0.13141756361883955
135,0.5860748685116783,1.1283697730678053,0.35157646255091085
12189,0.9088182211159885,1.3423004480260168,-0.61441158978859
11685,-1.077294717987459,-1.202348633055866,1.3175645148904118
3601,-1.0276418945098729,-1.067234522555943,0.8345704887206613
9666,2.646667042831505,2.53580842410867,-1.0974056159583405
1043,0.9584710445935745,-0.41418298847298196,-0.61441158978859
10876,0.6605541037280576,-0.0651382030148476,-2.063393668297841
1085,-1.077294717987459,-1.202348633055866,1.3175645148904118
13044,0.11437304547460941,0.08123541669340228,-1.5803996421280908
5358,-0.0594118366969423,0.20509001798499835,0.35157646255091085
7649,-1.077294717987459,-1.202348633055866,0.8345704887206613
2932,-0.15871748365211455,-0.8758228660143854,-1.0974056159583405
3547,-1.077294717987459,-0.8195253199727509,0.8345704887206613
2112,-1.0524683062486662,-0.9433799212643469,0.8345704887206613
1351,1.4301728676306433,0.7905844968179979,-2.063393668297841
11282,-0.9531626592934936,-1.067234522555943,0.8345704887206613
11297,0.015067398519437164,-0.8758228660143854,-0.61441158978859
866,0.4371163980789196,1.0157746809845363,0.35157646255091085
5848,-1.077294717987459,-1.191089123847539,1.3175645148904118
10710,0.18885228069098867,0.6779894047347288,-0.13141756361883955
274,0.4867692215565058,0.03619737986009463,-0.13141756361883955
2298,1.9018746906677122,1.5224525953592474,-0.61441158978859
8239,2.2742708667496085,2.1642446202338816,-1.0974056159583405
1147,0.6109012802504713,-0.24529035034807822,-0.13141756361883955
11832,2.0756595728392635,2.1192065834005738,-2.5463876944675916
12163,0.5860748685116783,0.8468820428596324,-0.13141756361883955
13967,-1.0524683062486662,-0.6956707186811548,0.8345704887206613
9038,-0.009759013219356063,-0.1552142766814629,0.8345704887206613
2478,0.7102069272056438,-0.08765722143150143,-1.0974056159583405
10602,-0.9283362475547006,-1.1010130501809237,0.8345704887206613
8874,-0.7297249536443557,-0.14395476747313599,0.8345704887206613
3615,-0.6552457184279764,-0.9658989396810007,-0.61441158978859
1904,-0.9531626592934936,-0.6393731726395202,0.8345704887206613
833,-1.077294717987459,-0.6506326818478472,0.8345704887206613
6298,0.9088182211159885,0.6892489139430557,-1.0974056159583405
9886,-0.7297249536443557,-0.9658989396810007,0.35157646255091085
3519,0.9336446328547815,1.03829369940119,-0.13141756361883955
15266,-1.077294717987459,-0.7632277739311163,0.8345704887206613
7317,-1.0524683062486662,-1.1573105962225583,-0.61441158978859
1175,-1.077294717987459,-0.8082658107644239,1.3175645148904118
13884,0.2385051041685749,-0.8195253199727509,-2.063393668297841
8260,-0.0594118366969423,0.5090967666098251,0.35157646255091085
5477,-1.077294717987459,-1.202348633055866,0.8345704887206613
6631,0.16402586895219565,-0.3353664240146935,-0.61441158978859
11600,-1.077294717987459,-0.93212041205602,0.8345704887206613
2609,-1.0524683062486662,-0.9771584488893277,0.8345704887206613
2714,1.1074295150263334,1.601269159817536,0.35157646255091085
3299,-1.077294717987459,-1.1798296146392122,1.3175645148904118
10463,2.100485984578057,1.578750141400882,-2.5463876944675916
3944,-0.23319671886849389,-0.5155185713479241,0.8345704887206613
8593,-1.0524683062486662,-0.35788544243134734,0.35157646255091085
3795,2.050833161100471,2.0966875649839203,-1.0974056159583405
1197,0.6357276919892645,0.7455464599846903,-0.13141756361883955
429,-0.9283362475547006,-0.7407087555144625,0.35157646255091085
2993,-0.8290306005995282,-0.5943351358062126,-0.13141756361883955
3707,-1.077294717987459,-1.0109369765143084,0.8345704887206613
5270,2.1749652197944367,-1.600072495240129e-16,-2.063393668297841
11680,-0.9283362475547006,-1.1235320685975776,0.8345704887206613
8098,-1.0524683062486662,-0.8758228660143854,0.35157646255091085
6849,1.4549992793694364,0.4077611837348828,-1.0974056159583405
4156,1.9515275141452983,2.006611491317305,-0.61441158978859
3694,0.38746357460133357,-0.4592210253062896,-1.0974056159583405
10299,0.8343389858996093,0.3289446192765944,-1.5803996421280908
11135,0.9584710445935745,1.5224525953592474,-1.0974056159583405
1964,-0.8042041888607351,-0.008840656973213026,0.8345704887206613
14104,2.001180337622885,1.7476427795257858,-1.5803996421280908
12006,0.38746357460133357,-0.6168541542228664,-0.61441158978859
2861,-1.0524683062486662,-1.044715504139289,0.8345704887206613
14669,-1.0524683062486662,-0.8983418844310392,0.8345704887206613
14047,2.001180337622885,-1.600072495240129e-16,-2.063393668297841
299,0.4371163980789196,-0.3804044608480012,-1.0974056159583405
2109,-1.077294717987459,-0.9658989396810007,0.8345704887206613
2874,-1.077294717987459,-1.1347915778059046,0.35157646255091085
4842,0.33781075112374737,0.46405872977651735,-0.61441158978859
9980,0.18885228069098867,0.6779894047347288,0.35157646255091085
13188,0.03989381025823017,-0.5943351358062126,-0.61441158978859
10928,-0.6055928949503904,-1.0109369765143084,-0.61441158978859
9156,-1.077294717987459,-1.1460510870142313,0.8345704887206613
5746,-1.077294717987459,-0.8645633568060586,1.3175645148904118
2913,-1.077294717987459,-1.202348633055866,0.35157646255091085
14312,-1.077294717987459,-0.8983418844310392,0.8345704887206613
14849,-0.258023130607287,0.19383050877667143,0.8345704887206613
1190,0.2385051041685749,0.3965016745265559,0.35157646255091085
5384,-1.077294717987459,-0.8870823752227124,0.8345704887206613
14163,-0.9531626592934936,-0.8195253199727509,0.8345704887206613
5767,-1.077294717987459,-0.9996774673059815,1.3175645148904118
119,0.5860748685116783,0.9594771349429017,0.35157646255091085
10732,0.5115956332952991,1.1058507546511516,-1.0974056159583405
10017,1.5294785145858159,1.8602378716090548,-0.61441158978859
6203,0.2881579276461611,-0.8420443383894047,-1.5803996421280908
13169,-1.077294717987459,-1.1573105962225583,0.8345704887206613
1723,-0.33250236582366627,-0.18899280430644366,0.35157646255091085
5813,-1.0524683062486662,-1.1573105962225583,0.8345704887206613
6865,1.330867220675471,0.04745688906842155,-1.0974056159583405
2360,-0.7048985419055627,0.18257099956834452,0.8345704887206613
12470,-1.077294717987459,-1.0221964857226353,1.3175645148904118
15255,0.08954663373581641,0.04745688906842155,-0.13141756361883955
12028,0.4122899863401266,-0.797006301556097,-1.5803996421280908
4817,-0.6552457184279764,-0.49299955293127035,0.35157646255091085
13342,-1.077294717987459,-0.4592210253062896,0.8345704887206613
10883,-0.4318080127788386,-0.5943351358062126,-0.61441158978859
14242,-0.8290306005995282,-1.0897535409725967,0.35157646255091085
14506,-0.0594118366969423,-0.020100166181539942,0.8345704887206613
376,-1.077294717987459,-1.1798296146392122,-0.61441158978859
3938,-0.5559400714728041,-0.5943351358062126,0.35157646255091085
7142,1.231561573720299,1.5674906321925552,-0.13141756361883955
704,-0.8786834240771144,-1.1010130501809237,0.8345704887206613
7584,-1.0524683062486662,-0.8870823752227124,0.35157646255091085
3955,0.4122899863401266,-0.4254424976813089,0.35157646255091085
10684,-1.077294717987459,-0.7181897370978086,0.8345704887206613
12589,-0.5807664832115972,0.3176851100682675,0.35157646255091085
6195,-1.077294717987459,-1.202348633055866,1.3175645148904118
10525,-1.077294717987459,-1.055975013347616,1.3175645148904118
7093,0.6357276919892645,1.2747433927760552,-0.13141756361883955
3616,-1.077294717987459,-1.1685701054308852,0.8345704887206613
14392,0.6109012802504713,1.2184458467344206,-0.61441158978859
1450,-0.8538570123383212,-1.1010130501809237,-0.61441158978859
11782,-1.077294717987459,-0.7069302278894817,1.3175645148904118
13593,-0.7297249536443557,-0.4367020068896358,0.8345704887206613
10612,-1.0276418945098729,-1.1122725593892506,0.8345704887206613
9920,0.6109012802504713,-0.13269525826480907,-1.0974056159583405
10865,-1.077294717987459,-0.8983418844310392,1.3175645148904118
7033,0.21367869242978188,0.37398265610990206,0.8345704887206613
2988,-1.077294717987459,-0.8983418844310392,1.3175645148904118
5771,-1.077294717987459,-1.0221964857226353,0.8345704887206613
5493,-1.077294717987459,-1.1685701054308852,0.8345704887206613
11851,0.4122899863401266,1.1508887914844592,-0.13141756361883955
9191,1.08260310328754,0.19383050877667143,-2.063393668297841
10727,-1.077294717987459,-0.4704805345146165,1.3175645148904118
1934,-0.5559400714728041,0.013678361443440803,0.8345704887206613
6110,-0.08423824843573531,-0.11017623984815525,-0.61441158978859
1634,-0.506287247995218,0.3965016745265559,0.8345704887206613
8565,-0.6800721301667696,0.20509001798499835,0.8345704887206613
11020,0.11437304547460941,-0.16647378588978984,-0.13141756361883955
1430,-1.077294717987459,-1.1798296146392122,0.8345704887206613
5239,2.3239236902271947,2.0629090373589394,-2.063393668297841
8484,0.5115956332952991,0.37398265610990206,0.35157646255091085
5836,-1.077294717987459,-1.202348633055866,1.3175645148904118
4257,1.728089808496161,1.3423004480260168,-0.61441158978859
2927,0.33781075112374737,-0.797006301556097,-0.61441158978859
6292,-1.077294717987459,-0.7857467923477701,1.3175645148904118
7958,0.08954663373581641,-0.34662593322302043,0.8345704887206613
4355,0.46194280981771285,-0.7744872831394432,-1.0974056159583405
5576,0.03989381025823017,0.3176851100682675,0.8345704887206613
2449,0.8343389858996093,0.4865777481931712,-1.0974056159583405
33,1.08260310328754,-0.3804044608480012,-2.063393668297841
7273,-0.7048985419055627,-1.0109369765143084,-0.13141756361883955
11294,-0.9035098358159074,-1.1010130501809237,0.8345704887206613
13352,0.08954663373581641,0.8018440060263248,-0.13141756361883955
11624,-1.077294717987459,-1.067234522555943,0.35157646255091085
6580,-1.077294717987459,-1.191089123847539,0.8345704887206613
2638,0.46194280981771285,0.3176851100682675,0.35157646255091085
3703,0.784686162422023,-0.2115118227230975,-0.13141756361883955
11509,0.5364220450340921,1.2071863375260936,-1.5803996421280908
5306,0.4122899863401266,1.0945912454428246,-0.13141756361883955
1297,-0.9283362475547006,-0.16647378588978984,0.8345704887206613
5568,-0.009759013219356063,0.18257099956834452,0.35157646255091085
6180,-1.077294717987459,-1.191089123847539,1.3175645148904118
6427,0.38746357460133357,0.8806605704846132,0.8345704887206613
11463,1.306040808936678,1.6350476874425166,-1.5803996421280908
9781,-1.0524683062486662,-0.9208609028476931,0.8345704887206613
908,0.3626371628625404,1.1058507546511516,0.8345704887206613
11627,-0.48146083625642483,-0.7519682647227893,-0.13141756361883955
7708,-0.18354389539090765,-0.673151700264501,-0.13141756361883955
12358,-0.10906466017452843,-0.6281136634311933,-0.61441158978859
14830,-0.13389107191332153,0.4865777481931712,0.35157646255091085
3434,1.1322559267651264,1.5674906321925552,-0.61441158978859
15102,2.7211462780478843,2.6934415530252465,-0.61441158978859
11109,1.8273954554513328,2.0178710005256315,-2.063393668297841
10915,0.18885228069098867,-0.7181897370978086,-1.5803996421280908
10951,-0.9531626592934936,-1.1347915778059046,1.3175645148904118
3425,-1.077294717987459,-0.4592210253062896,1.3175645148904118
4767,-1.077294717987459,-1.1573105962225583,0.8345704887206613
111,-0.009759013219356063,0.46405872977651735,0.8345704887206613
14355,0.5364220450340921,0.8131035152346517,-0.61441158978859
1701,0.13919945721340263,0.45279922056819044,-0.13141756361883955
1783,-1.077294717987459,-1.1460510870142313,1.3175645148904118
2543,-0.10906466017452843,-0.9208609028476931,-0.61441158978859
11137,1.231561573720299,1.6913452334841512,-1.0974056159583405
15097,0.8839918093771955,1.578750141400882,-1.5803996421280908
978,1.6287841615409884,1.03829369940119,-2.063393668297841
3035,1.4301728676306433,1.3873384848593244,-0.13141756361883955
5912,1.1074295150263334,0.37398265610990206,-1.0974056159583405
3842,-1.077294717987459,-0.4479615160979627,1.3175645148904118
5635,0.6605541037280576,1.3085219204010359,0.35157646255091085
9953,0.6853805154668505,0.6104323494847672,-0.13141756361883955
9713,0.46194280981771285,0.9482176257345747,0.8345704887206613
15161,-0.7048985419055627,0.38524216531822897,-1.0974056159583405
8296,-1.077294717987459,-0.8195253199727509,1.3175645148904118
6306,-1.077294717987459,-0.6844112094728279,1.3175645148904118
14044,2.199791631533229,-1.600072495240129e-16,-2.063393668297841
6760,1.9515275141452983,2.107947074192247,-0.61441158978859
9598,-0.5559400714728041,-0.0651382030148476,-0.13141756361883955
1408,-0.258023130607287,-0.7407087555144625,-0.13141756361883955
13133,0.13919945721340263,-0.8645633568060586,-1.5803996421280908
9473,-1.077294717987459,-1.191089123847539,0.8345704887206613
10390,0.6853805154668505,1.3423004480260168,-0.61441158978859
5756,1.4053464558918505,0.3289446192765944,-1.5803996421280908
13442,-1.077294717987459,-1.0221964857226353,1.3175645148904118
3975,0.03989381025823017,-0.7407087555144625,-0.13141756361883955
4057,-0.03458542495814907,-0.6168541542228664,-0.13141756361883955
11070,0.75985975068323,0.9819961533595555,-1.5803996421280908
5446,-0.30767595408487314,-0.8870823752227124,0.8345704887206613
13304,0.2385051041685749,1.0045151717762093,-1.0974056159583405
6173,-0.8786834240771144,-1.055975013347616,0.8345704887206613
15081,2.299097278488402,1.9165354176506895,0.8345704887206613
11966,0.6357276919892645,0.024937870651767717,-1.0974056159583405
8388,-0.4069816010400455,-0.9884179580976545,0.35157646255091085
396,-0.45663442451763175,-0.8307848291810778,0.35157646255091085
14157,0.784686162422023,0.10375443511005612,-0.61441158978859
11847,0.38746357460133357,1.1171102638594783,-0.13141756361883955
9791,-0.9035098358159074,-0.8645633568060586,0.35157646255091085
2366,-0.6800721301667696,0.21634952719332526,0.8345704887206613
8327,-0.9531626592934936,-0.8758228660143854,0.35157646255091085
7251,-0.8042041888607351,-0.93212041205602,1.3175645148904118
10440,-0.10906466017452843,0.5653943126514596,-0.61441158978859
5716,0.8839918093771955,0.9369581165262478,0.8345704887206613
1599,-0.009759013219356063,0.7117679323597095,0.35157646255091085
10889,-0.13389107191332153,-0.5492970989729049,-0.61441158978859
3647,-1.077294717987459,-1.202348633055866,0.8345704887206613
817,1.4549992793694364,0.903179588901267,-1.0974056159583405
13345,-0.6055928949503904,0.23886854560997908,-0.13141756361883955
5022,0.13919945721340263,-0.12143574905648218,-0.13141756361883955
4852,-1.077294717987459,-0.6393731726395202,1.3175645148904118
3213,-0.7793777771219419,-0.7744872831394432,0.8345704887206613
216,1.330867220675471,1.4886740677342667,0.35157646255091085
9747,1.9267011024065053,1.1058507546511516,-2.063393668297841
10904,-0.7793777771219419,-0.93212041205602,0.35157646255091085
7248,-0.30767595408487314,-0.7181897370978086,0.35157646255091085
13235,-1.0524683062486662,-0.6956707186811548,0.8345704887206613
9532,-0.9283362475547006,-0.9884179580976545,0.8345704887206613
4746,-1.077294717987459,-1.202348633055866,1.3175645148904118
3275,-1.077294717987459,-1.202348633055866,1.3175645148904118
12295,-0.45663442451763175,0.013678361443440803,-0.13141756361883955
11403,-0.506287247995218,-0.25654985955640514,-0.13141756361883955
611,1.7032633967573674,1.0945912454428246,-2.063393668297841
1512,-1.077294717987459,-1.0221964857226353,0.8345704887206613
10237,-0.9779890710322867,-1.1235320685975776,0.35157646255091085
12063,-0.4318080127788386,-0.9433799212643469,-0.13141756361883955
9419,-1.0276418945098729,-0.9208609028476931,0.8345704887206613
13534,-0.6552457184279764,-0.9658989396810007,-0.13141756361883955
9402,-0.6552457184279764,-0.49299955293127035,0.8345704887206613
9494,-0.4318080127788386,-0.9771584488893277,-0.13141756361883955
7203,0.784686162422023,0.35146363769324823,-0.61441158978859
14869,1.7529162202349537,0.8468820428596324,-2.063393668297841
14956,-0.5807664832115972,-1.0221964857226353,0.8345704887206613
4743,0.3626371628625404,-0.8195253199727509,-1.5803996421280908
5800,-1.077294717987459,-1.1460510870142313,1.3175645148904118
8273,-1.077294717987459,-0.661892191056174,1.3175645148904118
4665,-0.6055928949503904,-0.5830756265978857,0.35157646255091085
12812,-1.077294717987459,-1.1347915778059046,1.3175645148904118
763,-0.9531626592934936,-1.0221964857226353,0.35157646255091085
2751,-0.7297249536443557,0.11501394431838304,0.35157646255091085
10387,1.9515275141452983,2.1304660926089007,-1.5803996421280908
5687,-0.13389107191332153,0.5879133310681134,0.35157646255091085
11346,-1.077294717987459,-1.1460510870142313,0.8345704887206613
9635,-1.0524683062486662,-0.36914495163967426,1.3175645148904118
10051,0.08954663373581641,0.8694010612762862,-0.13141756361883955
2501,0.784686162422023,-0.41418298847298196,-1.0974056159583405
2390,-0.7048985419055627,0.12627345352670993,0.8345704887206613
12280,-0.7048985419055627,-0.0651382030148476,-0.61441158978859
8144,1.4549992793694364,1.3197814296093628,-1.0974056159583405
9705,0.33781075112374737,0.9369581165262478,0.35157646255091085
7320,-0.8042041888607351,-1.0334559949309623,0.8345704887206613
1621,0.8591653976384023,1.454895540109286,-0.13141756361883955
13951,1.1322559267651264,0.44153971135986353,-1.5803996421280908
10584,-1.0276418945098729,-1.1685701054308852,1.3175645148904118
14451,1.4301728676306433,1.6575667058591705,-1.0974056159583405
4870,0.3626371628625404,0.8468820428596324,-1.0974056159583405
2477,1.1570823385039195,0.08123541669340228,-1.5803996421280908
12617,2.3735765137047813,2.265580203108824,-2.5463876944675916
3485,-0.6055928949503904,0.22760903640165217,0.8345704887206613
3194,0.5115956332952991,0.08123541669340228,-0.13141756361883955
6187,-1.0276418945098729,-1.1573105962225583,-2.5463876944675916
10272,-0.3573287775624594,-0.661892191056174,-1.5803996421280908
13557,-1.077294717987459,-1.067234522555943,0.8345704887206613
10986,-0.23319671886849389,-0.7857467923477701,-0.13141756361883955
8071,-1.0524683062486662,-1.07849403176427,0.8345704887206613
7369,-0.5311136597340109,-0.4704805345146165,0.8345704887206613
14444,0.7350333389444368,1.2747433927760552,-0.61441158978859
2816,-1.077294717987459,-0.8082658107644239,0.35157646255091085
10648,0.46194280981771285,-0.2227713319314244,-0.61441158978859
7042,0.9584710445935745,0.9482176257345747,-0.13141756361883955
13581,-1.0524683062486662,-0.8420443383894047,0.35157646255091085
11136,0.3626371628625404,1.1058507546511516,-0.13141756361883955
14750,1.8770482789289193,1.972832963692324,-2.063393668297841
5514,0.8343389858996093,-0.41418298847298196,-1.0974056159583405
653,0.5115956332952991,-0.18899280430644366,-0.61441158978859
13475,-0.45663442451763175,-0.8983418844310392,0.35157646255091085
6384,0.75985975068323,1.3873384848593244,0.35157646255091085
15143,1.1322559267651264,1.7363832703174589,0.8345704887206613
15289,-1.077294717987459,-0.9096013936393662,-0.61441158978859
12779,-0.8290306005995282,-1.0897535409725967,-0.61441158978859
14366,-0.08423824843573531,0.5203562758181519,-0.13141756361883955
3502,1.3805200441530574,1.5337121045675743,-1.0974056159583405
9814,0.6109012802504713,-0.5605566081812319,-2.5463876944675916
12635,-0.5807664832115972,0.14879247194336379,-1.5803996421280908
14035,-0.4318080127788386,0.44153971135986353,0.8345704887206613
479,-0.5559400714728041,0.06997590748507537,0.35157646255091085
8093,-0.6055928949503904,-0.6506326818478472,0.35157646255091085
5942,0.8591653976384023,0.8243630244429786,0.35157646255091085
8860,1.8770482789289193,1.2747433927760552,-0.61441158978859
103,1.256387985459092,1.1283697730678053,0.35157646255091085
1157,-0.5559400714728041,-0.5155185713479241,0.35157646255091085
3193,0.3626371628625404,0.03619737986009463,-0.13141756361883955
10585,-1.077294717987459,-1.202348633055866,0.8345704887206613
1383,0.561248456772885,-0.1552142766814629,-0.13141756361883955
11594,-1.077294717987459,-0.8870823752227124,0.8345704887206613
14971,-1.077294717987459,-1.202348633055866,1.3175645148904118
12675,-1.077294717987459,-0.7857467923477701,0.35157646255091085
9209,-1.077294717987459,-0.8195253199727509,0.8345704887206613
4403,0.3626371628625404,-0.6956707186811548,-0.61441158978859
3468,0.983297456332368,1.5337121045675743,0.35157646255091085
647,0.983297456332368,0.08123541669340228,-1.5803996421280908
7495,2.398402925443574,2.3331372583587853,-1.0974056159583405
13989,-0.20837030712970078,0.29516609165161367,0.8345704887206613
3860,1.1322559267651264,1.466155049317613,-0.13141756361883955
10608,-0.8786834240771144,-1.055975013347616,-0.13141756361883955
5453,-1.0276418945098729,-1.1573105962225583,0.8345704887206613
1457,0.06472022199702318,-0.8758228660143854,-0.61441158978859
11985,0.16402586895219565,-0.4367020068896358,-0.61441158978859
2954,-1.0524683062486662,-1.0897535409725967,1.3175645148904118
10217,-1.077294717987459,-1.202348633055866,0.0
13629,-0.7048985419055627,-0.0651382030148476,1.3175645148904118
3921,-0.5311136597340109,-0.3804044608480012,0.35157646255091085
3950,0.6605541037280576,-0.27906887797305896,-0.61441158978859
883,1.057776691548747,1.5562311229842283,0.35157646255091085
14828,0.2385051041685749,0.779324987609671,-0.13141756361883955
543,1.5046521028470228,1.8602378716090548,-0.13141756361883955
4819,-1.077294717987459,-0.8645633568060586,1.3175645148904118
3865,2.2742708667496085,2.0629090373589394,-1.5803996421280908
5219,-0.7048985419055627,-0.1552142766814629,0.35157646255091085
5099,-1.077294717987459,-1.202348633055866,-0.13141756361883955
4176,-0.4318080127788386,0.45279922056819044,0.35157646255091085
3617,-1.077294717987459,-1.1685701054308852,0.8345704887206613
6128,-0.45663442451763175,-0.5267780805562511,0.35157646255091085
11270,-0.9283362475547006,-0.9996774673059815,-1.0974056159583405
741,0.26333151590736814,-0.7857467923477701,-0.61441158978859
9142,-0.6552457184279764,-0.9996774673059815,0.35157646255091085
10768,1.1074295150263334,1.6237881782341896,-0.61441158978859
5769,1.2812143971978849,0.024937870651767717,-1.5803996421280908
6794,1.9267011024065053,1.7814213071507665,-1.5803996421280908
2144,-0.8786834240771144,-1.0109369765143084,0.8345704887206613
1880,-1.077294717987459,-1.0109369765143084,0.8345704887206613
6969,-0.258023130607287,-0.7857467923477701,0.8345704887206613
4081,-0.9779890710322867,-0.797006301556097,0.8345704887206613
12195,1.7032633967573674,1.8940163992340358,-1.0974056159583405
333,-0.9283362475547006,-1.0897535409725967,0.35157646255091085
7930,-0.8538570123383212,-0.538037589764578,0.35157646255091085
11269,-1.077294717987459,-1.1122725593892506,0.35157646255091085
2286,-1.0524683062486662,-0.6393731726395202,0.8345704887206613
10072,0.75985975068323,1.2071863375260936,-0.61441158978859
714,-0.5311136597340109,-1.0109369765143084,-0.61441158978859
8201,0.46194280981771285,1.18466731910944,0.35157646255091085
3393,-1.0524683062486662,-0.5492970989729049,1.3175645148904118
5985,1.1570823385039195,1.5449716137759013,0.8345704887206613
4952,-0.13389107191332153,0.6216918586930942,0.35157646255091085
5849,0.3129843393849541,-0.797006301556097,-1.0974056159583405
14548,0.38746357460133357,-0.4479615160979627,-0.61441158978859
5090,-0.8042041888607351,-1.07849403176427,0.8345704887206613
4436,-1.077294717987459,-1.0109369765143084,1.3175645148904118
11999,-1.077294717987459,-1.1122725593892506,1.3175645148904118
6698,-0.10906466017452843,0.5203562758181519,0.35157646255091085
9753,-0.4318080127788386,-0.17773329509811675,-0.13141756361883955
14010,-0.48146083625642483,0.26138756402663293,-0.13141756361883955
839,-0.45663442451763175,0.0924949259017292,0.35157646255091085
12938,-0.4318080127788386,0.44153971135986353,0.35157646255091085
10925,-1.077294717987459,-1.1798296146392122,1.3175645148904118
5169,-0.7793777771219419,-0.7632277739311163,0.8345704887206613
12390,-1.0276418945098729,-1.1573105962225583,0.35157646255091085
4861,0.16402586895219565,0.6104323494847672,0.8345704887206613
14978,-0.4069816010400455,-0.93212041205602,0.8345704887206613
14256,-1.077294717987459,-1.1798296146392122,1.3175645148904118
2884,-1.077294717987459,-1.1573105962225583,1.3175645148904118
14297,-0.18354389539090765,-0.5155185713479241,-0.61441158978859
5674,-0.009759013219356063,0.7680654784013441,-0.13141756361883955
744,-1.077294717987459,-1.1798296146392122,1.3175645148904118
1965,0.4122899863401266,1.03829369940119,-0.13141756361883955
10549,-0.8786834240771144,-1.0221964857226353,0.8345704887206613
6489,-1.0276418945098729,-0.8645633568060586,0.8345704887206613
1142,-1.077294717987459,-1.055975013347616,1.3175645148904118
4791,0.3129843393849541,-0.4592210253062896,-1.5803996421280908
11988,0.9584710445935745,-0.24529035034807822,-0.61441158978859
1206,1.4549992793694364,1.3535599572343435,-0.13141756361883955
6215,-0.5807664832115972,-0.9996774673059815,0.8345704887206613
14514,1.6536105732797814,0.5879133310681134,-2.063393668297841
14882,-1.0276418945098729,-0.8082658107644239,0.35157646255091085
12258,2.497708572398747,2.265580203108824,-2.5463876944675916
11161,0.03989381025823017,0.7568059691930171,0.35157646255091085
2802,-0.10906466017452843,0.1600519811516907,0.35157646255091085
3774,1.8770482789289193,1.7589022887341126,-1.0974056159583405
530,-0.6304193066891834,0.26138756402663293,0.8345704887206613
12759,-1.077294717987459,-1.191089123847539,0.8345704887206613
12507,-0.7048985419055627,-0.3241069148063666,1.3175645148904118
13920,-1.077294717987459,-1.07849403176427,1.3175645148904118
6808,-0.9283362475547006,-0.35788544243134734,0.8345704887206613
8722,0.18885228069098867,-0.6956707186811548,-0.61441158978859
9482,-0.8042041888607351,-1.0897535409725967,-0.13141756361883955
2525,-1.077294717987459,-1.1798296146392122,1.3175645148904118
10821,-0.0594118366969423,0.45279922056819044,0.35157646255091085
15292,0.015067398519437164,-0.5943351358062126,-0.61441158978859
8778,-0.28284954234608,-0.8983418844310392,0.8345704887206613
12253,0.2881579276461611,0.9594771349429017,0.35157646255091085
9684,-0.8042041888607351,0.04745688906842155,0.8345704887206613
4374,-0.9035098358159074,-1.1235320685975776,0.8345704887206613
6684,1.2812143971978849,1.2409648651510745,-1.0974056159583405
13130,0.21367869242978188,-0.8533038475977316,-1.5803996421280908
2412,-0.28284954234608,0.37398265610990206,0.8345704887206613
3691,0.16402586895219565,-0.5605566081812319,-1.5803996421280908
12305,1.2812143971978849,0.7905844968179979,-2.063393668297841
3721,-1.077294717987459,-0.8870823752227124,1.3175645148904118
9258,0.4371163980789196,0.9482176257345747,0.8345704887206613
11597,-0.48146083625642483,-0.4254424976813089,-0.61441158978859
4101,0.06472022199702318,0.13753296273503687,-0.61441158978859
12844,-0.6304193066891834,-0.5718161173895587,0.35157646255091085
4822,-1.077294717987459,-0.8420443383894047,0.8345704887206613
5862,-1.077294717987459,-1.1573105962225583,-0.13141756361883955
13839,-1.0524683062486662,-1.1235320685975776,0.8345704887206613
7646,-1.077294717987459,-1.191089123847539,-0.13141756361883955
15238,1.6287841615409884,0.9369581165262478,-2.5463876944675916
7884,0.8591653976384023,1.2297053559427475,-0.61441158978859
6551,-1.077294717987459,-1.191089123847539,1.3175645148904118
8521,1.7529162202349537,1.6800857242758243,-0.61441158978859
2117,-0.20837030712970078,-0.5042590621395973,0.35157646255091085
6733,1.8273954554513328,2.0516495281506124,-0.61441158978859
7109,0.7102069272056438,1.3648194664426705,0.8345704887206613
4168,2.0260067493616774,2.1304660926089007,0.8345704887206613
14656,-1.077294717987459,-1.055975013347616,0.35157646255091085
7953,-0.20837030712970078,-0.40292347926465505,0.35157646255091085
1183,-0.0594118366969423,0.11501394431838304,0.35157646255091085
13916,-0.6304193066891834,-0.8533038475977316,-0.13141756361883955
12416,-1.077294717987459,-1.202348633055866,0.8345704887206613
9001,0.9336446328547815,0.9932556625678823,-0.13141756361883955
5426,-1.077294717987459,-1.1122725593892506,-0.13141756361883955
15076,2.1749652197944367,1.6800857242758243,0.35157646255091085
6648,-0.4318080127788386,-0.3015878963897128,0.8345704887206613
8585,0.7102069272056438,1.3423004480260168,-0.13141756361883955
7923,1.6536105732797814,0.9369581165262478,-1.0974056159583405
5474,0.08954663373581641,-0.8758228660143854,0.35157646255091085
7487,1.6039577498021953,1.9165354176506895,-0.13141756361883955
15177,2.5721878076151254,2.907372227983458,-1.0974056159583405
6147,0.9088182211159885,-0.3015878963897128,-1.0974056159583405
8223,-1.077294717987459,-0.4367020068896358,1.3175645148904118
8193,2.001180337622885,2.1417256018172277,-0.13141756361883955
621,0.2881579276461611,0.23886854560997908,-0.61441158978859
7152,0.5115956332952991,1.027034190192863,-0.13141756361883955
8170,0.3129843393849541,0.9256986073179209,0.8345704887206613
10688,-0.28284954234608,0.0924949259017292,0.35157646255091085
13374,-0.9779890710322867,-0.36914495163967426,1.3175645148904118
11117,-1.077294717987459,-0.4367020068896358,1.3175645148904118
3576,-1.077294717987459,-0.9996774673059815,1.3175645148904118
7305,-0.18354389539090765,-0.9208609028476931,0.35157646255091085
9807,0.3129843393849541,-0.5605566081812319,-1.5803996421280908
7229,0.3626371628625404,-0.25654985955640514,0.35157646255091085
15218,-0.45663442451763175,0.1713114903600176,0.8345704887206613
13681,-1.0276418945098729,-0.26780936876473205,1.3175645148904118
5927,0.3129843393849541,0.27264707323495985,0.8345704887206613
6148,-0.9779890710322867,-0.9884179580976545,-0.13141756361883955
10962,-0.6055928949503904,-1.0109369765143084,0.35157646255091085
7039,-1.0524683062486662,-0.6055946450145395,1.3175645148904118
8612,-0.9035098358159074,-0.17773329509811675,0.8345704887206613
14040,1.4301728676306433,1.8151998347757472,-0.61441158978859
185,2.0260067493616774,1.8714973808173818,-1.5803996421280908
15153,1.80256904371254,2.276839712317151,-0.13141756361883955
13002,1.4053464558918505,1.5111930861509206,-2.063393668297841
3165,-0.15871748365211455,0.1600519811516907,-0.61441158978859
6428,-0.08423824843573531,0.5316157850264789,0.35157646255091085
15299,-0.7048985419055627,-1.0109369765143084,1.3175645148904118
7630,-1.077294717987459,-1.1573105962225583,0.8345704887206613
5922,0.8343389858996093,0.45279922056819044,-1.0974056159583405
14235,-1.077294717987459,-1.202348633055866,1.3175645148904118
3128,1.4549992793694364,1.6688262150674973,-0.13141756361883955
4104,-0.45663442451763175,-0.1552142766814629,-0.13141756361883955
14313,-1.0524683062486662,-0.8307848291810778,0.8345704887206613
10919,-0.8786834240771144,-1.044715504139289,0.35157646255091085
9321,-0.10906466017452843,0.7117679323597095,0.8345704887206613
5278,-1.0028154827710798,-0.2227713319314244,1.3175645148904118
8206,2.0260067493616774,2.1867636386505356,-0.61441158978859
12320,-0.8042041888607351,-0.5605566081812319,0.35157646255091085
6210,-1.077294717987459,-1.191089123847539,1.3175645148904118
4918,-0.03458542495814907,0.8131035152346517,-0.61441158978859
14439,1.9763539258840919,2.0741685465672663,-2.063393668297841
8046,-1.077294717987459,-1.1798296146392122,0.8345704887206613
4190,0.5364220450340921,1.2409648651510745,-0.13141756361883955
1594,1.7777426319737468,1.848978362400728,-0.61441158978859
2534,-1.077294717987459,-1.191089123847539,1.3175645148904118
10495,0.11437304547460941,-0.03135967538986686,-0.13141756361883955
4742,-1.0524683062486662,-1.1798296146392122,0.35157646255091085
7012,-0.3573287775624594,-0.26780936876473205,-0.13141756361883955
11564,0.5115956332952991,0.6667298955264018,-1.0974056159583405
676,-1.077294717987459,-1.1122725593892506,1.3175645148904118
12397,0.18885228069098867,-0.8533038475977316,-2.063393668297841
12124,0.11437304547460941,-0.03135967538986686,-0.61441158978859
4194,-0.7048985419055627,0.18257099956834452,0.8345704887206613
921,-0.7545513653831489,0.0924949259017292,0.35157646255091085
8413,-1.077294717987459,-1.1798296146392122,1.3175645148904118
1182,0.8343389858996093,0.5991728402764404,-1.5803996421280908
3312,-1.077294717987459,-1.1460510870142313,0.8345704887206613
13547,-0.7545513653831489,-0.9208609028476931,-0.61441158978859
11209,-0.45663442451763175,-0.13269525826480907,0.35157646255091085
221,0.2881579276461611,0.779324987609671,0.35157646255091085
558,-0.6055928949503904,0.250128054818306,0.8345704887206613
8215,-0.6055928949503904,0.28390658244328676,0.8345704887206613
1327,1.554304926324609,1.3985979940676512,-1.0974056159583405
7414,-1.077294717987459,-0.6055946450145395,1.3175645148904118
2456,0.46194280981771285,0.19383050877667143,0.35157646255091085
7729,-1.0524683062486662,-0.9433799212643469,0.8345704887206613
14885,-1.0276418945098729,-0.8307848291810778,-0.13141756361883955
3492,1.6784369850185743,1.8151998347757472,-1.0974056159583405
4429,0.6357276919892645,-0.3128474055980397,-0.13141756361883955
10611,-1.077294717987459,-1.1573105962225583,1.3175645148904118
14315,-1.077294717987459,-0.8758228660143854,1.3175645148904118
10632,0.9336446328547815,-0.3241069148063666,-1.0974056159583405
2331,-0.5559400714728041,0.250128054818306,1.3175645148904118
7335,-1.077294717987459,-1.1235320685975776,1.3175645148904118
3804,-0.7048985419055627,0.1600519811516907,0.8345704887206613
2549,-1.0524683062486662,-1.1798296146392122,1.3175645148904118
9806,-1.077294717987459,-1.1010130501809237,0.8345704887206613
578,0.33781075112374737,0.903179588901267,0.35157646255091085
4872,1.3556936324142643,1.4999335769425937,-0.61441158978859
4630,0.75985975068323,0.6216918586930942,-0.61441158978859
9380,1.1322559267651264,0.7680654784013441,-0.13141756361883955
5478,-0.6552457184279764,-1.0334559949309623,0.35157646255091085
14117,0.809512574160816,0.8919200796929401,-0.13141756361883955
4816,0.3129843393849541,0.024937870651767717,-0.61441158978859
1665,-0.20837030712970078,0.5541348034431327,0.35157646255091085
5743,0.4867692215565058,0.20509001798499835,-0.61441158978859
6625,-0.13389107191332153,-0.5267780805562511,-0.13141756361883955
2582,0.2881579276461611,-0.661892191056174,-1.5803996421280908
4520,-1.0028154827710798,-0.27906887797305896,0.8345704887206613
8211,2.398402925443574,2.3894348044004197,-0.13141756361883955
4089,-1.077294717987459,-0.8645633568060586,0.35157646255091085
724,0.015067398519437164,-0.8870823752227124,-0.61441158978859
8060,-0.10906466017452843,-0.7744872831394432,-0.61441158978859
3484,-0.30767595408487314,0.5090967666098251,0.35157646255091085
11910,-0.3821551893012525,0.27264707323495985,0.35157646255091085
1153,-0.9531626592934936,-0.8645633568060586,0.8345704887206613
10551,-0.03458542495814907,-0.7744872831394432,0.35157646255091085
15159,0.3626371628625404,1.5111930861509206,0.8345704887206613
4540,-1.0276418945098729,-0.27906887797305896,1.3175645148904118
447,-0.009759013219356063,0.06997590748507537,0.35157646255091085
1791,-1.077294717987459,-1.1685701054308852,1.3175645148904118
4629,0.6109012802504713,0.5653943126514596,-1.5803996421280908
7222,-0.6304193066891834,-0.5943351358062126,0.35157646255091085
10434,0.3129843393849541,0.9369581165262478,-0.13141756361883955
10466,0.26333151590736814,0.5428752942348057,0.8345704887206613
2820,1.3556936324142643,0.5991728402764404,-1.0974056159583405
944,2.4728821606599536,2.1529851110255547,-2.063393668297841
2168,-1.0276418945098729,-1.1573105962225583,0.8345704887206613
5421,-1.0524683062486662,-1.055975013347616,0.8345704887206613
4237,1.3556936324142643,1.466155049317613,0.35157646255091085
2333,-0.5559400714728041,0.26138756402663293,0.8345704887206613
6037,0.015067398519437164,0.8018440060263248,0.8345704887206613
875,-0.9779890710322867,-0.2115118227230975,0.8345704887206613
12262,0.7102069272056438,1.18466731910944,-0.61441158978859
11665,-0.28284954234608,-0.9433799212643469,-1.5803996421280908
10297,0.7350333389444368,0.250128054818306,-2.063393668297841
11987,-1.077294717987459,-1.055975013347616,1.3175645148904118
1315,0.8343389858996093,1.162148300692786,0.35157646255091085
14440,2.44805574892116,-0.8983418844310392,-2.5463876944675916
6321,-1.077294717987459,-0.5830756265978857,0.35157646255091085
11477,1.9018746906677122,2.0741685465672663,-2.063393668297841
9830,-1.077294717987459,-1.1798296146392122,0.35157646255091085
10117,-0.20837030712970078,-0.03135967538986686,0.35157646255091085
6753,-1.0524683062486662,-0.3353664240146935,1.3175645148904118
4191,0.7102069272056438,1.3648194664426705,-0.61441158978859
13109,-1.077294717987459,-1.1573105962225583,1.3175645148904118
4244,-0.7793777771219419,-0.13269525826480907,0.35157646255091085
8139,-1.077294717987459,-0.6393731726395202,0.8345704887206613
14277,-0.506287247995218,-0.8420443383894047,0.35157646255091085
11550,0.8343389858996093,1.060812717817844,-0.61441158978859
12958,1.330867220675471,1.7701617979424396,-1.0974056159583405
14808,-0.45663442451763175,0.37398265610990206,0.35157646255091085
7413,0.2385051041685749,0.5991728402764404,-0.13141756361883955
2133,0.9336446328547815,-0.35788544243134734,-1.0974056159583405
11306,-1.077294717987459,-1.202348633055866,0.8345704887206613
6712,0.06472022199702318,0.7680654784013441,0.35157646255091085
1626,1.6039577498021953,1.9277949268590164,-1.0974056159583405
13973,-1.077294717987459,-0.7069302278894817,1.3175645148904118
9195,-0.7545513653831489,-0.6055946450145395,0.35157646255091085
1237,-0.8042041888607351,0.0024188522351138884,1.3175645148904118
4215,0.4867692215565058,1.1283697730678053,-0.61441158978859
6178,-1.077294717987459,-1.1798296146392122,1.3175645148904118
10446,1.5791313380634018,1.590009650609209,-0.61441158978859
4731,-0.4069816010400455,-0.9884179580976545,-0.61441158978859
6021,1.6784369850185743,1.972832963692324,-1.0974056159583405
9332,0.6357276919892645,1.1959268283177669,0.35157646255091085
14992,-0.4069816010400455,-0.8533038475977316,-1.5803996421280908
3656,-0.13389107191332153,-0.8983418844310392,-0.13141756361883955
1355,0.21367869242978188,0.14879247194336379,-1.5803996421280908
979,1.6536105732797814,1.027034190192863,-1.0974056159583405
3116,-0.9283362475547006,-0.14395476747313599,0.8345704887206613
5740,-1.077294717987459,-0.8195253199727509,1.3175645148904118
1097,-1.077294717987459,-1.191089123847539,1.3175645148904118
13060,-0.4069816010400455,-0.41418298847298196,-0.61441158978859
1018,-1.077294717987459,-0.9884179580976545,1.3175645148904118
9253,1.306040808936678,1.443636030900959,0.35157646255091085
13563,0.33781075112374737,-0.36914495163967426,-0.61441158978859
1705,0.13919945721340263,0.3289446192765944,-0.13141756361883955
11913,-0.15871748365211455,0.4190206929432097,0.35157646255091085
11065,1.6784369850185743,1.421117012484305,-1.5803996421280908
12170,0.21367869242978188,0.6892489139430557,0.35157646255091085
2858,0.5860748685116783,-0.35788544243134734,-1.0974056159583405
8732,-0.4318080127788386,-0.9208609028476931,-0.61441158978859
2075,-0.8786834240771144,-0.4592210253062896,0.35157646255091085
6594,-0.7297249536443557,-0.9884179580976545,0.8345704887206613
11896,0.5860748685116783,1.1058507546511516,-0.13141756361883955
9066,0.75985975068323,-0.3015878963897128,-0.61441158978859
11567,1.8273954554513328,1.18466731910944,-2.5463876944675916
12070,-1.077294717987459,-1.1685701054308852,0.8345704887206613
13148,-0.506287247995218,-0.9996774673059815,-1.0974056159583405
9617,0.9584710445935745,1.2184458467344206,0.35157646255091085
2067,0.2385051041685749,0.49783725740149815,0.35157646255091085
3599,-1.077294717987459,-1.1122725593892506,0.35157646255091085
1508,0.7350333389444368,-0.26780936876473205,-2.063393668297841
13205,-1.077294717987459,-0.9996774673059815,0.35157646255091085
2715,-0.33250236582366627,0.5428752942348057,0.35157646255091085
12828,-1.077294717987459,-1.067234522555943,0.35157646255091085
15103,2.547361395876333,2.4344728412337275,-0.13141756361883955
1566,1.2067351619815054,1.1396292822761322,-1.0974056159583405
4015,-1.077294717987459,-1.202348633055866,1.3175645148904118
7886,0.9088182211159885,1.2409648651510745,0.35157646255091085
1602,0.5115956332952991,1.1171102638594783,-0.13141756361883955
321,0.5364220450340921,-0.6168541542228664,-0.61441158978859
3256,-1.0524683062486662,-1.1573105962225583,0.8345704887206613
13723,0.11437304547460941,0.7680654784013441,0.35157646255091085
3836,2.5225349841375393,2.4344728412337275,-1.5803996421280908
4960,1.9267011024065053,1.8714973808173818,-1.0974056159583405
6679,1.9763539258840919,1.5224525953592474,-1.0974056159583405
10494,0.3626371628625404,0.0924949259017292,-0.13141756361883955
4351,-0.7545513653831489,-1.0221964857226353,0.35157646255091085
12446,-0.8786834240771144,-1.0109369765143084,-0.61441158978859
9284,1.7777426319737468,1.9953519821089778,0.35157646255091085
9289,2.299097278488402,2.3218777491504583,-0.61441158978859
12212,-0.8290306005995282,0.024937870651767717,0.8345704887206613
6750,-1.077294717987459,-0.4254424976813089,1.3175645148904118
263,0.5115956332952991,0.22760903640165217,-1.0974056159583405
3290,0.03989381025823017,-0.8645633568060586,-0.13141756361883955
15063,0.4371163980789196,0.46405872977651735,-2.063393668297841
8303,0.16402586895219565,0.0024188522351138884,-0.13141756361883955
13806,-0.7048985419055627,-0.7407087555144625,0.8345704887206613
10795,0.5364220450340921,1.1171102638594783,-1.0974056159583405
11783,1.9763539258840919,1.3423004480260168,-1.0974056159583405
2753,2.150138808055643,2.1529851110255547,-1.0974056159583405
8892,1.9515275141452983,1.8714973808173818,-0.13141756361883955
3733,-0.4318080127788386,-0.2115118227230975,-0.13141756361883955
11973,-0.5807664832115972,-0.6055946450145395,0.35157646255091085
8524,1.057776691548747,1.3085219204010359,-0.13141756361883955
8117,-1.077294717987459,-0.797006301556097,1.3175645148904118
131,0.13919945721340263,0.779324987609671,0.8345704887206613
5261,0.2881579276461611,0.9932556625678823,0.35157646255091085
14861,-1.077294717987459,-0.7519682647227893,1.3175645148904118
9623,1.5046521028470228,1.612528669025863,-0.13141756361883955
14165,-1.077294717987459,-0.9771584488893277,0.8345704887206613
5763,0.75985975068323,-0.03135967538986686,-2.063393668297841
6929,-1.077294717987459,-1.202348633055866,1.3175645148904118
2091,0.26333151590736814,0.08123541669340228,-0.13141756361883955
5279,2.199791631533229,-1.600072495240129e-16,-0.61441158978859
12810,-0.18354389539090765,-0.7857467923477701,-1.0974056159583405
11957,0.03989381025823017,-0.08765722143150143,-1.0974056159583405
2619,-1.077294717987459,-0.93212041205602,1.3175645148904118
1024,0.6853805154668505,-0.2115118227230975,-1.0974056159583405
12811,-0.15871748365211455,-0.7632277739311163,-0.13141756361883955
3562,1.1819087502427124,0.28390658244328676,-1.5803996421280908
3833,0.7350333389444368,1.3648194664426705,0.35157646255091085
7459,-0.13389107191332153,0.7005084231513826,0.8345704887206613
11898,2.1253123963168505,2.006611491317305,-1.5803996421280908
13007,0.7350333389444368,1.049553208609517,-1.5803996421280908
9636,0.3129843393849541,0.9594771349429017,0.35157646255091085
10557,-1.077294717987459,-1.1685701054308852,1.3175645148904118
12402,-0.258023130607287,-0.9546394304726739,-0.61441158978859
7053,-0.4318080127788386,0.1600519811516907,0.8345704887206613
5382,-0.9531626592934936,-0.6956707186811548,0.35157646255091085
6366,2.5225349841375393,2.4344728412337275,-0.61441158978859
13869,-1.077294717987459,-1.202348633055866,1.3175645148904118
110,-1.0028154827710798,-0.4367020068896358,0.35157646255091085
2442,-0.6055928949503904,-0.2340308411397513,0.8345704887206613
7078,2.4232293371823674,2.265580203108824,-2.063393668297841
2522,-1.077294717987459,-1.1685701054308852,0.35157646255091085
10649,0.6109012802504713,-0.1552142766814629,-0.13141756361883955
3410,-0.4069816010400455,0.28390658244328676,0.8345704887206613
10315,-1.077294717987459,-0.7407087555144625,1.3175645148904118
7120,0.33781075112374737,1.0833317362344976,0.35157646255091085
9297,2.0756595728392635,2.209282657067189,-1.0974056159583405
12407,-1.077294717987459,-1.202348633055866,0.8345704887206613
7599,-1.0028154827710798,-0.9433799212643469,0.8345704887206613
6896,-1.077294717987459,-1.1460510870142313,0.8345704887206613
4546,0.9336446328547815,1.5111930861509206,-0.13141756361883955
5125,-0.009759013219356063,-0.8420443383894047,-0.13141756361883955
7983,-1.0276418945098729,-1.067234522555943,0.35157646255091085
12498,-0.7545513653831489,-0.4592210253062896,0.8345704887206613
967,1.1819087502427124,1.1171102638594783,-0.13141756361883955
12924,0.38746357460133357,1.027034190192863,-1.5803996421280908
1945,2.050833161100471,1.8264593439840742,-1.5803996421280908
10132,-0.9779890710322867,-0.7407087555144625,1.3175645148904118
3680,-1.077294717987459,-1.1347915778059046,-0.13141756361883955
4614,1.8522218671901263,1.5562311229842283,-0.13141756361883955
95,-1.0524683062486662,-0.6281136634311933,-0.13141756361883955
14204,-1.0524683062486662,-1.1235320685975776,1.3175645148904118
11202,-0.9779890710322867,-0.5267780805562511,0.8345704887206613
2611,0.03989381025823017,-0.40292347926465505,0.35157646255091085
6660,0.9088182211159885,0.6216918586930942,-0.13141756361883955
2818,1.4053464558918505,0.6667298955264018,-2.063393668297841
9957,1.8522218671901263,1.2860029019843822,-1.5803996421280908
219,-0.4069816010400455,0.28390658244328676,0.35157646255091085
12837,-1.077294717987459,-1.0109369765143084,0.35157646255091085
59,0.5115956332952991,-0.04261918459819377,-0.61441158978859
14357,0.06472022199702318,0.5316157850264789,-0.61441158978859
2548,-0.009759013219356063,-0.8983418844310392,-0.61441158978859
14855,-0.45663442451763175,-0.0651382030148476,0.8345704887206613
3545,-0.08423824843573531,0.0024188522351138884,0.35157646255091085
13625,-0.009759013219356063,0.46405872977651735,0.35157646255091085
8507,0.9088182211159885,0.9819961533595555,0.35157646255091085
6745,-0.28284954234608,0.5991728402764404,0.35157646255091085
4950,0.983297456332368,1.421117012484305,-0.13141756361883955
7258,-0.7793777771219419,-0.9658989396810007,-0.61441158978859
461,-0.7793777771219419,-0.3015878963897128,-0.13141756361883955
11936,-1.077294717987459,-0.7407087555144625,0.8345704887206613
4046,-1.077294717987459,-1.1347915778059046,0.8345704887206613
4093,1.2067351619815054,0.5541348034431327,-0.13141756361883955
5038,0.8591653976384023,-0.09891673063982834,-2.063393668297841
3344,-1.077294717987459,-0.9884179580976545,0.8345704887206613
14709,1.8522218671901263,1.3648194664426705,-1.0974056159583405
6586,-1.077294717987459,-1.1798296146392122,1.3175645148904118
3455,-1.077294717987459,-0.4254424976813089,1.3175645148904118
11225,1.6536105732797814,0.632951367901421,-1.5803996421280908
5001,1.057776691548747,0.6667298955264018,-0.61441158978859
11298,-1.077294717987459,-1.191089123847539,0.35157646255091085
398,-1.077294717987459,-1.1122725593892506,0.35157646255091085
6572,-1.077294717987459,-1.202348633055866,0.35157646255091085
13560,0.983297456332368,-0.2115118227230975,-2.063393668297841
9677,-1.0524683062486662,-0.3353664240146935,0.8345704887206613
2375,2.5970142193539187,2.4795108780670354,-2.063393668297841
14759,0.06472022199702318,0.8243630244429786,0.8345704887206613
3886,0.7350333389444368,0.9144390981095939,-0.13141756361883955
9057,-0.15871748365211455,-0.48174004372294343,0.35157646255091085
10531,-0.15871748365211455,-0.6281136634311933,-0.13141756361883955
9411,0.784686162422023,0.04745688906842155,-0.61441158978859
12823,-0.6800721301667696,-0.8533038475977316,-0.13141756361883955
8192,-0.6055928949503904,0.27264707323495985,0.8345704887206613
9246,0.16402586895219565,0.632951367901421,0.35157646255091085
8673,0.809512574160816,0.20509001798499835,0.35157646255091085
330,-1.0276418945098729,-1.1235320685975776,0.8345704887206613
1786,0.21367869242978188,-0.7181897370978086,-1.0974056159583405
812,-0.9531626592934936,-0.6168541542228664,1.3175645148904118
1978,-0.30767595408487314,0.5541348034431327,0.35157646255091085
1694,-0.33250236582366627,0.20509001798499835,0.35157646255091085
613,-0.33250236582366627,-0.020100166181539942,0.35157646255091085
1282,0.4371163980789196,1.1396292822761322,-0.13141756361883955
7988,0.26333151590736814,-0.6506326818478472,-0.61441158978859
12642,-0.009759013219356063,0.5541348034431327,-1.5803996421280908
8678,-0.48146083625642483,-0.4592210253062896,-0.13141756361883955
8969,-0.23319671886849389,0.5428752942348057,0.8345704887206613
4635,0.3626371628625404,0.3402041284849213,-0.13141756361883955
12932,-0.6552457184279764,0.19383050877667143,0.8345704887206613
10370,0.6109012802504713,1.1959268283177669,-1.0974056159583405
10908,-0.03458542495814907,-0.7069302278894817,-0.61441158978859
8563,-0.6304193066891834,0.26138756402663293,1.3175645148904118
3997,-0.30767595408487314,-0.9546394304726739,0.35157646255091085
14453,0.8839918093771955,1.3085219204010359,-0.13141756361883955
11552,0.11437304547460941,0.5766538218597865,0.35157646255091085
8606,-0.18354389539090765,0.5653943126514596,0.35157646255091085
3222,1.1570823385039195,-0.18899280430644366,-1.5803996421280908
11497,1.1322559267651264,1.6350476874425166,-1.5803996421280908
7259,0.4371163980789196,-0.6168541542228664,-1.5803996421280908
12726,0.75985975068323,-0.40292347926465505,-1.0974056159583405
8821,0.5115956332952991,-0.2227713319314244,0.35157646255091085
15058,2.249444455010816,1.4098575032759781,-1.0974056159583405
5431,-0.6800721301667696,-0.9208609028476931,0.35157646255091085
12030,0.11437304547460941,-0.8645633568060586,-2.063393668297841
6705,1.4053464558918505,1.601269159817536,-0.61441158978859
10383,0.03989381025823017,0.8468820428596324,0.8345704887206613
2029,0.18885228069098867,0.8694010612762862,-0.13141756361883955
5582,-0.15871748365211455,0.26138756402663293,0.35157646255091085
4676,0.8343389858996093,-0.16647378588978984,-2.063393668297841
7883,1.1074295150263334,1.3873384848593244,-0.61441158978859
8064,-0.9035098358159074,-1.0221964857226353,0.35157646255091085
3859,0.5115956332952991,1.0720722270261707,-0.13141756361883955
3813,-0.18354389539090765,0.6779894047347288,0.8345704887206613
335,-1.077294717987459,-1.191089123847539,1.3175645148904118
8852,-0.5807664832115972,-0.24529035034807822,0.35157646255091085
5286,0.7102069272056438,1.3648194664426705,-0.61441158978859
14914,-1.077294717987459,-1.07849403176427,1.3175645148904118
2692,1.80256904371254,1.8827568900257088,-1.5803996421280908
12557,-0.28284954234608,0.4865777481931712,-1.0974056159583405
3369,-0.20837030712970078,-0.04261918459819377,-0.13141756361883955
7690,0.46194280981771285,-0.673151700264501,-0.13141756361883955
4106,1.5294785145858159,0.9819961533595555,-1.0974056159583405
12599,1.6784369850185743,1.9615734544839971,-1.5803996421280908
10063,1.8522218671901263,1.9503139452756701,-2.063393668297841
8788,0.3129843393849541,-0.6844112094728279,-0.61441158978859
11719,-1.0028154827710798,-1.055975013347616,0.8345704887206613
5948,-1.0524683062486662,-0.5718161173895587,0.8345704887206613
8631,0.75985975068323,0.9707366441512285,0.35157646255091085
8769,0.18885228069098867,-0.8307848291810778,-0.13141756361883955
2664,-0.8290306005995282,-0.25654985955640514,0.8345704887206613
3702,-1.077294717987459,-1.0334559949309623,1.3175645148904118
11646,-1.077294717987459,-1.1460510870142313,1.3175645148904118
8480,-0.5559400714728041,-0.3128474055980397,0.8345704887206613
1731,-0.4069816010400455,-0.3353664240146935,0.35157646255091085
2622,0.4371163980789196,0.024937870651767717,-1.0974056159583405
13810,0.08954663373581641,-0.4479615160979627,-0.13141756361883955
6348,-0.33250236582366627,0.45279922056819044,0.8345704887206613
2318,0.983297456332368,1.2972624111927091,-0.13141756361883955
3107,2.671493454570298,2.513289405692016,-2.063393668297841
13282,-1.077294717987459,-0.4704805345146165,0.8345704887206613
4685,-0.10906466017452843,-0.5943351358062126,0.35157646255091085
1166,0.6853805154668505,0.22760903640165217,-0.61441158978859
1451,-0.7545513653831489,-1.07849403176427,-1.0974056159583405
6086,-1.0524683062486662,-0.6168541542228664,0.8345704887206613
2966,-1.0276418945098729,-1.0109369765143084,1.3175645148904118
10996,-0.6552457184279764,-0.8420443383894047,0.8345704887206613
12008,-0.30767595408487314,-0.8195253199727509,-0.61441158978859
12896,0.26333151590736814,0.6667298955264018,-0.61441158978859
4984,-0.8042041888607351,-0.2340308411397513,1.3175645148904118
11360,-1.0524683062486662,-1.067234522555943,1.3175645148904118
6729,1.5791313380634018,1.8827568900257088,-0.13141756361883955
12567,-0.8042041888607351,0.024937870651767717,0.8345704887206613
7399,-1.0276418945098729,-0.5943351358062126,0.8345704887206613
3070,1.5046521028470228,1.8039403255674202,-0.13141756361883955
1943,2.2246180432720224,1.8827568900257088,-1.5803996421280908
10423,-0.6552457184279764,0.18257099956834452,0.35157646255091085
4187,1.6287841615409884,1.9503139452756701,-0.61441158978859
14703,-0.6800721301667696,-0.24529035034807822,0.8345704887206613
10144,-0.6304193066891834,-0.5943351358062126,0.35157646255091085
11155,-0.8538570123383212,-0.04261918459819377,0.8345704887206613
1347,0.38746357460133357,0.36272314690157514,-0.61441158978859
11281,-0.9531626592934936,-1.067234522555943,-0.13141756361883955
316,0.46194280981771285,-0.5830756265978857,-0.61441158978859
9085,0.6853805154668505,-0.5605566081812319,-0.61441158978859
4231,1.8770482789289193,1.8377188531924011,-2.063393668297841
8538,-0.3821551893012525,0.3965016745265559,0.8345704887206613
1208,1.1322559267651264,1.2071863375260936,0.35157646255091085
5814,-0.33250236582366627,-0.93212041205602,0.8345704887206613
424,-0.7048985419055627,-0.6844112094728279,0.8345704887206613
554,-1.077294717987459,-0.4479615160979627,1.3175645148904118
2992,0.9336446328547815,0.3402041284849213,-1.5803996421280908
1954,0.08954663373581641,0.7117679323597095,-0.13141756361883955
8011,-1.077294717987459,-1.191089123847539,0.8345704887206613
9469,-0.9035098358159074,-1.1010130501809237,0.8345704887206613
1511,-1.077294717987459,-1.0334559949309623,1.3175645148904118
9870,-1.077294717987459,-1.1798296146392122,1.3175645148904118
14447,-0.33250236582366627,0.46405872977651735,-0.13141756361883955
11746,-1.077294717987459,-0.9884179580976545,0.8345704887206613
12032,-1.077294717987459,-1.202348633055866,0.8345704887206613
7038,-0.9035098358159074,-0.41418298847298196,0.8345704887206613
10323,0.6605541037280576,0.6779894047347288,-1.0974056159583405
8939,1.008123868071161,1.5562311229842283,-0.13141756361883955
6158,-1.077294717987459,-1.1235320685975776,0.8345704887206613
12629,-0.30767595408487314,0.4302802021515366,-1.0974056159583405
12207,-1.077294717987459,-0.4367020068896358,1.3175645148904118
3692,0.5860748685116783,-0.4254424976813089,-1.5803996421280908
2596,-0.8786834240771144,-0.9433799212643469,-0.61441158978859
7563,-0.48146083625642483,-0.2340308411397513,0.35157646255091085
573,-0.08423824843573531,0.632951367901421,-0.13141756361883955
12452,-1.077294717987459,-1.1122725593892506,0.8345704887206613
7333,-1.077294717987459,-1.1347915778059046,0.8345704887206613
13825,-0.3821551893012525,-0.7744872831394432,-0.61441158978859
