,sunshine,global_radiation,cloud_cover
4536,0.3148653476361286,1.053890129521057,0.35531948018049153
8146,0.7376544802007085,0.9410354745633025,-0.1282780266592754
8413,-1.077851794929546,-1.1806320386424822,1.3225144938600255
927,-0.7545424582625144,0.08334009688436823,0.8389169870202585
5145,0.7127845312263216,-0.4922186434001798,-0.6118755334990423
3946,-1.0281118969807719,-0.9549227287269733,1.3225144938600255
7726,0.5138249394312252,-0.19879654051001805,0.35531948018049153
14118,1.2350534596884497,1.1103174569999343,-1.0954730403388093
1056,-1.052981845955159,-1.124204711163605,0.8389169870202585
12553,-0.7545424582625144,0.026912769405490974,0.35531948018049153
11978,1.0112239189189662,-0.052085489064937186,-0.6118755334990423
11994,-1.077851794929546,-1.0903483146762787,1.3225144938600255
5407,0.11590575584103227,-0.4019349194339762,-0.6118755334990423
3996,-1.077851794929546,-1.2032029696340332,0.35531948018049153
7529,-0.7296725092881273,-0.06337095456071264,0.8389169870202585
14342,-1.077851794929546,-0.6840715568283625,1.3225144938600255
12334,-1.077851794929546,-0.9549227287269733,1.3225144938600255
10290,0.11590575584103227,-0.15365467852691625,0.35531948018049153
5608,0.9614840209701918,1.3247413014196678,0.8389169870202585
9293,1.6081026943042553,1.9341564381915424,-0.1282780266592754
9559,-0.6550626623649661,-0.5712169018706079,0.35531948018049153
1270,-0.28201342774916044,0.602471509690039,0.8389169870202585
3322,-0.008443989030902977,-0.6502151603410361,-0.6118755334990423
566,-0.9286321010832237,-0.1649401440226917,0.8389169870202585
12133,0.9614840209701918,0.5460441822111617,-0.6118755334990423
1989,-0.555582866467418,0.3429058032872036,0.8389169870202585
1402,-1.077851794929546,-1.0903483146762787,1.3225144938600255
2473,-0.35662327467232163,-0.44707678141707796,0.35531948018049153
8692,0.8620042250726437,-0.11979828203958989,-0.6118755334990423
5465,-1.077851794929546,-1.2032029696340332,1.3225144938600255
9000,-0.033313938005289936,0.4106185962618563,0.35531948018049153
8083,0.8620042250726437,-0.2326529369973444,-0.1282780266592754
9544,-1.077851794929546,-1.0452064526931768,1.3225144938600255
12205,-0.7296725092881273,0.12848195886747005,0.8389169870202585
9267,0.7376544802007085,1.2344575774534643,-0.6118755334990423
10982,-1.077851794929546,-1.146775642155156,1.3225144938600255
4106,1.533492847381094,0.9861773365464044,-1.0954730403388093
13461,-1.0281118969807719,-1.0564919181889523,-0.1282780266592754
14150,0.04129590891787117,-0.09722735104803899,0.35531948018049153
13824,0.14077570481541946,-0.6050732983579343,-1.0954730403388093
8138,0.9863539699445792,0.9636064055548534,0.35531948018049153
9929,-0.8788922031344497,-0.672786091332587,0.8389169870202585
8829,-1.077851794929546,-0.921066332239647,1.3225144938600255
12388,-0.8042823562112885,-1.0677773836847277,-1.0954730403388093
3902,1.4837529494323203,0.9410354745633025,-2.062668054018343
3210,0.19051560276419338,-0.3003657299719971,-0.1282780266592754
4280,-0.9037621521088367,-0.5937878328621589,0.35531948018049153
7801,-0.15766368287722518,0.5460441822111617,0.8389169870202585
7202,0.9863539699445792,0.46704592374073356,-1.0954730403388093
7001,-1.077851794929546,-0.9323517977354224,1.3225144938600255
9441,-1.052981845955159,-1.0677773836847277,0.8389169870202585
12849,0.06616585789225812,-0.1423692130311408,-1.0954730403388093
7046,-1.077851794929546,-0.6163587638537098,1.3225144938600255
1226,2.2049814696895442,2.0695820241408476,-2.062668054018343
15112,0.8371342760982567,1.798730852242237,0.8389169870202585
3325,0.9366140719958048,-0.34550759195509895,-0.6118755334990423
1562,0.9863539699445792,0.952320940059078,-1.0954730403388093
7895,-0.8540222541600626,-0.21008200600579352,0.8389169870202585
1087,-1.052981845955159,-1.1806320386424822,0.8389169870202585
15156,-0.6053227644161921,1.0426046640252815,0.8389169870202585
937,-0.555582866467418,0.24133661382522456,0.8389169870202585
5376,-1.077851794929546,-0.8307826082734433,1.3225144938600255
3474,0.9366140719958048,1.4827378183605242,-0.1282780266592754
12267,0.5635648373799991,1.0426046640252815,0.35531948018049153
3595,1.06096381686774,-0.3342221264593235,-2.54626556085811
4074,0.488954990456838,-0.21008200600579352,0.35531948018049153
6896,-1.077851794929546,-1.146775642155156,0.8389169870202585
12374,-1.052981845955159,-1.1129192456678296,1.3225144938600255
6186,0.6133047353287733,-0.7630698152987906,-2.062668054018343
7636,-0.580452815441805,-0.9662081942227487,0.8389169870202585
4546,0.9366140719958048,1.5165942148478506,-0.1282780266592754
903,1.6578425922530293,1.9680128346788686,-1.0954730403388093
8918,0.33973529661051577,1.0651755950168325,0.35531948018049153
10543,-1.052981845955159,-1.1016337801720542,0.35531948018049153
14344,-1.003241948006385,-0.5260750398875061,1.3225144938600255
8303,0.16564565378980642,0.00434183841394007,-0.1282780266592754
10051,0.09103580686664531,0.8733226815886498,-0.1282780266592754
9329,0.04129590891787117,0.7943244231182217,0.35531948018049153
1659,0.7873943781494827,1.3247413014196678,-0.6118755334990423
10125,1.3096633066116106,0.5799005786984881,-1.5790705471785762
2807,-0.6550626623649661,-0.26650933348467076,-0.1282780266592754
8521,1.7573223881505777,1.6858761972844822,-0.6118755334990423
7268,-1.077851794929546,-1.169346573146707,1.3225144938600255
2760,-0.28201342774916044,0.5009023202280599,-0.1282780266592754
13469,-1.077851794929546,-1.146775642155156,1.3225144938600255
9572,1.2350534596884497,0.5686151132027126,-0.1282780266592754
5181,1.2847933576372237,0.4219040617576318,-2.54626556085811
1350,0.16564565378980642,0.2074802173378982,-0.1282780266592754
14559,0.2899953986617417,-0.6050732983579343,-1.0954730403388093
14168,-0.4561030705698698,-0.5712169018706079,-0.1282780266592754
4974,1.3345332555859974,1.3585976979069943,-1.0954730403388093
1624,1.4091431025091588,1.8100163177380122,-0.6118755334990423
2025,-0.05818388697967712,0.7153261646477935,0.35531948018049153
12640,-0.38149322364670873,0.28647847580832636,-0.1282780266592754
102,0.3894751945592899,0.6137569751858144,0.8389169870202585
3501,-0.8788922031344497,-0.1649401440226917,0.8389169870202585
2512,-1.077851794929546,-1.146775642155156,0.8389169870202585
11564,0.5138249394312252,0.6701843026646918,-1.0954730403388093
15187,2.6029006532797374,2.622569833433845,-2.54626556085811
11627,-0.48097301954425686,-0.7517843498030152,-0.1282780266592754
12030,0.11590575584103227,-0.8646390047607697,-2.062668054018343
251,-0.15766368287722518,0.06076916589281733,0.35531948018049153
736,-1.077851794929546,-1.1919175041382577,0.8389169870202585
5723,2.0060218778944483,1.2683139739407907,-2.062668054018343
2614,1.0360938678933531,-0.006943627081835381,-2.062668054018343
5013,-1.052981845955159,-0.796926211786117,1.3225144938600255
1493,0.5138249394312252,-0.5373605053832816,-0.6118755334990423
9820,0.5138249394312252,-0.6389296948452606,-1.0954730403388093
2227,-0.25714347877477345,-0.7292134188114643,-0.1282780266592754
11176,-0.40636317262109567,0.28647847580832636,0.35531948018049153
9806,-1.077851794929546,-1.1016337801720542,0.8389169870202585
14730,-0.13279373390283822,0.47833138923650903,0.35531948018049153
3334,0.8371342760982567,-0.2326529369973444,-1.5790705471785762
2344,2.6277706022541243,2.475858781988764,-1.5790705471785762
12344,-0.35662327467232163,-0.5599314363748324,0.8389169870202585
14205,-1.052981845955159,-1.124204711163605,0.8389169870202585
13369,1.8319322350737386,1.7197325937718086,-1.5790705471785762
11283,-0.6301927133905793,-0.9549227287269733,-0.1282780266592754
1957,1.2350534596884497,1.5053087493520751,-1.0954730403388093
5516,0.7127845312263216,-0.4245058504255271,-1.5790705471785762
15206,0.21538555173858054,0.7153261646477935,0.8389169870202585
4469,0.6133047353287733,0.4896168547322845,0.35531948018049153
11319,-0.15766368287722518,-0.921066332239647,-1.5790705471785762
6831,0.8371342760982567,0.5121877857238354,-0.6118755334990423
15298,-0.6799326113393532,-0.8872099357523205,-0.6118755334990423
2145,-1.077851794929546,-1.1354901766593806,-0.6118755334990423
15219,0.14077570481541946,0.8620372160928744,-2.062668054018343
11629,-0.530712917493031,-0.7856407462903415,0.35531948018049153
10127,1.06096381686774,0.4444749927491827,-1.5790705471785762
3646,-1.077851794929546,-1.2032029696340332,0.8389169870202585
150,-0.9286321010832237,-0.11979828203958989,0.8389169870202585
9317,2.3044612655870926,2.3065767995521322,-1.0954730403388093
10355,-1.077851794929546,-0.4922186434001798,1.3225144938600255
4153,0.2402555007129675,0.8846081470844253,-0.1282780266592754
932,0.06616585789225812,0.7943244231182217,0.35531948018049153
4526,-0.505842968518644,0.3203348722956527,0.35531948018049153
8047,-0.15766368287722518,-0.8759244702565452,0.8389169870202585
3043,1.8319322350737386,1.7423035247633596,-0.6118755334990423
5921,0.8620042250726437,0.4444749927491827,-0.6118755334990423
5274,-0.8042823562112885,0.06076916589281733,0.8389169870202585
14753,0.8122643271238696,1.3360267669154433,-0.6118755334990423
11135,0.9614840209701918,1.527879680343626,-1.0954730403388093
10567,-0.38149322364670873,-0.9662081942227487,-1.0954730403388093
10670,0.016425959943484204,0.026912769405490974,-0.6118755334990423
8071,-1.052981845955159,-1.0790628491805032,0.8389169870202585
10104,-0.20740358082599933,0.19619475184212273,0.35531948018049153
14408,0.6381746843031604,1.3134558359238924,-1.0954730403388093
12229,1.1355736637909013,1.6407343353013806,-0.6118755334990423
4653,-0.9037621521088367,-0.672786091332587,0.8389169870202585
9562,-1.003241948006385,-0.796926211786117,0.35531948018049153
12813,-1.077851794929546,-1.124204711163605,0.8389169870202585
387,0.488954990456838,-0.6502151603410361,-0.1282780266592754
7983,-1.0281118969807719,-1.0677773836847277,0.35531948018049153
4156,1.9562819799456737,2.0131546966619704,-0.6118755334990423
4162,2.3293312145614795,2.2727204030648056,-0.6118755334990423
12251,-0.033313938005289936,0.7378970956393444,-0.1282780266592754
7762,-0.9286321010832237,-0.4922186434001798,1.3225144938600255
13820,0.7873943781494827,-0.3793639884424253,-2.062668054018343
12993,1.7324524391761906,1.798730852242237,-1.0954730403388093
7406,-0.3068833767235475,0.1397674243632455,0.35531948018049153
6569,0.4143451435336769,-0.8082116772818925,0.35531948018049153
10978,0.04129590891787117,-0.7743552807945661,-0.6118755334990423
6611,-1.077851794929546,-1.1016337801720542,1.3225144938600255
3297,0.6879145822519344,-0.6953570223241379,-1.5790705471785762
8534,0.9614840209701918,1.3585976979069943,0.35531948018049153
3669,-0.9037621521088367,-1.0677773836847277,0.35531948018049153
8310,-0.2322735298003864,-0.28908026447622165,0.8389169870202585
11311,0.5138249394312252,-0.796926211786117,-1.5790705471785762
2312,0.6133047353287733,0.9974628020421797,0.8389169870202585
7746,-1.077851794929546,-0.8307826082734433,1.3225144938600255
11318,-0.580452815441805,-1.022635521701626,-1.5790705471785762
1606,0.3148653476361286,0.9974628020421797,-0.6118755334990423
4398,0.43921509250806384,-0.7179279533156888,-2.062668054018343
7372,0.11590575584103227,-0.08594188555226354,-0.1282780266592754
11989,-0.15766368287722518,-0.5937878328621589,0.35531948018049153
3463,1.3096633066116106,1.753588990259135,0.35531948018049153
10303,0.7873943781494827,0.38804766527030543,-0.1282780266592754
11488,1.2101835107140624,1.6971616627802577,-1.5790705471785762
88,-1.077851794929546,-0.7404988843072398,1.3225144938600255
6621,-1.077851794929546,-1.0564919181889523,0.8389169870202585
5908,0.43921509250806384,0.01562730390971552,-1.0954730403388093
11675,-1.077851794929546,-1.2032029696340332,0.35531948018049153
13983,-0.8788922031344497,-0.3342221264593235,1.3225144938600255
4202,-0.530712917493031,0.3541912687829791,0.8389169870202585
12433,-0.9037621521088367,-1.0790628491805032,-0.1282780266592754
12781,0.488954990456838,-0.796926211786117,-2.062668054018343
2448,-1.077851794929546,-0.7856407462903415,0.8389169870202585
4639,0.2899953986617417,0.24133661382522456,0.8389169870202585
339,-1.077851794929546,-1.1919175041382577,1.3225144938600255
5950,-1.077851794929546,-0.6163587638537098,1.3225144938600255
9373,1.583232745329868,1.2231721119576888,-1.0954730403388093
7213,-0.08305383595406408,-0.21008200600579352,0.35531948018049153
12207,-1.077851794929546,-0.43579131592130255,1.3225144938600255
9097,0.5386948884056122,-0.6953570223241379,-0.6118755334990423
4168,2.030891826868835,2.1372948171155004,0.8389169870202585
10996,-0.6550626623649661,-0.8420680737692188,0.8389169870202585
7603,0.11590575584103227,-0.4696477124086289,-0.1282780266592754
9723,1.583232745329868,1.4940232838562997,-0.6118755334990423
9575,-1.052981845955159,-0.7630698152987906,0.35531948018049153
764,-0.8042823562112885,-0.9436372632311979,0.8389169870202585
6108,0.5635648373799991,0.24133661382522456,-0.1282780266592754
4410,-1.077851794929546,-1.1354901766593806,1.3225144938600255
6131,-0.40636317262109567,-0.5373605053832816,0.35531948018049153
15294,-0.9037621521088367,-1.0790628491805032,-0.6118755334990423
2236,-0.10792378492845114,-0.5825023673663834,-0.6118755334990423
1889,-1.077851794929546,-0.921066332239647,1.3225144938600255
1799,-0.18253363185161225,-0.9097808667438715,-0.1282780266592754
15332,-1.077851794929546,-1.0790628491805032,0.8389169870202585
10163,0.8620042250726437,-0.27779479898044623,-0.6118755334990423
1720,0.11590575584103227,0.10591102787591913,-0.1282780266592754
5503,-0.033313938005289936,-0.7630698152987906,0.35531948018049153
2813,-0.8042823562112885,-0.45836224691285343,0.8389169870202585
5225,-0.7545424582625144,-0.1423692130311408,0.35531948018049153
3469,-0.05818388697967712,0.7830389576224462,0.35531948018049153
511,1.1107037148165144,1.5504506113351768,0.35531948018049153
5888,0.21538555173858054,-0.4696477124086289,-0.1282780266592754
6874,-0.530712917493031,-0.7179279533156888,-0.1282780266592754
4902,1.9562819799456737,2.1147238861239495,-0.1282780266592754
99,-0.7545424582625144,-0.2552238679888953,0.8389169870202585
13945,0.33973529661051577,-0.018229092577610833,0.8389169870202585
7728,0.06616585789225812,-0.34550759195509895,-0.1282780266592754
12007,-1.077851794929546,-1.1354901766593806,1.3225144938600255
4606,1.6329726432786424,1.5730215423267278,-0.1282780266592754
5118,-1.077851794929546,-1.1919175041382577,1.3225144938600255
10038,-1.077851794929546,-0.4245058504255271,1.3225144938600255
1935,0.488954990456838,0.7717534921266708,-0.1282780266592754
379,-1.052981845955159,-1.146775642155156,0.8389169870202585
3774,1.8816721330225128,1.7648744557549105,-1.0954730403388093
1533,-0.6053227644161921,-0.4245058504255271,0.35531948018049153
9960,-0.3317533256979346,0.08334009688436823,-0.1282780266592754
2559,-0.05818388697967712,-0.8872099357523205,-0.6118755334990423
4660,-1.0281118969807719,-0.8420680737692188,0.35531948018049153
2957,-1.077851794929546,-1.1016337801720542,1.3225144938600255
12404,0.4143451435336769,-0.8194971427776678,-1.0954730403388093
8797,-0.20740358082599933,-0.7517843498030152,-0.1282780266592754
850,-0.7545424582625144,-0.0746564200564881,0.8389169870202585
14665,1.2847933576372237,0.03819823490126643,-2.54626556085811
5725,0.4143451435336769,0.45576045824495814,0.8389169870202585
9742,0.7376544802007085,0.6476133716731408,0.35531948018049153
8951,0.09103580686664531,0.8846081470844253,-0.1282780266592754
6586,-1.077851794929546,-1.1806320386424822,1.3225144938600255
13206,1.0360938678933531,-0.006943627081835381,-1.5790705471785762
4127,-0.2322735298003864,0.28647847580832636,0.8389169870202585
14113,-0.9535020500576108,-0.3906494539382007,1.3225144938600255
9356,-0.35662327467232163,0.2639075448167755,0.35531948018049153
8904,0.06616585789225812,0.7717534921266708,0.35531948018049153
9353,0.886874174047031,1.1554593189830362,0.35531948018049153
12859,0.16564565378980642,0.06076916589281733,-1.5790705471785762
4794,0.09103580686664531,-0.4922186434001798,-1.0954730403388093
1953,0.7127845312263216,1.1441738534872608,-0.1282780266592754
13328,2.1552415717407705,2.250149472073255,-0.6118755334990423
3592,0.9366140719958048,-0.322936660963548,-1.0954730403388093
11360,-1.052981845955159,-1.0677773836847277,1.3225144938600255
5344,0.4143451435336769,0.7604680266308953,0.35531948018049153
8886,0.33973529661051577,0.8168953541097725,0.35531948018049153
47,-1.077851794929546,-1.0452064526931768,1.3225144938600255
7573,0.11590575584103227,-0.029514558073386283,0.35531948018049153
11247,-1.077851794929546,-1.0000645907100751,0.35531948018049153
2154,-0.20740358082599933,-0.8420680737692188,-1.0954730403388093
10490,-0.8540222541600626,-0.5599314363748324,0.35531948018049153
4101,0.06616585789225812,0.1397674243632455,-0.6118755334990423
6214,-1.052981845955159,-1.169346573146707,1.3225144938600255
12471,-1.052981845955159,-0.9774936597185242,1.3225144938600255
7741,1.1355736637909013,0.4444749927491827,-0.1282780266592754
10189,-1.052981845955159,-1.1354901766593806,-0.1282780266592754
9809,0.6133047353287733,-0.5035041088959552,-1.0954730403388093
11408,-0.9037621521088367,-0.5260750398875061,0.8389169870202585
14702,-0.033313938005289936,0.2074802173378982,-0.1282780266592754
7936,1.5583627963554811,0.6250424406815899,-0.6118755334990423
8710,-1.077851794929546,-1.1016337801720542,0.8389169870202585
8500,1.6081026943042553,1.2457430429492398,-1.0954730403388093
3371,0.5138249394312252,0.39933313076608085,-0.1282780266592754
5653,1.7573223881505777,2.0244401621577457,-0.1282780266592754
7201,0.16564565378980642,0.09462556238014368,0.35531948018049153
8585,0.7127845312263216,1.3473122324112188,-0.1282780266592754
9530,-1.077851794929546,-1.1129192456678296,0.8389169870202585
1310,0.14077570481541946,0.7491825611351198,0.35531948018049153
10707,-0.48097301954425686,0.1397674243632455,1.3225144938600255
14286,0.36460524558490276,-0.4696477124086289,-1.5790705471785762
4265,-0.6301927133905793,-0.22136747150156896,0.8389169870202585
2943,-1.077851794929546,-1.1580611076509315,1.3225144938600255
14265,-1.077851794929546,-1.1580611076509315,1.3225144938600255
12136,1.4340130514835459,0.828180819605548,-2.54626556085811
6070,2.080631724817609,1.753588990259135,-1.5790705471785762
476,1.8319322350737386,1.5843070078225032,-0.6118755334990423
6400,1.533492847381094,1.8325872487295631,-0.6118755334990423
14100,-1.077851794929546,-0.5599314363748324,1.3225144938600255
3745,0.4143451435336769,0.47833138923650903,0.35531948018049153
411,-1.077851794929546,-1.0564919181889523,0.35531948018049153
14691,-0.6799326113393532,-0.3793639884424253,0.35531948018049153
10514,-0.580452815441805,-0.6276442293494852,-0.1282780266592754
9902,0.43921509250806384,-0.45836224691285343,-1.5790705471785762
8583,-0.580452815441805,0.30904940679987725,0.8389169870202585
4981,1.4837529494323203,1.3360267669154433,-0.6118755334990423
4048,-1.052981845955159,-1.0903483146762787,0.8389169870202585
8019,0.6630446332775474,-0.7743552807945661,-1.5790705471785762
4862,-0.9783719990319979,-0.3793639884424253,1.3225144938600255
12694,-0.8540222541600626,-0.672786091332587,0.35531948018049153
8695,-0.7794124072369014,-0.796926211786117,0.8389169870202585
13936,-1.003241948006385,-0.9097808667438715,1.3225144938600255
3909,-0.555582866467418,-0.26650933348467076,0.35531948018049153
6842,-0.555582866467418,-0.3906494539382007,0.35531948018049153
4351,-0.7545424582625144,-1.022635521701626,0.35531948018049153
4028,-0.6799326113393532,-1.0113500562058506,0.35531948018049153
2140,0.5635648373799991,-0.5373605053832816,-0.1282780266592754
1805,-0.8042823562112885,-1.0790628491805032,0.35531948018049153
13382,1.1604436127652884,1.1554593189830362,-1.0954730403388093
15048,-0.3068833767235475,-0.040800023569161736,0.8389169870202585
8949,-1.0281118969807719,-0.27779479898044623,0.8389169870202585
1254,1.8070622860993515,2.0357256276535214,-0.6118755334990423
8439,-1.0281118969807719,-1.0339209871974016,1.3225144938600255
13828,-0.7048025603137403,-0.9097808667438715,0.35531948018049153
1061,-0.7048025603137403,-1.0000645907100751,0.35531948018049153
12945,1.359403204560385,1.776159921250686,-1.5790705471785762
15083,-0.505842968518644,0.026912769405490974,0.8389169870202585
10158,-0.18253363185161225,-0.5486459708790571,-0.1282780266592754
1213,2.080631724817609,1.8100163177380122,-1.0954730403388093
2546,-1.052981845955159,-1.1806320386424822,0.8389169870202585
11936,-1.077851794929546,-0.7404988843072398,0.8389169870202585
13994,1.1355736637909013,1.2344575774534643,-1.0954730403388093
10064,-0.25714347877477345,0.5347587167153863,-0.1282780266592754
4015,-1.077851794929546,-1.2032029696340332,1.3225144938600255
3679,-0.9783719990319979,-1.0677773836847277,0.35531948018049153
4274,0.11590575584103227,0.15105288985902093,-0.6118755334990423
12245,0.8620042250726437,1.4150250253858716,-0.1282780266592754
12081,-1.077851794929546,-1.1354901766593806,1.3225144938600255
14485,-0.6550626623649661,-0.13108374753536534,0.8389169870202585
3942,1.2847933576372237,0.04948370039704188,-2.54626556085811
10956,0.06616585789225812,-0.8759244702565452,-2.062668054018343
12822,-0.08305383595406408,-0.6389296948452606,-0.1282780266592754
2232,0.488954990456838,-0.44707678141707796,-0.1282780266592754
11270,-0.9286321010832237,-1.0000645907100751,-1.0954730403388093
6862,-1.077851794929546,-0.9887791252142997,1.3225144938600255
12230,-0.008443989030902977,0.828180819605548,0.8389169870202585
8598,0.886874174047031,1.3924540943943207,-0.1282780266592754
2254,-0.20740358082599933,-0.322936660963548,-1.0954730403388093
3260,-1.077851794929546,-1.1919175041382577,1.3225144938600255
3111,1.4340130514835459,1.7874453867464615,-0.6118755334990423
4755,-1.077851794929546,-1.1919175041382577,1.3225144938600255
13167,0.5386948884056122,-0.672786091332587,-0.6118755334990423
7089,2.478550908407802,2.3968605235183356,-1.0954730403388093
10594,-1.077851794929546,-1.1919175041382577,1.3225144938600255
9891,-1.077851794929546,-1.124204711163605,1.3225144938600255
15230,0.2899953986617417,0.7378970956393444,-0.1282780266592754
149,-0.6550626623649661,0.19619475184212273,0.8389169870202585
6423,-0.48097301954425686,0.252622079321,-0.1282780266592754
5697,-0.580452815441805,0.12848195886747005,0.8389169870202585
9057,-0.15766368287722518,-0.4809331779044043,0.35531948018049153
1119,-0.6550626623649661,-0.9436372632311979,0.35531948018049153
6834,0.3894751945592899,0.24133661382522456,-0.1282780266592754
5688,1.8070622860993515,1.8438727142253386,-1.0954730403388093
2021,-0.9535020500576108,-0.17622560951846716,0.8389169870202585
6551,-1.077851794929546,-1.1919175041382577,1.3225144938600255
4013,-1.077851794929546,-1.2032029696340332,0.8389169870202585
10115,0.7376544802007085,0.5121877857238354,-1.5790705471785762
3087,-0.033313938005289936,0.8168953541097725,0.35531948018049153
9311,0.9117441230214178,1.4940232838562997,0.35531948018049153
6725,2.652640551228511,2.498429712980315,-2.062668054018343
3678,-0.18253363185161225,-0.7856407462903415,-0.6118755334990423
10997,-1.077851794929546,-1.0903483146762787,0.8389169870202585
169,1.359403204560385,1.7874453867464615,-2.062668054018343
5165,0.488954990456838,-0.28908026447622165,-0.1282780266592754
15340,-0.7545424582625144,-0.9549227287269733,0.8389169870202585
10760,0.9614840209701918,1.5391651458394016,-1.0954730403388093
3077,-1.077851794929546,-0.43579131592130255,0.8389169870202585
6561,-1.077851794929546,-1.2032029696340332,1.3225144938600255
1655,0.9863539699445792,1.4827378183605242,-2.062668054018343
12698,-0.008443989030902977,-0.2552238679888953,0.8389169870202585
9618,1.2350534596884497,1.3924540943943207,-0.1282780266592754
5657,2.7769902961004465,2.599998902442294,-2.062668054018343
11522,1.1355736637909013,1.5391651458394016,-1.5790705471785762
1617,1.9811519289200612,2.1372948171155004,-0.6118755334990423
5902,-0.8042823562112885,-0.7517843498030152,1.3225144938600255
6264,-1.0281118969807719,-0.9436372632311979,0.8389169870202585
925,0.488954990456838,1.1441738534872608,0.35531948018049153
13753,-0.530712917493031,-0.018229092577610833,-0.1282780266592754
4441,-0.18253363185161225,-0.44707678141707796,0.35531948018049153
4708,-1.077851794929546,-1.1580611076509315,1.3225144938600255
14369,2.3044612655870926,2.0357256276535214,-2.54626556085811
8677,0.7625244291750957,0.11719649337169459,-1.0954730403388093
9372,-0.7545424582625144,-0.2326529369973444,0.35531948018049153
3903,-0.35662327467232163,-0.052085489064937186,-0.1282780266592754
12665,2.030891826868835,1.2457430429492398,-2.54626556085811
5117,-1.077851794929546,-1.1919175041382577,1.3225144938600255
14119,1.9065420819969,1.4375959563774223,-2.54626556085811
10182,-0.9037621521088367,-1.0339209871974016,-0.1282780266592754
5853,-1.052981845955159,-1.1580611076509315,0.8389169870202585
351,-1.003241948006385,-1.1580611076509315,-0.1282780266592754
5396,0.016425959943484204,-0.28908026447622165,0.35531948018049153
11783,1.9811519289200612,1.3473122324112188,-1.0954730403388093
8765,-1.077851794929546,-1.1919175041382577,1.3225144938600255
10063,1.856802184048126,1.956727369183093,-2.062668054018343
14173,0.11590575584103227,-0.4019349194339762,0.8389169870202585
4040,-1.077851794929546,-1.146775642155156,1.3225144938600255
6032,1.4340130514835459,1.7874453867464615,-0.6118755334990423
9674,2.6029006532797374,2.498429712980315,-1.0954730403388093
12577,1.7573223881505777,2.0131546966619704,-0.6118755334990423
7275,-0.20740358082599933,-0.9097808667438715,0.35531948018049153
14366,-0.08305383595406408,0.5234732512196109,-0.1282780266592754
12449,-0.15766368287722518,-0.7404988843072398,-0.6118755334990423
3422,1.0360938678933531,1.4263104908816469,-1.5790705471785762
9585,-1.077851794929546,-0.7404988843072398,1.3225144938600255
10946,-0.9535020500576108,-1.1354901766593806,0.35531948018049153
4903,-1.052981845955159,-0.34550759195509895,0.8389169870202585
6067,1.8319322350737386,1.674590731788707,-0.1282780266592754
11825,-0.9286321010832237,-0.17622560951846716,0.8389169870202585
3694,0.3894751945592899,-0.45836224691285343,-1.0954730403388093
6017,2.8018602450748333,2.622569833433845,-1.0954730403388093
8798,-0.38149322364670873,-0.796926211786117,0.35531948018049153
12947,2.0060218778944483,2.1711512136028266,-1.5790705471785762
9425,1.1604436127652884,-0.08594188555226354,-1.5790705471785762
9743,0.8620042250726437,0.6927552336562426,0.35531948018049153
11390,-0.9535020500576108,-0.7404988843072398,0.8389169870202585
12837,-1.077851794929546,-1.0113500562058506,0.35531948018049153
542,0.2899953986617417,1.0651755950168325,0.35531948018049153
8658,-0.38149322364670873,-0.15365467852691625,0.8389169870202585
914,0.9863539699445792,1.527879680343626,0.35531948018049153
907,-1.052981845955159,-0.3342221264593235,0.8389169870202585
9713,0.46408504148245106,0.952320940059078,0.8389169870202585
7968,-0.530712917493031,-0.7179279533156888,0.8389169870202585
7048,-0.7545424582625144,-0.1649401440226917,1.3225144938600255
10924,-1.077851794929546,-1.169346573146707,0.8389169870202585
12992,-0.28201342774916044,0.46704592374073356,0.35531948018049153
3527,-0.3068833767235475,0.15105288985902093,0.35531948018049153
2337,0.3894751945592899,1.053890129521057,0.35531948018049153
9553,-0.9286321010832237,-0.8533535392649942,0.8389169870202585
10057,1.7324524391761906,1.922870972695767,-1.0954730403388093
1598,0.14077570481541946,0.828180819605548,0.8389169870202585
5852,-1.077851794929546,-1.1806320386424822,0.8389169870202585
10170,0.2899953986617417,-0.5373605053832816,-2.062668054018343
4139,2.3790711125102537,2.0357256276535214,-2.54626556085811
4764,-0.9286321010832237,-1.0790628491805032,0.35531948018049153
9534,-0.2322735298003864,-0.6953570223241379,-1.0954730403388093
7386,0.488954990456838,0.3316203377914282,0.35531948018049153
1107,-0.8042823562112885,-1.0564919181889523,-0.6118755334990423
15087,2.6277706022541243,2.3178622650479075,-1.5790705471785762
7447,-0.7545424582625144,0.06076916589281733,0.8389169870202585
1086,-1.077851794929546,-1.2032029696340332,0.8389169870202585
8248,1.1355736637909013,1.4263104908816469,0.35531948018049153
5960,1.085833765842127,1.2344575774534643,-0.1282780266592754
10690,0.7625244291750957,0.7717534921266708,-1.5790705471785762
2183,-1.077851794929546,-1.2032029696340332,1.3225144938600255
6194,-1.077851794929546,-1.2032029696340332,1.3225144938600255
895,2.1055016737919963,2.227578541081704,-1.5790705471785762
3366,-0.9783719990319979,-0.6615006258368116,0.8389169870202585
8825,-0.8291523051856755,-0.7066424878199133,-0.1282780266592754
6951,-1.077851794929546,-1.1806320386424822,1.3225144938600255
3207,0.5138249394312252,-0.1423692130311408,-0.1282780266592754
5945,1.9811519289200612,1.4714523528647487,-1.5790705471785762
5125,-0.008443989030902977,-0.8420680737692188,-0.1282780266592754
11917,-1.077851794929546,-0.6163587638537098,1.3225144938600255
13534,-0.6550626623649661,-0.9662081942227487,-0.1282780266592754
13937,-0.8788922031344497,-0.8082116772818925,0.8389169870202585
4110,0.46408504148245106,0.5009023202280599,-0.1282780266592754
13481,-1.077851794929546,-1.169346573146707,0.8389169870202585
5202,-0.9286321010832237,-0.5260750398875061,0.8389169870202585
2864,0.33973529661051577,-0.5147895743917307,-0.1282780266592754
6259,0.09103580686664531,-0.43579131592130255,-0.1282780266592754
10003,-1.003241948006385,-0.26650933348467076,1.3225144938600255
4807,0.5635648373799991,-0.13108374753536534,-0.6118755334990423
8574,1.7075824902018033,2.0018692311661948,-0.1282780266592754
8679,0.886874174047031,0.12848195886747005,0.35531948018049153
2771,-1.052981845955159,-0.44707678141707796,1.3225144938600255
12747,-0.8042823562112885,-1.022635521701626,0.8389169870202585
15056,1.6081026943042553,1.2457430429492398,-1.5790705471785762
6066,2.130371622766383,1.8438727142253386,-1.5790705471785762
4342,-0.7545424582625144,-0.9887791252142997,0.35531948018049153
11635,-1.077851794929546,-1.1129192456678296,0.35531948018049153
8612,-0.9037621521088367,-0.17622560951846716,0.8389169870202585
15207,-0.6550626623649661,-0.3793639884424253,-2.062668054018343
13720,1.2101835107140624,1.527879680343626,-0.1282780266592754
10228,-0.10792378492845114,-0.898495401248096,-1.5790705471785762
1547,0.7625244291750957,0.5686151132027126,-1.0954730403388093
4111,1.2847933576372237,0.9636064055548534,-1.5790705471785762
15326,-0.8042823562112885,-1.0564919181889523,-1.0954730403388093
8878,1.8319322350737386,1.5955924733182787,-0.6118755334990423
4706,0.3894751945592899,-0.672786091332587,-1.5790705471785762
5340,0.06616585789225812,0.5799005786984881,0.35531948018049153
12451,0.36460524558490276,-0.5712169018706079,-1.0954730403388093
7443,0.9614840209701918,1.4037395598900961,-0.1282780266592754
8140,-0.18253363185161225,0.2639075448167755,0.8389169870202585
7656,-1.077851794929546,-1.2032029696340332,0.8389169870202585
12235,0.7127845312263216,1.3473122324112188,-0.6118755334990423
9982,-0.13279373390283822,0.47833138923650903,0.35531948018049153
13517,-0.28201342774916044,-0.9323517977354224,-0.6118755334990423
13894,-1.077851794929546,-1.169346573146707,0.8389169870202585
5196,0.8620042250726437,0.5347587167153863,-1.5790705471785762
3944,-0.2322735298003864,-0.5147895743917307,0.8389169870202585
6948,0.09103580686664531,-0.8307826082734433,0.35531948018049153
9239,-1.052981845955159,-0.5373605053832816,1.3225144938600255
1326,1.1604436127652884,1.2006011809661379,-1.5790705471785762
12856,1.2847933576372237,0.5234732512196109,-2.54626556085811
12597,-1.077851794929546,-0.4245058504255271,0.8389169870202585
7220,-1.077851794929546,-0.9436372632311979,1.3225144938600255
7971,-1.077851794929546,-1.0677773836847277,0.8389169870202585
8136,-0.6301927133905793,-0.13108374753536534,0.8389169870202585
2519,0.11590575584103227,-0.7630698152987906,0.35531948018049153
1475,-0.9783719990319979,-1.1129192456678296,0.8389169870202585
2683,-0.08305383595406408,0.5686151132027126,0.8389169870202585
13512,-1.077851794929546,-1.2032029696340332,1.3225144938600255
9197,-0.7048025603137403,-0.5599314363748324,0.35531948018049153
9615,1.2599234086628366,1.3698831634027697,0.8389169870202585
12125,-0.4312331215954827,-0.3116511954677726,0.35531948018049153
6424,2.1055016737919963,1.9341564381915424,-1.0954730403388093
2906,0.33973529661051577,-0.8307826082734433,-1.0954730403388093
1611,0.5386948884056122,1.1893157154703624,0.35531948018049153
9525,-0.9783719990319979,-1.0564919181889523,0.35531948018049153
5174,-1.077851794929546,-0.9436372632311979,1.3225144938600255
5923,1.3842731535347719,0.726611630143569,-1.0954730403388093
4397,0.7127845312263216,-0.672786091332587,-1.5790705471785762
7015,-1.003241948006385,-0.7179279533156888,0.8389169870202585
884,1.9811519289200612,2.126009351619725,-1.0954730403388093
15081,2.3044612655870926,1.922870972695767,0.8389169870202585
5090,-0.8042823562112885,-1.0790628491805032,0.8389169870202585
4625,1.9314120309712868,1.3811686288985452,-2.54626556085811
735,0.33973529661051577,-0.796926211786117,-1.0954730403388093
8153,1.0360938678933531,1.2231721119576888,-0.1282780266592754
7887,1.0360938678933531,1.302170370428117,-0.1282780266592754
758,-1.077851794929546,-1.1354901766593806,1.3225144938600255
1393,-0.555582866467418,-0.7179279533156888,0.8389169870202585
11175,-0.580452815441805,0.1397674243632455,0.8389169870202585
2357,1.6578425922530293,1.9680128346788686,-1.0954730403388093
3755,0.886874174047031,0.9071790780759762,0.35531948018049153
2498,0.886874174047031,-0.34550759195509895,-1.0954730403388093
2150,-0.3068833767235475,-0.8533535392649942,-0.1282780266592754
10172,-1.003241948006385,-1.0339209871974016,0.8389169870202585
14250,-0.8540222541600626,-1.0790628491805032,0.35531948018049153
3289,-0.4561030705698698,-0.9774936597185242,-0.6118755334990423
1489,-0.7545424582625144,-0.9549227287269733,-0.6118755334990423
7309,-0.4561030705698698,-0.9774936597185242,0.35531948018049153
5922,0.8371342760982567,0.45576045824495814,-1.0954730403388093
13784,-1.0281118969807719,-0.796926211786117,0.35531948018049153
9238,1.2847933576372237,1.2118866464619134,0.35531948018049153
293,-0.15766368287722518,-0.5035041088959552,-0.6118755334990423
2726,2.478550908407802,2.4420023855014374,-1.5790705471785762
13308,-0.4561030705698698,0.4331895272534072,-0.1282780266592754
5107,-1.077851794929546,-1.2032029696340332,1.3225144938600255
9393,0.016425959943484204,0.00434183841394007,-0.1282780266592754
14703,-0.6799326113393532,-0.24393840249311985,0.8389169870202585
6141,0.8620042250726437,-0.22136747150156896,-1.0954730403388093
487,-1.003241948006385,-0.35679305745087436,0.35531948018049153
290,1.2847933576372237,0.026912769405490974,-1.0954730403388093
3169,0.11590575584103227,0.2751930103125509,-0.1282780266592754
12532,0.5138249394312252,0.8394662851013235,-0.6118755334990423
8147,-0.033313938005289936,0.4444749927491827,1.3225144938600255
101,0.11590575584103227,0.4219040617576318,-0.1282780266592754
13437,-1.052981845955159,-0.9549227287269733,1.3225144938600255
6550,-1.077851794929546,-1.1919175041382577,1.3225144938600255
1323,-0.9037621521088367,-0.27779479898044623,0.8389169870202585
3509,-0.4561030705698698,0.2074802173378982,0.35531948018049153
4740,0.43921509250806384,-0.8082116772818925,-2.062668054018343
14506,-0.05818388697967712,-0.018229092577610833,0.8389169870202585
13354,1.2599234086628366,1.5730215423267278,-0.1282780266592754
14571,-1.077851794929546,-1.1580611076509315,1.3225144938600255
14188,0.14077570481541946,-0.5825023673663834,-1.5790705471785762
286,0.2402555007129675,-0.2552238679888953,-0.1282780266592754
8249,-1.077851794929546,-0.5260750398875061,0.8389169870202585
14590,-1.0281118969807719,-1.169346573146707,-0.1282780266592754
3341,-0.48097301954425686,-0.6276442293494852,-0.1282780266592754
12214,-0.6301927133905793,0.2639075448167755,-0.1282780266592754
11528,-0.530712917493031,0.2639075448167755,1.3225144938600255
6473,0.016425959943484204,-0.029514558073386283,-0.1282780266592754
12902,-0.008443989030902977,0.5460441822111617,-0.6118755334990423
5163,0.06616585789225812,-0.45836224691285343,-0.1282780266592754
3836,2.528290806356576,2.4420023855014374,-1.5790705471785762
5639,0.43921509250806384,1.1667447844788115,0.35531948018049153
7911,1.0112239189189662,0.9410354745633025,-0.1282780266592754
11631,-1.052981845955159,-1.0677773836847277,1.3225144938600255
6350,1.2350534596884497,1.5955924733182787,0.35531948018049153
6685,1.7573223881505777,1.527879680343626,-1.0954730403388093
6249,-0.6053227644161921,-0.8082116772818925,-0.1282780266592754
8630,0.14077570481541946,0.5911860441942636,0.8389169870202585
11263,0.5138249394312252,-0.43579131592130255,-0.6118755334990423
5148,-1.077851794929546,-1.1129192456678296,1.3225144938600255
4031,-0.9783719990319979,-1.1129192456678296,-0.6118755334990423
4246,1.1604436127652884,1.2344575774534643,-0.1282780266592754
5357,1.1355736637909013,0.8846081470844253,-0.6118755334990423
5659,1.9314120309712868,2.1147238861239495,-1.0954730403388093
6836,-1.077851794929546,-0.8194971427776678,1.3225144938600255
9440,-0.9783719990319979,-1.0113500562058506,0.35531948018049153
13692,-0.25714347877477345,0.6137569751858144,0.8389169870202585
13340,1.856802184048126,2.0244401621577457,-0.6118755334990423
10771,1.5086228984067072,1.8664436452168895,-0.6118755334990423
8137,-0.20740358082599933,0.2074802173378982,0.8389169870202585
357,-1.077851794929546,-1.2032029696340332,0.35531948018049153
13980,1.9314120309712868,1.4263104908816469,-1.5790705471785762
11519,0.9117441230214178,1.4150250253858716,-0.1282780266592754
1962,-1.0281118969807719,-0.3342221264593235,0.8389169870202585
11457,1.0112239189189662,1.4037395598900961,-0.6118755334990423
5351,-0.10792378492845114,0.3316203377914282,-0.1282780266592754
7633,0.2651254496873547,-0.7292134188114643,0.8389169870202585
4230,2.3293312145614795,2.0921529551323985,-2.062668054018343
2701,-1.0281118969807719,-0.3003657299719971,0.35531948018049153
15059,2.2547213676383184,1.3585976979069943,-2.54626556085811
12942,1.8816721330225128,2.0808674896366233,-1.0954730403388093
836,1.7573223881505777,1.4375959563774223,-1.0954730403388093
1163,-0.3317533256979346,-0.322936660963548,0.8389169870202585
14750,1.8816721330225128,1.979298300174644,-2.062668054018343
11004,-0.7048025603137403,-0.8082116772818925,0.35531948018049153
6822,-0.8291523051856755,-0.3906494539382007,0.35531948018049153
1744,0.488954990456838,-0.10851281654381445,-0.6118755334990423
11070,0.7625244291750957,0.9861773365464044,-1.5790705471785762
4229,0.9117441230214178,1.2908849049323414,-0.6118755334990423
14246,-1.077851794929546,-1.1919175041382577,0.35531948018049153
7342,0.7625244291750957,-0.4019349194339762,-1.0954730403388093
12957,0.14077570481541946,0.952320940059078,-0.1282780266592754
5999,0.11590575584103227,0.9071790780759762,0.8389169870202585
11723,-1.077851794929546,-1.1016337801720542,1.3225144938600255
14996,0.3148653476361286,-0.6840715568283625,1.3225144938600255
5106,-1.077851794929546,-1.2032029696340332,0.35531948018049153
4190,0.5386948884056122,1.2457430429492398,-0.1282780266592754
4010,-1.077851794929546,-1.2032029696340332,0.8389169870202585
8460,-0.505842968518644,-0.5147895743917307,-0.6118755334990423
6580,-1.077851794929546,-1.1919175041382577,0.8389169870202585
11442,0.04129590891787117,0.5911860441942636,0.35531948018049153
8255,1.2847933576372237,1.4263104908816469,-0.1282780266592754
8057,-1.077851794929546,-1.1580611076509315,1.3225144938600255
12349,-1.077851794929546,-1.0452064526931768,1.3225144938600255
8768,-0.6799326113393532,-1.0339209871974016,0.35531948018049153
1006,-0.8788922031344497,-0.6953570223241379,0.35531948018049153
6291,-0.9535020500576108,-0.6050732983579343,1.3225144938600255
3938,-0.555582866467418,-0.5937878328621589,0.35531948018049153
14439,1.9811519289200612,2.0808674896366233,-2.062668054018343
1984,0.06616585789225812,0.8846081470844253,0.8389169870202585
828,-0.3068833767235475,0.08334009688436823,0.35531948018049153
8239,2.2795913166127058,2.1711512136028266,-1.0954730403388093
8349,0.5386948884056122,-0.5260750398875061,-0.1282780266592754
8424,-0.7794124072369014,-0.9887791252142997,0.8389169870202585
15063,0.43921509250806384,0.46704592374073356,-2.062668054018343
11274,-1.077851794929546,-1.124204711163605,1.3225144938600255
10794,1.5583627963554811,1.776159921250686,-1.5790705471785762
3589,0.9614840209701918,-0.26650933348467076,-1.5790705471785762
5828,-0.555582866467418,-1.022635521701626,0.8389169870202585
12604,1.8816721330225128,2.0695820241408476,-2.54626556085811
7784,0.3894751945592899,0.7717534921266708,0.35531948018049153
11710,-1.077851794929546,-1.146775642155156,1.3225144938600255
2380,1.7821923371249646,2.0018692311661948,-0.6118755334990423
8779,-1.077851794929546,-1.1806320386424822,1.3225144938600255
4463,0.016425959943484204,0.06076916589281733,-0.6118755334990423
1123,-1.077851794929546,-1.1354901766593806,0.35531948018049153
11930,-1.052981845955159,-0.6163587638537098,0.8389169870202585
11549,-0.008443989030902977,0.5234732512196109,-1.0954730403388093
12274,1.7075824902018033,1.6407343353013806,-2.062668054018343
1747,0.46408504148245106,-0.17622560951846716,-0.6118755334990423
304,-0.18253363185161225,-0.6389296948452606,-0.6118755334990423
10814,0.3894751945592899,0.8394662851013235,0.35531948018049153
9526,-1.0281118969807719,-1.0790628491805032,0.8389169870202585
6853,0.16564565378980642,-0.1649401440226917,0.35531948018049153
4442,-0.6550626623649661,-0.5937878328621589,0.35531948018049153
2009,0.5635648373799991,1.2457430429492398,-0.1282780266592754
6442,2.130371622766383,1.6633052662929315,-1.0954730403388093
7558,0.5386948884056122,0.4106185962618563,0.35531948018049153
12760,-0.28201342774916044,-0.9436372632311979,-1.5790705471785762
4999,0.09103580686664531,0.2074802173378982,-0.6118755334990423
3063,-0.4312331215954827,0.37676219977452996,0.35531948018049153
8145,-0.20740358082599933,0.29776394130410183,-0.1282780266592754
8874,-0.7296725092881273,-0.1423692130311408,0.8389169870202585
5927,0.3148653476361286,0.2751930103125509,0.8389169870202585
10452,-1.077851794929546,-0.5937878328621589,1.3225144938600255
8882,0.3148653476361286,0.7491825611351198,0.35531948018049153
14376,-0.9535020500576108,-0.2326529369973444,0.8389169870202585
7508,2.2547213676383184,2.1598657481070513,-1.5790705471785762
1010,0.7625244291750957,0.06076916589281733,-0.6118755334990423
12638,1.2847933576372237,1.4263104908816469,-2.062668054018343
12051,-1.077851794929546,-1.2032029696340332,0.35531948018049153
8823,-0.6301927133905793,-0.672786091332587,0.8389169870202585
11273,-0.6799326113393532,-0.9097808667438715,-0.1282780266592754
7780,-1.003241948006385,-0.43579131592130255,1.3225144938600255
8638,-1.077851794929546,-0.6615006258368116,0.8389169870202585
7662,-1.077851794929546,-1.2032029696340332,1.3225144938600255
8318,-0.8788922031344497,-0.7517843498030152,0.35531948018049153
11788,1.0360938678933531,0.9636064055548534,-2.062668054018343
4962,-0.4312331215954827,0.29776394130410183,0.35531948018049153
1522,-0.3068833767235475,-0.3793639884424253,0.35531948018049153
2919,-1.052981845955159,-1.1806320386424822,0.8389169870202585
2189,-1.052981845955159,-1.1806320386424822,0.8389169870202585
14784,-0.6550626623649661,0.24133661382522456,0.8389169870202585
4220,1.7821923371249646,1.900300041704216,-2.062668054018343
7087,-0.008443989030902977,0.7604680266308953,0.8389169870202585
12064,-0.7048025603137403,-1.022635521701626,-0.6118755334990423
12285,0.16564565378980642,0.5799005786984881,-1.0954730403388093
8358,-0.8788922031344497,-1.022635521701626,0.8389169870202585
11546,-0.9783719990319979,-0.35679305745087436,0.35531948018049153
12554,1.06096381686774,1.4375959563774223,-1.5790705471785762
11277,-0.3317533256979346,-0.8194971427776678,0.35531948018049153
9319,-0.40636317262109567,0.46704592374073356,0.35531948018049153
9038,-0.008443989030902977,-0.15365467852691625,0.8389169870202585
1453,-1.077851794929546,-1.2032029696340332,1.3225144938600255
3658,-0.08305383595406408,-0.8872099357523205,0.35531948018049153
10086,-0.8540222541600626,-0.19879654051001805,0.35531948018049153
7682,-1.077851794929546,-1.1806320386424822,0.8389169870202585
9577,-1.003241948006385,-0.672786091332587,0.8389169870202585
2267,-0.530712917493031,-0.3342221264593235,-0.1282780266592754
9037,1.4340130514835459,0.46704592374073356,-1.5790705471785762
3011,-1.052981845955159,-0.672786091332587,0.8389169870202585
11409,-0.580452815441805,-0.24393840249311985,0.35531948018049153
12514,1.3842731535347719,1.053890129521057,-2.062668054018343
10498,-0.8788922031344497,-0.6615006258368116,0.8389169870202585
1320,-0.6799326113393532,-0.006943627081835381,0.35531948018049153
12892,0.9863539699445792,1.0651755950168325,-1.0954730403388093
12231,-0.6799326113393532,0.2074802173378982,0.35531948018049153
8747,-1.077851794929546,-1.2032029696340332,1.3225144938600255
10910,-0.25714347877477345,-0.796926211786117,0.35531948018049153
8668,0.21538555173858054,0.026912769405490974,-0.1282780266592754
9450,-1.077851794929546,-1.1354901766593806,0.8389169870202585
2798,-1.052981845955159,-0.6050732983579343,0.8389169870202585
9164,-1.077851794929546,-1.1129192456678296,1.3225144938600255
2308,-0.6799326113393532,-0.029514558073386283,0.35531948018049153
6730,0.04129590891787117,0.850751750597099,0.8389169870202585
11141,0.09103580686664531,0.8958936125802007,0.35531948018049153
7599,-1.003241948006385,-0.9436372632311979,0.8389169870202585
5549,-0.20740358082599933,-0.21008200600579352,0.35531948018049153
5964,1.1853135617396753,1.3585976979069943,-0.1282780266592754
6203,0.2899953986617417,-0.8420680737692188,-1.5790705471785762
6848,0.7873943781494827,0.17362382085057185,-0.6118755334990423
9178,-1.077851794929546,-1.0452064526931768,1.3225144938600255
11313,-0.40636317262109567,-0.9887791252142997,-0.6118755334990423
2081,-0.6799326113393532,-0.34550759195509895,-0.1282780266592754
1373,-0.8540222541600626,-0.6953570223241379,0.35531948018049153
10801,1.1853135617396753,1.4827378183605242,-1.5790705471785762
5936,1.4837529494323203,1.0426046640252815,0.8389169870202585
2608,-1.0281118969807719,-0.9662081942227487,-0.1282780266592754
3120,-1.077851794929546,-0.4696477124086289,1.3225144938600255
8805,-1.077851794929546,-1.0903483146762787,1.3225144938600255
14441,1.5086228984067072,1.7874453867464615,-1.0954730403388093
2471,-1.077851794929546,-0.9436372632311979,1.3225144938600255
4828,0.36460524558490276,0.252622079321,0.35531948018049153
3447,-1.077851794929546,-0.43579131592130255,1.3225144938600255
1730,-1.052981845955159,-0.8194971427776678,0.8389169870202585
1844,-0.13279373390283822,-0.8307826082734433,0.35531948018049153
1623,0.488954990456838,1.2006011809661379,0.35531948018049153
5332,1.6329726432786424,1.6407343353013806,-0.1282780266592754
14547,-1.077851794929546,-1.0677773836847277,0.8389169870202585
13712,0.4143451435336769,1.0651755950168325,-0.1282780266592754
5483,-0.8291523051856755,-1.0790628491805032,0.8389169870202585
12340,0.8371342760982567,-0.06337095456071264,-2.062668054018343
9623,1.5086228984067072,1.6181634043098296,-0.1282780266592754
11434,1.9562819799456737,1.652019800797156,-1.5790705471785762
168,0.46408504148245106,1.1893157154703624,-0.1282780266592754
14722,-0.7048025603137403,-0.08594188555226354,-0.6118755334990423
3060,0.7625244291750957,1.2683139739407907,-0.1282780266592754
9791,-0.9037621521088367,-0.8646390047607697,0.35531948018049153
14350,0.488954990456838,0.7153261646477935,-0.1282780266592754
6330,-0.35662327467232163,0.30904940679987725,0.8389169870202585
8192,-0.6053227644161921,0.2751930103125509,0.8389169870202585
9286,0.4143451435336769,1.1328883879914853,0.8389169870202585
434,-0.9286321010832237,-0.6953570223241379,0.8389169870202585
13920,-1.077851794929546,-1.0790628491805032,1.3225144938600255
14987,-0.38149322364670873,-0.9323517977354224,0.8389169870202585
3106,2.553160755330963,2.453287850997213,-1.5790705471785762
3733,-0.4312331215954827,-0.21008200600579352,-0.1282780266592754
8582,0.016425959943484204,0.8394662851013235,0.8389169870202585
5563,1.6081026943042553,0.9297500090675271,-2.062668054018343
2315,-0.8042823562112885,-0.09722735104803899,0.8389169870202585
14752,1.6081026943042553,1.8325872487295631,-0.6118755334990423
10746,-1.077851794929546,-0.43579131592130255,1.3225144938600255
10129,-1.052981845955159,-0.8082116772818925,0.8389169870202585
14146,0.8371342760982567,0.3316203377914282,-0.1282780266592754
7302,-1.077851794929546,-1.2032029696340332,0.8389169870202585
8950,-0.3068833767235475,0.5686151132027126,0.35531948018049153
6459,-0.15766368287722518,0.07205463138859278,0.8389169870202585
14044,2.2049814696895442,0.0,-2.062668054018343
930,-0.6053227644161921,0.2300511483294491,0.35531948018049153
3522,-0.580452815441805,-0.018229092577610833,0.8389169870202585
46,-1.077851794929546,-1.0564919181889523,1.3225144938600255
13967,-1.052981845955159,-0.6953570223241379,0.8389169870202585
6367,2.453680959433415,2.4081459890141113,-1.0954730403388093
373,-0.9783719990319979,-1.124204711163605,0.35531948018049153
9971,-1.077851794929546,-0.6050732983579343,1.3225144938600255
8272,1.7324524391761906,1.4037395598900961,-1.5790705471785762
1470,-1.077851794929546,-1.1806320386424822,0.35531948018049153
3705,-0.9783719990319979,-0.921066332239647,0.8389169870202585
4252,-0.13279373390283822,0.3429058032872036,-0.1282780266592754
9251,-1.077851794929546,-0.5373605053832816,1.3225144938600255
10553,0.6133047353287733,-0.6389296948452606,-1.5790705471785762
1684,1.359403204560385,1.4150250253858716,-0.6118755334990423
5034,1.2350534596884497,0.09462556238014368,-2.062668054018343
9090,-1.077851794929546,-1.1580611076509315,1.3225144938600255
9139,-0.3068833767235475,-0.921066332239647,-0.6118755334990423
11153,-0.4561030705698698,0.38804766527030543,0.35531948018049153
1944,2.1801115207151573,1.877729110712665,-2.54626556085811
5239,2.3293312145614795,2.0695820241408476,-2.062668054018343
15038,-0.40636317262109567,-0.3003657299719971,1.3225144938600255
5069,0.14077570481541946,-0.7066424878199133,-1.5790705471785762
10825,-0.20740358082599933,0.29776394130410183,0.8389169870202585
14720,2.1055016737919963,1.7084471282760332,-2.54626556085811
9272,0.2899953986617417,0.9636064055548534,-0.1282780266592754
11105,-0.9286321010832237,-0.13108374753536534,0.35531948018049153
11243,0.886874174047031,-0.006943627081835381,-1.5790705471785762
6372,2.3293312145614795,2.351718661535234,-1.0954730403388093
9303,0.9863539699445792,1.5504506113351768,-0.1282780266592754
12888,2.1055016737919963,1.5955924733182787,-2.54626556085811
8813,0.886874174047031,-0.22136747150156896,-1.0954730403388093
6728,1.0360938678933531,1.5504506113351768,-0.1282780266592754
7503,2.6277706022541243,2.3968605235183356,-1.0954730403388093
14255,-1.077851794929546,-1.1806320386424822,1.3225144938600255
11884,-0.4561030705698698,0.38804766527030543,0.35531948018049153
13502,-1.077851794929546,-1.2032029696340332,0.35531948018049153
6383,1.8070622860993515,2.0582965586450723,-1.0954730403388093
9726,1.3096633066116106,1.302170370428117,-1.0954730403388093
1022,-1.077851794929546,-1.0113500562058506,0.8389169870202585
9144,-0.9783719990319979,-1.1129192456678296,0.35531948018049153
6510,0.04129590891787117,-0.5260750398875061,0.35531948018049153
6618,0.04129590891787117,-0.5486459708790571,-0.1282780266592754
14774,0.2402555007129675,1.0200337330337308,0.8389169870202585
200,1.085833765842127,1.5053087493520751,0.35531948018049153
2848,0.488954990456838,-0.24393840249311985,-0.6118755334990423
7528,-0.580452815441805,0.09462556238014368,0.8389169870202585
3995,-0.4312331215954827,-0.9774936597185242,-0.6118755334990423
468,1.2847933576372237,1.1441738534872608,-0.6118755334990423
10162,-1.077851794929546,-1.0564919181889523,1.3225144938600255
11617,-0.9037621521088367,-0.8646390047607697,0.35531948018049153
12699,0.14077570481541946,-0.21008200600579352,0.35531948018049153
10362,-0.7296725092881273,0.06076916589281733,0.8389169870202585
431,-0.530712917493031,-0.44707678141707796,0.8389169870202585
5714,0.9863539699445792,1.031319198529506,-0.1282780266592754
8242,2.1055016737919963,2.0470110931492966,-2.062668054018343
2450,-1.052981845955159,-0.7404988843072398,0.8389169870202585
5651,2.428811010459028,2.4194314545098865,-0.6118755334990423
12397,0.19051560276419338,-0.8533535392649942,-2.062668054018343
4401,0.43921509250806384,-0.6953570223241379,-0.6118755334990423
2996,0.11590575584103227,0.026912769405490974,0.35531948018049153
15078,1.6578425922530293,1.3811686288985452,-1.0954730403388093
280,0.2402555007129675,-0.1649401440226917,0.8389169870202585
2459,-0.9783719990319979,-0.7179279533156888,0.8389169870202585
8602,0.04129590891787117,0.7717534921266708,-0.6118755334990423
4872,1.359403204560385,1.5053087493520751,-0.6118755334990423
1121,0.21538555173858054,-0.6840715568283625,0.35531948018049153
6392,-0.08305383595406408,0.7604680266308953,0.35531948018049153
5405,1.1604436127652884,-0.029514558073386283,-1.5790705471785762
708,-0.3317533256979346,-0.9549227287269733,0.35531948018049153
7883,1.1107037148165144,1.3924540943943207,-0.6118755334990423
5434,0.7625244291750957,-0.5599314363748324,-1.0954730403388093
12266,-0.555582866467418,0.19619475184212273,-0.1282780266592754
518,-1.077851794929546,-0.44707678141707796,0.8389169870202585
10221,-1.077851794929546,-1.2032029696340332,1.3225144938600255
439,-1.077851794929546,-0.8420680737692188,1.3225144938600255
13901,0.46408504148245106,-0.6615006258368116,-2.54626556085811
11308,-0.580452815441805,-1.022635521701626,-0.1282780266592754
13865,-1.077851794929546,-1.2032029696340332,1.8061120006997924
259,0.21538555173858054,0.15105288985902093,-0.6118755334990423
4688,-0.505842968518644,-0.7630698152987906,0.35531948018049153
4672,0.9366140719958048,-0.06337095456071264,-1.0954730403388093
11848,-0.008443989030902977,0.828180819605548,0.35531948018049153
3045,1.9314120309712868,1.8213017832337877,-1.5790705471785762
11539,0.886874174047031,1.2231721119576888,-0.6118755334990423
902,1.5583627963554811,1.9115855071999914,-0.1282780266592754
5025,0.8620042250726437,0.12848195886747005,-1.0954730403388093
11268,0.6879145822519344,-0.45836224691285343,-1.0954730403388093
27,-0.3068833767235475,-0.8082116772818925,0.8389169870202585
5284,2.080631724817609,0.0,-1.0954730403388093
12648,-0.033313938005289936,0.47833138923650903,-1.5790705471785762
8485,0.6879145822519344,0.4896168547322845,-0.6118755334990423
7824,1.1355736637909013,1.6181634043098296,0.8389169870202585
1199,0.9614840209701918,0.9636064055548534,-0.1282780266592754
9728,0.5635648373799991,0.8394662851013235,0.35531948018049153
9509,0.36460524558490276,-0.7517843498030152,-0.6118755334990423
11001,-0.08305383595406408,-0.5825023673663834,-0.1282780266592754
7523,0.4143451435336769,0.9071790780759762,0.35531948018049153
4250,0.6879145822519344,0.9071790780759762,0.35531948018049153
3016,0.6630446332775474,0.6476133716731408,-0.1282780266592754
9990,-0.580452815441805,0.16233835535479638,0.35531948018049153
11960,1.5583627963554811,0.4896168547322845,-2.54626556085811
1807,-0.9535020500576108,-1.1354901766593806,-0.1282780266592754
1748,-1.077851794929546,-0.9887791252142997,0.8389169870202585
15175,0.8122643271238696,2.126009351619725,0.35531948018049153
12368,0.9117441230214178,-0.4696477124086289,-2.062668054018343
14065,2.3790711125102537,-0.9097808667438715,-2.54626556085811
11680,-0.9286321010832237,-1.124204711163605,0.8389169870202585
10450,0.16564565378980642,0.6814697681604671,-1.0954730403388093
7317,-1.052981845955159,-1.1580611076509315,-0.6118755334990423
3098,-0.18253363185161225,0.6814697681604671,0.8389169870202585
5226,-1.052981845955159,-0.5147895743917307,1.3225144938600255
14647,0.2402555007129675,-0.5486459708790571,0.35531948018049153
4462,0.7127845312263216,0.4106185962618563,-0.1282780266592754
4244,-0.7794124072369014,-0.13108374753536534,0.35531948018049153
11316,-0.580452815441805,-1.022635521701626,-0.1282780266592754
3997,-0.3068833767235475,-0.9549227287269733,0.35531948018049153
3274,-1.003241948006385,-1.1580611076509315,0.35531948018049153
4291,1.06096381686774,0.28647847580832636,-0.1282780266592754
2319,-0.8291523051856755,-0.09722735104803899,1.3225144938600255
13173,-1.077851794929546,-1.146775642155156,-0.1282780266592754
2157,-1.077851794929546,-1.169346573146707,1.3225144938600255
14714,1.6578425922530293,1.3585976979069943,-0.6118755334990423
7428,0.04129590891787117,0.6363279061773653,0.8389169870202585
1632,0.4143451435336769,1.1554593189830362,-0.1282780266592754
10908,-0.033313938005289936,-0.7066424878199133,-0.6118755334990423
7655,-1.077851794929546,-1.2032029696340332,0.8389169870202585
2119,0.9614840209701918,-0.11979828203958989,-1.5790705471785762
9035,-0.4312331215954827,-0.3342221264593235,0.8389169870202585
7791,0.16564565378980642,0.7040406991520181,-0.1282780266592754
1534,0.5635648373799991,0.2300511483294491,-2.062668054018343
8559,-0.6550626623649661,0.2300511483294491,0.35531948018049153
12269,0.2899953986617417,0.8394662851013235,-0.1282780266592754
13096,0.09103580686664531,-0.6389296948452606,-1.0954730403388093
8673,0.8122643271238696,0.2074802173378982,0.35531948018049153
9507,-1.077851794929546,-1.1806320386424822,0.35531948018049153
3021,1.0112239189189662,0.9297500090675271,-0.1282780266592754
4475,1.4588830004579327,1.031319198529506,-1.0954730403388093
12400,-0.9783719990319979,-1.146775642155156,0.35531948018049153
14632,-0.6799326113393532,-0.9662081942227487,0.35531948018049153
11257,-0.48097301954425686,-0.7066424878199133,0.35531948018049153
9930,-0.9783719990319979,-0.7517843498030152,0.8389169870202585
9995,-1.052981845955159,-0.3906494539382007,1.3225144938600255
9289,2.3044612655870926,2.329147730543683,-0.6118755334990423
4721,-1.077851794929546,-1.1919175041382577,0.35531948018049153
3948,-1.003241948006385,-0.9436372632311979,0.8389169870202585
4231,1.8816721330225128,1.8438727142253386,-2.062668054018343
8215,-0.6053227644161921,0.28647847580832636,0.8389169870202585
1697,1.8070622860993515,1.4375959563774223,-2.062668054018343
12024,-0.7794124072369014,-1.0564919181889523,0.8389169870202585
6625,-0.13279373390283822,-0.5260750398875061,-0.1282780266592754
2677,2.2049814696895442,1.922870972695767,-1.5790705471785762
8509,0.6133047353287733,0.8394662851013235,-0.1282780266592754
14967,-0.580452815441805,-1.022635521701626,-0.1282780266592754
2444,0.7376544802007085,0.5347587167153863,-1.5790705471785762
123,1.3842731535347719,1.5053087493520751,-1.0954730403388093
12102,0.7127845312263216,-0.24393840249311985,-2.062668054018343
11976,-0.20740358082599933,-0.45836224691285343,-0.6118755334990423
4288,1.3842731535347719,0.46704592374073356,-1.0954730403388093
11054,0.3894751945592899,0.5234732512196109,-0.6118755334990423
6507,-0.05818388697967712,-0.5260750398875061,-0.1282780266592754
12028,0.4143451435336769,-0.796926211786117,-1.5790705471785762
3154,0.8371342760982567,0.9861773365464044,-0.1282780266592754
273,0.06616585789225812,-0.13108374753536534,-0.1282780266592754
9451,-0.9286321010832237,-1.0452064526931768,0.8389169870202585
13200,-0.28201342774916044,-0.5712169018706079,-0.1282780266592754
13880,-1.077851794929546,-1.1919175041382577,1.3225144938600255
11762,-1.077851794929546,-0.8420680737692188,1.3225144938600255
10588,-1.052981845955159,-1.1806320386424822,1.3225144938600255
4034,0.5138249394312252,-0.6953570223241379,-0.6118755334990423
2921,-1.077851794929546,-1.1919175041382577,0.35531948018049153
8193,2.0060218778944483,2.1485802826112756,-0.1282780266592754
7606,-0.9037621521088367,-0.921066332239647,0.8389169870202585
8250,0.2402555007129675,0.828180819605548,0.8389169870202585
15286,-0.35662327467232163,-0.5825023673663834,-0.6118755334990423
14943,-0.13279373390283822,-0.8533535392649942,-1.0954730403388093
7722,-0.15766368287722518,-0.5147895743917307,0.35531948018049153
6148,-0.9783719990319979,-0.9887791252142997,-0.1282780266592754
11804,1.6827125412274162,1.5843070078225032,-1.5790705471785762
12692,-1.077851794929546,-0.898495401248096,0.35531948018049153
794,-0.8540222541600626,-0.6840715568283625,0.8389169870202585
14794,2.428811010459028,-0.9323517977354224,-2.062668054018343
4786,-0.35662327467232163,-0.7292134188114643,-0.6118755334990423
8388,-0.40636317262109567,-0.9887791252142997,0.35531948018049153
7826,-1.052981845955159,-0.34550759195509895,0.8389169870202585
2310,-1.052981845955159,-0.4809331779044043,1.3225144938600255
5205,0.6879145822519344,0.6137569751858144,-1.0954730403388093
10223,-0.7048025603137403,-1.0564919181889523,0.35531948018049153
1766,-1.077851794929546,-1.0903483146762787,1.3225144938600255
10546,0.7376544802007085,-0.5486459708790571,-2.54626556085811
5873,0.5884347863543863,-0.5486459708790571,-0.1282780266592754
10838,0.5138249394312252,0.5121877857238354,-0.6118755334990423
14897,-0.6550626623649661,-0.6615006258368116,0.35531948018049153
12498,-0.7545424582625144,-0.45836224691285343,0.8389169870202585
2020,0.2899953986617417,1.0087482675379553,0.35531948018049153
11113,-1.077851794929546,-0.43579131592130255,1.3225144938600255
2680,-0.48097301954425686,0.21876568283367365,0.35531948018049153
13297,-0.05818388697967712,0.726611630143569,-0.6118755334990423
19,-1.077851794929546,-1.1580611076509315,0.8389169870202585
13938,0.06616585789225812,-0.34550759195509895,-0.6118755334990423
11474,-1.077851794929546,-0.44707678141707796,1.3225144938600255
10216,-1.077851794929546,-1.2032029696340332,1.3225144938600255
13012,-0.008443989030902977,0.5009023202280599,-0.1282780266592754
9232,-0.8540222541600626,-0.3342221264593235,-0.1282780266592754
6650,0.8620042250726437,0.39933313076608085,-0.1282780266592754
3991,-0.7545424582625144,-1.0564919181889523,0.35531948018049153
5681,1.7075824902018033,1.855158179721114,-0.6118755334990423
3852,2.4039410614846406,2.2727204030648056,-1.5790705471785762
8959,2.7521203471260596,2.5097151784760903,-2.062668054018343
3652,-1.077851794929546,-1.1919175041382577,0.8389169870202585
11146,-0.9037621521088367,-0.08594188555226354,1.3225144938600255
4436,-1.077851794929546,-1.0113500562058506,1.3225144938600255
657,-0.7545424582625144,-0.7630698152987906,0.35531948018049153
11392,-0.6799326113393532,-0.5035041088959552,0.35531948018049153
8818,0.9117441230214178,-0.13108374753536534,-1.5790705471785762
12896,0.2651254496873547,0.6701843026646918,-0.6118755334990423
14493,0.5138249394312252,0.47833138923650903,-0.1282780266592754
2034,0.43921509250806384,1.0200337330337308,-0.1282780266592754
2323,-1.077851794929546,-0.4809331779044043,1.3225144938600255
11267,-1.052981845955159,-1.0677773836847277,0.8389169870202585
2684,0.46408504148245106,0.9748918710506289,0.35531948018049153
9349,2.1801115207151573,1.9341564381915424,-1.0954730403388093
1034,0.04129590891787117,-0.5599314363748324,-0.1282780266592754
12341,-0.9286321010832237,-0.8420680737692188,0.35531948018049153
13509,-1.077851794929546,-1.2032029696340332,1.3225144938600255
2214,0.5138249394312252,-0.6389296948452606,-1.0954730403388093
15324,-0.48097301954425686,-0.9774936597185242,-1.5790705471785762
15200,0.9366140719958048,1.2231721119576888,0.35531948018049153
12996,0.2899953986617417,0.8733226815886498,-1.5790705471785762
7234,-1.052981845955159,-0.9887791252142997,1.3225144938600255
4087,-0.38149322364670873,-0.322936660963548,0.8389169870202585
11949,0.2402555007129675,0.1397674243632455,-0.6118755334990423
2629,-0.13279373390283822,-0.1423692130311408,0.35531948018049153
14498,-0.7545424582625144,-0.3793639884424253,0.35531948018049153
9156,-1.077851794929546,-1.146775642155156,0.8389169870202585
9336,1.7573223881505777,1.855158179721114,-0.1282780266592754
10930,-0.033313938005289936,-0.8759244702565452,-0.1282780266592754
13197,1.085833765842127,-0.1423692130311408,-1.5790705471785762
9529,-1.052981845955159,-1.0903483146762787,0.8389169870202585
5778,0.8122643271238696,-0.26650933348467076,-1.0954730403388093
10186,0.2402555007129675,-0.7066424878199133,-1.5790705471785762
15160,0.16564565378980642,1.5730215423267278,1.3225144938600255
4985,1.1355736637909013,1.076461060512608,0.35531948018049153
10317,1.06096381686774,0.7943244231182217,-1.5790705471785762
1035,-1.003241948006385,-1.0000645907100751,0.8389169870202585
862,-0.05818388697967712,0.6250424406815899,0.35531948018049153
13896,0.3894751945592899,-0.7179279533156888,-1.0954730403388093
8157,-0.28201342774916044,0.3654767342787545,0.35531948018049153
2856,-1.077851794929546,-1.0564919181889523,1.3225144938600255
12139,1.8816721330225128,1.0990319915041589,-2.54626556085811
3680,-1.077851794929546,-1.1354901766593806,-0.1282780266592754
4194,-0.7048025603137403,0.1849092863463473,0.8389169870202585
188,0.3148653476361286,1.053890129521057,0.8389169870202585
8343,-0.13279373390283822,-0.6502151603410361,0.35531948018049153
2595,-0.10792378492845114,-0.6502151603410361,-0.1282780266592754
6435,-0.8788922031344497,-0.24393840249311985,0.8389169870202585
13027,-0.9037621521088367,-0.43579131592130255,0.35531948018049153
3233,-1.077851794929546,-1.1129192456678296,1.3225144938600255
608,2.0060218778944483,1.4037395598900961,-2.062668054018343
10830,-1.077851794929546,-0.6615006258368116,1.3225144938600255
3684,-1.077851794929546,-1.124204711163605,0.8389169870202585
10071,0.8620042250726437,1.2795994394365662,-1.0954730403388093
15082,0.5138249394312252,0.7717534921266708,0.8389169870202585
9075,0.09103580686664531,-0.6050732983579343,0.35531948018049153
1372,-1.077851794929546,-0.921066332239647,0.8389169870202585
3842,-1.077851794929546,-0.44707678141707796,1.3225144938600255
8855,1.7573223881505777,1.1103174569999343,-1.5790705471785762
11599,-0.9286321010832237,-0.7404988843072398,0.35531948018049153
218,-0.28201342774916044,0.38804766527030543,0.8389169870202585
11162,0.3894751945592899,1.0087482675379553,-0.6118755334990423
360,-1.077851794929546,-1.2032029696340332,1.3225144938600255
6504,-0.3068833767235475,-0.5937878328621589,0.35531948018049153
5762,-0.8540222541600626,-0.7404988843072398,0.35531948018049153
13588,-0.8042823562112885,-0.5486459708790571,-0.1282780266592754
327,0.3148653476361286,-0.7179279533156888,-1.5790705471785762
8687,-1.052981845955159,-0.9436372632311979,1.3225144938600255
4871,1.9314120309712868,1.8213017832337877,-0.6118755334990423
5910,0.6381746843031604,0.12848195886747005,-0.1282780266592754
12549,-0.48097301954425686,0.2639075448167755,0.35531948018049153
13376,-0.2322735298003864,0.3429058032872036,0.8389169870202585
12749,-1.077851794929546,-1.169346573146707,1.3225144938600255
13449,-0.6550626623649661,-0.7856407462903415,-0.1282780266592754
15292,0.016425959943484204,-0.5937878328621589,-0.6118755334990423
3689,0.9863539699445792,-0.36807852294664983,-1.0954730403388093
7364,-1.052981845955159,-0.898495401248096,1.3225144938600255
13984,0.04129590891787117,0.4219040617576318,0.35531948018049153
2128,-1.003241948006385,-0.9887791252142997,0.8389169870202585
11733,-1.077851794929546,-1.0564919181889523,0.8389169870202585
8627,0.7376544802007085,1.0087482675379553,-0.1282780266592754
10042,1.7821923371249646,2.0357256276535214,-1.5790705471785762
15027,-1.077851794929546,-0.5825023673663834,0.8389169870202585
14345,-1.077851794929546,-0.6615006258368116,1.3225144938600255
13574,-1.003241948006385,-0.8420680737692188,1.3225144938600255
14351,-0.505842968518644,0.03819823490126643,0.8389169870202585
13661,0.7376544802007085,1.3134558359238924,-0.1282780266592754
9863,-1.003241948006385,-1.146775642155156,1.3225144938600255
12752,-0.6799326113393532,-1.0000645907100751,-0.6118755334990423
8360,-1.052981845955159,-1.124204711163605,0.8389169870202585
4100,-0.580452815441805,-0.28908026447622165,0.35531948018049153
12988,1.8816721330225128,1.9341564381915424,-2.062668054018343
14162,-0.9535020500576108,-0.8082116772818925,0.8389169870202585
13444,-1.077851794929546,-1.0339209871974016,1.3225144938600255
12812,-1.077851794929546,-1.1354901766593806,1.3225144938600255
8670,-1.077851794929546,-0.8759244702565452,0.35531948018049153
5568,-0.008443989030902977,0.1849092863463473,0.35531948018049153
4717,-1.077851794929546,-1.1806320386424822,1.3225144938600255
12130,0.2651254496873547,0.15105288985902093,-1.0954730403388093
2676,0.3894751945592899,0.828180819605548,0.8389169870202585
12671,-0.08305383595406408,0.09462556238014368,-1.5790705471785762
2184,-0.9783719990319979,-1.146775642155156,-0.1282780266592754
9787,-1.077851794929546,-1.0113500562058506,0.8389169870202585
7820,-0.505842968518644,0.3429058032872036,0.35531948018049153
12069,-0.555582866467418,-0.9549227287269733,-1.0954730403388093
9584,-1.077851794929546,-0.7517843498030152,1.3225144938600255
11454,0.2899953986617417,0.8846081470844253,-0.6118755334990423
2562,-0.7545424582625144,-1.0564919181889523,-0.6118755334990423
13037,-1.077851794929546,-0.7743552807945661,-1.0954730403388093
2769,1.2101835107140624,1.4714523528647487,-0.6118755334990423
3323,0.43921509250806384,-0.5035041088959552,-0.6118755334990423
7346,0.04129590891787117,-0.5712169018706079,-0.6118755334990423
12499,-1.052981845955159,-0.7404988843072398,1.3225144938600255
6888,0.2651254496873547,-0.6050732983579343,-1.0954730403388093
4115,1.4091431025091588,1.0990319915041589,-1.0954730403388093
6307,0.14077570481541946,0.39933313076608085,-0.1282780266592754
1530,-0.6053227644161921,-0.45836224691285343,-0.1282780266592754
5890,-0.48097301954425686,-0.7066424878199133,0.35531948018049153
3269,-1.077851794929546,-1.2032029696340332,1.3225144938600255
11803,-0.3068833767235475,0.28647847580832636,-0.1282780266592754
7985,-1.077851794929546,-1.124204711163605,1.3225144938600255
6916,-0.20740358082599933,-0.921066332239647,0.35531948018049153
4170,0.6133047353287733,1.2570285084450152,0.35531948018049153
14374,1.2599234086628366,1.5053087493520751,-0.1282780266592754
1688,0.5635648373799991,0.8958936125802007,-0.6118755334990423
9217,-1.077851794929546,-0.7630698152987906,1.3225144938600255
5863,-0.9286321010832237,-1.0677773836847277,0.35531948018049153
9724,1.4837529494323203,1.4263104908816469,-1.5790705471785762
5022,0.14077570481541946,-0.11979828203958989,-0.1282780266592754
7844,-0.28201342774916044,0.602471509690039,0.35531948018049153
12152,-1.077851794929546,-0.672786091332587,1.3225144938600255
12320,-0.8042823562112885,-0.5599314363748324,0.35531948018049153
5140,-1.077851794929546,-1.1354901766593806,1.3225144938600255
13840,-0.7048025603137403,-0.9774936597185242,0.8389169870202585
13302,1.1853135617396753,1.6407343353013806,-1.0954730403388093
12590,-0.25714347877477345,0.6250424406815899,0.35531948018049153
4730,-1.077851794929546,-1.2032029696340332,0.8389169870202585
3562,1.1853135617396753,0.28647847580832636,-1.5790705471785762
10259,-0.3317533256979346,-0.7743552807945661,-0.1282780266592754
2991,1.0112239189189662,0.3541912687829791,-2.062668054018343
14673,0.3148653476361286,-0.06337095456071264,-0.1282780266592754
9314,0.488954990456838,1.1893157154703624,0.35531948018049153
4130,0.886874174047031,1.0651755950168325,-0.6118755334990423
4339,0.43921509250806384,-0.6389296948452606,-0.6118755334990423
385,-0.9037621521088367,-1.0564919181889523,0.8389169870202585
6209,-1.077851794929546,-1.1919175041382577,0.8389169870202585
7781,0.19051560276419338,0.602471509690039,0.35531948018049153
6562,-1.077851794929546,-1.2032029696340332,1.3225144938600255
10777,1.2350534596884497,1.6858761972844822,-0.6118755334990423
311,-1.077851794929546,-1.1129192456678296,0.8389169870202585
7729,-1.052981845955159,-0.9436372632311979,0.8389169870202585
6018,-0.9783719990319979,-0.17622560951846716,0.8389169870202585
4787,-0.9535020500576108,-0.9887791252142997,0.35531948018049153
9102,-1.077851794929546,-1.1919175041382577,1.3225144938600255
8899,0.8371342760982567,1.2795994394365662,-0.6118755334990423
10610,-1.077851794929546,-1.1580611076509315,1.3225144938600255
10287,0.5386948884056122,-0.018229092577610833,-1.0954730403388093
11553,-0.28201342774916044,0.2751930103125509,-0.1282780266592754
4123,1.3096633066116106,1.1893157154703624,-0.6118755334990423
1053,0.21538555173858054,-0.6953570223241379,-0.1282780266592754
4417,-0.7545424582625144,-0.921066332239647,0.35531948018049153
1869,1.085833765842127,-0.2326529369973444,-2.54626556085811
10920,-0.4561030705698698,-0.9097808667438715,-0.1282780266592754
10143,-0.6799326113393532,-0.6163587638537098,0.35531948018049153
9830,-1.077851794929546,-1.1806320386424822,0.35531948018049153
13853,-0.10792378492845114,-0.898495401248096,-2.54626556085811
9022,1.6827125412274162,0.8846081470844253,-1.5790705471785762
353,-0.505842968518644,-1.0113500562058506,-0.1282780266592754
11079,1.533492847381094,1.5730215423267278,-1.5790705471785762
7477,0.8620042250726437,1.4714523528647487,-0.1282780266592754
8061,-0.18253363185161225,-0.7856407462903415,-0.1282780266592754
2095,1.1604436127652884,0.39933313076608085,-1.0954730403388093
9920,0.6133047353287733,-0.13108374753536534,-1.0954730403388093
3691,0.16564565378980642,-0.5599314363748324,-1.5790705471785762
10072,0.7625244291750957,1.2118866464619134,-0.6118755334990423
12826,-0.8788922031344497,-0.921066332239647,-0.1282780266592754
14,-1.077851794929546,-1.169346573146707,4.295208693958647e-16
6071,2.030891826868835,1.7197325937718086,-0.1282780266592754
9482,-0.8042823562112885,-1.0903483146762787,-0.1282780266592754
533,0.06616585789225812,0.8958936125802007,0.35531948018049153
11841,2.57803070430535,2.453287850997213,-2.54626556085811
7924,1.3345332555859974,0.7717534921266708,-0.6118755334990423
1411,-1.003241948006385,-1.0564919181889523,0.35531948018049153
9737,2.080631724817609,1.4940232838562997,-2.062668054018343
10198,0.06616585789225812,-0.8533535392649942,-1.0954730403388093
13585,0.09103580686664531,-0.040800023569161736,-0.1282780266592754
12709,-1.0281118969807719,-0.9323517977354224,-0.1282780266592754
13252,1.9562819799456737,1.4940232838562997,-2.54626556085811
7886,0.9117441230214178,1.2457430429492398,0.35531948018049153
9030,-0.20740358082599933,-0.1423692130311408,-0.1282780266592754
3601,-1.0281118969807719,-1.0677773836847277,0.8389169870202585
1911,-0.7545424582625144,-0.3906494539382007,0.35531948018049153
568,2.528290806356576,2.3065767995521322,-2.54626556085811
2002,1.2101835107140624,1.6858761972844822,0.35531948018049153
6850,-0.08305383595406408,-0.2326529369973444,0.35531948018049153
31,-1.077851794929546,-1.124204711163605,1.3225144938600255
11354,0.14077570481541946,-0.6502151603410361,-1.5790705471785762
121,0.7127845312263216,1.076461060512608,-0.1282780266592754
14826,0.11590575584103227,0.7153261646477935,-0.1282780266592754
15023,-0.033313938005289936,-0.34550759195509895,0.8389169870202585
13034,1.8070622860993515,1.0651755950168325,-2.54626556085811
7438,0.6381746843031604,1.1441738534872608,0.35531948018049153
10911,-1.0281118969807719,-1.0903483146762787,1.3225144938600255
732,-1.077851794929546,-1.1919175041382577,1.3225144938600255
11784,1.533492847381094,1.1441738534872608,-2.062668054018343
10474,-0.6550626623649661,-0.24393840249311985,-0.1282780266592754
79,0.5884347863543863,0.3429058032872036,-0.6118755334990423
2099,0.2651254496873547,-0.040800023569161736,-0.1282780266592754
5076,-0.6053227644161921,-0.9549227287269733,0.35531948018049153
410,0.36460524558490276,-0.4132203849297516,-0.1282780266592754
9173,-1.077851794929546,-1.0677773836847277,0.8389169870202585
1370,-1.077851794929546,-0.9097808667438715,1.3225144938600255
6415,2.503420857382189,2.2614349375690304,-1.5790705471785762
5294,2.0060218778944483,0.0,-2.062668054018343
8229,0.21538555173858054,0.952320940059078,0.35531948018049153
9066,0.7625244291750957,-0.3003657299719971,-0.6118755334990423
11098,1.3096633066116106,1.6407343353013806,-1.5790705471785762
9316,0.06616585789225812,0.8733226815886498,-0.1282780266592754
12273,-0.08305383595406408,0.5347587167153863,-0.1282780266592754
12686,-0.505842968518644,-0.35679305745087436,0.8389169870202585
9431,-1.077851794929546,-1.0564919181889523,0.35531948018049153
4900,-1.052981845955159,-0.34550759195509895,0.8389169870202585
12753,-1.0281118969807719,-1.146775642155156,0.35531948018049153
2122,-0.4312331215954827,-0.6502151603410361,0.35531948018049153
14186,-0.10792378492845114,-0.6389296948452606,-0.6118755334990423
9231,-1.003241948006385,-0.5147895743917307,0.8389169870202585
5082,-1.077851794929546,-1.1806320386424822,1.3225144938600255
3833,0.7376544802007085,1.3698831634027697,0.35531948018049153
5838,-0.7545424582625144,-1.0677773836847277,0.8389169870202585
9334,-0.35662327467232163,0.4331895272534072,0.8389169870202585
8184,2.4039410614846406,2.3404331960394584,0.35531948018049153
9264,0.21538555173858054,0.850751750597099,0.8389169870202585
5477,-1.077851794929546,-1.2032029696340332,0.8389169870202585
14190,-1.077851794929546,-1.1016337801720542,1.3225144938600255
9132,-1.077851794929546,-1.1919175041382577,0.35531948018049153
14811,0.33973529661051577,0.9974628020421797,-1.0954730403388093
14620,-1.0281118969807719,-1.146775642155156,0.8389169870202585
6061,2.1055016737919963,1.9115855071999914,-0.1282780266592754
11074,-0.9783719990319979,-0.36807852294664983,0.35531948018049153
8168,0.5884347863543863,1.0990319915041589,0.35531948018049153
8573,-0.6301927133905793,0.2639075448167755,0.8389169870202585
14264,-1.077851794929546,-1.1580611076509315,1.3225144938600255
8455,-1.077851794929546,-1.0113500562058506,0.8389169870202585
11535,-1.003241948006385,-0.3342221264593235,0.8389169870202585
3025,-0.7048025603137403,-0.1649401440226917,-0.6118755334990423
6921,-0.2322735298003864,-0.9436372632311979,-0.6118755334990423
2704,0.7376544802007085,1.3134558359238924,-0.1282780266592754
2518,-1.077851794929546,-1.1580611076509315,1.3225144938600255
13950,-1.077851794929546,-0.8759244702565452,1.3225144938600255
7591,1.2599234086628366,0.09462556238014368,-1.5790705471785762
14401,1.8070622860993515,2.0357256276535214,-1.5790705471785762
13435,0.2402555007129675,-0.2552238679888953,-0.6118755334990423
3710,-0.13279373390283822,-0.43579131592130255,-0.1282780266592754
2088,-0.580452815441805,-0.34550759195509895,0.8389169870202585
12797,0.33973529661051577,-0.7517843498030152,-0.1282780266592754
3467,0.21538555173858054,0.9974628020421797,0.35531948018049153
14115,0.3894751945592899,0.6814697681604671,-1.0954730403388093
455,-1.077851794929546,-0.7292134188114643,1.3225144938600255
8911,2.0060218778944483,2.0921529551323985,-0.1282780266592754
14410,1.2101835107140624,1.6971616627802577,-0.6118755334990423
2086,-1.052981845955159,-0.7517843498030152,0.8389169870202585
14298,-0.9783719990319979,-0.9097808667438715,0.35531948018049153
13552,-0.7545424582625144,-0.8872099357523205,0.8389169870202585
4747,-1.077851794929546,-1.1919175041382577,1.3225144938600255
11265,0.21538555173858054,-0.5486459708790571,-1.0954730403388093
15282,-0.15766368287722518,-0.5035041088959552,-0.6118755334990423
14805,0.43921509250806384,1.1103174569999343,-0.6118755334990423
13735,0.7127845312263216,1.0651755950168325,-1.0954730403388093
13792,1.4588830004579327,0.3316203377914282,-2.062668054018343
4148,-0.9286321010832237,-0.21008200600579352,0.8389169870202585
6532,-1.052981845955159,-1.124204711163605,0.8389169870202585
3668,-0.8291523051856755,-1.0452064526931768,0.35531948018049153
9284,1.7821923371249646,2.0018692311661948,0.35531948018049153
8299,-0.2322735298003864,-0.1423692130311408,-0.1282780266592754
10792,0.5138249394312252,1.1216029224957098,-0.1282780266592754
9612,0.06616585789225812,0.5686151132027126,0.35531948018049153
173,0.43921509250806384,1.178030249974587,-0.1282780266592754
10510,0.2899953986617417,-0.1875110750142426,-0.6118755334990423
50,-1.077851794929546,-1.0339209871974016,4.295208693958647e-16
13655,-1.003241948006385,-0.26650933348467076,1.3225144938600255
10336,-0.008443989030902977,0.4444749927491827,-0.6118755334990423
8276,0.7625244291750957,0.828180819605548,0.35531948018049153
9981,-0.40636317262109567,0.24133661382522456,0.8389169870202585
399,-1.077851794929546,-1.1129192456678296,0.8389169870202585
749,-0.10792378492845114,-0.8194971427776678,0.35531948018049153
15208,1.9562819799456737,1.900300041704216,-0.1282780266592754
8384,-0.033313938005289936,-0.898495401248096,-1.0954730403388093
2678,0.8371342760982567,1.1554593189830362,-1.5790705471785762
6178,-1.077851794929546,-1.1806320386424822,1.3225144938600255
8817,1.2350534596884497,-0.052085489064937186,-1.5790705471785762
6684,1.2847933576372237,1.2457430429492398,-1.0954730403388093
13090,-0.9783719990319979,-1.0000645907100751,-0.1282780266592754
14760,-0.505842968518644,0.3429058032872036,0.35531948018049153
1039,0.7376544802007085,-0.4132203849297516,-2.062668054018343
9895,-1.077851794929546,-1.1129192456678296,1.3225144938600255
1139,-0.8042823562112885,-0.8759244702565452,0.35531948018049153
2796,-0.08305383595406408,0.3203348722956527,0.35531948018049153
12540,2.2795913166127058,1.979298300174644,-2.54626556085811
10550,-1.077851794929546,-1.146775642155156,0.8389169870202585
8743,0.4143451435336769,-0.796926211786117,-0.1282780266592754
15130,-1.003241948006385,0.026912769405490974,0.8389169870202585
4767,-1.077851794929546,-1.1580611076509315,0.8389169870202585
10938,-1.077851794929546,-1.2032029696340332,0.35531948018049153
7879,0.04129590891787117,0.7153261646477935,0.35531948018049153
9261,0.8371342760982567,1.2457430429492398,0.35531948018049153
10752,2.2049814696895442,2.2727204030648056,-2.062668054018343
12395,0.5138249394312252,-0.7856407462903415,-0.6118755334990423
14302,0.2651254496873547,-0.27779479898044623,-0.6118755334990423
1739,-0.3317533256979346,-0.3906494539382007,-0.1282780266592754
8177,2.1801115207151573,2.1598657481070513,-0.1282780266592754
3822,2.553160755330963,2.4871442474845393,-1.5790705471785762
7615,-0.2322735298003864,-0.7179279533156888,-0.1282780266592754
9563,-1.077851794929546,-0.898495401248096,1.3225144938600255
6482,-1.052981845955159,-0.8533535392649942,0.8389169870202585
15240,0.9863539699445792,0.6137569751858144,-1.0954730403388093
12716,-0.580452815441805,-0.7292134188114643,0.35531948018049153
5129,-1.077851794929546,-1.169346573146707,0.8389169870202585
2998,0.4143451435336769,0.2074802173378982,-0.1282780266592754
14871,1.533492847381094,0.7153261646477935,-2.54626556085811
13043,-1.0281118969807719,-0.7066424878199133,-2.54626556085811
1225,1.2101835107140624,1.4714523528647487,-1.0954730403388093
1358,-0.7794124072369014,-0.4922186434001798,0.8389169870202585
3613,0.5138249394312252,-0.6615006258368116,-1.0954730403388093
3441,0.21538555173858054,0.9861773365464044,-0.1282780266592754
2039,1.8816721330225128,1.8438727142253386,-0.6118755334990423
6118,-0.18253363185161225,-0.26650933348467076,0.8389169870202585
5554,0.9117441230214178,0.4219040617576318,-0.6118755334990423
8928,1.7075824902018033,1.9905837656704195,-0.6118755334990423
2481,-1.077851794929546,-1.0000645907100751,1.3225144938600255
14499,-1.052981845955159,-0.7066424878199133,0.8389169870202585
6395,-0.4561030705698698,0.4219040617576318,0.35531948018049153
4081,-0.9783719990319979,-0.796926211786117,0.8389169870202585
0,0.6630446332775474,-0.7517843498030152,-1.5790705471785762
8877,1.1853135617396753,1.2231721119576888,-1.5790705471785762
3314,-1.077851794929546,-1.1354901766593806,1.3225144938600255
3445,1.1355736637909013,1.629448869805605,-0.1282780266592754
13598,1.3096633066116106,0.7943244231182217,-0.6118755334990423
12414,-0.9535020500576108,-1.1354901766593806,0.35531948018049153
13218,0.3148653476361286,0.03819823490126643,-0.6118755334990423
3372,0.488954990456838,0.39933313076608085,-1.0954730403388093
7324,-1.077851794929546,-1.1580611076509315,1.3225144938600255
12159,0.7873943781494827,0.9184645435717517,-0.6118755334990423
7717,0.7127845312263216,-0.27779479898044623,0.35531948018049153
13504,-1.077851794929546,-1.2032029696340332,1.3225144938600255
11112,1.9562819799456737,2.1147238861239495,-2.062668054018343
3013,0.6879145822519344,0.6137569751858144,0.35531948018049153
7515,2.030891826868835,1.956727369183093,0.35531948018049153
1593,1.1355736637909013,1.4601668873689733,-0.1282780266592754
3608,-1.077851794929546,-1.146775642155156,0.35531948018049153
3978,0.6133047353287733,-0.6389296948452606,-1.0954730403388093
1346,-0.530712917493031,-0.17622560951846716,-0.1282780266592754
10763,-0.4312331215954827,0.46704592374073356,0.8389169870202585
7562,-1.077851794929546,-0.796926211786117,0.8389169870202585
3418,-0.40636317262109567,0.3429058032872036,0.35531948018049153
14769,0.5138249394312252,1.2118866464619134,-0.1282780266592754
2495,-1.077851794929546,-1.0790628491805032,1.3225144938600255
13416,0.7376544802007085,0.2639075448167755,-1.5790705471785762
8888,0.43921509250806384,0.9071790780759762,-0.1282780266592754
6000,-0.9535020500576108,-0.15365467852691625,0.8389169870202585
9362,0.886874174047031,1.031319198529506,-0.6118755334990423
2662,-0.2322735298003864,0.24133661382522456,0.8389169870202585
2589,-1.077851794929546,-1.1129192456678296,1.3225144938600255
10806,0.16564565378980642,0.7717534921266708,-0.1282780266592754
3975,0.04129590891787117,-0.7404988843072398,-0.1282780266592754
14902,-0.7296725092881273,-0.7517843498030152,-0.1282780266592754
12305,1.2847933576372237,0.7943244231182217,-2.062668054018343
624,-0.7794124072369014,-0.45836224691285343,0.8389169870202585
5133,-1.077851794929546,-1.1580611076509315,0.8389169870202585
5385,-1.052981845955159,-0.8307826082734433,0.8389169870202585
8935,0.016425959943484204,0.850751750597099,0.35531948018049153
4119,-0.05818388697967712,0.30904940679987725,0.8389169870202585
11430,1.9314120309712868,1.5617360768309523,-2.062668054018343
8409,-0.7794124072369014,-1.0564919181889523,0.35531948018049153
14195,-0.25714347877477345,-0.7630698152987906,0.35531948018049153
12339,-0.05818388697967712,-0.3793639884424253,-0.6118755334990423
12564,2.478550908407802,2.3630041270310094,-2.062668054018343
10784,-0.008443989030902977,0.7830389576224462,0.35531948018049153
3717,0.016425959943484204,-0.1875110750142426,0.35531948018049153
4885,1.7821923371249646,1.900300041704216,-1.5790705471785762
6835,1.0360938678933531,0.5234732512196109,-1.0954730403388093
13390,-0.8291523051856755,-0.3116511954677726,1.3225144938600255
1768,-0.25714347877477345,-0.6953570223241379,-0.6118755334990423
3859,0.5138249394312252,1.076461060512608,-0.1282780266592754
8,0.36460524558490276,-0.7743552807945661,-0.6118755334990423
1722,0.8620042250726437,0.4331895272534072,-1.0954730403388093
3105,2.2298514186639316,2.2727204030648056,-1.0954730403388093
9606,-0.6799326113393532,-0.08594188555226354,-0.1282780266592754
11059,-1.077851794929546,-0.6502151603410361,1.3225144938600255
8839,1.4837529494323203,0.6363279061773653,-2.062668054018343
5430,-1.077851794929546,-1.124204711163605,1.3225144938600255
450,-0.3068833767235475,-0.06337095456071264,0.35531948018049153
7628,-0.6550626623649661,-0.9436372632311979,-0.1282780266592754
5942,0.8620042250726437,0.828180819605548,0.35531948018049153
7890,-0.38149322364670873,0.29776394130410183,0.35531948018049153
13028,0.9863539699445792,0.7943244231182217,-1.5790705471785762
4884,2.354201163535867,2.2162930755859285,-2.062668054018343
3559,1.1853135617396753,0.3541912687829791,-1.5790705471785762
3776,2.130371622766383,1.9341564381915424,-2.54626556085811
7496,2.503420857382189,2.3855750580225603,-1.5790705471785762
10010,0.36460524558490276,1.053890129521057,-0.1282780266592754
4403,0.36460524558490276,-0.6953570223241379,-0.6118755334990423
7110,0.7376544802007085,1.3811686288985452,0.35531948018049153
181,-0.18253363185161225,0.6814697681604671,-0.1282780266592754
7388,-1.003241948006385,-0.6502151603410361,0.8389169870202585
1321,0.886874174047031,1.1216029224957098,-0.1282780266592754
8126,-0.555582866467418,-0.17622560951846716,0.35531948018049153
6077,2.0060218778944483,1.5955924733182787,-2.062668054018343
7621,0.21538555173858054,-0.6502151603410361,-0.1282780266592754
9254,-0.3317533256979346,0.3429058032872036,0.35531948018049153
5302,0.2899953986617417,1.031319198529506,0.35531948018049153
5478,-0.6550626623649661,-1.0339209871974016,0.35531948018049153
5858,-0.9037621521088367,-1.0790628491805032,0.8389169870202585
12843,0.2402555007129675,-0.15365467852691625,-1.0954730403388093
13562,0.2899953986617417,-0.4019349194339762,-0.6118755334990423
1683,-0.05818388697967712,0.5347587167153863,-0.1282780266592754
8014,-0.8540222541600626,-1.1016337801720542,0.8389169870202585
2231,-1.077851794929546,-1.0903483146762787,1.3225144938600255
2342,2.2547213676383184,2.2727204030648056,-1.0954730403388093
12493,-0.7794124072369014,-0.5260750398875061,0.8389169870202585
5318,-0.9783719990319979,-0.2552238679888953,0.8389169870202585
9322,1.0360938678933531,1.527879680343626,0.35531948018049153
3821,2.677510500202898,2.554857040459192,-0.1282780266592754
8727,-0.10792378492845114,-0.8082116772818925,-0.6118755334990423
7249,0.06616585789225812,-0.6163587638537098,-0.1282780266592754
15001,-1.052981845955159,-0.9323517977354224,0.8389169870202585
1580,0.11590575584103227,0.6476133716731408,0.8389169870202585
772,0.8620042250726437,-0.322936660963548,-1.5790705471785762
10624,0.6133047353287733,-0.5147895743917307,-1.0954730403388093
2935,-1.077851794929546,-1.1806320386424822,1.3225144938600255
284,0.4143451435336769,-0.15365467852691625,-0.1282780266592754
8830,1.1604436127652884,0.30904940679987725,-0.1282780266592754
3184,0.6133047353287733,0.29776394130410183,-0.6118755334990423
394,-0.033313938005289936,-0.7179279533156888,0.35531948018049153
4754,-1.0281118969807719,-1.146775642155156,0.8389169870202585
326,-1.0281118969807719,-1.1129192456678296,0.8389169870202585
11681,-1.052981845955159,-1.1806320386424822,-0.1282780266592754
4125,1.1853135617396753,1.1554593189830362,-0.1282780266592754
10149,0.21538555173858054,-0.27779479898044623,0.35531948018049153
14461,2.3044612655870926,2.0244401621577457,-2.54626556085811
7991,-0.4561030705698698,-0.8759244702565452,-0.6118755334990423
9636,0.3148653476361286,0.9636064055548534,0.35531948018049153
3069,-0.2322735298003864,0.5799005786984881,0.35531948018049153
3813,-0.18253363185161225,0.6814697681604671,0.8389169870202585
10324,1.7821923371249646,1.2908849049323414,-2.54626556085811
12701,-0.25714347877477345,-0.4132203849297516,-0.6118755334990423
2126,0.8122643271238696,-0.27779479898044623,-1.5790705471785762
2201,-1.003241948006385,-1.1354901766593806,-0.1282780266592754
14272,-0.9783719990319979,-1.0564919181889523,0.35531948018049153
8608,0.2899953986617417,0.9184645435717517,0.35531948018049153
6590,0.7873943781494827,-0.6389296948452606,-2.54626556085811
1261,-0.25714347877477345,0.6250424406815899,0.35531948018049153
5286,0.7127845312263216,1.3698831634027697,-0.6118755334990423
1662,2.4039410614846406,2.250149472073255,-2.062668054018343
4772,-1.077851794929546,-1.146775642155156,0.8389169870202585
3283,-1.077851794929546,-1.2032029696340332,1.3225144938600255
7416,0.46408504148245106,0.7830389576224462,0.35531948018049153
8537,0.43921509250806384,1.031319198529506,0.8389169870202585
1418,0.2402555007129675,-0.6953570223241379,-1.5790705471785762
9630,-0.7048025603137403,0.07205463138859278,0.8389169870202585
6245,-1.077851794929546,-1.1016337801720542,1.3225144938600255
1714,-1.077851794929546,-0.7743552807945661,0.8389169870202585
3386,-1.077851794929546,-0.672786091332587,0.8389169870202585
10778,0.19051560276419338,0.9636064055548534,0.35531948018049153
4602,1.7075824902018033,1.6633052662929315,-0.6118755334990423
13313,-1.003241948006385,-0.22136747150156896,0.8389169870202585
7063,0.9614840209701918,1.2570285084450152,-0.1282780266592754
3964,-1.003241948006385,-1.0339209871974016,0.8389169870202585
9119,-1.003241948006385,-1.1580611076509315,0.35531948018049153
3015,-1.077851794929546,-0.7066424878199133,1.3225144938600255
2215,-1.052981845955159,-1.124204711163605,-0.1282780266592754
1433,-1.077851794929546,-1.1919175041382577,1.3225144938600255
4075,-0.033313938005289936,-0.3906494539382007,-0.6118755334990423
5893,-1.077851794929546,-1.0339209871974016,0.8389169870202585
14297,-0.18253363185161225,-0.5147895743917307,-0.6118755334990423
1459,-1.077851794929546,-1.2032029696340332,0.8389169870202585
6660,0.9117441230214178,0.6250424406815899,-0.1282780266592754
5066,-1.077851794929546,-1.1354901766593806,1.3225144938600255
3547,-1.077851794929546,-0.8194971427776678,0.8389169870202585
8550,0.14077570481541946,0.8958936125802007,0.35531948018049153
2404,1.4091431025091588,1.5843070078225032,0.35531948018049153
4590,1.4837529494323203,1.6858761972844822,-1.0954730403388093
12622,0.14077570481541946,0.8394662851013235,-1.0954730403388093
1247,1.4340130514835459,1.7874453867464615,-0.1282780266592754
977,0.9366140719958048,0.726611630143569,-2.062668054018343
9740,0.5884347863543863,0.602471509690039,0.35531948018049153
7963,-1.052981845955159,-0.9774936597185242,0.35531948018049153
6860,-0.033313938005289936,-0.34550759195509895,-0.1282780266592754
10146,1.085833765842127,0.08334009688436823,-2.062668054018343
14993,0.5884347863543863,-0.6615006258368116,-2.54626556085811
9840,-0.10792378492845114,-0.9097808667438715,-2.062668054018343
4549,0.488954990456838,1.2118866464619134,0.35531948018049153
4635,0.36460524558490276,0.3429058032872036,-0.1282780266592754
9415,0.488954990456838,-0.13108374753536534,-0.1282780266592754
2554,0.4143451435336769,-0.8082116772818925,-1.0954730403388093
4618,0.016425959943484204,0.4331895272534072,-0.6118755334990423
14770,-1.077851794929546,-0.43579131592130255,1.3225144938600255
5474,0.09103580686664531,-0.8759244702565452,0.35531948018049153
2483,-0.7794124072369014,-0.7743552807945661,0.35531948018049153
6338,1.3345332555859974,1.5504506113351768,-0.1282780266592754
7704,-1.077851794929546,-1.1129192456678296,0.8389169870202585
12755,-1.077851794929546,-1.1919175041382577,1.3225144938600255
2882,-0.25714347877477345,-0.8420680737692188,-0.6118755334990423
4447,-1.003241948006385,-0.8082116772818925,1.3225144938600255
14103,-0.008443989030902977,0.5573296477069372,0.8389169870202585
10826,0.36460524558490276,0.6814697681604671,-0.1282780266592754
3706,1.0360938678933531,-0.0746564200564881,-1.0954730403388093
6248,-1.077851794929546,-1.0903483146762787,0.8389169870202585
1650,1.0112239189189662,1.5165942148478506,-0.6118755334990423
13199,-0.9535020500576108,-0.9097808667438715,-0.1282780266592754
6421,0.9614840209701918,1.3134558359238924,-0.1282780266592754
10569,-1.0281118969807719,-1.1580611076509315,0.35531948018049153
15139,-0.3068833767235475,0.828180819605548,-0.6118755334990423
12407,-1.077851794929546,-1.2032029696340332,0.8389169870202585
7459,-0.13279373390283822,0.7040406991520181,0.8389169870202585
13136,-0.008443989030902977,-0.898495401248096,-0.6118755334990423
10113,0.7625244291750957,0.5573296477069372,-2.062668054018343
8097,-0.18253363185161225,-0.322936660963548,1.3225144938600255
7702,0.6381746843031604,-0.5035041088959552,-0.6118755334990423
9140,-1.077851794929546,-1.1806320386424822,1.3225144938600255
9947,-0.9783719990319979,-0.6050732983579343,0.8389169870202585
10633,1.0112239189189662,-0.27779479898044623,-2.54626556085811
12106,0.3894751945592899,-0.28908026447622165,-0.6118755334990423
1713,0.06616585789225812,0.17362382085057185,-0.1282780266592754
8273,-1.077851794929546,-0.6615006258368116,1.3225144938600255
4665,-0.6053227644161921,-0.5825023673663834,0.35531948018049153
6632,-1.003241948006385,-0.898495401248096,0.35531948018049153
10044,1.8319322350737386,2.0582965586450723,-2.062668054018343
4533,-1.052981845955159,-0.3342221264593235,1.3225144938600255
8764,-1.077851794929546,-1.2032029696340332,1.3225144938600255
14513,1.6827125412274162,0.6250424406815899,-2.54626556085811
8791,-1.052981845955159,-1.1129192456678296,0.8389169870202585
4554,1.0360938678933531,1.5843070078225032,0.35531948018049153
11880,-0.9286321010832237,-0.13108374753536534,0.35531948018049153
5144,-1.077851794929546,-1.124204711163605,0.8389169870202585
14813,2.2049814696895442,2.126009351619725,-2.54626556085811
5050,-0.13279373390283822,-0.6050732983579343,-0.1282780266592754
10027,1.0112239189189662,1.5617360768309523,-1.0954730403388093
1217,-0.555582866467418,0.1397674243632455,0.35531948018049153
5716,0.886874174047031,0.9410354745633025,0.8389169870202585
9548,-0.13279373390283822,-0.5147895743917307,0.35531948018049153
12364,-0.033313938005289936,-0.6615006258368116,-0.6118755334990423
6630,0.19051560276419338,-0.3342221264593235,0.35531948018049153
11220,-0.48097301954425686,-0.27779479898044623,0.35531948018049153
13126,-1.003241948006385,-1.146775642155156,-1.0954730403388093
7456,2.2049814696895442,2.2388640065774794,-1.0954730403388093
177,0.3894751945592899,1.1328883879914853,-0.1282780266592754
6800,2.130371622766383,1.798730852242237,-1.0954730403388093
8955,1.0112239189189662,1.5165942148478506,-0.1282780266592754
6302,1.7075824902018033,1.178030249974587,-2.062668054018343
12459,-1.077851794929546,-1.0790628491805032,1.3225144938600255
457,1.7821923371249646,1.1893157154703624,-1.5790705471785762
10812,-1.052981845955159,-0.4809331779044043,0.8389169870202585
7959,-1.052981845955159,-0.9549227287269733,0.8389169870202585
12390,-1.0281118969807719,-1.1580611076509315,0.35531948018049153
2085,-1.077851794929546,-0.8082116772818925,0.8389169870202585
63,0.5138249394312252,0.026912769405490974,-0.6118755334990423
10619,-1.003241948006385,-1.0790628491805032,0.8389169870202585
7453,1.1355736637909013,1.5843070078225032,-0.1282780266592754
3495,1.0112239189189662,1.3924540943943207,-0.1282780266592754
8085,-0.48097301954425686,-0.672786091332587,0.8389169870202585
2879,-1.077851794929546,-1.146775642155156,1.3225144938600255
4600,-0.7048025603137403,0.01562730390971552,0.8389169870202585
11137,1.2350534596884497,1.6971616627802577,-1.0954730403388093
10032,0.3894751945592899,1.1441738534872608,0.35531948018049153
7377,1.3096633066116106,0.5347587167153863,-0.1282780266592754
5532,-1.077851794929546,-1.0113500562058506,1.3225144938600255
14601,-1.077851794929546,-1.2032029696340332,1.3225144938600255
2453,-1.0281118969807719,-0.7292134188114643,0.35531948018049153
6436,0.16564565378980642,0.6363279061773653,0.35531948018049153
12391,0.11590575584103227,-0.8420680737692188,-1.5790705471785762
1454,-1.077851794929546,-1.2032029696340332,1.3225144938600255
12428,-1.077851794929546,-1.1806320386424822,0.8389169870202585
11131,1.7821923371249646,2.0470110931492966,-1.0954730403388093
5028,-0.6301927133905793,-0.5825023673663834,0.8389169870202585
15025,-1.077851794929546,-0.9323517977354224,-0.6118755334990423
9697,1.7821923371249646,1.922870972695767,-1.0954730403388093
12012,-1.0281118969807719,-1.1129192456678296,0.8389169870202585
6162,-0.3068833767235475,-0.8082116772818925,0.35531948018049153
5769,1.2847933576372237,0.026912769405490974,-1.5790705471785762
6903,-1.077851794929546,-1.169346573146707,1.3225144938600255
11980,0.7376544802007085,-0.17622560951846716,-1.5790705471785762
13443,-1.077851794929546,-1.0339209871974016,1.3225144938600255
10602,-0.9286321010832237,-1.1016337801720542,0.8389169870202585
3208,-0.20740358082599933,-0.43579131592130255,-0.1282780266592754
4783,-0.9535020500576108,-1.0113500562058506,0.35531948018049153
795,-0.10792378492845114,-0.24393840249311985,0.8389169870202585
7685,-0.10792378492845114,-0.8420680737692188,0.35531948018049153
3288,-0.6301927133905793,-1.022635521701626,0.35531948018049153
5792,-0.9286321010832237,-1.0113500562058506,0.35531948018049153
15109,0.3148653476361286,1.6181634043098296,-2.062668054018343
3753,-0.35662327467232163,0.08334009688436823,0.8389169870202585
7645,-0.4561030705698698,-0.9774936597185242,-0.1282780266592754
633,0.6879145822519344,0.2300511483294491,-0.6118755334990423
563,-1.0281118969807719,-0.322936660963548,0.8389169870202585
4506,0.6879145822519344,1.076461060512608,0.8389169870202585
12022,-0.9037621521088367,-1.0903483146762787,0.8389169870202585
12270,0.488954990456838,0.9636064055548534,-0.6118755334990423
10915,0.19051560276419338,-0.7179279533156888,-1.5790705471785762
3721,-1.077851794929546,-0.8872099357523205,1.3225144938600255
8650,0.7376544802007085,0.5799005786984881,0.35531948018049153
4520,-1.003241948006385,-0.27779479898044623,0.8389169870202585
12758,0.19051560276419338,-0.8307826082734433,-1.0954730403388093
11094,-0.3068833767235475,0.45576045824495814,0.35531948018049153
8285,-0.48097301954425686,-0.13108374753536534,0.8389169870202585
12049,-0.8540222541600626,-1.1016337801720542,-0.6118755334990423
11998,-1.077851794929546,-1.1016337801720542,1.3225144938600255
6215,-0.580452815441805,-1.0000645907100751,0.8389169870202585
8251,0.7376544802007085,1.1441738534872608,-0.1282780266592754
11972,-0.9037621521088367,-0.7856407462903415,0.8389169870202585
829,0.5386948884056122,0.6476133716731408,-0.6118755334990423
6385,1.4091431025091588,1.8100163177380122,0.35531948018049153
5871,-0.4312331215954827,-0.8533535392649942,0.35531948018049153
9625,0.7625244291750957,1.178030249974587,-0.6118755334990423
7293,0.4143451435336769,-0.8194971427776678,-0.6118755334990423
12452,-1.077851794929546,-1.1129192456678296,0.8389169870202585
7948,0.7376544802007085,0.07205463138859278,-0.6118755334990423
10298,0.7376544802007085,0.2751930103125509,-0.6118755334990423
14073,0.6133047353287733,1.2344575774534643,0.8389169870202585
11366,-0.9535020500576108,-0.9549227287269733,0.8389169870202585
2271,-1.077851794929546,-0.8082116772818925,1.3225144938600255
7585,-0.8788922031344497,-0.7404988843072398,0.8389169870202585
6740,0.4143451435336769,1.1554593189830362,0.35531948018049153
14710,2.030891826868835,1.4714523528647487,-2.062668054018343
13172,0.5884347863543863,-0.6163587638537098,-2.062668054018343
10834,1.2599234086628366,1.053890129521057,-1.0954730403388093
1575,0.2651254496873547,0.6927552336562426,0.8389169870202585
407,-0.20740358082599933,-0.6389296948452606,0.8389169870202585
4333,-1.077851794929546,-1.124204711163605,1.3225144938600255
9202,-1.077851794929546,-0.8646390047607697,1.3225144938600255
13009,-0.20740358082599933,0.38804766527030543,-0.1282780266592754
4685,-0.10792378492845114,-0.5937878328621589,0.35531948018049153
3647,-1.077851794929546,-1.2032029696340332,0.8389169870202585
14468,-1.077851794929546,-0.5825023673663834,1.3225144938600255
9452,-0.7048025603137403,-0.9549227287269733,0.8389169870202585
6177,-1.077851794929546,-1.1806320386424822,0.8389169870202585
2439,0.6630446332775474,0.5799005786984881,-0.1282780266592754
6884,-1.077851794929546,-1.1016337801720542,0.8389169870202585
9118,-1.052981845955159,-1.1806320386424822,0.8389169870202585
14307,-0.9286321010832237,-0.7517843498030152,0.8389169870202585
9305,-1.0281118969807719,-0.26650933348467076,0.8389169870202585
14160,-0.35662327467232163,-0.43579131592130255,0.35531948018049153
2673,-0.7545424582625144,-0.09722735104803899,0.8389169870202585
9161,-1.077851794929546,-1.124204711163605,1.3225144938600255
8803,-0.9535020500576108,-1.0000645907100751,0.8389169870202585
5566,0.9863539699445792,0.6927552336562426,-0.1282780266592754
1740,-1.077851794929546,-0.9436372632311979,-0.1282780266592754
11709,-0.9286321010832237,-1.0564919181889523,0.8389169870202585
14701,-0.555582866467418,-0.1649401440226917,-0.1282780266592754
1385,0.43921509250806384,-0.2326529369973444,-0.6118755334990423
10467,1.3842731535347719,1.1554593189830362,-0.6118755334990423
7535,1.2101835107140624,1.2344575774534643,-0.1282780266592754
683,-1.077851794929546,-1.1354901766593806,1.3225144938600255
8836,-0.6550626623649661,-0.4809331779044043,0.35531948018049153
1078,-0.3317533256979346,-0.9662081942227487,0.35531948018049153
13578,-1.052981845955159,-0.8646390047607697,-0.6118755334990423
9629,0.6381746843031604,1.1328883879914853,0.8389169870202585
13026,1.06096381686774,0.952320940059078,-1.5790705471785762
11912,-0.25714347877477345,0.3541912687829791,0.35531948018049153
12055,-0.7296725092881273,-1.0564919181889523,-0.1282780266592754
11665,-0.28201342774916044,-0.9436372632311979,-1.5790705471785762
7840,2.1055016737919963,2.2388640065774794,-1.0954730403388093
6825,1.856802184048126,1.0877465260083834,-2.062668054018343
3784,0.5635648373799991,1.076461060512608,0.35531948018049153
800,-1.003241948006385,-0.7630698152987906,1.3225144938600255
14674,-1.077851794929546,-0.9097808667438715,1.3225144938600255
747,-0.6550626623649661,-0.9887791252142997,-0.1282780266592754
1921,-0.9783719990319979,-0.5260750398875061,0.35531948018049153
13476,-1.077851794929546,-1.1580611076509315,0.8389169870202585
2325,-1.077851794929546,-0.4696477124086289,0.8389169870202585
4556,-1.077851794929546,-0.4245058504255271,0.8389169870202585
8074,-1.077851794929546,-1.0903483146762787,1.3225144938600255
4894,2.2547213676383184,2.250149472073255,-1.5790705471785762
11812,-0.3068833767235475,0.37676219977452996,-1.0954730403388093
590,-0.25714347877477345,0.3541912687829791,0.35531948018049153
9248,0.14077570481541946,0.6363279061773653,0.8389169870202585
8405,-1.077851794929546,-1.1919175041382577,1.3225144938600255
8008,-0.8788922031344497,-1.1016337801720542,0.8389169870202585
7792,-0.08305383595406408,0.5347587167153863,0.35531948018049153
7267,-1.077851794929546,-1.1580611076509315,1.3225144938600255
3387,1.583232745329868,1.2457430429492398,-1.5790705471785762
1491,-1.077851794929546,-1.124204711163605,0.8389169870202585
1923,-0.25714347877477345,0.11719649337169459,0.8389169870202585
4353,-1.077851794929546,-1.1919175041382577,0.8389169870202585
9394,-0.580452815441805,-0.35679305745087436,0.8389169870202585
5860,-1.077851794929546,-1.169346573146707,1.3225144938600255
13907,-0.48097301954425686,-0.8646390047607697,0.35531948018049153
8720,-0.9783719990319979,-1.0564919181889523,0.35531948018049153
6489,-1.0281118969807719,-0.8646390047607697,0.8389169870202585
4046,-1.077851794929546,-1.1354901766593806,0.8389169870202585
8570,2.1801115207151573,2.2727204030648056,0.35531948018049153
8863,1.583232745329868,1.1893157154703624,-2.062668054018343
15192,1.2599234086628366,1.7648744557549105,0.35531948018049153
5654,-0.20740358082599933,0.6701843026646918,0.35531948018049153
11341,-1.052981845955159,-1.1354901766593806,1.3225144938600255
8278,0.21538555173858054,0.47833138923650903,0.35531948018049153
473,0.3148653476361286,0.6476133716731408,-0.6118755334990423
2177,-1.077851794929546,-1.2032029696340332,0.8389169870202585
1398,-1.077851794929546,-1.0677773836847277,1.3225144938600255
12121,-1.077851794929546,-0.8872099357523205,0.8389169870202585
3429,2.428811010459028,2.3178622650479075,-1.5790705471785762
6181,-1.077851794929546,-1.1919175041382577,1.3225144938600255
4257,1.7324524391761906,1.3473122324112188,-0.6118755334990423
14084,-1.0281118969807719,-0.34550759195509895,0.8389169870202585
7834,0.36460524558490276,1.1216029224957098,0.8389169870202585
15099,-0.8291523051856755,0.2639075448167755,0.35531948018049153
11866,-1.052981845955159,-0.3342221264593235,0.8389169870202585
2417,0.886874174047031,1.1216029224957098,-0.1282780266592754
10932,0.488954990456838,-0.7856407462903415,-1.5790705471785762
3101,1.2599234086628366,1.7197325937718086,-0.1282780266592754
12403,0.04129590891787117,-0.8872099357523205,-0.6118755334990423
8171,0.09103580686664531,0.7717534921266708,0.35531948018049153
13638,2.3293312145614795,2.0582965586450723,-2.54626556085811
9403,-1.077851794929546,-0.898495401248096,1.3225144938600255
10190,-0.7048025603137403,-0.9887791252142997,0.35531948018049153
14893,-1.077851794929546,-0.9662081942227487,1.3225144938600255
586,0.09103580686664531,0.6476133716731408,0.8389169870202585
3877,0.5386948884056122,0.9184645435717517,-0.1282780266592754
12860,-0.38149322364670873,-0.2326529369973444,0.35531948018049153
13782,0.5138249394312252,0.15105288985902093,-1.0954730403388093
11646,-1.077851794929546,-1.146775642155156,1.3225144938600255
9910,-0.8291523051856755,-0.8533535392649942,-0.1282780266592754
8943,-1.052981845955159,-0.3342221264593235,0.35531948018049153
7464,2.453680959433415,2.4081459890141113,-1.0954730403388093
11920,0.488954990456838,0.7830389576224462,-1.0954730403388093
3707,-1.077851794929546,-1.0113500562058506,0.8389169870202585
3316,-0.9037621521088367,-1.0113500562058506,-0.6118755334990423
13727,-1.077851794929546,-0.5260750398875061,0.8389169870202585
5364,-0.38149322364670873,-0.0746564200564881,0.35531948018049153
2405,-0.9037621521088367,-0.1875110750142426,0.8389169870202585
12190,-0.9037621521088367,-0.1423692130311408,0.8389169870202585
10732,0.5138249394312252,1.1103174569999343,-1.0954730403388093
8499,-0.3068833767235475,0.09462556238014368,-0.1282780266592754
7779,1.2101835107140624,1.2006011809661379,0.35531948018049153
6270,-1.077851794929546,-0.9323517977354224,0.8389169870202585
3205,0.7127845312263216,-0.029514558073386283,-0.6118755334990423
10564,-1.077851794929546,-1.1919175041382577,0.8389169870202585
10476,0.16564565378980642,0.2751930103125509,-0.6118755334990423
12538,1.4340130514835459,1.4827378183605242,-1.5790705471785762
8331,0.19051560276419338,-0.4019349194339762,-0.1282780266592754
3465,-1.077851794929546,-0.4245058504255271,1.3225144938600255
3379,-0.38149322364670873,-0.029514558073386283,0.8389169870202585
3421,1.8816721330225128,1.922870972695767,-2.062668054018343
4649,-1.052981845955159,-0.796926211786117,0.8389169870202585
8221,-0.008443989030902977,0.8168953541097725,0.8389169870202585
3059,-0.7794124072369014,0.01562730390971552,1.3225144938600255
9693,2.2795913166127058,2.227578541081704,-0.6118755334990423
4093,1.2101835107140624,0.5573296477069372,-0.1282780266592754
2334,-0.25714347877477345,0.5347587167153863,0.35531948018049153
7403,-0.38149322364670873,0.04948370039704188,-0.1282780266592754
993,-0.8788922031344497,-0.5712169018706079,1.3225144938600255
11068,1.9065420819969,1.6068779388140542,-2.54626556085811
3461,2.528290806356576,2.4645733164929884,-1.0954730403388093
14166,-1.003241948006385,-0.8872099357523205,0.35531948018049153
2531,-0.18253363185161225,-0.9097808667438715,-0.1282780266592754
6885,-0.4312331215954827,-0.7856407462903415,0.8389169870202585
10957,-1.077851794929546,-1.1919175041382577,0.8389169870202585
11012,-1.077851794929546,-1.0113500562058506,1.3225144938600255
6433,-0.6053227644161921,0.06076916589281733,0.8389169870202585
1071,-1.077851794929546,-1.1919175041382577,1.3225144938600255
5826,-0.2322735298003864,-0.9436372632311979,-0.1282780266592754
5489,-0.35662327467232163,-0.9323517977354224,-0.6118755334990423
811,-0.6301927133905793,-0.34550759195509895,0.8389169870202585
8655,1.2101835107140624,0.7153261646477935,-1.0954730403388093
12948,0.16564565378980642,0.9636064055548534,-0.1282780266592754
3307,0.2899953986617417,-0.7066424878199133,-0.6118755334990423
12441,-1.077851794929546,-1.146775642155156,1.3225144938600255
7387,-1.077851794929546,-0.7856407462903415,0.8389169870202585
1983,0.4143451435336769,1.1441738534872608,0.35531948018049153
11740,-1.077851794929546,-1.022635521701626,1.3225144938600255
15084,0.19051560276419338,0.8056098886139971,-2.54626556085811
13385,-0.20740358082599933,0.2639075448167755,0.35531948018049153
5079,-1.077851794929546,-1.169346573146707,0.35531948018049153
7205,1.4091431025091588,0.5799005786984881,-1.0954730403388093
751,-1.077851794929546,-1.1580611076509315,1.3225144938600255
2351,0.6879145822519344,1.3360267669154433,0.8389169870202585
2974,-1.077851794929546,-1.022635521701626,0.8389169870202585
1795,0.5386948884056122,-0.7404988843072398,-1.0954730403388093
14537,0.7873943781494827,-0.1649401440226917,-0.6118755334990423
10200,-1.077851794929546,-1.1919175041382577,-0.1282780266592754
4779,-0.8788922031344497,-0.9887791252142997,-0.1282780266592754
7773,-0.530712917493031,-0.018229092577610833,0.8389169870202585
7039,-1.052981845955159,-0.6050732983579343,1.3225144938600255
12487,-1.077851794929546,-0.8872099357523205,1.3225144938600255
6335,2.1801115207151573,2.0018692311661948,-1.0954730403388093
11924,-0.08305383595406408,0.3541912687829791,0.8389169870202585
10622,-1.077851794929546,-1.124204711163605,0.8389169870202585
11931,1.1355736637909013,0.8846081470844253,-1.5790705471785762
9148,0.5635648373799991,-0.672786091332587,-0.1282780266592754
14087,-0.28201342774916044,0.47833138923650903,0.8389169870202585
8423,-1.0281118969807719,-1.1129192456678296,1.3225144938600255
4073,-0.4561030705698698,-0.6050732983579343,-0.1282780266592754
13149,-1.077851794929546,-1.1919175041382577,1.3225144938600255
12508,-0.05818388697967712,0.15105288985902093,-0.6118755334990423
8005,-1.077851794929546,-1.1919175041382577,0.8389169870202585
7864,-0.40636317262109567,0.4444749927491827,0.8389169870202585
10034,0.5138249394312252,1.2231721119576888,-0.1282780266592754
11719,-1.003241948006385,-1.0564919181889523,0.8389169870202585
12263,0.8371342760982567,1.2570285084450152,-1.0954730403388093
6126,-0.555582866467418,-0.5599314363748324,0.35531948018049153
1488,-1.077851794929546,-1.1354901766593806,1.3225144938600255
14898,-0.3317533256979346,-0.5147895743917307,0.35531948018049153
8898,0.7127845312263216,1.1893157154703624,-0.6118755334990423
11678,-1.077851794929546,-1.2032029696340332,1.3225144938600255
4960,1.9314120309712868,1.877729110712665,-1.0954730403388093
15275,-0.48097301954425686,-0.6276442293494852,-0.6118755334990423
7341,-0.9037621521088367,-0.9774936597185242,0.8389169870202585
5350,0.14077570481541946,0.5121877857238354,-0.1282780266592754
2250,-1.077851794929546,-0.9887791252142997,-0.6118755334990423
962,0.3148653476361286,0.6814697681604671,0.8389169870202585
7828,1.7573223881505777,2.0131546966619704,-0.1282780266592754
377,0.3894751945592899,-0.7517843498030152,-1.5790705471785762
1803,-0.8788922031344497,-1.1016337801720542,1.3225144938600255
5512,-0.9535020500576108,-1.022635521701626,0.35531948018049153
9351,1.085833765842127,1.302170370428117,-0.6118755334990423
11287,0.06616585789225812,-0.7856407462903415,-1.0954730403388093
1586,0.8620042250726437,1.2118866464619134,0.35531948018049153
9142,-0.6550626623649661,-1.0000645907100751,0.35531948018049153
10242,-1.077851794929546,-1.169346573146707,0.8389169870202585
10005,-0.6550626623649661,0.17362382085057185,0.35531948018049153
1743,-0.05818388697967712,-0.322936660963548,-0.1282780266592754
9624,1.8070622860993515,1.798730852242237,-1.5790705471785762
2859,-1.0281118969807719,-1.0113500562058506,0.35531948018049153
7799,0.7376544802007085,1.178030249974587,-0.1282780266592754
2616,-1.077851794929546,-0.9436372632311979,1.3225144938600255
12292,-0.3068833767235475,0.16233835535479638,-0.1282780266592754
14525,-0.6799326113393532,-0.6050732983579343,-0.6118755334990423
8380,-0.580452815441805,-1.022635521701626,-1.0954730403388093
7025,-1.077851794929546,-0.7630698152987906,1.3225144938600255
11405,0.016425959943484204,0.09462556238014368,0.8389169870202585
5794,-1.077851794929546,-1.124204711163605,1.3225144938600255
2894,-1.077851794929546,-1.1919175041382577,1.3225144938600255
7663,-0.7048025603137403,-1.0564919181889523,0.35531948018049153
8541,-0.15766368287722518,0.6137569751858144,0.8389169870202585
3,-1.077851794929546,-1.1919175041382577,1.3225144938600255
14509,-1.077851794929546,-0.8420680737692188,1.3225144938600255
8170,0.3148653476361286,0.9297500090675271,0.8389169870202585
14950,-1.003241948006385,-1.146775642155156,0.8389169870202585
9751,0.5138249394312252,0.38804766527030543,0.8389169870202585
15177,2.57803070430535,2.9159919363240063,-1.0954730403388093
2270,0.09103580686664531,0.07205463138859278,-0.1282780266592754
6558,-1.077851794929546,-1.2032029696340332,0.8389169870202585
11628,-1.052981845955159,-1.0452064526931768,0.35531948018049153
960,1.583232745329868,1.4488814218731978,-0.1282780266592754
13771,1.6578425922530293,0.850751750597099,-2.54626556085811
10950,-1.077851794929546,-1.2032029696340332,1.3225144938600255
12959,1.8070622860993515,2.0582965586450723,-1.0954730403388093
1769,-1.077851794929546,-1.1016337801720542,1.3225144938600255
9812,-0.35662327467232163,-0.796926211786117,-0.6118755334990423
8114,-1.077851794929546,-0.8194971427776678,1.3225144938600255
8628,1.9314120309712868,1.6633052662929315,-0.6118755334990423
8873,2.055761775843222,1.629448869805605,-2.54626556085811
8506,1.5086228984067072,1.302170370428117,-1.5790705471785762
14758,-1.003241948006385,-0.24393840249311985,0.8389169870202585
7580,0.4143451435336769,-0.006943627081835381,-1.0954730403388093
4295,-1.077851794929546,-0.9323517977354224,1.3225144938600255
5404,1.3345332555859974,0.04948370039704188,-2.062668054018343
10418,-0.08305383595406408,0.726611630143569,0.35531948018049153
11526,-0.8540222541600626,-0.0746564200564881,0.35531948018049153
2876,-1.077851794929546,-1.1354901766593806,0.35531948018049153
1114,-1.052981845955159,-1.1354901766593806,0.35531948018049153
4038,-1.077851794929546,-1.1580611076509315,1.3225144938600255
6505,1.1107037148165144,-0.13108374753536534,-1.5790705471785762
5928,-1.0281118969807719,-0.672786091332587,0.8389169870202585
7514,1.5583627963554811,1.7084471282760332,-0.1282780266592754
3221,-1.077851794929546,-1.0564919181889523,1.3225144938600255
9426,-0.8042823562112885,-0.8194971427776678,0.35531948018049153
4187,1.6329726432786424,1.956727369183093,-0.6118755334990423
14688,-1.077851794929546,-0.8194971427776678,1.3225144938600255
8394,-1.052981845955159,-1.1806320386424822,0.35531948018049153
9962,-1.0281118969807719,-0.5486459708790571,0.35531948018049153
13343,-0.9535020500576108,-0.17622560951846716,1.3225144938600255
6830,1.7075824902018033,0.9184645435717517,-1.5790705471785762
7283,-0.9535020500576108,-1.1354901766593806,0.8389169870202585
13336,0.5138249394312252,1.2006011809661379,-1.0954730403388093
1579,0.09103580686664531,0.6137569751858144,-0.1282780266592754
11406,-1.052981845955159,-0.7179279533156888,0.8389169870202585
8131,-0.9535020500576108,-0.4922186434001798,0.35531948018049153
7664,-0.15766368287722518,-0.9323517977354224,0.35531948018049153
2909,0.5386948884056122,-0.796926211786117,-2.062668054018343
6741,0.16564565378980642,0.9748918710506289,0.35531948018049153
10364,0.5386948884056122,1.1103174569999343,-1.0954730403388093
2301,-0.580452815441805,0.00434183841394007,0.35531948018049153
12863,0.6381746843031604,0.37676219977452996,-0.6118755334990423
5711,0.9614840209701918,1.0651755950168325,0.8389169870202585
8478,-0.8291523051856755,-0.5373605053832816,1.3225144938600255
2054,0.016425959943484204,0.5234732512196109,-0.1282780266592754
13214,1.2101835107140624,0.3541912687829791,-2.54626556085811
3268,0.5635648373799991,-0.7856407462903415,-1.5790705471785762
6321,-1.077851794929546,-0.5825023673663834,0.35531948018049153
10394,-0.25714347877477345,0.6250424406815899,0.8389169870202585
12090,0.09103580686664531,-0.5937878328621589,-0.1282780266592754
3838,2.030891826868835,2.1598657481070513,-1.5790705471785762
2968,-1.052981845955159,-1.022635521701626,0.35531948018049153
720,0.16564565378980642,-0.8646390047607697,-0.6118755334990423
8735,-0.6799326113393532,-1.022635521701626,0.35531948018049153
970,1.4588830004579327,1.2118866464619134,-2.062668054018343
11572,0.2899953986617417,0.3429058032872036,-0.1282780266592754
12082,-1.052981845955159,-1.1016337801720542,0.8389169870202585
9646,1.6329726432786424,1.900300041704216,-0.6118755334990423
15043,0.09103580686664531,0.01562730390971552,0.8389169870202585
9912,-0.9783719990319979,-0.9323517977354224,-0.1282780266592754
9818,0.7625244291750957,-0.5599314363748324,-2.54626556085811
388,0.6879145822519344,-0.5937878328621589,-2.062668054018343
15024,-0.4312331215954827,-0.5035041088959552,1.3225144938600255
5271,2.354201163535867,0.0,-0.6118755334990423
8361,-0.10792378492845114,-0.796926211786117,0.35531948018049153
7627,-0.05818388697967712,-0.7630698152987906,-1.0954730403388093
10879,-1.003241948006385,-0.8872099357523205,0.8389169870202585
10266,-1.077851794929546,-1.0903483146762787,1.3225144938600255
315,-0.2322735298003864,-0.7630698152987906,-0.1282780266592754
6843,0.5635648373799991,0.17362382085057185,-0.1282780266592754
12811,-0.15766368287722518,-0.7630698152987906,-0.1282780266592754
4731,-0.40636317262109567,-0.9887791252142997,-0.6118755334990423
1328,1.1604436127652884,1.178030249974587,-0.6118755334990423
5358,-0.05818388697967712,0.2074802173378982,0.35531948018049153
13023,0.09103580686664531,0.4331895272534072,-0.6118755334990423
4950,0.9863539699445792,1.4263104908816469,-0.1282780266592754
12593,-0.9783719990319979,-0.17622560951846716,0.8389169870202585
5155,-1.077851794929546,-1.0790628491805032,1.3225144938600255
1862,-1.077851794929546,-1.1016337801720542,1.3225144938600255
2955,-1.003241948006385,-1.0452064526931768,0.8389169870202585
4035,0.7873943781494827,-0.6276442293494852,-1.0954730403388093
3014,-0.9783719990319979,-0.5486459708790571,0.8389169870202585
605,-0.05818388697967712,0.3203348722956527,0.35531948018049153
13076,-0.15766368287722518,-0.4922186434001798,-0.1282780266592754
2626,-0.9037621521088367,-0.672786091332587,0.8389169870202585
1026,0.488954990456838,-0.3003657299719971,-0.6118755334990423
13969,-0.08305383595406408,0.12848195886747005,-0.6118755334990423
6920,0.5386948884056122,-0.7856407462903415,-0.6118755334990423
8280,-0.8788922031344497,-0.4132203849297516,0.8389169870202585
3971,-1.077851794929546,-1.1354901766593806,0.8389169870202585
15155,0.7127845312263216,1.855158179721114,-0.1282780266592754
3698,-1.052981845955159,-1.022635521701626,0.35531948018049153
12933,-1.077851794929546,-0.4132203849297516,0.8389169870202585
2216,-1.077851794929546,-1.146775642155156,0.8389169870202585
7512,2.553160755330963,2.2727204030648056,-0.6118755334990423
1368,1.1853135617396753,0.3541912687829791,-1.0954730403388093
5612,-0.48097301954425686,0.28647847580832636,0.35531948018049153
1253,0.16564565378980642,0.952320940059078,-0.1282780266592754
7042,0.9614840209701918,0.952320940059078,-0.1282780266592754
8204,0.5884347863543863,1.2795994394365662,0.35531948018049153
2069,0.5138249394312252,0.6363279061773653,-0.1282780266592754
15086,2.57803070430535,2.2727204030648056,-1.5790705471785762
6912,-0.033313938005289936,-0.8759244702565452,-1.0954730403388093
5359,-0.7048025603137403,-0.26650933348467076,0.35531948018049153
12396,-0.9037621521088367,-1.1129192456678296,0.35531948018049153
6969,-0.25714347877477345,-0.7856407462903415,0.8389169870202585
14271,-1.077851794929546,-1.1354901766593806,0.8389169870202585
13045,-0.15766368287722518,-0.0746564200564881,-1.0954730403388093
2348,-1.077851794929546,-0.43579131592130255,1.3225144938600255
2536,-1.077851794929546,-1.2032029696340332,0.8389169870202585
3780,2.055761775843222,1.9454419036873176,-0.6118755334990423
2788,1.8816721330225128,1.5730215423267278,-0.6118755334990423
5605,-1.077851794929546,-0.5035041088959552,1.3225144938600255
425,-1.077851794929546,-0.9436372632311979,0.8389169870202585
2124,-0.6053227644161921,-0.7404988843072398,-0.1282780266592754
9438,-0.28201342774916044,-0.7066424878199133,0.35531948018049153
9258,0.43921509250806384,0.952320940059078,0.8389169870202585
1111,-0.20740358082599933,-0.8646390047607697,-0.6118755334990423
4965,-0.4312331215954827,0.2751930103125509,0.35531948018049153
4738,-0.7048025603137403,-1.0564919181889523,0.35531948018049153
7444,0.6133047353287733,1.178030249974587,0.35531948018049153
637,-1.052981845955159,-0.8420680737692188,0.8389169870202585
248,1.0360938678933531,0.7491825611351198,-1.5790705471785762
6027,-0.505842968518644,0.37676219977452996,0.8389169870202585
13286,0.16564565378980642,0.8394662851013235,-0.1282780266592754
4826,-0.505842968518644,-0.28908026447622165,0.8389169870202585
7990,0.04129590891787117,-0.7292134188114643,-0.6118755334990423
696,-0.6301927133905793,-0.9774936597185242,-0.6118755334990423
10708,1.2350534596884497,1.3247413014196678,-1.5790705471785762
15037,-0.18253363185161225,-0.1423692130311408,-0.6118755334990423
8834,-0.8788922031344497,-0.6615006258368116,-0.1282780266592754
12009,-0.530712917493031,-0.898495401248096,-0.6118755334990423
13529,0.09103580686664531,-0.796926211786117,-1.0954730403388093
1236,-1.077851794929546,-0.44707678141707796,1.3225144938600255
10909,-1.077851794929546,-1.1354901766593806,0.8389169870202585
5361,0.2899953986617417,0.37676219977452996,-0.1282780266592754
8483,0.6133047353287733,0.4106185962618563,0.8389169870202585
1516,-1.077851794929546,-1.0000645907100751,1.3225144938600255
8614,1.7821923371249646,1.7874453867464615,-0.6118755334990423
11727,-0.8540222541600626,-0.9323517977354224,1.3225144938600255
12560,-0.6301927133905793,0.1849092863463473,0.35531948018049153
14534,-1.077851794929546,-1.0000645907100751,1.3225144938600255
1011,-1.0281118969807719,-0.8646390047607697,0.8389169870202585
70,0.11590575584103227,-0.040800023569161736,-0.1282780266592754
13978,1.9314120309712868,1.3811686288985452,-2.062668054018343
9979,0.3148653476361286,0.7604680266308953,-0.1282780266592754
12366,-0.9783719990319979,-1.0339209871974016,0.8389169870202585
4193,-0.530712917493031,0.3654767342787545,0.8389169870202585
9162,-0.580452815441805,-0.8759244702565452,0.8389169870202585
8897,0.11590575584103227,0.7604680266308953,-0.6118755334990423
1178,0.8122643271238696,0.5121877857238354,-2.54626556085811
8860,1.8816721330225128,1.2795994394365662,-0.6118755334990423
7277,0.11590575584103227,-0.8420680737692188,-0.1282780266592754
6247,0.5635648373799991,-0.44707678141707796,-0.6118755334990423
8165,0.9117441230214178,1.2908849049323414,0.35531948018049153
8776,0.7127845312263216,-0.6953570223241379,-1.5790705471785762
6596,-1.077851794929546,-1.1580611076509315,1.3225144938600255
12674,-1.052981845955159,-0.7179279533156888,0.8389169870202585
3404,-0.505842968518644,0.1397674243632455,0.8389169870202585
11047,-1.003241948006385,-0.6050732983579343,0.8389169870202585
7195,0.8371342760982567,0.5234732512196109,0.35531948018049153
6734,0.8122643271238696,1.4263104908816469,0.35531948018049153
14280,-0.505842968518644,-0.8082116772818925,0.35531948018049153
14313,-1.052981845955159,-0.8307826082734433,0.8389169870202585
3910,-0.9783719990319979,-0.6276442293494852,0.8389169870202585
6723,2.6277706022541243,2.4645733164929884,-1.5790705471785762
11979,0.5138249394312252,-0.2326529369973444,-2.062668054018343
41,-1.077851794929546,-1.0790628491805032,1.3225144938600255
167,-0.9286321010832237,-0.09722735104803899,0.8389169870202585
13736,-0.20740358082599933,0.4219040617576318,0.35531948018049153
3248,-1.077851794929546,-1.1580611076509315,0.8389169870202585
7873,1.2847933576372237,1.5955924733182787,-0.1282780266592754
5224,1.2350534596884497,1.2344575774534643,-0.6118755334990423
6494,0.09103580686664531,-0.3003657299719971,-0.1282780266592754
7146,0.3148653476361286,0.9410354745633025,0.35531948018049153
5046,-0.6053227644161921,-0.7404988843072398,0.8389169870202585
6454,-0.8540222541600626,-0.4019349194339762,1.3225144938600255
8023,-1.077851794929546,-1.2032029696340332,1.3225144938600255
7191,0.09103580686664531,0.2074802173378982,0.35531948018049153
7150,1.0360938678933531,1.3811686288985452,0.35531948018049153
1083,0.2651254496873547,-0.8420680737692188,-1.0954730403388093
8675,-0.38149322364670873,-0.36807852294664983,0.8389169870202585
4024,-1.0281118969807719,-1.146775642155156,0.35531948018049153
7696,0.9366140719958048,-0.5035041088959552,-2.54626556085811
2656,-1.003241948006385,-0.5260750398875061,0.8389169870202585
805,0.33973529661051577,0.1397674243632455,-0.1282780266592754
12408,-0.2322735298003864,-0.9436372632311979,-0.6118755334990423
11216,0.16564565378980642,0.1397674243632455,-0.1282780266592754
6554,-1.077851794929546,-1.2032029696340332,1.3225144938600255
7753,0.16564565378980642,0.19619475184212273,0.35531948018049153
3437,-0.505842968518644,0.3429058032872036,0.35531948018049153
10425,1.2599234086628366,1.629448869805605,-1.5790705471785762
2499,-0.6301927133905793,-0.8307826082734433,0.8389169870202585
14011,-0.08305383595406408,0.6137569751858144,0.35531948018049153
3702,-1.077851794929546,-1.0339209871974016,1.3225144938600255
14142,-0.8291523051856755,-0.5260750398875061,0.35531948018049153
9858,0.2402555007129675,-0.8420680737692188,-1.0954730403388093
12970,-0.15766368287722518,0.6814697681604671,-0.1282780266592754
10714,-0.008443989030902977,0.5911860441942636,-0.6118755334990423
13583,-1.052981845955159,-0.8307826082734433,0.8389169870202585
3781,1.856802184048126,1.8438727142253386,-0.6118755334990423
2805,-0.6799326113393532,-0.26650933348467076,0.35531948018049153
4614,1.856802184048126,1.5617360768309523,-0.1282780266592754
6679,1.9811519289200612,1.527879680343626,-1.0954730403388093
9205,-1.052981845955159,-0.7856407462903415,0.8389169870202585
6805,1.6329726432786424,1.4601668873689733,-1.0954730403388093
6839,1.533492847381094,0.6476133716731408,-2.062668054018343
3058,-1.052981845955159,-0.3793639884424253,1.3225144938600255
8443,-0.48097301954425686,-0.7404988843072398,0.35531948018049153
6967,-0.18253363185161225,-0.7743552807945661,0.8389169870202585
10855,1.359403204560385,0.602471509690039,-2.54626556085811
8351,-1.077851794929546,-1.124204711163605,0.8389169870202585
2900,0.5386948884056122,-0.7856407462903415,-1.0954730403388093
8025,-1.077851794929546,-1.2032029696340332,0.8389169870202585
14327,-1.077851794929546,-0.7856407462903415,1.3225144938600255
14979,-0.7296725092881273,-0.9774936597185242,0.8389169870202585
10275,-1.077851794929546,-1.0452064526931768,1.3225144938600255
14724,-0.3068833767235475,0.2751930103125509,-0.1282780266592754
6987,0.9117441230214178,-0.22136747150156896,-1.5790705471785762
170,1.7324524391761906,2.0131546966619704,-1.5790705471785762
11331,-0.530712917493031,-0.9774936597185242,-1.5790705471785762
217,0.2899953986617417,0.828180819605548,0.35531948018049153
13468,-0.7794124072369014,-0.9662081942227487,0.8389169870202585
7733,1.1853135617396753,0.29776394130410183,-1.0954730403388093
13279,0.3148653476361286,0.8958936125802007,-0.6118755334990423
3984,-1.077851794929546,-1.169346573146707,0.35531948018049153
3643,-1.003241948006385,-1.1580611076509315,0.8389169870202585
2012,2.2547213676383184,2.2840058685605813,-2.062668054018343
6669,0.11590575584103227,0.3316203377914282,0.35531948018049153
11747,-1.077851794929546,-0.9436372632311979,1.3225144938600255
11897,-0.6550626623649661,0.11719649337169459,0.35531948018049153
2655,0.43921509250806384,0.5799005786984881,-0.1282780266592754
7671,-0.9037621521088367,-1.1129192456678296,0.8389169870202585
10637,-0.530712917493031,-0.7404988843072398,-0.1282780266592754
7414,-1.077851794929546,-0.6050732983579343,1.3225144938600255
8774,0.6133047353287733,-0.7292134188114643,-0.1282780266592754
9063,-0.008443989030902977,-0.5035041088959552,-0.6118755334990423
13228,-0.9535020500576108,-0.6276442293494852,0.35531948018049153
8009,-1.077851794929546,-1.1919175041382577,0.8389169870202585
900,-1.052981845955159,-0.3342221264593235,0.8389169870202585
10369,1.9562819799456737,2.0470110931492966,-1.5790705471785762
184,0.488954990456838,1.1893157154703624,-0.6118755334990423
11160,0.016425959943484204,0.7491825611351198,-0.1282780266592754
2087,0.2651254496873547,0.15105288985902093,-0.1282780266592754
4693,-1.077851794929546,-1.1016337801720542,1.3225144938600255
10845,-0.580452815441805,-0.24393840249311985,-0.6118755334990423
9875,-1.077851794929546,-1.1806320386424822,1.3225144938600255
6492,1.1355736637909013,0.11719649337169459,0.35531948018049153
14727,-0.8042823562112885,-0.1423692130311408,1.3225144938600255
8749,-1.077851794929546,-1.2032029696340332,1.3225144938600255
592,-0.08305383595406408,0.45576045824495814,0.35531948018049153
3479,2.1055016737919963,2.1598657481070513,-1.0954730403388093
4750,-1.0281118969807719,-1.1580611076509315,0.8389169870202585
14939,-1.077851794929546,-1.169346573146707,0.8389169870202585
15169,2.354201163535867,2.7918518158704764,0.8389169870202585
13271,-0.25714347877477345,0.39933313076608085,0.8389169870202585
8355,-1.077851794929546,-1.1354901766593806,1.3225144938600255
13537,-0.7296725092881273,-0.9774936597185242,1.3225144938600255
538,0.21538555173858054,1.0087482675379553,-0.1282780266592754
10218,-1.077851794929546,-1.2032029696340332,1.3225144938600255
14063,0.11590575584103227,0.9184645435717517,-0.1282780266592754
11948,-0.4561030705698698,-0.24393840249311985,-0.6118755334990423
12160,0.04129590891787117,0.45576045824495814,0.35531948018049153
13463,-1.077851794929546,-1.124204711163605,1.3225144938600255
14965,-0.530712917493031,-1.0113500562058506,0.35531948018049153
3623,-1.077851794929546,-1.1919175041382577,1.3225144938600255
9056,0.6133047353287733,-0.1875110750142426,-0.6118755334990423
7588,0.9863539699445792,0.06076916589281733,0.8389169870202585
8241,0.8122643271238696,1.2908849049323414,0.35531948018049153
5437,-0.25714347877477345,-0.8307826082734433,-0.6118755334990423
6455,-0.033313938005289936,0.19619475184212273,0.35531948018049153
4785,-0.38149322364670873,-0.7517843498030152,-0.6118755334990423
4751,-1.077851794929546,-1.1919175041382577,1.3225144938600255
10531,-0.15766368287722518,-0.6276442293494852,-0.1282780266592754
12419,0.3148653476361286,-0.8194971427776678,-1.0954730403388093
5421,-1.052981845955159,-1.0564919181889523,0.8389169870202585
3532,0.7625244291750957,0.6588988371689163,-0.1282780266592754
14134,0.8122643271238696,0.5347587167153863,-0.6118755334990423
3820,1.6329726432786424,1.956727369183093,-0.1282780266592754
3214,-1.077851794929546,-1.022635521701626,1.3225144938600255
14802,1.2101835107140624,1.629448869805605,-0.1282780266592754
13257,-0.3317533256979346,0.19619475184212273,0.35531948018049153
4561,0.5884347863543863,1.2683139739407907,0.35531948018049153
6220,-1.003241948006385,-1.124204711163605,0.8389169870202585
10689,-0.05818388697967712,0.2639075448167755,-0.6118755334990423
5459,-1.077851794929546,-1.2032029696340332,0.8389169870202585
12164,0.5884347863543863,0.8620372160928744,-0.6118755334990423
10604,-1.077851794929546,-1.1806320386424822,0.8389169870202585
7040,-0.9037621521088367,-0.3906494539382007,0.8389169870202585
465,0.4143451435336769,0.602471509690039,-0.1282780266592754
9861,-0.555582866467418,-1.0113500562058506,-0.1282780266592754
12008,-0.3068833767235475,-0.8194971427776678,-0.6118755334990423
13160,-1.077851794929546,-1.1806320386424822,1.3225144938600255
113,-0.35662327467232163,0.2300511483294491,0.35531948018049153
5601,1.6827125412274162,1.6633052662929315,-0.1282780266592754
13567,0.33973529661051577,-0.3116511954677726,-0.6118755334990423
35,-0.8788922031344497,-0.9662081942227487,0.35531948018049153
2288,-0.8788922031344497,-0.4019349194339762,0.8389169870202585
5848,-1.077851794929546,-1.1919175041382577,1.3225144938600255
5460,-0.7296725092881273,-1.0677773836847277,0.8389169870202585
2019,-0.6799326113393532,0.17362382085057185,0.35531948018049153
15162,1.3345332555859974,2.5210006439718655,-0.6118755334990423
868,-1.077851794929546,-0.45836224691285343,0.35531948018049153
11188,1.9811519289200612,1.6407343353013806,-2.54626556085811
15,-1.077851794929546,-1.169346573146707,1.3225144938600255
9502,-0.6550626623649661,-1.022635521701626,0.35531948018049153
10114,1.8070622860993515,1.0200337330337308,-2.062668054018343
11872,0.4143451435336769,1.1328883879914853,-0.1282780266592754
11993,-0.40636317262109567,-0.7292134188114643,-0.6118755334990423
14518,0.7625244291750957,0.16233835535479638,-0.6118755334990423
12367,-1.077851794929546,-1.124204711163605,0.35531948018049153
5458,0.488954990456838,-0.796926211786117,-1.5790705471785762
8610,0.8122643271238696,1.2570285084450152,-1.0954730403388093
6114,0.6381746843031604,0.17362382085057185,-1.0954730403388093
5206,-0.6799326113393532,-0.2552238679888953,0.35531948018049153
7752,-1.077851794929546,-0.7856407462903415,1.3225144938600255
9671,0.21538555173858054,1.0087482675379553,0.35531948018049153
6187,-1.0281118969807719,-1.1580611076509315,-2.54626556085811
7520,0.4143451435336769,0.9297500090675271,0.8389169870202585
11212,1.6329726432786424,0.9071790780759762,-2.062668054018343
8268,1.9811519289200612,1.6068779388140542,-0.1282780266592754
11525,0.5386948884056122,1.1328883879914853,-0.6118755334990423
8216,1.6329726432786424,1.9454419036873176,0.35531948018049153
4336,-0.6301927133905793,-0.9097808667438715,0.35531948018049153
7176,1.0112239189189662,1.031319198529506,-0.1282780266592754
15258,-0.35662327467232163,-0.36807852294664983,-0.6118755334990423
1851,-0.28201342774916044,-0.8194971427776678,0.35531948018049153
8528,-0.3317533256979346,0.37676219977452996,0.35531948018049153
12980,1.0360938678933531,1.4940232838562997,-1.0954730403388093
2791,0.3894751945592899,0.6927552336562426,0.8389169870202585
14646,-0.9037621521088367,-0.9774936597185242,0.8389169870202585
13830,-1.077851794929546,-1.124204711163605,1.3225144938600255
6735,0.09103580686664531,0.9071790780759762,0.8389169870202585
7855,-1.077851794929546,-0.43579131592130255,1.3225144938600255
11231,1.06096381686774,0.28647847580832636,-1.0954730403388093
8441,-0.48097301954425686,-0.7630698152987906,0.35531948018049153
10447,1.1853135617396753,1.3585976979069943,-2.062668054018343
8788,0.3148653476361286,-0.6840715568283625,-0.6118755334990423
5646,1.3345332555859974,1.776159921250686,0.8389169870202585
10881,0.5635648373799991,-0.1875110750142426,-1.0954730403388093
7157,2.2547213676383184,1.9905837656704195,-2.062668054018343
9468,-1.077851794929546,-1.1919175041382577,0.8389169870202585
83,-0.9037621521088367,-0.5486459708790571,0.8389169870202585
7152,0.5138249394312252,1.031319198529506,-0.1282780266592754
4800,-1.077851794929546,-1.022635521701626,0.8389169870202585
2452,-0.8788922031344497,-0.5599314363748324,0.8389169870202585
3204,-1.077851794929546,-0.9662081942227487,1.3225144938600255
4045,0.5138249394312252,-0.5937878328621589,-0.6118755334990423
1002,-0.15766368287722518,-0.21008200600579352,-0.1282780266592754
3954,-0.20740358082599933,-0.6163587638537098,0.8389169870202585
4459,0.2651254496873547,0.12848195886747005,0.35531948018049153
13231,-0.4312331215954827,-0.1875110750142426,-0.1282780266592754
4149,-0.13279373390283822,0.5686151132027126,0.35531948018049153
7095,-0.3068833767235475,0.5573296477069372,0.8389169870202585
3989,-0.18253363185161225,-0.898495401248096,0.35531948018049153
12708,0.5138249394312252,-0.19879654051001805,-0.6118755334990423
535,-0.35662327467232163,0.5347587167153863,0.35531948018049153
8144,1.4588830004579327,1.3247413014196678,-1.0954730403388093
1482,-1.0281118969807719,-1.1129192456678296,0.8389169870202585
12470,-1.077851794929546,-1.022635521701626,1.3225144938600255
14511,1.7075824902018033,0.6814697681604671,-2.54626556085811
5098,-1.052981845955159,-1.1806320386424822,0.8389169870202585
12748,0.2899953986617417,-0.7404988843072398,-0.1282780266592754
10730,0.7127845312263216,1.2344575774534643,-0.1282780266592754
5707,0.6879145822519344,0.952320940059078,0.35531948018049153
1483,-0.4561030705698698,-0.8872099357523205,0.35531948018049153
11320,-1.077851794929546,-1.2032029696340332,1.3225144938600255
14101,0.8371342760982567,1.1328883879914853,-0.1282780266592754
10489,-0.7296725092881273,-0.45836224691285343,0.35531948018049153
7541,-0.530712917493031,0.01562730390971552,0.8389169870202585
2406,1.7821923371249646,1.776159921250686,-0.6118755334990423
2585,-1.077851794929546,-1.1354901766593806,1.3225144938600255
8289,-1.003241948006385,-0.6276442293494852,0.8389169870202585
14269,0.19051560276419338,-0.6953570223241379,-1.5790705471785762
11991,-1.052981845955159,-1.0339209871974016,0.8389169870202585
1858,-0.3317533256979346,-0.7743552807945661,0.35531948018049153
14954,-0.4312331215954827,-0.9887791252142997,-1.5790705471785762
247,1.7324524391761906,1.0877465260083834,-2.54626556085811
3955,0.4143451435336769,-0.4245058504255271,0.35531948018049153
6271,-1.077851794929546,-0.9323517977354224,1.3225144938600255
11583,0.9366140719958048,0.47833138923650903,-0.6118755334990423
8246,1.9065420819969,1.8890145762084405,-0.6118755334990423
8054,-1.077851794929546,-1.1580611076509315,0.35531948018049153
8625,1.2599234086628366,1.3473122324112188,-1.0954730403388093
4226,0.7376544802007085,1.2118866464619134,-0.1282780266592754
14156,-0.8042823562112885,-0.6502151603410361,0.8389169870202585
14019,0.5635648373799991,1.1441738534872608,-0.1282780266592754
7248,-0.3068833767235475,-0.7179279533156888,0.35531948018049153
13129,-1.077851794929546,-1.2032029696340332,-0.1282780266592754
2167,0.04129590891787117,-0.8759244702565452,-0.6118755334990423
3508,0.8122643271238696,1.1216029224957098,0.8389169870202585
8233,-0.4561030705698698,0.37676219977452996,0.8389169870202585
14226,-1.052981845955159,-1.1806320386424822,0.8389169870202585
13780,1.3345332555859974,0.5347587167153863,-1.5790705471785762
8196,0.5138249394312252,1.2231721119576888,-0.1282780266592754
4043,-0.18253363185161225,-0.7856407462903415,-0.1282780266592754
8934,-0.15766368287722518,0.7153261646477935,0.35531948018049153
872,0.7625244291750957,1.2908849049323414,-0.1282780266592754
11580,0.14077570481541946,0.1397674243632455,-0.6118755334990423
13248,1.1107037148165144,0.9861773365464044,-2.062668054018343
4564,0.2651254496873547,1.031319198529506,0.35531948018049153
135,0.5884347863543863,1.1328883879914853,0.35531948018049153
3857,1.06096381686774,1.4488814218731978,-1.0954730403388093
14332,-0.4561030705698698,-0.1423692130311408,0.35531948018049153
5766,0.2899953986617417,-0.2552238679888953,-1.0954730403388093
3752,-0.35662327467232163,0.07205463138859278,0.8389169870202585
1043,0.9614840209701918,-0.4132203849297516,-0.6118755334990423
14211,-0.05818388697967712,-0.8307826082734433,-0.6118755334990423
1085,-1.077851794929546,-1.2032029696340332,1.3225144938600255
13455,-1.077851794929546,-1.0903483146762787,0.8389169870202585
7495,2.4039410614846406,2.3404331960394584,-1.0954730403388093
4026,-1.077851794929546,-1.1806320386424822,0.8389169870202585
2932,-0.15766368287722518,-0.8759244702565452,-1.0954730403388093
5955,-0.530712917493031,0.06076916589281733,0.8389169870202585
2112,-1.052981845955159,-0.9436372632311979,0.8389169870202585
1351,1.4340130514835459,0.7943244231182217,-2.062668054018343
7168,0.5635648373799991,0.8846081470844253,0.35531948018049153
14729,1.2847933576372237,1.3924540943943207,-1.0954730403388093
866,0.43921509250806384,1.0200337330337308,0.35531948018049153
12233,-0.40636317262109567,0.47833138923650903,-0.1282780266592754
10711,-0.6799326113393532,-0.006943627081835381,0.8389169870202585
274,0.488954990456838,0.03819823490126643,-0.1282780266592754
2298,1.9065420819969,1.527879680343626,-0.6118755334990423
11180,0.5635648373799991,0.952320940059078,-0.6118755334990423
1147,0.6133047353287733,-0.24393840249311985,-0.1282780266592754
11833,-0.4312331215954827,0.39933313076608085,0.35531948018049153
9679,-0.9535020500576108,-0.1423692130311408,0.8389169870202585
13968,0.14077570481541946,0.252622079321,-0.6118755334990423
6832,-0.08305383595406408,0.01562730390971552,0.35531948018049153
2478,0.7127845312263216,-0.08594188555226354,-1.0954730403388093
9627,0.886874174047031,1.2795994394365662,-0.6118755334990423
8875,0.2651254496873547,0.6250424406815899,0.8389169870202585
3616,-1.077851794929546,-1.169346573146707,0.8389169870202585
1904,-0.9535020500576108,-0.6389296948452606,0.8389169870202585
833,-1.077851794929546,-0.6502151603410361,0.8389169870202585
6956,-0.530712917493031,-0.9436372632311979,0.8389169870202585
9887,-0.05818388697967712,-0.7517843498030152,-0.6118755334990423
3519,0.9366140719958048,1.0426046640252815,-0.1282780266592754
10981,-0.505842968518644,-0.898495401248096,-0.1282780266592754
7319,-1.077851794929546,-1.169346573146707,0.8389169870202585
1175,-1.077851794929546,-0.8082116772818925,1.3225144938600255
3889,-0.8291523051856755,-0.26650933348467076,1.3225144938600255
7290,-1.077851794929546,-1.2032029696340332,0.8389169870202585
5479,0.36460524558490276,-0.8082116772818925,-0.6118755334990423
4395,0.7376544802007085,-0.672786091332587,-2.54626556085811
11055,1.4340130514835459,1.1216029224957098,-1.0954730403388093
2609,-1.052981845955159,-0.9774936597185242,0.8389169870202585
2714,1.1107037148165144,1.6068779388140542,0.35531948018049153
3299,-1.077851794929546,-1.1806320386424822,1.3225144938600255
13706,-0.555582866467418,0.30904940679987725,0.35531948018049153
7441,0.5635648373799991,1.1216029224957098,-0.1282780266592754
8594,2.57803070430535,2.4194314545098865,-1.5790705471785762
14287,0.33973529661051577,-0.45836224691285343,-1.5790705471785762
1197,0.6381746843031604,0.7491825611351198,-0.1282780266592754
429,-0.9286321010832237,-0.7404988843072398,0.35531948018049153
2993,-0.8291523051856755,-0.5937878328621589,-0.1282780266592754
3708,-0.9535020500576108,-0.8759244702565452,0.35531948018049153
10078,1.5583627963554811,1.6181634043098296,-1.5790705471785762
8473,-1.077851794929546,-0.8533535392649942,0.8389169870202585
9772,-0.4312331215954827,-0.4132203849297516,0.35531948018049153
7034,0.16564565378980642,0.3541912687829791,0.8389169870202585
14496,-0.05818388697967712,0.11719649337169459,0.8389169870202585
9269,2.2795913166127058,2.1937221445943775,-0.6118755334990423
13396,-0.8788922031344497,-0.43579131592130255,-0.1282780266592754
11136,0.36460524558490276,1.1103174569999343,-0.1282780266592754
1964,-0.8042823562112885,-0.006943627081835381,0.8389169870202585
8494,1.3096633066116106,0.9748918710506289,-2.062668054018343
10991,-0.008443989030902977,-0.672786091332587,-1.0954730403388093
2861,-1.052981845955159,-1.0452064526931768,0.8389169870202585
4374,-0.9037621521088367,-1.124204711163605,0.8389169870202585
8447,1.1853135617396753,-0.15365467852691625,-2.062668054018343
299,0.43921509250806384,-0.3793639884424253,-1.0954730403388093
2109,-1.077851794929546,-0.9662081942227487,0.8389169870202585
2874,-1.077851794929546,-1.1354901766593806,0.35531948018049153
4303,0.5635648373799991,-0.11979828203958989,-1.0954730403388093
11819,0.8620042250726437,1.2795994394365662,-0.6118755334990423
13189,-1.077851794929546,-1.0790628491805032,1.3225144938600255
15002,-0.8042823562112885,-0.9323517977354224,-1.5790705471785762
6584,-1.077851794929546,-1.1806320386424822,1.3225144938600255
5748,0.016425959943484204,-0.09722735104803899,-0.1282780266592754
2913,-1.077851794929546,-1.2032029696340332,0.35531948018049153
11230,-1.052981845955159,-0.8420680737692188,0.8389169870202585
14850,1.1355736637909013,1.031319198529506,-1.0954730403388093
1190,0.2402555007129675,0.39933313076608085,0.35531948018049153
5386,-0.25714347877477345,-0.27779479898044623,-0.1282780266592754
13004,1.3345332555859974,1.4488814218731978,-0.6118755334990423
15321,-1.052981845955159,-1.022635521701626,-2.062668054018343
119,0.5884347863543863,0.9636064055548534,0.35531948018049153
9834,-0.6550626623649661,-1.022635521701626,-0.6118755334990423
14680,-0.7048025603137403,-0.5147895743917307,0.35531948018049153
6205,-0.20740358082599933,-0.9323517977354224,-0.1282780266592754
4301,0.14077570481541946,-0.2552238679888953,-0.1282780266592754
1723,-0.3317533256979346,-0.1875110750142426,0.35531948018049153
5815,-0.6053227644161921,-1.0113500562058506,-0.1282780266592754
6867,-1.077851794929546,-1.022635521701626,1.3225144938600255
2360,-0.7048025603137403,0.1849092863463473,0.8389169870202585
8786,-1.052981845955159,-1.1354901766593806,0.8389169870202585
15256,0.19051560276419338,0.15105288985902093,0.8389169870202585
12029,-1.077851794929546,-1.1919175041382577,0.8389169870202585
4819,-1.077851794929546,-0.8646390047607697,1.3225144938600255
11353,-0.9783719990319979,-1.0452064526931768,-1.5790705471785762
6700,1.2350534596884497,1.4488814218731978,-0.1282780266592754
7955,-0.8042823562112885,-0.7292134188114643,0.35531948018049153
10020,1.085833765842127,1.5955924733182787,-0.6118755334990423
376,-1.077851794929546,-1.1806320386424822,-0.6118755334990423
9390,1.359403204560385,0.6814697681604671,-0.1282780266592754
7144,1.7821923371249646,1.877729110712665,-0.1282780266592754
704,-0.8788922031344497,-1.1016337801720542,0.8389169870202585
7586,-0.6550626623649661,-0.6050732983579343,0.8389169870202585
9025,1.7324524391761906,0.8394662851013235,-1.5790705471785762
10877,0.9614840209701918,0.01562730390971552,-1.5790705471785762
8390,-1.077851794929546,-1.2032029696340332,0.35531948018049153
8657,-0.580452815441805,-0.27779479898044623,0.8389169870202585
11245,-0.7545424582625144,-0.7179279533156888,1.3225144938600255
9538,-1.077851794929546,-1.0790628491805032,1.3225144938600255
3617,-1.077851794929546,-1.169346573146707,0.8389169870202585
5715,-0.2322735298003864,0.252622079321,0.35531948018049153
1450,-0.8540222541600626,-1.1016337801720542,-0.6118755334990423
10132,-0.9783719990319979,-0.7404988843072398,1.3225144938600255
7681,-1.077851794929546,-1.1806320386424822,0.8389169870202585
12142,1.5086228984067072,0.9974628020421797,-2.54626556085811
9921,0.43921509250806384,-0.0746564200564881,-2.062668054018343
10866,0.7873943781494827,0.16233835535479638,-0.6118755334990423
11217,-1.0281118969807719,-0.7066424878199133,0.35531948018049153
2988,-1.077851794929546,-0.898495401248096,1.3225144938600255
5773,-0.4561030705698698,-0.6389296948452606,0.35531948018049153
7539,1.2101835107140624,1.1667447844788115,0.8389169870202585
11852,2.055761775843222,2.2050076100901532,-1.5790705471785762
9192,1.1355736637909013,0.24133661382522456,-1.5790705471785762
13425,0.9366140719958048,0.1849092863463473,-1.0954730403388093
1934,-0.555582866467418,0.01562730390971552,0.8389169870202585
6112,-1.077851794929546,-0.8759244702565452,1.3225144938600255
1634,-0.505842968518644,0.39933313076608085,0.8389169870202585
9265,1.3842731535347719,1.629448869805605,-0.1282780266592754
7482,-0.08305383595406408,0.7717534921266708,0.35531948018049153
1430,-1.077851794929546,-1.1806320386424822,0.8389169870202585
10903,-0.25714347877477345,-0.7292134188114643,-0.6118755334990423
6341,1.0360938678933531,1.3924540943943207,-0.1282780266592754
4097,-1.0281118969807719,-0.7179279533156888,1.3225144938600255
11781,0.2402555007129675,0.38804766527030543,-0.6118755334990423
2927,0.33973529661051577,-0.796926211786117,-0.6118755334990423
12829,0.4143451435336769,-0.4019349194339762,-1.0954730403388093
7899,0.9366140719958048,1.0877465260083834,-0.1282780266592754
12914,-0.6053227644161921,0.15105288985902093,0.8389169870202585
9081,-0.033313938005289936,-0.7066424878199133,-0.1282780266592754
2449,0.8371342760982567,0.4896168547322845,-1.0954730403388093
33,1.085833765842127,-0.3793639884424253,-2.062668054018343
11357,-1.077851794929546,-1.1129192456678296,1.3225144938600255
11295,-0.008443989030902977,-0.8646390047607697,-1.0954730403388093
4189,-0.10792378492845114,0.7491825611351198,0.35531948018049153
11625,0.2402555007129675,-0.4809331779044043,-0.6118755334990423
9157,-0.38149322364670873,-0.8420680737692188,0.8389169870202585
2638,0.46408504148245106,0.3203348722956527,0.35531948018049153
3704,1.1355736637909013,-0.08594188555226354,-0.1282780266592754
4870,0.36460524558490276,0.850751750597099,-1.0954730403388093
13747,0.11590575584103227,0.5347587167153863,0.8389169870202585
1297,-0.9286321010832237,-0.1649401440226917,0.8389169870202585
9871,-1.077851794929546,-1.1806320386424822,1.3225144938600255
9224,-0.7794124072369014,-0.3342221264593235,0.35531948018049153
6866,0.7127845312263216,-0.1649401440226917,-1.5790705471785762
15032,0.14077570481541946,-0.21008200600579352,-1.0954730403388093
9782,-1.052981845955159,-0.9323517977354224,1.3225144938600255
908,0.36460524558490276,1.1103174569999343,0.8389169870202585
5156,-1.077851794929546,-1.0677773836847277,1.3225144938600255
11987,-1.077851794929546,-1.0564919181889523,1.3225144938600255
12359,0.5138249394312252,-0.44707678141707796,-1.5790705471785762
14831,0.3148653476361286,0.8056098886139971,0.35531948018049153
3434,1.1355736637909013,1.5730215423267278,-0.6118755334990423
14487,0.46408504148245106,0.6250424406815899,-0.6118755334990423
4069,0.6381746843031604,-0.2326529369973444,-0.1282780266592754
14657,0.36460524558490276,-0.3906494539382007,-1.0954730403388093
5245,-0.9783719990319979,-0.26650933348467076,0.8389169870202585
3425,-1.077851794929546,-0.45836224691285343,1.3225144938600255
4513,-0.6550626623649661,0.10591102787591913,0.35531948018049153
111,-0.008443989030902977,0.46704592374073356,0.8389169870202585
12958,1.3345332555859974,1.776159921250686,-1.0954730403388093
1701,0.14077570481541946,0.45576045824495814,-0.1282780266592754
1783,-1.077851794929546,-1.146775642155156,1.3225144938600255
2543,-0.10792378492845114,-0.921066332239647,-0.6118755334990423
5665,-0.25714347877477345,0.602471509690039,0.8389169870202585
4414,-0.7794124072369014,-0.9436372632311979,-0.1282780266592754
978,1.6329726432786424,1.0426046640252815,-2.062668054018343
3035,1.4340130514835459,1.3924540943943207,-0.1282780266592754
5847,-0.505842968518644,-0.9887791252142997,0.8389169870202585
14393,-1.077851794929546,-0.4245058504255271,0.8389169870202585
10892,0.6630446332775474,-0.322936660963548,-1.5790705471785762
9954,0.36460524558490276,0.4444749927491827,-0.6118755334990423
9003,-0.6301927133905793,-0.0746564200564881,0.35531948018049153
4489,0.7127845312263216,0.8733226815886498,-0.1282780266592754
8819,-0.580452815441805,-0.6840715568283625,0.35531948018049153
9402,-0.6550626623649661,-0.4922186434001798,0.8389169870202585
6536,0.8620042250726437,-0.6050732983579343,-1.0954730403388093
6762,1.359403204560385,1.753588990259135,-0.6118755334990423
9599,-0.7794124072369014,-0.24393840249311985,0.8389169870202585
1408,-0.25714347877477345,-0.7404988843072398,-0.1282780266592754
11874,0.886874174047031,1.4488814218731978,0.35531948018049153
15104,2.1801115207151573,2.351718661535234,0.35531948018049153
10391,-1.052981845955159,-0.3342221264593235,0.8389169870202585
12782,-0.6550626623649661,-1.0339209871974016,-0.6118755334990423
11110,2.6277706022541243,2.475858781988764,-2.54626556085811
7553,1.4837529494323203,0.952320940059078,-1.5790705471785762
4058,-1.052981845955159,-1.0452064526931768,0.8389169870202585
3550,-1.077851794929546,-0.8420680737692188,-0.1282780266592754
14635,-1.003241948006385,-1.0790628491805032,0.8389169870202585
12881,0.9117441230214178,0.8394662851013235,-1.5790705471785762
11763,-0.8042823562112885,-0.5373605053832816,0.35531948018049153
12443,-1.077851794929546,-1.146775642155156,1.3225144938600255
6011,-1.077851794929546,-0.4245058504255271,0.8389169870202585
8197,1.0360938678933531,1.5730215423267278,-0.6118755334990423
396,-0.4561030705698698,-0.8307826082734433,0.35531948018049153
14158,0.9117441230214178,0.12848195886747005,-0.6118755334990423
14203,-1.077851794929546,-1.146775642155156,1.3225144938600255
9481,-0.6053227644161921,-1.0339209871974016,-0.1282780266592754
2366,-0.6799326113393532,0.21876568283367365,0.8389169870202585
8649,0.16564565378980642,0.28647847580832636,0.8389169870202585
12351,-1.077851794929546,-1.0564919181889523,1.3225144938600255
11281,-0.9535020500576108,-1.0677773836847277,-0.1282780266592754
13106,-0.7545424582625144,-0.9774936597185242,-1.5790705471785762
1599,-0.008443989030902977,0.7153261646477935,0.35531948018049153
5640,1.4588830004579327,1.8438727142253386,-0.1282780266592754
11904,0.8371342760982567,1.2006011809661379,-0.6118755334990423
817,1.4588830004579327,0.9071790780759762,-1.0954730403388093
7289,-0.28201342774916044,-0.9549227287269733,0.35531948018049153
6173,-0.8788922031344497,-1.0564919181889523,0.8389169870202585
14278,-1.077851794929546,-1.1129192456678296,1.3225144938600255
3213,-0.7794124072369014,-0.7743552807945661,0.8389169870202585
216,1.3345332555859974,1.4940232838562997,0.35531948018049153
10769,1.1355736637909013,1.6407343353013806,-1.0954730403388093
10905,-0.9286321010832237,-1.0113500562058506,-0.6118755334990423
6192,-1.077851794929546,-1.2032029696340332,1.3225144938600255
13236,-1.077851794929546,-0.7517843498030152,0.35531948018049153
6717,0.19051560276419338,0.8958936125802007,0.8389169870202585
14491,-0.35662327467232163,-0.006943627081835381,0.35531948018049153
3275,-1.077851794929546,-1.2032029696340332,1.3225144938600255
11042,-0.7048025603137403,-0.35679305745087436,0.35531948018049153
7677,0.5138249394312252,-0.7517843498030152,-0.6118755334990423
611,1.7075824902018033,1.0990319915041589,-2.062668054018343
1512,-1.077851794929546,-1.022635521701626,0.8389169870202585
13541,0.4143451435336769,-0.6163587638537098,-1.0954730403388093
11155,-0.8540222541600626,-0.040800023569161736,0.8389169870202585
9420,-1.052981845955159,-0.9549227287269733,0.8389169870202585
10870,-1.077851794929546,-0.9323517977354224,0.8389169870202585
11496,2.528290806356576,2.4645733164929884,-2.54626556085811
12123,0.5884347863543863,0.1849092863463473,-2.062668054018343
8159,1.5583627963554811,1.6068779388140542,-0.6118755334990423
14870,1.6827125412274162,0.7943244231182217,-2.54626556085811
14957,-0.4312331215954827,-0.9887791252142997,-0.6118755334990423
5861,-0.580452815441805,-0.9549227287269733,0.8389169870202585
8015,-1.077851794929546,-1.2032029696340332,0.8389169870202585
5821,-0.7048025603137403,-1.0452064526931768,-0.6118755334990423
11891,0.14077570481541946,0.8394662851013235,-0.1282780266592754
5514,0.8371342760982567,-0.4132203849297516,-1.0954730403388093
763,-0.9535020500576108,-1.022635521701626,0.35531948018049153
2751,-0.7296725092881273,0.11719649337169459,0.35531948018049153
10388,-1.052981845955159,-0.3342221264593235,0.8389169870202585
5689,0.8620042250726437,1.2795994394365662,-0.1282780266592754
5500,-0.7545424582625144,-0.9887791252142997,0.8389169870202585
14978,-0.40636317262109567,-0.9323517977354224,0.8389169870202585
10052,-0.8291523051856755,0.00434183841394007,0.8389169870202585
2501,0.7873943781494827,-0.4132203849297516,-1.0954730403388093
2390,-0.7048025603137403,0.12848195886747005,0.8389169870202585
7053,-0.4312331215954827,0.16233835535479638,0.8389169870202585
10443,2.3044612655870926,2.0244401621577457,-2.54626556085811
9706,1.5583627963554811,1.7084471282760332,-0.1282780266592754
8293,0.9863539699445792,0.5573296477069372,0.35531948018049153
1621,0.8620042250726437,1.4601668873689733,-0.1282780266592754
13952,-0.9037621521088367,-0.6502151603410361,0.35531948018049153
8709,-1.052981845955159,-1.0677773836847277,1.3225144938600255
14828,0.2402555007129675,0.7830389576224462,-0.1282780266592754
6817,0.16564565378980642,0.4444749927491827,0.8389169870202585
2477,1.1604436127652884,0.08334009688436823,-1.5790705471785762
12618,2.478550908407802,2.3178622650479075,-2.54626556085811
3485,-0.6053227644161921,0.2300511483294491,0.8389169870202585
3194,0.5138249394312252,0.08334009688436823,-0.1282780266592754
6005,-1.077851794929546,-0.4245058504255271,1.3225144938600255
10609,-1.077851794929546,-1.169346573146707,0.35531948018049153
13558,-0.20740358082599933,-0.6163587638537098,-0.1282780266592754
10987,-0.7794124072369014,-0.9549227287269733,-0.1282780266592754
4315,0.2402555007129675,-0.4132203849297516,-0.6118755334990423
11412,-1.077851794929546,-0.7404988843072398,0.35531948018049153
14445,-0.8291523051856755,-0.029514558073386283,0.8389169870202585
2816,-1.077851794929546,-0.8082116772818925,0.35531948018049153
9690,1.8070622860993515,1.9905837656704195,-1.0954730403388093
7044,-1.077851794929546,-0.6389296948452606,1.3225144938600255
12612,1.9314120309712868,2.0582965586450723,-2.062668054018343
11598,-0.9037621521088367,-0.7179279533156888,1.3225144938600255
14751,1.2599234086628366,1.6181634043098296,-0.1282780266592754
13134,-1.0281118969807719,-1.169346573146707,1.3225144938600255
653,0.5138249394312252,-0.1875110750142426,-0.6118755334990423
11669,-0.8788922031344497,-1.1129192456678296,-0.1282780266592754
7100,0.09103580686664531,0.9071790780759762,0.35531948018049153
9147,0.2402555007129675,-0.7517843498030152,-0.6118755334990423
15290,-0.4561030705698698,-0.7179279533156888,1.3225144938600255
8971,-0.6301927133905793,0.17362382085057185,0.35531948018049153
13020,-1.077851794929546,-0.6502151603410361,0.8389169870202585
3502,1.3842731535347719,1.5391651458394016,-1.0954730403388093
9815,-0.6550626623649661,-0.921066332239647,-0.1282780266592754
7344,0.9614840209701918,-0.322936660963548,-1.0954730403388093
14036,-0.3317533256979346,0.5460441822111617,0.35531948018049153
479,-0.555582866467418,0.07205463138859278,0.35531948018049153
5747,-0.8788922031344497,-0.6276442293494852,0.8389169870202585
7065,-0.10792378492845114,0.5460441822111617,0.8389169870202585
4341,-0.3068833767235475,-0.8420680737692188,-0.6118755334990423
103,1.2599234086628366,1.1328883879914853,0.35531948018049153
1157,-0.555582866467418,-0.5147895743917307,0.35531948018049153
3193,0.36460524558490276,0.03819823490126643,-0.1282780266592754
10586,-0.48097301954425686,-1.0000645907100751,-0.6118755334990423
1383,0.5635648373799991,-0.15365467852691625,-0.1282780266592754
11595,0.2651254496873547,-0.029514558073386283,-1.0954730403388093
8282,1.4837529494323203,0.9974628020421797,0.35531948018049153
12524,0.14077570481541946,0.5009023202280599,-0.1282780266592754
7756,0.43921509250806384,0.38804766527030543,0.35531948018049153
11798,0.6381746843031604,0.8846081470844253,-1.0954730403388093
3468,0.9863539699445792,1.5391651458394016,0.35531948018049153
647,0.9863539699445792,0.08334009688436823,-1.5790705471785762
11315,-1.077851794929546,-1.2032029696340332,1.3225144938600255
13990,-1.077851794929546,-0.5937878328621589,0.8389169870202585
7399,-1.0281118969807719,-0.5937878328621589,0.8389169870202585
9520,0.04129590891787117,-0.7517843498030152,-0.1282780266592754
9694,2.57803070430535,2.3855750580225603,-2.062668054018343
1457,0.06616585789225812,-0.8759244702565452,-0.6118755334990423
11986,-0.3068833767235475,-0.6163587638537098,0.35531948018049153
2954,-1.052981845955159,-1.0903483146762787,1.3225144938600255
6462,-1.003241948006385,-0.6276442293494852,0.8389169870202585
13630,0.9863539699445792,1.178030249974587,-0.6118755334990423
10630,1.0360938678933531,-0.322936660963548,-2.54626556085811
11667,-1.052981845955159,-1.1806320386424822,1.3225144938600255
883,1.06096381686774,1.5617360768309523,0.35531948018049153
10648,0.46408504148245106,-0.22136747150156896,-0.6118755334990423
543,1.5086228984067072,1.8664436452168895,-0.1282780266592754
12961,0.3894751945592899,1.1328883879914853,-1.0954730403388093
9237,1.6578425922530293,1.4037395598900961,-0.1282780266592754
5221,-0.05818388697967712,0.38804766527030543,0.8389169870202585
12580,-0.9286321010832237,-0.10851281654381445,0.35531948018049153
6545,-0.008443989030902977,-0.8646390047607697,-0.6118755334990423
9392,-0.05818388697967712,-0.018229092577610833,-0.1282780266592754
11210,0.7873943781494827,0.5573296477069372,-1.5790705471785762
13738,1.9811519289200612,1.7423035247633596,-2.062668054018343
741,0.2651254496873547,-0.7856407462903415,-0.6118755334990423
9143,-0.28201342774916044,-0.898495401248096,-0.1282780266592754
10318,1.6827125412274162,1.1216029224957098,-2.54626556085811
5771,-1.077851794929546,-1.022635521701626,0.8389169870202585
5123,-1.077851794929546,-1.1806320386424822,1.3225144938600255
2144,-0.8788922031344497,-1.0113500562058506,0.8389169870202585
1880,-1.077851794929546,-1.0113500562058506,0.8389169870202585
13513,0.09103580686664531,-0.8646390047607697,-1.0954730403388093
12048,-1.077851794929546,-1.2032029696340332,1.3225144938600255
12196,1.8319322350737386,1.979298300174644,-2.062668054018343
333,-0.9286321010832237,-1.0903483146762787,0.35531948018049153
7932,-1.077851794929546,-0.8307826082734433,1.3225144938600255
11327,-1.052981845955159,-1.169346573146707,0.8389169870202585
2286,-1.052981845955159,-0.6389296948452606,0.8389169870202585
10073,0.09103580686664531,0.7378970956393444,0.35531948018049153
714,-0.530712917493031,-1.0113500562058506,-0.6118755334990423
8059,0.7625244291750957,-0.5712169018706079,-0.6118755334990423
3393,-1.052981845955159,-0.5486459708790571,1.3225144938600255
5987,-0.15766368287722518,0.6250424406815899,0.8389169870202585
4181,-1.052981845955159,-0.3342221264593235,0.8389169870202585
14480,0.488954990456838,0.7378970956393444,-0.6118755334990423
5985,1.1604436127652884,1.5504506113351768,0.8389169870202585
8127,0.5386948884056122,0.5347587167153863,0.35531948018049153
12478,-1.077851794929546,-0.9436372632311979,1.3225144938600255
12000,-0.8042823562112885,-0.9436372632311979,0.8389169870202585
6879,1.0360938678933531,-0.27779479898044623,-2.54626556085811
9754,-0.7794124072369014,-0.44707678141707796,0.8389169870202585
13333,1.856802184048126,2.0582965586450723,0.35531948018049153
839,-0.4561030705698698,0.09462556238014368,0.35531948018049153
12939,1.1355736637909013,1.6181634043098296,-0.6118755334990423
10926,-1.077851794929546,-1.1806320386424822,1.3225144938600255
7401,-0.8042823562112885,-0.322936660963548,0.35531948018049153
8231,0.9863539699445792,1.4714523528647487,-0.1282780266592754
4863,0.9117441230214178,1.1216029224957098,0.35531948018049153
6006,-1.052981845955159,-0.3342221264593235,0.8389169870202585
3819,1.533492847381094,1.8890145762084405,-1.0954730403388093
2884,-1.077851794929546,-1.1580611076509315,1.3225144938600255
6712,0.06616585789225812,0.7717534921266708,0.35531948018049153
7420,-0.6053227644161921,0.03819823490126643,0.8389169870202585
744,-1.077851794929546,-1.1806320386424822,1.3225144938600255
1965,0.4143451435336769,1.0426046640252815,-0.1282780266592754
5958,1.583232745329868,1.4940232838562997,-0.6118755334990423
6491,0.09103580686664531,-0.2552238679888953,0.8389169870202585
1142,-1.077851794929546,-1.0564919181889523,1.3225144938600255
7839,2.677510500202898,2.554857040459192,-2.062668054018343
5071,0.09103580686664531,-0.7404988843072398,-1.0954730403388093
1206,1.4588830004579327,1.3585976979069943,-0.1282780266592754
3656,-0.13279373390283822,-0.898495401248096,-0.1282780266592754
14515,0.7873943781494827,0.2300511483294491,-1.0954730403388093
14883,-0.38149322364670873,-0.35679305745087436,0.8389169870202585
15151,2.8267301940492207,3.0514175222733115,-2.062668054018343
9201,-0.6053227644161921,-0.44707678141707796,1.3225144938600255
2802,-0.10792378492845114,0.16233835535479638,0.35531948018049153
8913,1.1107037148165144,1.5617360768309523,-0.1282780266592754
530,-0.6301927133905793,0.2639075448167755,0.8389169870202585
12568,-1.052981845955159,-0.3342221264593235,1.3225144938600255
4201,1.6578425922530293,1.9454419036873176,-1.0954730403388093
14367,1.533492847381094,1.5843070078225032,-1.0954730403388093
6810,-0.15766368287722518,0.3203348722956527,0.8389169870202585
11364,0.488954990456838,-0.4245058504255271,-0.1282780266592754
9483,-1.077851794929546,-1.2032029696340332,-0.1282780266592754
2525,-1.077851794929546,-1.1806320386424822,1.3225144938600255
12078,-0.20740358082599933,-0.796926211786117,-0.1282780266592754
11503,0.016425959943484204,0.8394662851013235,-0.6118755334990423
5216,-0.7296725092881273,-0.19879654051001805,0.8389169870202585
5337,1.1107037148165144,1.2795994394365662,-0.1282780266592754
11448,-0.20740358082599933,0.46704592374073356,0.8389169870202585
4375,-0.6053227644161921,-1.0339209871974016,-0.1282780266592754
9632,-0.7048025603137403,0.08334009688436823,0.8389169870202585
13131,-0.530712917493031,-1.0113500562058506,-0.6118755334990423
2412,-0.28201342774916044,0.37676219977452996,0.8389169870202585
3692,0.5884347863543863,-0.4245058504255271,-1.5790705471785762
9313,1.1604436127652884,1.6407343353013806,-0.1282780266592754
13148,-0.505842968518644,-1.0000645907100751,-1.0954730403388093
10208,-1.077851794929546,-1.2032029696340332,0.8389169870202585
7988,0.2651254496873547,-0.6502151603410361,-0.6118755334990423
4367,-0.6550626623649661,-1.0452064526931768,0.8389169870202585
12845,-0.4312331215954827,-0.44707678141707796,-0.6118755334990423
5309,-0.8540222541600626,-0.040800023569161736,1.3225144938600255
15105,2.030891826868835,2.2727204030648056,1.3225144938600255
7078,2.428811010459028,2.2727204030648056,-2.062668054018343
10557,-1.077851794929546,-1.169346573146707,1.3225144938600255
12795,-0.6053227644161921,-0.9887791252142997,-0.6118755334990423
10372,-1.052981845955159,-0.34550759195509895,1.3225144938600255
15106,-0.10792378492845114,0.5799005786984881,-0.1282780266592754
5809,-1.077851794929546,-1.169346573146707,1.3225144938600255
2117,-0.20740358082599933,-0.5035041088959552,0.35531948018049153
4822,-1.077851794929546,-0.8420680737692188,0.8389169870202585
7111,2.055761775843222,2.2050076100901532,-0.6118755334990423
7923,1.6578425922530293,0.9410354745633025,-1.0954730403388093
15217,-0.9037621521088367,0.04948370039704188,0.8389169870202585
4832,-0.9783719990319979,-0.6163587638537098,0.8389169870202585
1183,-0.05818388697967712,0.11719649337169459,0.35531948018049153
14878,-0.6550626623649661,-0.45836224691285343,0.35531948018049153
12417,-0.8042823562112885,-1.0790628491805032,-0.6118755334990423
9002,-1.052981845955159,-0.5712169018706079,0.8389169870202585
5800,-1.077851794929546,-1.146775642155156,1.3225144938600255
7556,0.9863539699445792,0.6701843026646918,-0.1282780266592754
10841,-0.8540222541600626,-0.43579131592130255,0.8389169870202585
4918,-0.033313938005289936,0.8168953541097725,-0.6118755334990423
5932,0.488954990456838,0.45576045824495814,0.35531948018049153
12365,-0.3068833767235475,-0.7630698152987906,0.35531948018049153
12887,1.6578425922530293,1.3473122324112188,-2.062668054018343
12561,0.3894751945592899,1.0426046640252815,-0.1282780266592754
7593,0.8371342760982567,-0.0746564200564881,-1.5790705471785762
14368,1.0112239189189662,1.2795994394365662,-0.6118755334990423
13351,0.488954990456838,1.0990319915041589,0.35531948018049153
621,0.2899953986617417,0.24133661382522456,-0.6118755334990423
8973,1.2599234086628366,1.5504506113351768,-0.1282780266592754
6355,-1.0281118969807719,-0.28908026447622165,0.8389169870202585
5756,1.4091431025091588,0.3316203377914282,-1.5790705471785762
10649,0.6133047353287733,-0.15365467852691625,-0.1282780266592754
13095,-1.052981845955159,-1.0790628491805032,-0.1282780266592754
3577,-1.077851794929546,-1.0113500562058506,1.3225144938600255
7307,-0.40636317262109567,-0.9662081942227487,0.35531948018049153
9808,-0.6550626623649661,-0.8759244702565452,0.35531948018049153
7231,0.886874174047031,-0.10851281654381445,-0.6118755334990423
4963,1.1355736637909013,1.3924540943943207,-0.1282780266592754
13682,-0.555582866467418,0.3429058032872036,0.8389169870202585
9366,0.3148653476361286,0.6363279061773653,0.8389169870202585
7074,2.2795913166127058,2.1485802826112756,-1.0954730403388093
10963,0.5386948884056122,-0.7630698152987906,-2.062668054018343
10000,-0.6550626623649661,0.15105288985902093,1.3225144938600255
8613,-0.40636317262109567,0.3316203377914282,0.35531948018049153
14041,1.0112239189189662,1.5617360768309523,-0.1282780266592754
185,2.030891826868835,1.877729110712665,-1.5790705471785762
15154,-0.4312331215954827,0.8958936125802007,-0.1282780266592754
13003,-0.530712917493031,0.17362382085057185,-0.1282780266592754
3165,-0.15766368287722518,0.16233835535479638,-0.6118755334990423
11974,1.3345332555859974,0.12848195886747005,-2.54626556085811
10021,2.428811010459028,2.3968605235183356,-2.062668054018343
6076,2.2547213676383184,1.7423035247633596,-1.5790705471785762
7391,1.3345332555859974,0.850751750597099,-1.0954730403388093
14236,-1.077851794929546,-1.2032029696340332,1.3225144938600255
3128,1.4588830004579327,1.674590731788707,-0.1282780266592754
4105,0.2402555007129675,0.29776394130410183,-0.1282780266592754
6608,0.5386948884056122,-0.5147895743917307,-0.6118755334990423
8524,1.06096381686774,1.3134558359238924,-0.1282780266592754
3651,-1.077851794929546,-1.1919175041382577,0.35531948018049153
8180,0.7625244291750957,1.3134558359238924,0.8389169870202585
14508,1.1355736637909013,0.5121877857238354,-0.6118755334990423
9652,-0.7296725092881273,0.1397674243632455,0.8389169870202585
13445,-1.077851794929546,-1.0452064526931768,0.8389169870202585
14337,-0.9783719990319979,-0.5486459708790571,0.8389169870202585
12964,0.2402555007129675,1.0200337330337308,-0.1282780266592754
8048,0.7625244291750957,-0.672786091332587,-2.062668054018343
4191,0.7127845312263216,1.3698831634027697,-0.6118755334990423
1594,1.7821923371249646,1.855158179721114,-0.6118755334990423
2534,-1.077851794929546,-1.1919175041382577,1.3225144938600255
7819,2.030891826868835,2.1372948171155004,-0.6118755334990423
12209,-1.052981845955159,-0.34550759195509895,0.35531948018049153
13061,1.1604436127652884,0.24133661382522456,-2.54626556085811
5412,-1.077851794929546,-1.0564919181889523,0.8389169870202585
676,-1.077851794929546,-1.1129192456678296,1.3225144938600255
5080,-0.20740358082599933,-0.8646390047607697,0.35531948018049153
6087,-1.0281118969807719,-0.5937878328621589,0.8389169870202585
7120,0.33973529661051577,1.0877465260083834,0.35531948018049153
921,-0.7545424582625144,0.09462556238014368,0.35531948018049153
8414,-1.0281118969807719,-1.1354901766593806,1.3225144938600255
1182,0.8371342760982567,0.602471509690039,-1.5790705471785762
3312,-1.077851794929546,-1.146775642155156,0.8389169870202585
12777,-0.7296725092881273,-1.0677773836847277,-1.0954730403388093
12528,2.1801115207151573,1.7310180592675841,-2.54626556085811
221,0.2899953986617417,0.7830389576224462,0.35531948018049153
558,-0.6053227644161921,0.252622079321,0.8389169870202585
5937,0.488954990456838,0.5347587167153863,-0.1282780266592754
1327,1.5583627963554811,1.4037395598900961,-1.0954730403388093
6037,0.016425959943484204,0.8056098886139971,0.8389169870202585
2456,0.46408504148245106,0.19619475184212273,0.35531948018049153
7731,-1.052981845955159,-0.8872099357523205,0.8389169870202585
3615,-0.6550626623649661,-0.9662081942227487,-0.6118755334990423
3492,1.6827125412274162,1.8213017832337877,-1.0954730403388093
13496,-1.077851794929546,-1.2032029696340332,1.3225144938600255
10612,-1.0281118969807719,-1.1129192456678296,0.8389169870202585
14316,-0.05818388697967712,-0.11979828203958989,-0.1282780266592754
5674,-0.008443989030902977,0.7717534921266708,-0.1282780266592754
2331,-0.555582866467418,0.252622079321,1.3225144938600255
9978,-0.8291523051856755,-0.17622560951846716,1.3225144938600255
14266,-0.9037621521088367,-1.0564919181889523,1.3225144938600255
2549,-1.052981845955159,-1.1806320386424822,1.3225144938600255
6994,-0.580452815441805,-0.672786091332587,0.8389169870202585
578,0.33973529661051577,0.9071790780759762,0.35531948018049153
4874,0.886874174047031,1.2457430429492398,0.35531948018049153
5814,-0.3317533256979346,-0.9323517977354224,0.8389169870202585
9381,0.7127845312263216,0.5573296477069372,-0.1282780266592754
8645,1.4588830004579327,1.0200337330337308,-0.6118755334990423
11707,-1.077851794929546,-1.1580611076509315,0.8389169870202585
12683,-1.077851794929546,-0.8420680737692188,0.35531948018049153
1665,-0.20740358082599933,0.5573296477069372,0.35531948018049153
6319,0.5138249394312252,0.8056098886139971,0.8389169870202585
6627,-1.077851794929546,-1.022635521701626,0.8389169870202585
2582,0.2899953986617417,-0.6615006258368116,-1.5790705471785762
5422,-0.3317533256979346,-0.7292134188114643,-0.6118755334990423
8822,-0.40636317262109567,-0.5712169018706079,0.8389169870202585
7484,-1.077851794929546,-0.4245058504255271,1.3225144938600255
724,0.016425959943484204,-0.8872099357523205,-0.6118755334990423
15198,2.1055016737919963,2.0131546966619704,-2.062668054018343
3484,-0.3068833767235475,0.5121877857238354,0.35531948018049153
13627,0.7625244291750957,0.9974628020421797,-0.1282780266592754
1153,-0.9535020500576108,-0.8646390047607697,0.8389169870202585
9608,1.533492847381094,1.4150250253858716,-0.1282780266592754
13212,0.7873943781494827,0.1397674243632455,-1.0954730403388093
9085,0.6879145822519344,-0.5599314363748324,-0.6118755334990423
447,-0.008443989030902977,0.07205463138859278,0.35531948018049153
1791,-1.077851794929546,-1.169346573146707,1.3225144938600255
4630,0.7625244291750957,0.6250424406815899,-0.6118755334990423
7458,-0.2322735298003864,0.6250424406815899,0.35531948018049153
11785,2.030891826868835,1.4150250253858716,-2.062668054018343
11030,-0.3068833767235475,-0.24393840249311985,-0.1282780266592754
2820,1.359403204560385,0.602471509690039,-1.0954730403388093
944,2.478550908407802,2.1598657481070513,-2.062668054018343
2168,-1.0281118969807719,-1.1580611076509315,0.8389169870202585
9457,-0.38149322364670873,-0.8759244702565452,0.8389169870202585
5733,0.21538555173858054,0.2300511483294491,-0.1282780266592754
2333,-0.555582866467418,0.2639075448167755,0.8389169870202585
10080,-1.077851794929546,-0.5486459708790571,0.8389169870202585
875,-0.9783719990319979,-0.21008200600579352,0.8389169870202585
6451,-0.20740358082599933,0.19619475184212273,0.35531948018049153
12153,0.9863539699445792,0.9297500090675271,-1.5790705471785762
6664,1.7821923371249646,1.1216029224957098,-2.062668054018343
7738,-0.3068833767235475,-0.28908026447622165,0.8389169870202585
1315,0.8371342760982567,1.1667447844788115,0.35531948018049153
3963,-1.0281118969807719,-1.0564919181889523,0.8389169870202585
6323,1.2350534596884497,1.2908849049323414,-0.6118755334990423
13991,0.2651254496873547,0.6588988371689163,-0.6118755334990423
5787,-1.077851794929546,-1.1016337801720542,1.3225144938600255
7487,1.6081026943042553,1.922870972695767,-0.1282780266592754
11124,1.4340130514835459,1.8325872487295631,-1.5790705471785762
4192,0.16564565378980642,0.9748918710506289,-0.1282780266592754
13110,-1.077851794929546,-1.1580611076509315,0.8389169870202585
4245,1.9314120309712868,1.6633052662929315,-1.0954730403388093
8141,-0.6799326113393532,-0.13108374753536534,0.8389169870202585
6651,-0.28201342774916044,-0.1649401440226917,0.35531948018049153
13634,1.4340130514835459,1.4940232838562997,-1.5790705471785762
13411,0.7873943781494827,0.37676219977452996,-1.5790705471785762
13122,-0.9535020500576108,-1.124204711163605,-0.1282780266592754
14821,-0.033313938005289936,0.6476133716731408,0.8389169870202585
2133,0.9366140719958048,-0.35679305745087436,-1.0954730403388093
10239,-1.052981845955159,-1.1580611076509315,0.8389169870202585
6714,-0.7794124072369014,0.026912769405490974,0.35531948018049153
1626,1.6081026943042553,1.9341564381915424,-1.0954730403388093
7747,0.6133047353287733,0.3203348722956527,-0.1282780266592754
12737,0.5138249394312252,-0.5937878328621589,-2.062668054018343
1237,-0.8042823562112885,0.00434183841394007,1.3225144938600255
4216,2.503420857382189,2.3404331960394584,-2.062668054018343
4817,-0.6550626623649661,-0.4922186434001798,0.35531948018049153
6939,0.4143451435336769,-0.8082116772818925,-0.1282780266592754
7719,0.21538555173858054,-0.4132203849297516,-0.1282780266592754
6023,2.8267301940492207,2.622569833433845,-1.5790705471785762
14064,1.1853135617396753,1.652019800797156,-1.0954730403388093
11776,-1.077851794929546,-0.7404988843072398,0.35531948018049153
14686,-0.13279373390283822,-0.08594188555226354,0.35531948018049153
1355,0.21538555173858054,0.15105288985902093,-1.5790705471785762
979,1.6578425922530293,1.031319198529506,-1.0954730403388093
3116,-0.9286321010832237,-0.1423692130311408,0.8389169870202585
13948,-1.077851794929546,-0.8872099357523205,1.3225144938600255
1097,-1.077851794929546,-1.1919175041382577,1.3225144938600255
4919,2.2298514186639316,2.3065767995521322,-1.0954730403388093
1018,-1.077851794929546,-0.9887791252142997,1.3225144938600255
4955,-1.0281118969807719,-0.35679305745087436,0.8389169870202585
13564,-1.0281118969807719,-0.9662081942227487,0.8389169870202585
1705,0.14077570481541946,0.3316203377914282,-0.1282780266592754
13683,-0.9535020500576108,-0.13108374753536534,0.8389169870202585
5623,-1.052981845955159,-0.35679305745087436,1.3225144938600255
12981,1.6081026943042553,1.8438727142253386,-1.0954730403388093
2858,0.5884347863543863,-0.35679305745087436,-1.0954730403388093
9966,-1.077851794929546,-0.6389296948452606,0.35531948018049153
2075,-0.8788922031344497,-0.45836224691285343,0.35531948018049153
14037,0.886874174047031,1.4601668873689733,-0.1282780266592754
4089,-1.077851794929546,-0.8646390047607697,0.35531948018049153
13379,-0.4561030705698698,0.1397674243632455,0.8389169870202585
9837,0.016425959943484204,-0.8759244702565452,-1.0954730403388093
4866,-0.25714347877477345,0.3541912687829791,0.8389169870202585
11102,-0.48097301954425686,0.3429058032872036,-0.6118755334990423
14687,-0.9535020500576108,-0.6502151603410361,1.3225144938600255
2067,0.2402555007129675,0.5009023202280599,0.35531948018049153
13825,-0.38149322364670873,-0.7743552807945661,-0.6118755334990423
1508,0.7376544802007085,-0.26650933348467076,-2.062668054018343
14453,0.886874174047031,1.3134558359238924,-0.1282780266592754
2715,-0.3317533256979346,0.5460441822111617,0.35531948018049153
10371,0.8122643271238696,1.3473122324112188,-0.1282780266592754
11876,-0.3068833767235475,0.5460441822111617,0.35531948018049153
1566,1.2101835107140624,1.1441738534872608,-1.0954730403388093
9609,-1.077851794929546,-0.5825023673663834,0.8389169870202585
13710,-0.3317533256979346,0.5009023202280599,0.35531948018049153
1602,0.5138249394312252,1.1216029224957098,-0.1282780266592754
321,0.5386948884056122,-0.6163587638537098,-0.6118755334990423
3256,-1.052981845955159,-1.1580611076509315,0.8389169870202585
13724,-0.7545424582625144,0.00434183841394007,1.3225144938600255
3837,2.8018602450748333,2.5887134369465183,-2.062668054018343
12547,0.6381746843031604,1.0990319915041589,-0.6118755334990423
6641,-1.077851794929546,-0.898495401248096,1.3225144938600255
10495,0.11590575584103227,-0.029514558073386283,-0.1282780266592754
7132,-0.9783719990319979,-0.21008200600579352,0.8389169870202585
8287,0.9117441230214178,0.6363279061773653,-0.6118755334990423
7337,0.016425959943484204,-0.672786091332587,0.8389169870202585
7363,-0.20740358082599933,-0.45836224691285343,0.35531948018049153
12213,0.8371342760982567,1.4375959563774223,-0.6118755334990423
7807,-0.08305383595406408,0.6476133716731408,0.8389169870202585
263,0.5138249394312252,0.2300511483294491,-1.0954730403388093
3290,0.04129590891787117,-0.8646390047607697,-0.1282780266592754
5372,-0.9535020500576108,-0.6163587638537098,0.8389169870202585
8304,-0.9535020500576108,-0.6953570223241379,0.35531948018049153
5553,0.2651254496873547,0.09462556238014368,-0.6118755334990423
10196,-1.077851794929546,-1.1806320386424822,1.3225144938600255
3865,2.2795913166127058,2.0695820241408476,-1.5790705471785762
2753,2.1552415717407705,2.1598657481070513,-1.0954730403388093
7660,-1.077851794929546,-1.2032029696340332,1.3225144938600255
9731,1.4588830004579327,1.302170370428117,0.35531948018049153
9490,-0.48097301954425686,-1.0000645907100751,-1.0954730403388093
8525,0.19051560276419338,0.7491825611351198,-0.1282780266592754
8781,0.11590575584103227,-0.7856407462903415,-0.1282780266592754
131,0.14077570481541946,0.7830389576224462,0.8389169870202585
12586,-1.0281118969807719,-0.26650933348467076,-0.1282780266592754
14862,0.2651254496873547,0.28647847580832636,-0.1282780266592754
9753,-0.4312331215954827,-0.17622560951846716,-0.1282780266592754
5872,-1.003241948006385,-1.0677773836847277,1.3225144938600255
13413,-0.9037621521088367,-0.6163587638537098,0.35531948018049153
8296,-1.077851794929546,-0.8194971427776678,1.3225144938600255
2091,0.2651254496873547,0.08334009688436823,-0.1282780266592754
12280,-0.7048025603137403,-0.06337095456071264,-0.6118755334990423
8290,-0.580452815441805,-0.2552238679888953,0.8389169870202585
11958,1.6329726432786424,0.5573296477069372,-2.54626556085811
2619,-1.077851794929546,-0.9323517977354224,1.3225144938600255
1024,0.6879145822519344,-0.21008200600579352,-1.0954730403388093
8493,1.359403204560385,0.9861773365464044,-0.6118755334990423
4400,-1.052981845955159,-1.1354901766593806,1.3225144938600255
4003,-1.003241948006385,-1.1580611076509315,0.35531948018049153
11452,0.36460524558490276,0.9184645435717517,-0.1282780266592754
11899,2.0060218778944483,1.9341564381915424,-1.0954730403388093
13008,1.3842731535347719,1.4150250253858716,-1.5790705471785762
14962,-0.9783719990319979,-1.146775642155156,1.3225144938600255
7333,-1.077851794929546,-1.1354901766593806,0.8389169870202585
8784,-0.38149322364670873,-0.898495401248096,0.35531948018049153
12138,1.8070622860993515,1.0426046640252815,-2.54626556085811
5384,-1.077851794929546,-0.8872099357523205,0.8389169870202585
3950,0.6630446332775474,-0.27779479898044623,-0.6118755334990423
7233,-0.6053227644161921,-0.6953570223241379,0.35531948018049153
110,-1.003241948006385,-0.43579131592130255,0.35531948018049153
2442,-0.6053227644161921,-0.2326529369973444,0.8389169870202585
8852,-0.580452815441805,-0.24393840249311985,0.35531948018049153
2522,-1.077851794929546,-1.169346573146707,0.35531948018049153
10840,-0.9535020500576108,-0.5260750398875061,0.8389169870202585
3410,-0.40636317262109567,0.28647847580832636,0.8389169870202585
10316,0.6381746843031604,0.5460441822111617,-0.6118755334990423
14459,1.7075824902018033,1.7310180592675841,-2.062668054018343
15029,-0.7545424582625144,-0.6502151603410361,0.8389169870202585
11619,0.8122643271238696,-0.22136747150156896,-2.062668054018343
8756,-0.9783719990319979,-1.146775642155156,0.8389169870202585
4842,0.33973529661051577,0.46704592374073356,-0.6118755334990423
13715,1.5583627963554811,1.776159921250686,-1.0954730403388093
6113,0.9117441230214178,0.29776394130410183,-0.1282780266592754
11321,-1.077851794929546,-1.2032029696340332,1.3225144938600255
13450,-1.052981845955159,-1.0339209871974016,0.8389169870202585
967,1.1853135617396753,1.1216029224957098,-0.1282780266592754
12925,0.11590575584103227,0.828180819605548,0.35531948018049153
1945,2.055761775843222,1.8325872487295631,-1.5790705471785762
10133,-0.9286321010832237,-0.6953570223241379,0.35531948018049153
15092,2.4039410614846406,2.1485802826112756,0.35531948018049153
6922,0.5635648373799991,-0.7856407462903415,-0.6118755334990423
95,-1.052981845955159,-0.6276442293494852,-0.1282780266592754
14998,-1.077851794929546,-1.2257739006255841,1.3225144938600255
13842,-1.077851794929546,-1.169346573146707,0.8389169870202585
2611,0.04129590891787117,-0.4019349194339762,0.35531948018049153
6662,0.7376544802007085,0.5686151132027126,-0.6118755334990423
2818,1.4091431025091588,0.6701843026646918,-2.062668054018343
9096,-0.033313938005289936,-0.8194971427776678,-1.0954730403388093
219,-0.40636317262109567,0.28647847580832636,0.35531948018049153
11021,-0.3068833767235475,-0.35679305745087436,-0.6118755334990423
59,0.5138249394312252,-0.040800023569161736,-0.6118755334990423
14358,-1.077851794929546,-0.5825023673663834,1.3225144938600255
2548,-0.008443989030902977,-0.898495401248096,-0.6118755334990423
14856,0.6630446332775474,0.5911860441942636,0.35531948018049153
3546,0.7873943781494827,0.4331895272534072,0.35531948018049153
13626,-1.077851794929546,-0.5825023673663834,1.3225144938600255
4012,-0.505842968518644,-1.0113500562058506,0.35531948018049153
7831,2.1552415717407705,2.250149472073255,-0.1282780266592754
4952,-0.13279373390283822,0.6250424406815899,0.35531948018049153
13879,-1.077851794929546,-1.1919175041382577,1.3225144938600255
461,-0.7794124072369014,-0.3003657299719971,-0.1282780266592754
11937,-0.7545424582625144,-0.34550759195509895,0.35531948018049153
14405,1.1604436127652884,1.652019800797156,-0.1282780266592754
4215,0.488954990456838,1.1328883879914853,-0.6118755334990423
4671,-0.8540222541600626,-0.7856407462903415,0.8389169870202585
3344,-1.077851794929546,-0.9887791252142997,0.8389169870202585
4684,-0.4312331215954827,-0.6953570223241379,0.35531948018049153
11520,0.9614840209701918,1.4488814218731978,-1.0954730403388093
3455,-1.077851794929546,-0.4245058504255271,1.3225144938600255
11226,0.886874174047031,0.30904940679987725,-2.062668054018343
7584,-1.052981845955159,-0.8872099357523205,0.35531948018049153
11299,-0.530712917493031,-1.0000645907100751,-0.1282780266592754
398,-1.077851794929546,-1.1129192456678296,0.35531948018049153
3980,-0.18253363185161225,-0.8307826082734433,-0.6118755334990423
13561,-1.077851794929546,-1.0452064526931768,0.35531948018049153
14341,-0.8291523051856755,-0.34550759195509895,0.35531948018049153
2375,2.6029006532797374,2.4871442474845393,-2.062668054018343
12412,-1.003241948006385,-1.1580611076509315,0.8389169870202585
3887,2.080631724817609,1.6181634043098296,-1.0954730403388093
8457,0.11590575584103227,-0.34550759195509895,0.35531948018049153
12935,1.1107037148165144,1.5843070078225032,-0.6118755334990423
9412,-0.033313938005289936,-0.3003657299719971,0.35531948018049153
7007,1.4837529494323203,0.5009023202280599,-0.6118755334990423
6729,1.583232745329868,1.8890145762084405,-0.1282780266592754
7768,1.7075824902018033,1.2795994394365662,-0.6118755334990423
8674,-0.580452815441805,-0.4696477124086289,0.8389169870202585
330,-1.0281118969807719,-1.124204711163605,0.8389169870202585
1786,0.21538555173858054,-0.7179279533156888,-1.0954730403388093
812,-0.9535020500576108,-0.6163587638537098,1.3225144938600255
1978,-0.3068833767235475,0.5573296477069372,0.35531948018049153
1694,-0.3317533256979346,0.2074802173378982,0.35531948018049153
613,-0.3317533256979346,-0.018229092577610833,0.35531948018049153
1282,0.43921509250806384,1.1441738534872608,-0.1282780266592754
7690,0.46408504148245106,-0.672786091332587,-0.1282780266592754
13280,1.2350534596884497,1.5053087493520751,-1.0954730403388093
11342,-1.077851794929546,-1.1580611076509315,1.3225144938600255
11355,-1.077851794929546,-1.1129192456678296,0.8389169870202585
13855,-1.003241948006385,-1.146775642155156,1.3225144938600255
13001,1.0360938678933531,1.302170370428117,-0.6118755334990423
6298,0.9117441230214178,0.6927552336562426,-1.0954730403388093
5121,-0.05818388697967712,-0.8759244702565452,-0.1282780266592754
12103,0.2402555007129675,-0.3906494539382007,-0.1282780266592754
7466,-0.7048025603137403,0.1849092863463473,0.8389169870202585
4622,-0.3317533256979346,0.1397674243632455,0.35531948018049153
4407,-1.077851794929546,-1.146775642155156,1.3225144938600255
8607,1.5583627963554811,1.7310180592675841,-0.6118755334990423
3222,1.1604436127652884,-0.1875110750142426,-1.5790705471785762
11498,1.06096381686774,1.5955924733182787,-1.0954730403388093
14860,1.06096381686774,0.726611630143569,-1.5790705471785762
12866,0.8371342760982567,0.5234732512196109,-1.5790705471785762
12836,0.5138249394312252,-0.26650933348467076,-1.0954730403388093
11772,-0.7794124072369014,-0.4245058504255271,0.35531948018049153
11752,-0.10792378492845114,-0.24393840249311985,0.8389169870202585
12031,0.2402555007129675,-0.8420680737692188,-2.062668054018343
5493,-1.077851794929546,-1.169346573146707,0.8389169870202585
10384,-1.052981845955159,-0.3342221264593235,1.3225144938600255
2029,0.19051560276419338,0.8733226815886498,-0.1282780266592754
5584,0.5138249394312252,0.7378970956393444,0.35531948018049153
4269,1.6827125412274162,0.9861773365464044,-1.5790705471785762
7885,-0.3068833767235475,0.39933313076608085,0.8389169870202585
8066,-1.077851794929546,-1.124204711163605,0.8389169870202585
3860,1.1355736637909013,1.4714523528647487,-0.1282780266592754
4991,-0.033313938005289936,0.29776394130410183,-0.6118755334990423
335,-1.077851794929546,-1.1919175041382577,1.3225144938600255
8991,2.2795913166127058,1.877729110712665,-1.5790705471785762
10307,-1.077851794929546,-0.796926211786117,0.35531948018049153
14915,-1.003241948006385,-1.0113500562058506,0.8389169870202585
2692,1.8070622860993515,1.8890145762084405,-1.5790705471785762
11642,-0.9783719990319979,-1.0564919181889523,0.8389169870202585
3369,-0.20740358082599933,-0.040800023569161736,-0.1282780266592754
14018,-0.530712917493031,0.2751930103125509,0.8389169870202585
8198,-0.6053227644161921,0.28647847580832636,0.8389169870202585
4977,0.7625244291750957,0.9861773365464044,0.35531948018049153
11237,-1.077851794929546,-0.9436372632311979,1.3225144938600255
12176,-1.077851794929546,-0.5260750398875061,1.3225144938600255
7699,-1.003241948006385,-1.0677773836847277,0.8389169870202585
3576,-1.077851794929546,-1.0000645907100751,1.3225144938600255
11705,0.3894751945592899,-0.7179279533156888,-1.0954730403388093
11590,0.7625244291750957,0.2751930103125509,-2.062668054018343
2664,-0.8291523051856755,-0.2552238679888953,0.8389169870202585
3703,0.7873943781494827,-0.21008200600579352,-0.1282780266592754
5371,-0.10792378492845114,0.00434183841394007,0.8389169870202585
8481,-0.8788922031344497,-0.5486459708790571,0.8389169870202585
1731,-0.40636317262109567,-0.3342221264593235,0.35531948018049153
2622,0.43921509250806384,0.026912769405490974,-1.0954730403388093
14370,2.2547213676383184,2.0244401621577457,-2.54626556085811
7811,0.11590575584103227,0.828180819605548,0.8389169870202585
2318,0.9863539699445792,1.302170370428117,-0.1282780266592754
3107,2.677510500202898,2.5210006439718655,-2.062668054018343
13283,0.33973529661051577,0.952320940059078,0.35531948018049153
9436,-1.052981845955159,-1.0452064526931768,0.8389169870202585
1166,0.6879145822519344,0.2300511483294491,-0.6118755334990423
1451,-0.7545424582625144,-1.0790628491805032,-1.0954730403388093
8470,-0.4312331215954827,-0.34550759195509895,0.8389169870202585
2966,-1.0281118969807719,-1.0113500562058506,1.3225144938600255
6119,-0.4312331215954827,-0.4132203849297516,0.8389169870202585
8158,-0.008443989030902977,0.5911860441942636,0.35531948018049153
5899,0.3148653476361286,-0.28908026447622165,-0.1282780266592754
15098,1.9065420819969,2.1711512136028266,1.3225144938600255
6518,0.6879145822519344,-0.44707678141707796,-0.6118755334990423
15060,2.3044612655870926,1.4488814218731978,-1.5790705471785762
11422,1.2350534596884497,1.053890129521057,-1.5790705471785762
4084,0.5635648373799991,0.10591102787591913,0.35531948018049153
3070,1.5086228984067072,1.8100163177380122,-0.1282780266592754
1943,2.2298514186639316,1.8890145762084405,-1.5790705471785762
10424,0.5635648373799991,1.178030249974587,-0.6118755334990423
10302,-0.15766368287722518,-0.10851281654381445,0.35531948018049153
6486,0.9366140719958048,0.16233835535479638,-1.0954730403388093
6485,-1.052981845955159,-0.8759244702565452,0.8389169870202585
11156,0.6630446332775474,1.2457430429492398,-0.6118755334990423
1347,0.3894751945592899,0.3654767342787545,-0.6118755334990423
7931,-1.077851794929546,-0.8194971427776678,1.3225144938600255
316,0.46408504148245106,-0.5825023673663834,-0.6118755334990423
5180,1.2350534596884497,0.37676219977452996,-1.0954730403388093
13605,0.6879145822519344,0.6137569751858144,-1.0954730403388093
8539,0.8620042250726437,1.3360267669154433,0.8389169870202585
1208,1.1355736637909013,1.2118866464619134,0.35531948018049153
10848,0.06616585789225812,0.11719649337169459,-0.6118755334990423
424,-0.7048025603137403,-0.6840715568283625,0.8389169870202585
554,-1.077851794929546,-0.44707678141707796,1.3225144938600255
2992,0.9366140719958048,0.3429058032872036,-1.5790705471785762
1954,0.09103580686664531,0.7153261646477935,-0.1282780266592754
8013,-0.35662327467232163,-0.9662081942227487,-0.6118755334990423
9470,-1.077851794929546,-1.1919175041382577,0.8389169870202585
1511,-1.077851794929546,-1.0339209871974016,1.3225144938600255
5572,0.6381746843031604,0.6137569751858144,0.35531948018049153
5844,0.06616585789225812,-0.8646390047607697,-1.5790705471785762
9088,-1.077851794929546,-1.146775642155156,1.3225144938600255
12033,0.2651254496873547,-0.8420680737692188,-1.0954730403388093
3800,2.6029006532797374,2.453287850997213,-2.062668054018343
7181,-0.25714347877477345,0.17362382085057185,0.35531948018049153
8940,2.7521203471260596,2.5887134369465183,-2.062668054018343
3894,0.4143451435336769,0.602471509690039,-0.1282780266592754
7589,1.1604436127652884,0.10591102787591913,-1.5790705471785762
5786,-0.8540222541600626,-0.9323517977354224,0.8389169870202585
6576,0.6381746843031604,-0.7517843498030152,-1.0954730403388093
2596,-0.8788922031344497,-0.9436372632311979,-0.6118755334990423
7565,-0.20740358082599933,-0.08594188555226354,0.35531948018049153
573,-0.08305383595406408,0.6363279061773653,-0.1282780266592754
5909,-0.9783719990319979,-0.7743552807945661,0.35531948018049153
7335,-1.077851794929546,-1.124204711163605,1.3225144938600255
14460,2.2049814696895442,1.9905837656704195,-2.54626556085811
