,mean_temp
10392,17.7
5440,-0.8
7316,1.4
12649,17.6
13249,11.6
7308,9.9
6648,12.6
1583,10.6
68,5.8
3251,6.0
8962,21.6
3295,8.6
4393,5.5
14464,19.9
7713,7.4
2455,16.1
1595,11.0
11571,17.6
4914,20.6
8295,11.0
4881,15.8
8511,13.4
6092,16.4
245,16.2
3017,10.0
5292,18.3
3795,22.6
4122,8.2
4004,8.8
14906,10.4
4676,6.6
4077,4.8
6434,18.7
10628,9.0
673,3.0
11688,5.9
11419,9.3
8654,16.2
14082,16.3
10668,6.6
13335,18.1
3024,8.3
13989,10.8
12608,19.9
2425,16.1
7581,10.2
12774,8.7
6388,16.6
13166,2.6
4984,16.2
11585,18.7
13078,10.3
3433,14.8
4338,14.4
8495,11.5
8810,1.6
5228,12.3
12662,15.8
2517,5.1
14102,16.2
6174,9.6
9039,15.0
2036,20.5
3065,13.0
12156,8.1
13305,14.5
3355,8.0
14670,11.3
5183,8.8
4638,16.4
1427,2.2
3881,17.6
14764,13.8
1041,5.6
8821,8.2
4501,7.9
5557,4.6
1413,4.4
114,7.4
8513,15.7
11716,1.0
13885,2.5
230,16.6
13422,14.1
6109,15.1
10662,6.5
2746,14.4
14709,8.8
7998,6.8
1520,5.4
14420,21.9
4604,22.3
214,17.0
10062,25.6
14436,19.1
7598,11.5
11024,8.6
11317,5.7
5614,12.3
2487,10.9
8323,16.8
11731,6.7
6927,8.3
2182,6.1
3886,17.9
11515,20.4
14021,18.0
11028,9.4
3477,14.8
5706,19.0
5169,6.2
9230,7.8
9927,6.4
3115,19.5
10766,16.0
6914,5.5
5369,14.4
8992,19.0
10241,7.9
6935,5.9
14951,10.0
10036,18.9
1498,2.9
10431,17.4
10296,11.0
9745,19.0
14863,17.6
11541,18.9
4176,11.2
5217,8.6
8222,22.2
6977,6.0
6234,-2.2
2055,19.2
11711,6.5
2058,22.0
9266,16.5
13974,10.3
15199,28.6
4861,11.9
5683,25.0
9659,15.4
4860,11.2
14340,10.4
8094,3.4
483,9.4
10338,14.4
10802,19.4
14437,19.4
12531,15.0
9515,6.9
4391,7.4
9125,10.0
12900,11.7
2984,0.2
11957,16.8
6425,19.0
3079,14.0
2046,16.4
13640,15.8
12117,6.8
4328,7.5
5137,8.5
7173,16.1
4128,12.2
13897,1.4
2347,17.2
15138,17.6
11427,9.5
9581,11.0
5857,6.2
9918,4.5
15273,10.2
13848,1.1
1414,6.1
499,15.8
668,6.8
10678,6.8
8631,21.6
3033,13.4
6829,16.6
9364,15.7
4695,6.0
2485,9.9
12890,11.4
11623,13.0
303,11.2
12816,7.6
12637,18.9
9253,12.8
1703,20.0
13733,22.2
13315,16.9
10400,17.4
5496,3.0
5152,9.0
6210,4.8
1042,6.0
14733,8.4
3921,15.9
2924,3.0
3206,10.5
11836,16.4
7596,9.5
6223,7.0
10875,14.4
10728,11.4
5035,7.2
5743,15.5
14038,15.6
10606,9.4
5642,17.0
13858,12.0
14127,18.6
13363,20.4
2699,12.6
3402,6.7
7856,15.4
11097,13.7
1068,6.2
7457,16.8
7109,19.8
3143,15.3
2470,15.2
11859,17.8
14617,7.7
10079,22.7
553,14.7
8538,16.0
9222,13.0
13823,5.6
11095,13.3
5746,15.9
2766,18.6
9537,10.0
3038,15.6
6345,6.7
13873,10.2
12439,0.3
11610,11.4
10939,3.6
8332,14.0
6311,6.1
3315,5.8
13372,19.2
14432,25.0
7745,8.0
4720,6.4
13258,11.3
8621,16.8
420,5.7
4667,15.0
4954,17.8
2995,3.8
13866,6.8
1496,1.4
1047,6.2
12202,19.1
8925,15.4
856,12.0
10054,20.2
15229,14.5
8391,0.4
3660,9.0
7654,4.4
4659,11.5
11734,6.4
14861,13.9
6332,8.7
11039,9.7
15261,9.0
14438,21.6
3187,15.2
8916,22.4
6133,15.4
820,7.4
1643,19.6
7559,19.2
14787,18.8
2631,7.4
107,7.2
10591,6.7
367,2.6
6983,13.2
416,6.6
2420,15.8
729,9.0
4768,1.8
3599,8.4
13826,2.8
3941,13.4
4129,12.2
9934,3.8
6508,12.2
2388,17.3
9225,10.0
3804,10.8
10989,1.1
13342,18.6
5353,14.2
14144,12.6
510,12.9
700,2.1
10068,26.3
13900,1.9
2628,3.8
5981,9.2
1277,15.9
13399,13.3
2030,20.4
5327,17.9
39,2.4
1891,10.2
12166,8.5
6682,7.2
9462,8.6
4313,12.4
3482,13.8
9810,10.0
2980,11.8
14756,14.5
12198,21.1
1303,14.2
381,2.4
8072,10.3
11103,14.6
346,7.5
15158,17.3
12424,7.3
11809,13.2
474,12.1
5382,9.4
6889,8.0
1878,5.3
7276,3.0
13535,6.8
322,6.2
14048,24.5
12659,19.5
8522,10.0
8188,14.6
2754,18.6
5001,15.2
5843,5.6
6870,9.5
7077,15.8
3328,4.4
971,18.8
3076,15.5
7019,9.7
4464,5.8
7884,18.2
12750,8.8
11903,19.1
6107,13.2
12773,8.2
1201,10.5
2727,16.8
9418,11.6
14009,12.1
7407,7.2
36,1.2
6325,13.4
5914,9.9
7061,11.8
6934,8.6
14846,24.8
12216,12.9
11018,6.1
6463,14.4
8993,19.4
4829,10.8
4850,11.6
8862,5.5
3090,13.4
12522,14.8
1288,17.4
3031,10.8
10887,8.8
2977,2.0
2400,17.6
9798,14.4
14843,18.6
14972,8.7
4461,11.7
1746,15.6
4329,5.6
15274,10.0
10155,15.6
7359,4.4
11478,20.5
5425,8.8
6908,8.6
7590,10.2
3405,9.0
10122,18.2
4560,14.7
12188,8.7
3375,7.2
15077,17.2
12710,15.6
2507,1.7
5333,18.4
14032,19.4
11032,9.8
210,17.8
14981,8.1
1950,12.0
13910,8.1
651,6.9
2206,-2.2
13810,10.0
2615,-0.6
1396,9.4
10646,11.2
6698,16.4
6390,16.6
1670,23.2
2320,11.6
9734,14.8
8466,11.8
7292,6.2
1952,10.0
12353,5.6
12780,6.3
2937,-0.6
11115,12.9
10894,3.8
11699,8.3
5513,7.1
11755,6.8
12479,4.2
484,8.6
12596,16.3
8824,9.2
898,12.4
1732,16.3
8011,10.7
2613,-1.0
5920,7.6
5391,13.4
4705,6.3
11011,9.2
12037,3.2
10542,4.2
2640,4.8
1250,22.0
12550,10.2
5912,9.1
2435,14.1
8262,24.4
13928,9.2
15255,12.6
13669,14.6
9399,10.3
4147,11.1
12331,13.2
12347,11.5
2303,10.2
10896,5.6
10368,14.0
14838,19.6
582,18.0
4923,17.4
4304,18.4
718,2.2
6753,13.6
10620,7.0
762,4.4
3844,21.2
1870,3.2
12869,7.0
6369,16.8
13464,13.4
11117,13.4
738,5.2
3545,12.8
9565,6.6
7914,16.0
6161,9.9
7534,16.5
7852,17.6
12572,14.0
6088,17.1
8031,2.2
10164,13.5
9443,10.9
6431,19.4
750,4.7
3449,13.3
15103,17.1
14310,7.9
2329,15.4
3571,8.8
1839,6.9
10120,18.6
10797,22.0
1275,15.8
14628,3.0
10349,11.4
5020,16.2
10539,8.5
9377,19.8
4064,5.4
6315,13.6
9414,13.0
2264,5.1
8929,17.1
1536,9.8
4509,8.8
13573,4.9
5044,8.2
1369,12.8
740,2.7
10548,5.8
11999,10.6
1188,10.2
13767,18.6
10986,4.4
1570,5.4
9642,19.2
10284,8.0
2527,13.8
2127,8.7
12581,15.8
3487,15.2
10308,5.0
2764,17.8
5058,11.4
5261,13.4
5277,14.7
11232,12.8
12669,13.3
7092,16.5
1981,12.3
5267,15.4
4296,15.8
10862,14.4
3898,13.2
13181,-0.2
2057,21.2
3635,7.6
4921,17.2
13154,8.7
5528,3.2
12563,10.8
11973,15.7
3488,18.2
15080,10.8
6057,27.1
11510,19.4
6794,24.2
9292,19.6
9484,4.9
4104,8.4
10217,-0.2
1710,14.1
8297,13.1
6592,7.0
11477,19.4
562,14.6
12296,12.4
5790,11.2
640,11.1
1669,21.4
3000,3.7
7652,2.0
13709,16.7
13405,15.8
2407,14.6
12861,12.1
3611,3.2
7854,18.8
8163,11.0
9604,11.5
9195,7.5
8741,5.1
5687,17.8
2910,4.1
2742,17.2
13813,13.0
12387,1.7
4982,16.8
11878,17.8
13039,16.8
5763,12.2
2928,1.5
3166,18.7
5692,19.0
13577,4.8
15055,7.4
180,14.1
4450,10.1
11347,4.0
13699,16.2
2218,0.8
6501,12.0
1955,8.9
1057,12.9
6147,9.7
6690,10.6
11072,13.2
9294,16.6
1399,12.4
7217,10.0
10236,10.8
5846,0.2
10765,18.2
3068,14.9
7613,10.8
11396,7.9
2234,-2.6
6759,15.0
12026,4.8
12695,19.0
1210,12.6
4057,7.8
10679,8.8
2238,-0.4
11605,17.0
10995,0.2
2948,3.4
12044,10.4
8589,17.0
5502,7.4
4359,1.8
4486,9.2
11398,9.4
5751,13.4
4629,20.8
5556,7.5
5282,16.4
1434,8.0
15323,11.1
92,3.8
11652,0.2
2300,12.8
4404,3.9
11250,10.3
5736,10.6
13628,6.7
6515,14.3
8265,20.4
14848,24.9
14524,10.1
7782,11.5
10519,9.3
6909,3.2
9115,1.5
8091,1.9
3378,6.1
9573,13.9
1084,-0.4
9972,13.6
2777,16.9
5957,10.4
428,3.6
8922,15.6
7847,16.2
12018,11.8
5042,7.2
5290,18.7
15190,18.7
2698,11.8
6929,6.3
14887,13.8
3478,16.6
7410,6.3
11895,17.8
408,6.4
13100,10.7
13608,11.0
1608,9.8
14288,3.8
7488,21.0
9842,3.8
10226,10.2
14570,2.6
13355,15.6
10363,15.6
9285,16.0
426,8.0
949,16.8
3827,19.0
11508,18.8
3597,4.8
2865,7.9
9228,7.6
9458,11.0
14579,9.9
13954,9.1
7336,7.1
6857,14.1
6196,4.8
8169,13.4
12756,7.0
1691,23.8
9531,8.2
11164,17.8
8722,5.2
9711,19.2
1421,9.2
10558,9.3
14440,22.8
819,8.2
9478,4.2
14089,17.6
11764,5.4
3817,21.4
14252,3.5
15014,10.4
14456,20.7
14704,9.8
9263,11.1
11927,16.1
409,7.2
1285,22.4
9725,20.4
9244,12.3
13581,3.9
1941,15.1
13015,13.6
1091,2.1
5597,16.0
73,1.8
7908,19.0
9696,18.5
4448,11.4
11484,16.6
12308,13.0
13179,2.3
9853,8.0
291,13.4
9936,2.3
12672,14.7
8530,13.3
3578,15.8
14355,18.0
11686,6.9
6013,17.9
2089,14.9
5397,14.7
1801,3.0
14072,18.3
12099,6.9
1576,11.6
1110,-1.7
318,4.4
7018,7.9
7145,17.4
13908,5.9
8217,19.6
1825,5.6
3146,19.2
5339,18.7
13442,11.8
3411,13.0
144,9.4
12704,10.5
13603,8.8
8098,2.8
3514,16.6
4237,18.5
4062,5.6
14030,17.9
4502,7.8
9159,0.9
15150,24.6
10655,5.2
10973,6.6
12077,7.1
13827,5.6
14481,14.1
1830,4.0
9681,15.3
85,7.2
10471,17.2
1219,7.5
4429,3.5
5598,16.1
4098,11.1
9211,9.5
6452,13.7
5678,20.0
9053,12.0
8240,17.9
6913,3.7
4467,6.5
14922,4.1
594,18.0
6750,14.0
3919,17.6
15070,13.8
14227,4.8
4745,5.1
9964,12.6
8833,10.6
14877,18.4
14389,15.2
6282,2.4
61,11.0
7516,24.2
9058,9.2
3570,9.4
10059,24.4
13158,12.5
5349,13.8
4029,7.2
12897,13.8
12515,4.6
3728,5.6
12670,11.6
9318,17.4
14548,6.7
10937,2.0
15226,20.9
7976,7.2
9445,8.0
11671,2.6
7748,7.5
532,15.7
958,16.8
472,14.0
10657,7.1
13334,19.3
1513,0.4
2290,8.4
6408,18.9
14164,13.3
11576,19.5
6865,17.0
1479,3.6
9595,5.0
5883,4.6
2899,7.4
10291,11.2
7439,12.2
14991,8.5
11582,11.8
5610,14.6
4739,12.4
10529,10.4
6387,20.1
5194,10.4
5903,9.1
9804,11.4
4972,16.8
9404,16.6
491,8.2
10329,13.5
12930,12.0
14544,4.7
10475,19.1
8020,1.6
8099,1.9
127,11.2
10713,11.0
5595,14.9
6110,13.7
8861,9.4
3724,8.7
1264,15.4
9500,8.7
4948,19.7
10272,5.5
8257,15.0
11715,1.3
12332,11.4
5099,3.8
12979,22.2
4355,4.5
275,15.7
7578,13.4
13927,10.3
10743,18.4
1272,15.4
12723,13.2
12832,9.3
14935,6.8
8247,21.6
1897,6.0
12169,11.2
13776,16.3
5996,14.9
9994,14.8
12908,11.9
10872,14.4
15065,7.0
14077,21.1
1458,4.2
14853,16.4
12488,0.2
10440,16.6
6461,15.8
3585,14.3
2826,13.8
715,5.0
10776,16.6
5426,7.0
2973,2.2
13041,17.1
1118,4.6
11735,7.2
6826,17.2
7417,9.7
14933,4.2
1698,21.0
4337,12.5
5446,2.4
2316,9.2
11913,19.1
9410,12.2
10092,18.4
8115,4.6
11850,12.0
2458,15.0
10988,4.2
9243,11.0
5900,4.4
8040,7.2
2174,6.2
14110,16.8
8129,9.2
14677,10.2
10854,14.0
10187,8.4
13812,11.8
1864,6.0
12247,16.6
15045,11.7
13700,18.2
3846,18.8
10955,0.8
1145,4.4
3834,18.4
7252,13.8
14767,15.2
13663,14.2
733,10.4
4743,5.3
12083,0.6
5431,7.2
3282,11.2
2457,17.4
10203,7.6
11591,10.7
6134,13.0
13743,20.0
7305,9.2
1835,5.3
13662,15.6
12172,10.4
12696,16.0
7471,19.2
8218,21.6
4852,8.5
14816,22.2
6847,18.4
4256,20.4
15299,5.3
5094,6.4
5830,9.6
477,9.4
5582,5.9
11218,15.7
13912,10.2
4292,15.2
4438,6.7
8064,2.1
12023,6.8
642,12.2
7666,3.4
6804,23.8
8086,4.0
8214,18.8
14825,21.2
11601,15.7
11655,-1.1
1793,6.0
1692,21.0
7635,9.2
7894,20.4
7271,9.8
493,8.0
6883,11.6
157,12.0
4715,11.2
14467,15.9
1463,8.0
5049,7.0
8400,1.0
8124,8.0
8724,9.4
9746,19.8
5403,6.0
8965,22.0
2287,10.8
7881,19.2
3351,1.8
7720,3.8
10390,18.4
965,16.6
8974,17.4
9564,6.6
2252,5.0
8902,13.3
2578,5.8
438,4.4
10691,6.4
13426,14.3
1614,15.2
4959,21.1
5030,10.4
9187,0.8
8178,15.6
5379,12.6
13261,11.9
13414,12.7
467,10.5
13833,12.2
3751,7.8
10537,9.8
756,6.3
4848,9.9
2929,-1.7
2688,12.4
1090,-0.2
12929,11.3
4716,7.8
3958,11.8
6407,17.3
11490,15.9
1374,11.4
11626,10.9
7425,13.6
12503,1.5
14833,16.2
9527,6.4
12746,6.0
13861,10.1
9846,10.0
2186,1.8
9899,7.0
10157,12.4
8620,17.9
1432,5.4
11828,15.1
10285,8.7
6125,18.2
6695,15.4
13854,6.2
2102,11.4
8161,8.4
9260,12.8
3891,16.1
1995,20.0
2952,-0.4
8348,3.9
13421,14.2
7623,7.8
5040,7.0
15227,18.4
2447,15.0
11997,10.4
14323,4.5
8663,16.6
6925,3.4
10347,15.4
12905,10.6
12733,7.4
7051,15.9
7958,11.7
4294,11.1
11644,8.0
10584,4.9
11361,2.4
134,19.6
14261,6.8
799,12.7
10511,12.8
427,4.0
12960,16.6
15057,8.0
8166,19.4
6158,11.6
13717,20.6
1255,18.2
10330,15.6
7134,15.6
8723,5.8
6384,16.2
10097,18.0
3131,18.7
1926,7.1
6072,22.8
3037,15.1
5712,21.2
12658,18.5
12507,3.5
6778,21.6
12405,5.9
6818,18.4
6188,2.0
5168,5.6
13089,14.3
3746,4.2
7068,18.0
4851,9.0
4455,10.2
14735,9.1
4096,10.0
8419,6.4
11242,12.0
3503,16.0
11213,14.3
9367,19.0
6081,20.8
7800,15.4
2314,9.0
9489,9.4
5399,13.1
2018,18.2
8701,9.3
11326,-2.5
5418,7.8
14388,14.9
10095,16.6
4347,6.2
4514,12.6
4209,18.3
7348,4.4
8978,17.4
12576,15.1
6529,3.4
3448,12.8
8382,5.6
43,4.2
17,0.8
6053,23.7
1883,3.4
10212,4.8
2372,17.2
12810,5.4
6050,22.3
7964,11.0
6180,11.2
4094,14.3
13859,6.9
10094,17.7
8225,16.4
14285,4.1
9985,13.5
14806,19.5
3305,7.7
10579,3.9
443,2.4
9411,11.6
4344,4.6
9843,6.6
12306,18.9
9898,4.2
13384,14.8
14092,17.4
430,7.4
8486,7.2
10952,3.9
2328,15.3
5758,11.0
577,18.0
4233,26.9
684,12.4
5576,7.2
3785,11.1
4816,6.8
761,1.6
13394,13.0
5380,12.4
796,10.0
14196,5.3
8062,4.0
8029,4.1
9703,17.0
12800,7.9
12570,14.4
9176,7.2
10890,8.9
14244,10.3
7975,9.3
11187,18.9
1654,24.6
7540,17.2
9514,4.6
11603,16.9
591,20.9
12601,14.8
2392,15.4
2221,6.6
8660,15.5
4580,15.9
9997,14.6
7625,4.6
14929,6.5
8139,7.0
12378,10.8
6104,16.2
4702,5.6
9016,16.2
11291,5.9
12413,6.9
8517,10.2
14904,11.2
15288,13.2
13104,8.7
4504,6.8
3540,16.9
14273,11.8
13288,10.0
1160,5.2
12295,15.7
7286,10.9
11945,14.2
12108,9.8
5948,11.2
13758,19.0
6095,17.4
7506,17.2
7770,8.0
1329,18.2
4936,16.4
6739,15.5
3772,10.6
13135,12.4
10018,15.5
1886,7.8
623,16.8
7163,19.4
1339,13.2
15291,11.5
5032,10.4
13890,8.3
3080,12.0
3794,20.6
1501,-0.2
4387,6.2
12815,5.6
9549,2.7
5799,9.0
11875,17.4
13632,6.4
2532,8.2
14371,19.6
13711,21.6
12603,18.7
8294,13.6
8689,10.5
11943,16.1
8344,8.2
5849,4.8
10263,2.5
4238,20.6
14354,18.8
11385,5.0
1472,8.9
6101,14.5
6933,10.4
849,10.3
9589,13.2
6827,15.5
6954,8.5
5023,13.3
2210,0.9
10820,17.2
3526,18.4
3202,11.2
7785,13.0
13766,19.8
5836,0.0
6802,23.2
3424,14.0
414,7.6
6075,23.8
8377,4.3
7247,5.1
8205,16.6
12279,21.2
2094,10.9
6021,19.5
9747,19.8
5219,10.6
2340,14.2
265,9.5
11091,15.0
12177,8.6
13549,10.2
5278,15.0
11940,20.0
10747,16.1
3542,13.3
11195,18.8
8732,10.8
14799,20.6
2142,13.0
3851,19.7
7953,9.8
1082,-0.3
1671,23.8
11369,3.0
14096,17.7
9661,14.5
12833,7.6
1503,2.0
1971,10.6
7222,12.7
3798,15.1
694,7.0
3855,27.0
12129,9.2
10311,9.8
12071,9.7
9554,1.8
6393,15.4
3094,13.2
12225,17.2
6306,8.4
14679,6.7
13982,10.6
4993,17.2
8939,19.6
3244,10.4
3100,21.0
6605,4.4
3563,12.6
9822,4.4
6275,3.6
11648,6.3
14318,10.7
14202,6.8
13038,18.2
8936,17.2
14114,19.1
15278,15.2
14010,14.8
7012,6.8
12107,11.9
4877,11.4
3231,6.0
10850,14.5
11887,15.3
2484,10.6
8957,19.2
7740,10.5
952,17.0
12047,11.5
10130,16.5
3409,12.4
5767,11.2
1718,15.8
13147,0.8
10413,17.4
4519,10.3
12489,1.4
10496,10.8
11026,9.4
5464,7.6
11391,4.1
2564,1.8
5012,15.4
1146,1.2
1937,14.8
9669,21.6
1031,7.1
3884,21.0
12827,6.2
13326,18.4
8371,4.4
13870,6.7
7676,7.2
8404,1.8
3858,23.4
96,5.8
13841,7.2
3130,17.4
2474,14.6
3931,10.6
2627,3.8
3773,12.8
5456,8.2
2239,1.2
11177,18.6
7142,17.8
11961,20.9
6422,17.8
11292,4.5
3027,11.6
8827,5.4
2389,16.1
11988,12.5
14755,17.6
1592,10.5
2391,15.6
3082,11.3
14572,8.0
14193,10.4
4682,10.8
8452,6.2
11992,13.7
10712,8.4
4935,18.4
15119,16.5
2901,5.2
4099,8.2
12343,12.7
12530,11.0
2540,11.3
12523,13.2
8759,10.8
10423,19.8
2354,13.3
6128,17.8
4609,19.8
10282,8.1
12571,13.5
4184,16.2
12823,7.5
2576,6.2
12275,20.9
9811,13.5
13647,14.4
9473,8.0
5550,9.1
10456,16.8
1281,17.0
13903,3.8
8113,4.2
13639,13.3
6760,16.6
6560,6.7
13783,14.2
6808,22.5
8889,14.7
7219,11.5
415,6.4
9027,17.8
13701,16.6
710,10.0
10701,8.7
3528,14.6
4503,8.2
2528,13.6
12616,25.0
7497,19.5
9050,12.7
2893,11.6
11272,7.9
15088,15.3
4540,13.5
10434,17.7
12299,19.5
4091,9.6
12702,10.9
2888,6.2
12475,3.7
1523,4.5
14651,5.5
5438,0.6
12585,14.9
1406,11.1
8132,8.5
4896,21.2
11301,8.1
5381,11.8
6517,14.0
1811,7.2
13619,11.1
13769,18.2
11264,11.2
10500,12.9
12284,24.0
4553,14.8
10858,14.6
14452,25.9
4643,16.8
1486,9.2
8122,8.8
12355,9.0
774,2.2
1631,17.6
5589,9.1
10159,12.4
469,14.5
14809,16.3
8507,10.2
11356,6.2
13056,18.4
5038,4.7
12454,4.0
10098,16.4
598,18.1
4562,14.8
12675,11.7
11203,16.6
13346,20.0
1905,6.1
11953,13.7
9247,14.8
7510,22.2
10843,15.6
7949,10.2
13259,11.9
13182,1.8
9191,2.4
4679,8.9
5770,11.2
10764,15.8
5186,11.4
15304,10.4
10549,6.4
5400,9.4
6926,5.0
8740,6.7
10607,6.4
2837,17.0
6672,10.1
14778,15.3
3218,8.5
3573,11.1
3132,16.6
6634,8.2
3520,15.0
6757,14.5
2588,2.6
3338,8.1
5120,6.6
3353,6.8
4308,15.0
1758,8.3
11883,18.8
10608,6.7
852,7.8
1494,2.6
12399,-1.9
8425,6.4
2464,18.6
11893,17.5
6373,15.5
9287,18.1
13613,9.0
7284,9.0
10022,22.2
7700,11.5
4789,7.5
4608,21.0
11942,18.6
8699,12.7
13267,10.5
500,14.3
10618,8.2
5250,17.2
14238,9.8
1046,10.0
11814,18.6
2633,7.4
7300,9.0
15157,18.4
8373,8.4
4925,19.4
5331,15.6
13462,14.2
14842,17.1
6025,18.2
777,2.0
4791,7.4
7229,12.2
10629,6.9
4019,5.2
1194,5.2
10444,19.7
51,2.1
8963,19.2
2304,8.0
8544,14.4
12654,18.0
5813,7.7
1113,6.4
2982,8.5
656,6.7
3254,0.3
13128,8.0
1187,8.2
15241,17.0
11465,19.9
11370,5.7
565,16.9
4118,10.4
11658,-0.6
840,7.6
3888,19.0
1642,15.4
10697,7.2
14105,17.1
10925,3.0
2666,10.0
1972,9.8
6880,4.6
11791,10.4
1149,1.1
4092,10.2
10565,11.3
8739,6.6
765,4.6
4802,8.1
7918,15.6
7708,10.4
3872,20.7
11896,19.5
9051,13.6
2620,7.9
9616,17.2
3026,9.7
4990,15.6
4102,5.5
6820,17.0
11512,23.5
14517,10.5
5967,18.0
7796,16.4
11818,13.5
2685,11.5
9602,6.1
9974,11.2
14347,9.8
911,15.6
10381,16.2
13713,22.5
13030,17.4
7413,6.6
1345,18.0
1444,6.6
12148,7.8
3499,16.0
13844,6.1
5306,12.9
12926,14.1
14766,14.8
2422,18.4
5146,7.0
2732,18.8
80,5.0
4217,22.0
13702,19.0
13242,9.1
9129,3.4
10464,19.5
12074,8.7
15194,26.2
5135,8.8
1572,10.3
13299,13.5
879,13.8
1578,10.6
12742,2.4
1509,2.4
1896,7.2
4746,6.4
14942,5.3
4112,4.6
8999,22.0
1845,1.8
12304,18.4
5562,11.4
13488,13.1
6932,11.2
7507,14.0
11118,14.4
4742,5.4
11161,18.4
14222,1.3
13441,12.0
7757,6.2
14442,19.4
9001,22.6
13548,8.8
3614,2.2
2108,16.0
15061,7.7
4901,16.6
15287,11.3
14715,11.7
4696,5.2
5613,15.0
12301,15.9
6702,9.0
4843,6.4
13521,5.0
13648,11.1
7149,18.6
13150,8.6
4325,6.6
3219,7.2
7934,12.9
5100,5.1
13495,8.3
1193,7.4
45,-2.2
13934,6.2
976,16.4
5081,9.0
2963,5.2
1584,10.5
5868,8.8
4515,15.2
13098,11.4
9931,4.7
1975,12.6
3912,19.3
10041,19.0
13649,11.3
4411,1.2
13162,6.6
7073,19.5
13817,10.0
10191,10.5
11951,15.8
6151,6.4
2840,13.3
5508,7.7
11034,10.2
13618,12.4
9701,18.4
11792,13.5
4978,15.8
7859,14.7
12876,14.7
15237,18.9
6930,6.2
4505,7.0
6418,19.7
37,3.3
576,17.8
7460,13.4
3988,2.8
8437,6.9
713,10.6
14741,11.4
9844,6.2
8450,8.4
2335,13.4
4983,14.8
4420,-5.4
7841,18.5
14457,19.9
881,17.4
567,13.8
13779,17.6
10069,24.8
2245,6.0
5070,6.5
15100,11.7
4165,16.2
8793,7.0
9688,23.0
10305,4.4
10815,17.2
239,13.8
7743,10.8
10864,13.2
8498,9.2
7716,4.7
1597,12.4
9892,5.1
12032,5.1
1901,3.4
1180,9.4
6521,6.3
6706,11.6
7882,20.7
3006,7.0
9673,17.0
2781,18.2
10919,3.0
5564,6.4
12691,16.4
8694,12.6
7107,13.6
9052,13.5
2829,14.1
7203,17.8
5444,5.2
5537,9.4
12482,8.1
4219,25.1
10770,17.2
13146,1.2
10799,21.6
6875,5.9
3413,13.4
6216,9.7
906,13.4
10934,3.3
3693,6.6
14251,3.5
3118,16.4
12798,6.3
10810,16.7
15144,16.5
9189,0.4
5662,21.4
5304,12.0
12879,13.6
14294,8.4
295,9.0
6557,1.9
5015,14.8
1785,3.0
4382,6.8
11650,2.7
10758,14.2
1284,21.3
10833,19.7
10393,16.5
12968,20.5
4454,12.1
14852,18.6
14425,20.9
549,16.7
5151,6.6
9026,17.0
3574,12.9
6598,6.4
4352,6.8
7153,16.4
2648,4.7
2586,3.0
6143,14.7
4889,18.9
13393,14.3
3160,13.8
13225,7.4
3182,18.1
3480,15.4
2377,22.4
6045,23.8
9255,9.3
8637,18.4
8704,12.0
8403,1.2
12855,10.4
10243,11.6
12918,14.9
7809,11.8
14200,5.7
13914,6.0
11374,2.7
8683,13.8
5701,16.8
8372,6.6
7298,6.8
7665,3.2
11821,12.1
10025,20.8
10686,12.3
1613,15.2
9512,7.9
8368,9.0
13138,8.7
6179,10.4
2015,23.6
13057,18.1
13762,18.4
9307,15.5
6749,14.6
2981,9.8
7965,12.0
9295,18.6
13404,15.0
243,19.1
4878,9.2
10441,18.4
106,7.3
8030,1.8
10923,8.6
13569,2.6
14079,20.4
13614,7.0
4830,6.6
14282,3.0
13431,12.1
13695,16.9
4605,19.6
8253,20.2
6281,1.6
5547,7.4
3960,9.4
3873,21.0
179,15.8
6790,18.4
7238,9.8
6051,20.6
10140,15.8
4793,8.0
6351,11.8
12589,19.0
14556,9.3
9993,17.1
29,0.7
2801,16.2
7200,16.5
5933,11.2
2922,9.0
4664,13.5
13152,2.9
10100,17.2
12389,4.2
1245,16.1
7475,16.7
4053,11.0
13287,11.0
4412,1.3
108,10.2
7310,12.2
7020,9.6
8480,13.2
10405,13.9
11497,19.8
8606,17.0
11604,16.4
8893,11.7
4394,3.5
8985,24.8
13689,17.0
6290,9.0
10297,10.4
4348,7.1
9824,6.0
9886,2.4
7822,14.6
12831,6.8
15152,25.3
12096,2.8
7259,4.0
7646,8.3
973,17.0
9733,15.4
4299,10.4
5270,18.9
3653,7.4
14224,1.9
12420,6.5
7637,9.2
3088,11.7
13616,12.2
5938,12.1
7771,5.2
6084,15.6
14516,11.8
10,2.6
2647,7.7
12170,12.4
1426,2.0
12382,8.5
3265,1.8
14819,19.7
12220,15.9
4814,9.2
10309,6.0
9878,7.9
1215,9.4
12016,11.0
14216,6.7
13434,10.4
13666,12.6
9434,13.2
7021,7.1
323,3.4
1344,16.0
4457,11.4
10659,7.0
909,11.0
10376,11.6
3399,10.2
496,14.4
9566,6.7
8426,8.4
10525,9.8
11140,22.8
15239,19.4
3470,14.8
13473,4.0
7172,19.4
4365,1.3
10597,5.2
1195,9.2
11469,14.1
4953,20.4
1423,7.2
5749,14.2
256,11.4
12927,13.7
9279,13.7
288,12.6
8540,15.8
15184,17.0
9965,10.8
10323,10.2
6601,4.0
4484,14.6
9214,6.5
11258,14.9
5862,6.0
8012,10.4
1232,14.8
7255,7.4
11643,4.2
2675,8.8
1112,5.0
14361,9.7
11204,15.0
267,13.5
13371,17.6
14607,9.8
9252,11.2
5931,4.7
11712,4.9
3048,12.2
6466,12.8
9304,15.0
1379,8.9
14268,11.3
11790,9.1
11545,17.3
4759,1.6
9800,14.3
11178,20.7
6876,5.2
3790,17.8
620,17.8
652,8.4
6955,7.9
8300,12.6
3473,16.8
12627,19.8
5279,15.0
7159,21.9
5019,17.4
7261,3.6
14494,14.3
2516,3.6
7711,5.2
11775,9.7
7412,7.2
13615,11.6
8421,11.6
13926,8.6
12171,9.0
3603,10.6
6624,6.4
14580,12.7
8773,-1.4
9174,8.5
1506,0.5
6427,19.8
13300,12.1
5524,0.4
11183,19.2
12667,16.2
6705,12.0
14964,7.5
4890,19.6
730,9.2
7672,9.4
12641,20.2
6417,19.4
14411,17.2
1745,11.6
3853,22.4
9881,8.6
14973,6.5
2709,16.0
7093,15.4
3388,8.8
7434,15.4
8794,5.8
11379,7.3
15133,13.4
8515,13.7
3126,15.4
1156,7.0
10056,18.2
32,2.8
10356,13.4
11901,23.0
1336,15.8
13850,3.4
5620,13.8
13141,9.6
9029,20.0
1610,13.6
939,20.6
6497,13.3
4023,9.3
14309,7.7
8642,19.4
11290,6.9
745,3.5
4083,9.6
7228,11.6
2877,7.2
15173,22.8
4701,4.2
1741,10.4
9485,1.8
2651,3.8
12192,14.4
10561,8.8
3002,4.4
1821,8.1
8909,13.6
1330,15.3
12474,2.6
957,22.0
2110,11.0
5667,16.2
13193,6.3
4691,5.6
1660,21.2
14171,14.5
8366,5.4
5363,17.6
13665,12.2
655,8.7
13325,20.6
11060,10.8
14311,7.5
10315,7.4
7033,10.4
10560,9.5
2199,-4.0
2960,8.1
4640,18.2
7320,7.2
13345,20.1
14663,11.5
5740,11.6
8990,23.0
1405,10.8
6225,8.0
2625,6.2
9345,21.6
7919,17.4
5436,2.4
5220,13.1
3148,19.4
12238,19.0
2873,10.0
3916,19.4
5527,5.6
14054,20.6
10632,7.9
8291,13.7
76,5.1
5195,7.1
9935,6.8
9186,2.0
14259,7.8
4947,20.2
8187,14.2
2260,8.2
1775,10.0
5375,14.0
5768,9.6
93,4.0
10687,8.2
10438,15.8
4007,12.2
10319,7.4
5963,12.0
12019,6.7
4810,8.6
3181,19.4
6096,15.0
1076,-4.4
2338,15.0
11670,2.8
1885,4.5
9210,11.0
12575,15.7
4323,7.0
4949,20.6
9880,9.4
10234,9.4
12352,8.6
10215,0.1
2759,17.4
7861,14.0
5635,16.3
4030,4.3
3352,5.0
1437,5.6
1233,13.7
8552,16.3
4281,13.2
5834,3.4
7047,6.5
3102,20.9
2465,20.1
6945,6.6
14154,15.9
449,8.2
10562,9.8
10723,19.8
3621,10.2
2317,10.7
6366,22.5
2185,3.2
4477,8.2
1890,7.1
1155,9.6
14231,4.5
13536,8.2
7225,13.2
1728,15.4
11066,10.8
10990,-1.0
8046,4.9
11114,12.0
11504,20.5
11683,0.2
4392,7.2
8698,11.6
2503,12.9
10884,11.4
2463,18.2
6201,4.4
2846,10.2
14937,8.8
5312,15.7
1612,17.2
10050,18.4
2191,7.1
1729,17.4
4824,10.9
10465,16.0
11432,10.1
10669,4.6
8379,5.2
9850,2.8
5453,7.8
15015,7.5
14275,5.0
7085,14.0
6556,3.3
4047,8.8
5775,11.0
8496,9.5
7624,7.2
11337,3.6
14785,20.9
4240,21.0
5781,13.8
7649,8.8
2755,15.1
2492,10.4
3139,14.4
8719,10.0
14394,16.3
5234,14.9
12411,10.0
3272,12.1
15189,18.5
5273,22.4
6244,-1.4
2889,4.0
13092,7.7
788,3.1
5905,3.0
6189,4.3
5504,8.0
13921,1.6
10912,12.6
10767,16.6
13734,18.2
6526,5.7
3377,7.4
4527,16.0
13107,8.8
1780,4.8
7075,17.4
2959,5.6
14126,17.9
8593,13.8
349,6.8
7199,13.3
6156,11.7
3349,4.7
42,2.8
801,11.4
3529,16.0
6346,6.5
981,19.9
3458,18.3
7250,10.0
5804,9.5
5173,2.6
7945,12.6
13555,4.0
7632,9.8
6334,7.0
3091,13.8
7315,1.9
8267,18.3
2756,15.8
12194,13.4
916,17.3
4617,15.6
1616,17.8
12628,20.3
14689,11.7
2146,4.8
7530,18.8
1833,3.4
8581,15.6
13174,5.9
6742,16.1
7749,7.8
4714,10.6
5992,15.4
10399,16.9
11027,7.6
782,-0.2
6472,12.1
12720,10.3
7872,20.2
9567,5.2
5664,17.3
8401,-0.8
9939,6.2
9246,14.8
4838,7.6
2401,16.2
10428,16.1
4205,17.9
4641,17.2
2152,10.5
8067,2.5
2947,4.7
9790,13.8
7525,18.6
3878,19.5
6224,6.2
13811,11.4
5632,14.6
11123,19.2
13402,17.1
9350,22.3
7028,14.4
3023,7.1
14659,7.2
3541,15.8
3279,6.2
6756,15.2
13229,6.9
14612,4.9
15044,7.8
5896,6.9
2804,13.0
2211,3.1
7695,3.2
10861,14.2
11239,11.0
3133,19.8
12828,7.8
9048,16.2
6959,3.2
4320,9.2
13016,12.9
2107,14.8
5128,9.0
9876,8.3
11586,15.9
3973,5.7
8731,8.3
3034,13.8
13570,4.4
9963,8.6
4663,10.5
7794,10.4
3286,9.8
2367,12.1
9395,13.3
11793,13.5
440,4.4
12928,13.9
12630,21.4
7630,5.6
4692,6.2
13737,19.7
7900,16.6
10076,17.6
1224,8.8
8744,2.4
2592,1.5
3247,7.1
2812,11.4
7634,10.4
7182,17.0
8431,9.1
2691,10.5
4132,12.8
11456,9.6
14743,12.7
2249,7.0
2552,2.8
12204,16.8
12319,11.7
13353,16.2
9722,16.2
3649,10.0
380,3.0
10590,6.7
14123,15.8
7550,21.4
9864,7.5
9660,12.9
1360,10.8
3196,14.1
2037,23.4
486,12.0
14117,19.3
10493,15.0
783,1.5
14941,9.0
10844,15.6
10334,11.4
15035,7.6
3238,7.0
15095,10.2
6029,20.3
5627,10.2
8568,20.6
15303,10.2
6165,2.6
6902,8.0
8396,4.2
13622,8.0
1915,5.8
8746,4.1
5729,15.4
7937,15.2
109,10.6
8587,17.0
3464,17.8
2138,12.8
9749,20.2
5805,12.0
742,1.8
8771,1.2
11799,18.2
6377,20.8
6765,18.5
14395,18.7
14185,7.5
4480,10.6
3442,12.4
14143,16.0
4521,13.6
2847,11.0
10683,11.4
13209,5.8
12141,13.3
9354,20.6
8021,3.6
7709,6.8
7017,8.6
9296,21.8
5414,10.2
13799,12.6
6661,8.8
1834,3.2
14630,2.1
13314,16.0
12877,13.1
6498,11.6
5980,10.2
10171,7.4
4801,8.2
12203,19.1
14230,4.1
5952,5.2
9656,16.1
3003,7.2
23,-1.4
11294,7.3
3524,14.0
12717,16.1
5389,12.4
5803,9.8
10065,21.6
1309,21.8
14749,16.3
8596,19.5
3475,15.8
789,5.9
12162,9.0
15223,14.8
14249,7.2
3284,12.4
15301,10.2
2514,1.5
6444,18.2
4385,7.8
11215,15.4
4905,16.8
8937,18.4
8604,17.4
14656,7.5
11638,10.8
10007,16.3
3688,10.2
1395,9.2
12609,19.1
5865,6.4
5006,14.7
14800,21.7
15259,11.3
7691,5.2
14521,14.6
5257,19.6
12453,7.5
13465,10.4
10029,21.8
14199,12.2
5703,15.8
7760,7.5
12361,5.4
10402,14.0
14112,16.6
6167,5.0
9709,17.8
3301,3.3
13109,10.9
13775,17.0
11050,9.3
5406,5.8
9940,4.3
712,11.2
4279,16.0
13269,9.8
8968,19.4
9676,20.6
12807,5.3
1822,11.2
13042,18.5
5411,8.8
11051,11.4
15022,8.4
7874,15.9
13448,14.9
9730,16.4
6849,16.1
1977,14.4
12181,14.0
14476,22.2
3264,1.8
13798,10.8
4834,6.4
5061,9.7
252,17.7
8730,8.2
2098,16.4
5998,13.9
11578,14.3
3671,0.0
13860,6.7
14140,13.2
13832,9.4
11109,18.9
4416,0.4
14466,15.9
12434,-1.2
6137,10.8
9611,10.4
13728,18.0
11142,20.3
12150,8.5
2934,-6.2
12321,13.3
11634,7.1
9180,5.3
12228,16.3
6872,6.6
15243,10.8
6237,1.1
8545,13.3
14732,11.4
13246,12.3
9668,20.8
56,1.6
3412,11.8
5859,8.7
2855,9.0
8104,12.1
2986,3.0
4572,18.4
6292,8.3
9432,13.0
12335,11.5
12406,5.5
10175,7.0
12751,8.9
12063,9.0
4722,4.2
11336,1.8
8703,10.7
4472,10.5
8986,26.6
8330,11.6
2188,1.7
13943,8.3
4049,7.9
12502,0.6
5719,15.3
13790,12.0
7735,8.2
3544,12.8
6286,6.2
519,19.6
14923,6.3
4508,7.4
10664,8.4
6958,6.4
5263,14.4
14888,14.4
7281,6.4
227,15.4
13612,9.0
10494,14.0
665,13.6
7981,9.2
13522,8.2
12038,2.3
14335,7.0
10598,6.2
10360,11.4
1699,19.6
15251,14.4
13316,18.9
1877,4.1
15121,19.1
513,12.9
8309,16.8
6480,15.4
14070,21.1
9839,3.2
7889,20.2
6428,18.2
9628,9.6
12566,10.8
8757,10.6
6253,3.9
5970,20.0
8629,22.8
2916,3.8
6020,18.4
480,9.5
11144,18.6
13886,6.2
2577,6.8
6083,15.6
13911,8.8
8565,18.0
6138,11.2
15115,20.5
5272,21.1
7066,14.0
8854,12.2
1596,12.4
14669,9.8
3896,15.2
10803,19.6
1349,16.6
6086,18.0
7517,24.6
3777,17.5
11334,1.1
11596,13.6
12730,8.3
4050,7.7
14886,12.1
11674,-3.2
5702,17.2
15250,11.5
12510,4.1
2762,18.2
15079,8.3
15108,9.7
3685,2.4
5062,9.2
3602,11.0
7960,10.0
8870,17.0
10671,6.0
1446,3.6
12442,1.7
1020,5.6
705,4.0
10650,6.7
1866,3.4
7698,8.4
6844,16.5
13187,5.2
11995,14.2
2574,6.2
15149,20.2
2956,7.2
7836,17.6
3742,12.0
3914,17.8
9055,11.0
11822,12.1
1419,8.4
1103,-2.6
8375,5.8
9856,3.6
8201,16.6
10599,7.7
1558,9.0
15203,21.7
15124,17.7
11765,5.5
13117,8.3
3523,17.4
4542,15.2
34,1.6
3400,7.4
14855,19.1
5880,9.2
14696,11.6
7188,17.4
12486,6.5
2652,3.4
5328,17.8
8807,6.0
15270,14.3
12432,1.6
12483,9.3
9332,18.8
13497,10.7
292,12.4
2836,16.6
11201,18.5
9271,18.2
11820,12.7
2870,12.8
13751,23.2
7463,12.0
7903,16.2
10781,16.1
7474,16.3
7921,17.6
1535,5.5
1318,20.3
2730,15.0
10458,14.4
6594,5.2
14392,20.2
13518,7.6
4879,11.9
10665,9.8
9300,16.2
11673,-2.1
14005,12.4
2228,7.2
2641,6.0
4418,0.1
11038,10.4
8060,6.8
12255,16.2
6208,1.5
7197,13.7
356,2.0
12464,6.2
13155,6.0
13211,6.2
14484,18.4
4584,17.9
837,7.6
266,12.1
6670,11.3
2006,13.0
6348,9.4
11092,14.2
2362,15.6
8809,2.0
11400,10.7
12617,24.0
11184,19.7
14818,19.9
6312,6.2
826,8.3
9983,10.1
4253,22.8
6347,7.1
13667,12.0
8482,9.8
1441,2.2
3066,12.6
9869,3.0
2748,17.2
7732,8.0
9245,15.0
3061,9.4
889,15.8
13800,11.1
14057,17.9
12458,3.0
1963,11.0
3125,14.2
6176,10.0
11750,4.4
1127,8.2
9385,19.2
12067,2.5
6692,15.0
9953,9.6
7551,20.2
11423,10.5
6503,14.2
1543,5.9
3263,1.9
11033,9.8
11538,17.4
2268,2.8
3770,7.9
7360,4.3
9045,12.8
132,17.4
9574,13.1
11965,17.5
603,17.4
13066,13.9
843,4.8
393,6.0
14047,22.4
6333,6.6
8045,3.8
4989,14.5
3928,10.7
5511,3.3
7254,6.2
6195,4.4
13307,14.0
13531,3.2
7814,12.9
2277,5.4
6724,17.2
3234,6.9
12542,12.5
3498,14.8
6145,9.6
4613,17.3
9082,10.0
6277,3.4
401,6.4
12068,2.9
5727,13.6
9707,17.2
9592,10.7
10836,16.0
11730,9.8
4680,9.6
5008,17.2
7567,15.6
3403,8.8
7476,13.2
3883,19.0
6613,3.6
9643,22.2
8778,4.2
14404,17.5
1573,10.6
14283,2.6
9545,5.9
2423,16.4
13744,20.6
5264,14.5
14008,10.7
3548,15.0
8118,8.6
11206,16.8
9597,11.4
12718,14.0
8101,9.8
11662,-1.8
14045,20.0
13278,14.0
5501,9.2
15114,18.8
809,10.6
11254,15.5
15051,9.0
2650,6.0
8639,18.4
15202,18.1
11919,17.8
3190,9.5
3620,9.2
1702,14.8
7038,8.6
8802,2.2
3650,7.9
13132,5.8
8027,4.7
14734,7.7
13629,8.8
12955,18.7
14803,19.1
3370,10.4
14424,20.9
6595,4.0
6105,16.8
10416,16.2
9513,7.6
11399,11.4
10383,14.5
7278,1.4
10437,14.8
7058,11.1
664,12.0
10577,2.9
12393,0.9
13972,10.7
1736,17.7
5259,14.2
10740,15.0
3347,2.6
1568,4.0
462,8.1
743,2.9
222,19.3
12132,9.4
3994,6.3
1979,12.8
11077,12.0
625,15.1
10891,10.8
10280,9.6
9943,5.4
12272,15.7
344,7.6
5494,3.6
7050,10.0
8977,19.0
1004,17.8
4449,11.6
2280,9.7
456,10.6
12300,19.4
9423,9.8
4335,12.4
2621,5.9
873,12.6
6631,9.0
13849,2.6
6211,5.0
6389,14.6
14782,16.8
5114,4.2
9770,13.4
5212,9.1
10417,15.6
1760,10.6
842,6.2
13487,10.4
13190,4.9
7583,9.0
5199,3.8
4803,2.8
2902,4.8
12820,8.4
8944,16.6
14999,6.3
7113,17.0
8518,12.0
7689,1.6
6779,21.0
9128,2.4
8444,8.6
3431,14.1
14470,19.9
12253,16.7
13387,16.6
12729,10.2
11767,9.2
12448,10.2
4725,1.6
1469,6.8
5130,10.8
8369,13.4
7273,4.6
13142,5.4
12294,17.1
9341,23.0
10312,10.5
10940,3.2
368,5.2
12864,8.0
3593,5.7
1415,7.4
6572,0.4
8317,13.8
15213,19.4
12437,-0.6
8341,9.2
7091,15.1
12509,3.8
2825,11.4
9535,6.2
1721,14.8
9913,4.2
5324,17.8
4060,5.4
14789,24.3
1824,5.7
10779,17.0
8037,9.9
12333,9.3
12062,10.0
11952,15.7
3232,6.5
1918,4.2
10611,13.5
1569,4.6
1831,5.6
347,7.9
1242,12.9
8489,10.8
7639,8.8
11554,19.4
14364,8.0
12802,7.4
13097,9.8
6890,5.4
12174,14.5
13392,16.3
11133,20.7
10269,8.9
9505,8.8
11856,14.7
11557,19.2
11914,16.9
13247,11.6
11668,3.3
15221,19.0
13656,14.9
6127,17.1
10846,17.0
13381,22.2
1222,7.0
11386,2.7
2134,7.8
14814,26.4
8327,13.7
7013,8.0
7877,18.6
12386,4.0
509,11.8
10694,9.1
3986,3.6
748,2.9
5246,12.1
1259,13.0
4718,7.9
1888,5.0
13898,2.0
711,10.4
13466,11.1
14017,13.1
8209,17.4
5833,3.0
9487,6.7
13458,15.6
15228,14.7
4808,6.6
3329,3.0
3293,4.3
8688,11.7
15214,15.7
6329,9.0
13741,18.6
7767,8.6
13368,20.6
10279,9.0
4865,11.8
5551,11.0
10880,14.8
14396,19.9
104,15.3
7070,16.8
1794,6.4
10705,11.4
14596,7.6
2386,21.2
6733,18.1
4847,11.1
10351,12.0
5837,3.8
8446,4.2
1658,23.6
212,18.6
8440,11.1
5886,9.8
4419,-1.2
14474,18.9
5193,8.8
5735,15.2
1359,15.7
334,11.2
2166,7.8
3110,17.9
5709,18.8
15331,11.7
792,5.7
233,14.8
9276,15.2
12852,8.6
1064,7.6
209,18.6
13266,8.6
11065,10.9
9124,10.3
9750,16.1
4498,10.2
7499,16.4
12143,9.2
2413,15.5
12830,6.3
7947,14.5
11831,13.5
9401,16.8
871,13.9
1263,17.9
1618,19.1
13693,16.1
4345,4.9
10310,6.0
2414,15.2
9635,12.0
13821,6.9
8001,8.8
1220,5.6
6266,4.6
1765,11.1
12727,8.6
8696,9.6
13674,18.2
2001,14.8
5609,14.1
13998,10.9
4581,18.3
8261,22.2
1485,8.4
3582,12.3
2523,0.9
5990,16.7
8617,16.8
13467,12.6
11071,13.8
3078,14.2
4833,6.9
6950,8.1
1305,18.2
4782,8.0
6206,-0.8
8454,6.0
4381,6.3
11693,4.5
13524,6.0
13657,14.6
6243,2.0
10090,19.4
2165,10.2
617,13.0
14882,13.8
7912,17.6
6499,10.6
9672,17.8
10480,14.6
9309,19.2
15067,9.8
2163,7.6
4770,-0.4
10377,14.6
15036,7.0
2004,18.4
10345,14.9
14668,8.9
3047,11.8
12317,13.5
13606,11.2
14830,21.3
13191,5.7
12072,7.7
10538,12.2
14873,19.1
3095,15.8
7712,6.4
3285,10.0
8406,7.4
9684,16.3
9578,12.6
1313,19.8
8814,1.2
12976,21.1
14314,9.2
2903,6.0
14757,13.8
3333,5.6
11542,19.0
3053,12.6
11343,5.1
5072,4.7
8881,12.3
10043,23.0
9780,18.6
2269,1.7
2694,13.9
8374,10.2
12707,10.7
10796,22.0
9593,10.2
10762,17.4
13544,8.6
10023,23.3
8076,6.6
8256,14.8
4707,3.0
13686,17.8
2114,10.6
7608,13.2
1541,5.8
6440,24.0
2602,0.5
13171,2.1
4607,19.4
10688,3.2
9185,1.6
11058,10.0
4756,8.2
6597,6.3
5538,7.2
7223,13.6
520,21.8
10702,8.7
7502,21.0
9647,14.3
9084,11.1
1092,2.6
8919,17.0
8763,9.6
4913,20.3
6123,16.8
13999,13.4
3771,8.4
11324,1.3
1109,-4.2
4655,11.4
10206,7.2
1038,10.6
12626,21.8
20,0.0
14454,18.2
13401,16.5
5531,0.2
14667,10.8
934,14.6
9149,5.6
6861,8.0
13882,1.4
14501,14.4
1726,16.3
4490,5.6
10528,11.3
9034,13.8
1737,18.8
10581,1.2
6745,11.8
561,13.2
13580,4.0
14163,15.6
12799,9.0
1162,3.2
9072,11.9
10252,2.6
8626,20.2
8191,15.0
1527,8.0
8370,11.2
8211,22.5
2930,0.2
14139,12.8
58,4.4
8953,17.0
8422,9.3
13086,15.4
4483,14.8
2291,8.9
7258,6.1
13163,6.2
8416,4.4
9803,15.4
9868,2.5
12949,16.3
1649,22.3
15140,18.0
6438,20.9
2724,19.4
10839,16.2
938,19.4
4510,10.4
13165,2.3
14583,8.4
4694,11.1
9870,3.0
7862,13.0
998,14.6
9226,9.3
4528,14.7
3870,21.9
13731,18.4
5354,15.1
14598,9.5
2907,6.1
11014,7.8
14577,12.9
3538,20.2
14147,16.6
5993,14.4
14500,14.3
915,15.0
13876,3.0
4415,1.6
13451,13.9
10520,8.2
13011,16.7
1817,9.9
14982,11.8
10124,17.2
3949,11.4
337,9.8
2072,21.0
13294,14.5
5822,9.3
10761,15.2
5143,6.0
8398,2.1
3513,18.6
2815,11.2
13349,19.4
6375,16.4
9778,12.2
13786,17.7
8034,-1.1
11119,16.4
8624,18.8
766,4.6
3782,12.8
14180,10.8
1144,4.0
12521,9.7
2510,2.6
14655,7.7
2273,6.4
2860,9.4
1221,6.2
11067,11.8
4864,12.0
14874,20.6
7653,2.2
8283,14.0
9705,20.3
7076,15.5
4924,18.0
4532,12.8
6699,15.0
1672,23.4
11736,6.7
7136,17.7
9987,11.8
4055,11.4
15118,15.6
1808,4.6
2275,5.0
3761,7.0
13127,5.0
10809,16.7
10436,16.3
6798,23.8
2045,17.0
9683,16.5
7103,13.0
5113,0.7
1295,19.7
15179,20.0
4687,14.0
3952,15.2
11985,14.1
4317,10.3
10283,8.4
444,2.6
5519,4.3
858,14.0
11838,12.6
4439,6.5
5321,17.3
841,6.2
11967,13.0
7301,7.2
14214,4.0
11817,14.9
994,16.0
15257,10.6
9212,6.4
1554,6.0
13073,16.2
1973,7.7
1951,11.2
14469,20.2
9717,18.7
7775,5.8
13222,6.1
2513,3.6
5559,8.8
14561,10.9
6301,3.8
2835,15.6
4700,4.0
2445,17.6
2233,-2.6
3050,15.2
12053,12.2
400,6.2
7759,6.6
7944,13.2
5198,4.2
13791,14.4
10089,17.0
1023,8.0
3298,5.6
6803,21.8
9281,15.2
14983,11.5
11842,19.7
9785,14.8
5894,8.2
4241,23.0
5424,9.6
6877,4.0
8109,7.5
12629,18.8
4309,15.2
4080,7.8
803,8.4
1550,6.6
1009,12.8
15302,6.3
8880,14.3
2737,22.2
12965,17.5
5095,5.7
648,5.6
9015,14.4
2862,6.0
4975,16.3
7810,10.4
6399,16.3
9152,7.5
8176,13.2
550,15.3
14535,13.1
5617,9.2
8121,6.4
9073,9.9
211,17.8
12825,5.4
12010,9.5
6343,10.6
1781,7.6
11199,15.3
3543,12.0
14553,12.1
1438,8.4
2515,1.8
2868,8.2
2434,17.0
5045,7.8
4792,6.8
12650,18.4
9479,5.9
12963,16.1
12410,10.3
6475,12.8
1314,18.6
9543,3.5
6824,18.3
9980,10.8
3979,5.0
12,-2.6
15076,17.1
818,11.5
2784,15.6
14711,6.0
13285,12.1
453,9.2
1049,7.5
14869,14.8
1656,25.2
3457,18.4
12943,20.6
13412,13.9
12034,6.3
13318,16.7
5139,4.4
2908,7.7
11340,4.4
940,19.3
7030,10.0
13944,6.6
11800,19.3
13625,11.4
9814,5.2
11720,6.4
4634,17.6
8459,6.7
13024,17.7
6693,14.4
1400,15.4
9932,1.8
30,2.1
6363,14.0
6258,2.4
13633,8.4
3677,4.2
11910,18.9
672,3.1
8634,19.2
9297,20.9
11823,15.5
14610,7.8
5466,12.4
11890,15.5
6973,2.8
9391,16.6
1108,-2.2
14448,25.6
13906,3.0
3229,10.0
11388,1.3
15267,11.8
8359,7.0
3319,6.5
10264,-0.4
5835,-2.2
12578,12.9
13589,8.4
8314,15.8
11298,9.1
2553,-3.3
4775,3.3
6647,11.6
2686,14.5
13124,5.6
11446,7.4
1563,5.6
6688,11.4
555,13.2
3071,16.8
11947,16.8
13159,6.3
4474,9.9
7724,9.4
12127,8.8
11417,8.9
4856,12.8
5268,15.6
2853,7.3
6887,8.9
8000,8.9
11656,0.7
11682,-1.2
10375,9.9
4601,18.0
13361,15.5
8149,8.8
14159,13.5
2213,2.9
4929,20.3
11165,17.7
11227,15.1
12222,15.3
11505,22.3
2111,13.2
13079,12.9
10328,13.2
14161,13.8
13929,8.0
15064,6.4
10780,16.8
7492,20.2
4446,8.9
13884,1.9
11491,16.1
15285,6.8
8077,10.0
5026,12.5
28,1.9
14533,16.4
14443,20.8
10446,16.8
10261,2.8
355,1.3
1429,0.1
11322,3.9
10821,18.4
11069,13.6
12551,13.2
9807,11.5
332,8.2
5643,18.4
9194,6.8
8812,2.5
13725,19.2
4224,18.2
964,17.6
15308,8.2
120,5.6
4930,17.7
6791,19.2
5579,8.6
7332,6.9
8116,8.8
4710,7.4
3281,8.2
2370,13.8
5522,2.2
2544,7.6
11547,14.5
9494,6.4
2885,12.6
13232,5.3
2178,3.7
9150,9.0
4898,16.8
5153,6.2
1209,10.4
5170,4.4
11463,19.6
9826,3.3
11189,19.4
3123,14.4
12290,19.0
1544,4.2
10154,15.4
14602,6.5
10979,6.4
7207,18.1
11544,16.7
9849,3.8
10359,12.8
15201,18.7
945,17.8
14352,17.2
4550,12.6
13708,16.2
12496,5.7
13312,17.4
8526,11.4
9270,17.6
14614,4.0
1675,14.8
9644,17.9
1561,7.0
11858,15.4
14798,18.2
7978,7.2
6213,6.6
8183,20.0
6044,23.7
4541,13.4
1782,8.1
9321,15.2
13761,18.2
1095,6.0
7198,13.5
14122,14.6
8108,6.4
3287,9.6
12681,14.0
677,3.7
6193,4.0
2605,-0.2
1392,7.8
8753,4.0
13277,15.3
752,7.8
1711,15.8
3737,11.7
15012,5.0
15009,6.7
13105,10.1
3215,12.8
797,12.0
8410,4.9
1777,8.2
4113,5.4
1770,12.6
13973,11.8
10411,15.8
13077,13.5
7306,8.3
6412,23.8
3022,8.0
14221,3.5
4228,20.4
14120,21.2
3012,8.4
14014,15.2
15136,14.6
5764,13.8
15337,1.1
4619,18.0
12557,13.7
13388,16.0
7169,19.0
10165,13.2
527,15.4
366,-1.8
6098,15.7
14091,17.9
4264,16.0
4262,19.9
10508,12.0
1919,3.0
701,3.0
6170,8.4
14315,9.4
9626,8.4
5018,18.6
6991,10.0
4423,-3.4
12126,9.3
4868,9.6
1298,17.2
7303,9.4
1352,16.2
2926,6.8
14220,10.8
11907,16.4
1287,21.0
9233,10.2
11552,17.3
12555,9.7
4350,6.2
8879,11.4
3697,6.6
2013,20.0
10260,5.4
4373,10.4
9240,7.8
5677,19.5
12184,13.6
11200,21.4
2147,5.0
8618,19.6
2705,10.2
5473,1.4
8700,12.6
2570,7.1
14980,7.8
7105,14.6
14968,5.7
10249,2.3
9952,11.8
8142,6.0
12539,10.2
810,11.0
7744,7.6
5684,24.3
8449,4.6
312,6.2
2073,15.4
10907,9.5
11533,17.7
11236,15.9
885,13.0
1477,7.8
1790,13.6
3142,16.4
8641,19.2
2008,16.2
3454,16.4
682,4.6
3895,16.0
8018,7.4
8998,18.8
6978,6.3
57,3.7
6918,12.3
13856,11.2
11256,13.6
2399,19.2
13053,16.9
14776,14.9
4126,9.0
9249,12.0
9024,19.4
11225,14.3
1468,5.4
5761,11.9
1416,7.8
470,14.6
2358,14.0
2722,19.0
7383,7.1
6886,11.6
7501,17.0
13085,13.9
14184,11.7
9019,14.5
4525,14.2
4610,19.6
6942,9.0
14083,15.9
6041,18.2
11840,17.5
3869,19.4
9054,11.6
14721,16.8
13217,7.9
6786,16.6
6962,1.6
7139,17.4
10791,17.0
12058,7.0
4674,6.4
1055,11.6
2281,12.2
9365,17.4
11389,2.4
7930,16.2
7472,17.0
1924,7.5
6379,16.8
4907,17.4
11514,22.4
15066,4.2
1075,-1.2
1115,6.8
3936,13.9
3533,15.1
9340,20.4
9219,10.4
460,7.7
3032,9.7
4207,15.2
6713,15.0
13685,18.9
6398,15.0
5841,12.0
13995,6.7
1452,0.9
2149,6.8
319,4.4
10885,13.9
11500,22.4
6769,19.4
1922,5.3
10635,6.4
13642,20.0
12264,15.3
12376,7.0
7803,19.0
8948,17.4
14490,18.2
2129,15.9
6403,20.4
7405,9.0
6478,14.0
6300,4.3
8866,4.6
15248,14.1
9049,13.0
12599,20.7
2509,1.3
1052,9.6
7821,12.6
6152,5.6
1681,21.6
10522,8.0
4067,9.0
5024,12.0
1456,8.4
8412,4.5
361,4.1
8871,17.4
14717,14.8
10676,4.2
15141,18.5
3145,16.8
13777,16.6
9071,10.8
505,11.8
12158,6.5
7171,17.4
13678,16.5
10782,15.0
9883,3.1
13348,19.4
540,13.6
4235,17.0
5507,6.2
12998,18.4
12187,9.5
11440,14.9
13864,9.0
754,9.4
11566,15.3
2003,19.3
2542,9.0
6073,23.8
2918,6.4
7793,9.7
5218,9.8
237,14.6
4271,16.4
5875,9.2
7375,8.8
100,13.1
8354,4.8
11056,11.4
10017,16.5
7187,17.4
5362,14.2
4766,4.6
8117,8.7
4880,13.4
9466,4.2
601,14.6
13084,14.2
13698,15.9
6182,3.0
11173,19.7
15334,2.6
2431,17.8
8729,6.8
1044,5.3
14761,19.1
1557,6.2
5009,17.2
1487,11.4
6577,-2.4
10739,12.4
14121,14.4
9079,10.6
2115,13.3
5795,11.2
13637,10.0
9603,8.2
8292,15.0
5491,9.6
10772,17.2
618,16.2
11492,11.8
8542,15.9
15212,19.0
15010,6.7
3396,14.0
1600,10.2
11450,8.5
14889,13.6
1615,17.6
1752,12.2
10335,13.0
2040,18.4
2083,16.7
9193,4.7
546,14.2
6199,7.2
10994,1.2
9796,17.2
11529,20.7
5147,4.4
11748,4.9
675,3.7
2545,8.0
4371,4.4
12769,6.0
3999,7.6
14578,9.0
6014,18.7
5096,7.5
175,14.0
14907,13.2
2208,-3.6
3609,9.8
12005,9.1
13275,13.1
3787,14.6
13904,0.9
10944,7.7
6458,16.0
2225,8.4
3049,12.1
296,10.8
1126,8.3
11925,15.3
14611,5.0
11192,21.7
2441,12.8
13186,2.7
7369,4.6
1322,17.8
1603,11.4
4210,21.7
11933,19.4
13219,9.8
9648,13.6
4065,8.0
6904,9.2
1294,18.4
5007,15.0
6069,20.0
6386,18.9
14353,19.9
11090,13.5
7379,9.2
4071,11.8
1507,1.8
12004,13.4
1559,6.6
9113,8.0
5577,5.2
9894,-0.6
7524,19.8
14455,20.1
8523,11.2
1836,10.0
5611,14.8
7614,9.2
8546,11.4
5335,16.5
1354,19.4
14775,15.8
4141,19.1
9241,8.2
14771,13.9
13547,5.9
4844,6.8
4723,1.6
6260,0.5
13754,19.0
6906,11.0
3280,7.8
4032,8.8
6720,15.0
1235,14.2
8661,15.2
10873,12.4
10807,18.8
13684,15.8
10337,12.6
2251,6.8
1025,6.6
11934,17.3
7642,5.2
6649,12.6
14633,1.3
8324,12.4
9070,9.4
3397,13.3
313,3.6
636,13.3
6149,7.5
8777,1.4
10292,9.4
15171,16.5
12722,10.7
7251,13.0
7765,6.4
11900,22.5
1152,4.8
2970,1.9
12944,18.0
2584,2.2
8842,7.8
3885,20.8
14748,13.4
11826,13.7
14636,5.2
4771,-1.3
8028,5.2
10967,-0.2
6697,18.1
15341,-0.8
8079,6.8
11509,17.9
8892,12.9
11975,11.7
7131,16.4
6058,26.1
1840,3.0
13958,11.7
1564,7.2
3673,6.6
8664,16.1
13806,11.2
4698,5.2
15305,6.5
3320,5.6
5192,7.0
2272,5.7
15328,11.2
6157,10.6
4254,22.3
4773,3.6
6575,-2.8
13262,12.5
4709,8.6
847,7.0
11057,12.3
5544,10.3
5526,4.8
838,7.4
5461,3.4
8769,2.4
8748,6.6
7802,14.0
4597,20.1
5916,7.2
1417,10.0
5785,12.1
8284,16.2
3848,19.8
604,17.8
10753,19.4
13819,9.4
2078,17.4
10210,11.6
2311,11.7
10502,13.3
4343,3.6
1471,8.8
8520,10.1
1982,12.5
8725,10.2
4466,7.4
199,15.8
6676,7.4
485,9.2
6975,5.2
3270,6.0
4724,2.0
5728,14.9
2823,13.2
4551,11.3
10235,10.4
5336,16.0
3245,7.7
4453,10.8
14204,12.3
5817,8.1
8451,9.8
3749,7.4
2202,0.1
8492,13.0
12511,2.8
2794,14.6
7600,13.1
12534,10.0
10580,1.2
524,14.0
10741,16.4
14206,10.2
947,22.8
12687,17.1
9020,16.8
12140,13.5
1280,14.2
13264,9.2
122,4.6
4366,0.4
5885,9.4
7436,14.1
14022,16.0
8237,17.7
2302,5.6
13857,13.1
11511,21.8
9634,10.2
5820,9.6
10551,9.4
1005,14.0
3460,17.4
10220,6.0
11471,13.5
13796,12.3
3055,10.0
13641,18.4
3566,12.7
7402,10.4
2132,14.2
501,14.2
13593,8.0
9857,1.3
3185,18.6
6153,4.8
8065,2.8
229,15.4
9089,12.0
4001,9.4
8203,14.0
14027,17.7
10742,15.6
9416,12.3
3007,9.4
9601,6.4
4587,16.1
4221,18.8
4305,17.8
9396,15.0
7926,17.4
2750,17.6
11134,19.9
595,18.1
7210,16.6
4376,6.6
2944,6.2
8035,2.8
7612,11.4
2718,12.6
3362,8.2
15047,9.3
9675,20.8
5824,13.1
8994,21.0
14949,8.3
5230,14.8
14685,7.1
6746,15.4
4161,14.6
13080,15.5
12587,17.3
6878,6.0
11806,14.6
14015,19.2
5322,19.8
5561,10.4
13756,20.0
8600,18.6
13483,11.8
13599,9.8
11306,2.3
7808,11.4
11031,9.0
10585,8.6
4867,8.2
9282,15.3
13054,19.7
1017,6.8
10455,15.2
8279,15.8
9854,8.3
1928,7.2
13289,12.9
350,5.7
6703,10.0
13872,8.2
223,20.6
6030,18.8
14346,8.5
13329,23.0
14536,11.1
9387,16.7
2500,10.9
8846,7.1
9877,7.6
564,15.8
1582,9.2
5545,11.5
2175,5.3
10156,14.2
9320,15.6
15312,5.2
3933,12.0
12224,17.2
7356,8.7
2707,11.2
15153,18.4
9924,0.4
5211,10.2
14921,4.3
9619,14.7
15264,10.7
3535,16.9
9756,11.3
11756,9.4
2397,22.4
6657,7.4
3739,13.4
11977,11.9
821,8.2
2063,20.0
13070,13.1
10354,15.2
81,3.1
5419,8.2
10119,18.6
14223,1.3
14946,5.2
2697,11.3
831,16.1
4574,22.2
3826,18.6
5924,6.8
10970,8.6
1397,11.6
10491,17.6
2833,14.8
10153,16.2
14274,4.4
14631,3.8
9216,5.5
13579,3.5
7532,14.8
48,-0.6
10515,15.4
7640,7.5
13953,13.0
6512,7.4
13169,-0.5
13594,9.0
15135,15.3
6357,10.9
4095,12.8
2689,11.6
1189,11.6
10819,15.6
4845,8.2
5210,7.0
3990,4.2
2373,18.2
11297,10.0
5676,19.5
12425,8.6
2758,17.4
10168,5.7
6607,5.7
9976,11.0
10118,18.7
2488,10.6
2579,7.0
9004,20.0
13553,5.2
3880,20.2
10138,12.4
9060,6.3
9727,16.8
4934,15.6
12450,6.2
14093,16.9
8364,11.8
2209,-3.0
5235,10.8
3945,14.0
13237,8.9
9923,2.5
2164,9.0
2886,8.4
8206,18.2
11076,10.3
15246,13.2
516,10.2
11941,17.9
7518,25.4
5666,17.2
172,15.2
639,12.3
7969,10.8
9145,5.2
13295,13.8
7224,12.8
8051,0.6
5065,3.8
1143,2.8
12715,12.1
7435,15.2
10889,12.0
12847,6.7
11621,8.0
1832,5.4
9950,12.0
9068,6.8
3686,5.7
6227,5.8
5700,17.3
11612,9.3
13893,2.2
4537,9.4
3515,17.8
9896,2.0
834,11.4
2486,10.8
11449,10.1
8742,3.7
9383,20.2
10414,16.9
13540,11.3
9532,6.0
5467,5.8
4915,17.6
65,5.6
8726,9.6
12375,5.6
10419,18.7
2024,16.8
1872,0.0
354,2.8
5360,12.4
1767,13.0
12680,12.3
9613,11.2
6405,19.0
4762,5.3
1164,7.0
12423,9.4
13576,6.2
3395,14.2
8484,9.0
7816,11.6
4568,22.4
14449,23.8
3127,14.2
7571,17.5
6946,6.8
309,10.8
8387,5.2
8796,0.6
14412,16.6
10876,14.0
8736,9.3
4354,6.2
9586,9.9
14317,7.4
8402,0.0
3587,15.0
7563,14.6
2583,0.3
7764,4.0
2770,18.8
4812,8.0
11035,8.9
10439,17.9
5087,3.0
324,3.0
5171,3.1
5648,17.0
6743,16.6
14004,12.4
3209,13.1
10663,8.4
3905,16.6
13571,4.5
1292,14.6
5638,10.8
14765,15.8
14359,11.8
9371,15.8
2379,16.2
10673,4.0
9720,18.5
3634,5.5
4169,18.0
8910,13.4
6658,8.6
13049,13.5
15052,12.5
3428,12.4
4421,-4.2
1101,0.9
8997,17.0
13636,14.2
14638,1.9
3250,6.6
4409,2.6
4140,20.0
3557,16.3
709,6.8
118,8.0
2022,15.0
4598,19.2
12465,6.9
14505,20.0
6130,16.8
12354,5.0
6952,10.1
13301,15.4
2374,18.3
14781,15.6
14622,10.2
9571,15.0
5227,12.2
14815,28.8
6606,5.2
4681,10.0
11286,10.6
8576,14.8
5003,13.4
7920,14.4
7838,19.5
2857,14.0
4273,16.4
5739,11.6
12893,10.5
13592,6.7
14058,15.9
5470,4.4
5816,10.6
1158,7.2
14426,23.5
9100,8.9
87,4.8
8063,2.8
3382,7.0
14213,1.9
10121,19.8
403,7.6
14936,9.2
3350,2.4
14330,10.3
7946,12.4
14844,20.4
6378,17.2
2241,-1.2
9188,0.0
14926,6.4
6552,4.1
9380,20.4
10067,24.9
6310,11.3
1027,8.2
14890,15.0
3803,10.4
5517,4.3
2436,14.0
4689,9.2
10358,13.6
5298,21.7
1278,18.0
12472,1.3
8563,14.4
6856,16.6
2042,17.0
9906,8.8
6654,8.6
6074,23.8
5157,4.5
1425,5.4
5027,12.4
5281,17.0
9430,10.0
1502,0.6
14947,4.6
13144,3.0
12565,12.1
13310,17.1
14988,10.3
6064,18.7
678,5.2
6673,12.4
5851,5.8
7194,10.8
10656,3.5
5265,16.3
12105,10.3
14085,17.9
9542,4.6
5053,8.1
5215,9.3
1850,1.9
6522,7.9
1070,5.2
13366,18.8
6784,21.0
7750,9.0
2480,12.1
12754,7.7
3392,10.0
1099,10.7
5484,3.7
12101,9.7
9315,15.8
11877,17.5
418,5.4
9691,24.5
5819,8.6
9680,16.6
1947,12.5
8653,15.6
3336,8.8
2299,12.6
9375,15.6
9378,20.0
15006,11.2
208,21.9
8487,8.6
3682,3.4
9639,12.6
8420,9.3
14908,14.6
528,17.2
5329,16.7
779,2.2
722,10.8
7772,4.2
9735,17.2
7313,3.0
1860,8.1
13838,6.0
14672,7.2
13000,19.3
13933,10.0
1992,17.1
2332,14.2
9970,11.0
6339,8.0
10144,18.4
8715,10.7
6117,15.8
3459,18.5
7974,9.8
6567,1.0
15238,19.4
14421,22.1
14604,6.8
9552,1.3
5492,7.3
9617,18.8
4518,10.5
13764,23.3
8395,2.0
5138,3.8
6755,14.1
11459,12.3
12783,8.0
257,11.7
11661,3.0
11573,17.0
13223,6.3
12975,16.8
6931,9.9
14148,17.5
13557,3.7
3625,6.3
702,3.0
3189,11.0
503,15.3
12061,9.8
13543,7.7
5441,1.4
2556,0.0
848,4.9
2248,6.2
5616,10.6
8926,18.8
372,3.8
13601,8.3
5317,20.2
10871,11.0
5487,4.2
5303,16.8
4052,6.8
3937,15.6
6252,4.3
15180,20.8
8336,13.2
12516,7.7
10977,4.4
4076,8.3
997,15.4
4332,9.8
14094,18.6
1176,8.2
14865,18.1
551,14.6
4840,6.9
12579,13.3
4372,7.9
3497,14.6
8288,12.8
8075,4.4
10083,16.7
1407,12.7
12767,8.9
12898,11.1
5176,3.1
5829,6.4
6062,19.1
8156,8.8
10868,9.0
6775,18.8
3588,12.2
11732,7.1
10506,12.3
693,14.2
2533,6.4
5011,15.2
3443,11.6
982,17.8
8271,23.6
5943,12.0
14458,22.2
4222,17.6
91,4.4
5652,17.0
2266,2.2
10976,5.8
8298,14.8
9736,18.0
9799,16.3
261,17.4
14248,9.5
3337,7.8
12660,20.3
5497,5.5
14507,18.9
4016,4.4
3626,6.7
9384,18.0
445,1.1
6752,12.7
5111,0.4
5965,16.8
12840,7.4
3555,17.2
2194,2.0
15018,8.0
7338,7.0
13115,10.5
3367,11.0
10184,6.8
2867,9.0
2526,9.9
11482,17.3
7917,13.7
10117,20.2
10460,16.0
1168,7.6
4144,13.4
5149,1.9
84,6.2
3149,20.9
12922,20.0
880,15.3
6747,14.8
9716,16.8
6535,2.2
7572,16.8
14664,9.8
15225,16.0
1467,6.2
11193,19.9
5641,14.1
6537,4.8
9638,13.2
452,10.1
4326,6.8
4044,5.8
11845,14.3
4137,17.0
3039,15.4
9308,14.8
13586,7.2
9774,13.4
5825,11.9
12002,9.9
10484,14.8
579,19.6
5236,10.6
6571,0.2
10735,16.2
7174,14.2
7467,14.4
11262,13.5
12558,14.1
15335,4.9
5587,8.6
12054,8.1
2467,19.3
4157,13.0
6349,10.4
12210,15.1
9389,13.6
413,7.6
402,6.7
4428,3.6
2084,15.2
3057,9.3
13352,16.9
11462,16.6
7060,9.2
164,14.4
13406,15.1
10993,2.0
14529,17.5
4302,16.0
10914,8.2
14692,9.1
3317,5.4
12302,15.0
7865,14.9
7582,8.8
12286,19.1
3934,11.0
6851,15.4
1847,3.2
12088,-1.1
1334,15.0
11766,7.7
13539,9.0
10536,8.0
10289,7.6
753,10.2
3064,9.8
13304,19.6
6997,8.8
7536,15.4
9464,7.4
706,1.2
3491,18.7
9801,13.2
13881,3.6
4573,18.8
11885,16.0
7631,7.4
14600,10.4
7706,9.6
7054,13.3
5580,7.3
11282,11.4
6840,15.6
3151,19.8
14706,8.9
6523,5.3
14365,8.6
3799,13.3
4022,6.6
15039,5.7
10869,9.1
1074,-1.9
10254,7.0
10625,5.0
3438,13.9
9344,21.6
13730,19.3
10194,9.8
2429,14.3
246,16.1
3815,21.8
10947,10.2
3632,9.5
10224,9.0
2262,5.0
2246,7.7
835,12.2
5064,6.6
6202,0.7
432,5.6
8260,21.6
1173,5.4
10255,8.1
6437,20.7
8665,15.2
4656,13.8
8857,8.2
7925,20.0
5289,15.8
3757,8.4
10295,9.0
10111,17.3
250,17.9
13072,14.9
7952,9.0
7897,19.4
15016,6.0
7334,4.2
11052,11.0
2793,14.0
8254,17.3
10504,12.8
7795,14.0
13082,13.8
3407,12.2
2729,15.0
15193,23.9
9158,2.3
433,6.4
13439,13.3
7422,13.0
7592,13.0
11592,13.3
13962,10.1
10786,15.6
14909,8.0
8760,10.8
12639,20.2
11433,7.9
5629,13.9
4002,9.9
8917,19.2
4753,11.2
1332,14.5
10085,16.8
8049,4.5
8337,11.2
4196,15.4
1443,5.8
3681,2.9
14728,10.8
4310,14.7
7448,15.4
4899,17.8
8471,8.6
3985,4.4
10928,2.6
13650,13.4
12093,0.3
9112,10.0
2569,7.2
15178,20.0
4277,13.2
3666,7.0
8826,8.5
15197,25.6
2446,19.2
6821,18.6
9825,1.8
6520,10.2
5802,14.9
3657,6.2
11753,5.4
12371,12.0
3172,14.4
1223,8.2
7272,4.5
3639,7.0
4166,16.3
544,14.5
1204,9.1
14900,12.4
9386,15.2
13985,10.9
7242,9.2
2637,8.4
14859,14.6
8408,4.2
12762,4.9
14839,18.6
6758,13.8
13386,17.0
8200,15.8
877,12.2
12436,-0.6
196,17.8
14955,5.0
3383,9.2
4379,7.5
10566,11.8
10974,8.2
2997,8.2
3908,16.6
2571,6.0
7688,5.4
1755,8.0
6496,15.7
13244,9.6
14391,21.3
14698,11.9
5721,15.8
6443,17.5
14471,20.6
4969,21.6
6964,3.5
6814,16.0
6479,16.7
4711,7.8
4163,12.2
8093,3.9
13831,8.4
11502,22.3
12682,14.4
2682,11.3
8885,13.8
2508,1.3
15011,4.8
1510,2.3
4314,12.6
9761,16.1
8686,8.6
5356,14.2
6639,8.2
5972,11.1
1244,16.0
3734,6.0
9069,9.0
13538,11.6
4121,5.8
7787,11.4
13093,7.0
4995,13.0
11742,11.1
12768,11.0
1876,2.8
7907,20.4
10696,7.5
5262,14.3
254,13.6
11513,23.1
4511,8.4
9792,11.6
5159,4.6
12656,20.4
8128,10.3
759,7.0
5481,6.1
654,10.1
5297,21.0
9605,9.5
5812,8.0
5288,16.0
2892,11.2
9488,10.2
3401,6.6
7626,3.7
5636,17.0
1420,10.4
3044,7.2
2830,14.0
10370,19.8
328,7.6
10415,16.0
253,16.8
13847,3.2
7318,6.7
6159,13.1
5323,18.8
8868,12.0
10012,11.0
4377,8.2
6022,21.6
5092,4.2
13344,19.8
5377,16.1
3019,10.2
3029,12.1
9969,10.3
2636,6.2
13486,9.3
9757,12.2
1131,8.0
3018,9.6
2945,5.2
3659,9.8
10835,17.8
14934,4.8
12073,10.1
13040,16.8
2663,7.4
14055,19.5
5378,15.0
10468,15.0
1362,11.8
7180,16.1
10999,2.9
5533,3.2
3481,16.0
14783,18.7
6255,6.6
11224,15.1
8952,19.1
13006,17.4
5112,-1.0
5940,13.4
8270,20.4
9551,1.7
10379,18.1
2880,6.1
5839,9.8
3381,8.4
12844,6.0
1302,18.0
14539,10.2
7442,13.7
4957,16.2
4836,8.0
10897,5.8
8908,15.2
9781,18.4
10398,17.2
5720,16.0
3879,20.1
9845,8.8
942,17.0
12505,1.9
3235,8.6
15168,17.6
3257,5.2
11588,16.3
11335,1.1
176,15.2
435,6.6
12673,16.5
7049,10.9
308,10.0
11620,6.3
1565,10.0
6727,17.4
2135,7.5
9044,11.1
13480,6.7
8847,10.1
14621,8.7
12545,15.9
7393,11.4
2276,5.0
7072,18.0
9459,10.3
2623,4.4
9855,4.0
14050,25.4
231,17.4
8223,19.0
737,2.9
14754,19.1
8678,13.3
9413,11.6
8972,16.6
5705,16.4
13631,6.5
5935,12.4
6495,15.6
755,5.6
9922,1.3
14400,15.4
8119,5.8
11587,17.1
6200,6.1
9775,14.3
69,8.2
5367,13.2
8084,4.6
5682,22.2
1680,20.6
14157,15.1
5961,9.0
2603,0.8
7868,16.2
9033,12.7
11892,16.7
12095,-1.0
2283,12.4
3732,6.2
9904,4.8
14444,21.6
12911,13.4
6620,5.4
8651,15.4
5127,8.2
1545,4.8
739,7.2
11743,10.4
14229,3.0
6984,10.4
6795,23.5
3518,18.6
12952,18.1
773,2.4
865,12.6
5200,5.8
12114,7.5
641,11.0
10313,10.8
8761,11.2
3203,10.4
7288,12.8
5204,7.2
14683,11.9
6923,5.0
15170,19.1
10605,9.3
11359,5.7
14695,9.0
11241,13.5
13447,11.2
3309,4.6
363,1.8
3723,6.1
7670,7.0
4726,1.3
2940,-1.6
471,14.2
1641,15.6
13491,8.1
14418,17.9
1172,6.4
9621,10.9
6085,16.4
15247,17.1
9376,18.4
3364,7.4
8510,10.8
1410,13.2
14254,7.5
6666,11.1
815,12.2
6500,11.2
7322,7.5
2131,14.4
1797,2.3
7727,8.6
4575,17.1
5190,12.6
8167,18.0
3122,17.1
5365,18.0
4275,16.0
14217,7.0
3089,12.6
9368,17.4
15317,2.2
13774,14.6
5253,11.9
1532,9.7
8603,16.4
2831,15.4
8269,20.5
14086,18.3
10949,10.0
13415,15.7
8672,15.0
1299,15.2
6273,6.6
5499,7.2
14966,8.1
14071,17.1
12283,24.4
1480,0.7
1601,9.0
5091,5.5
7067,15.6
9699,17.2
3661,10.0
11518,18.2
4825,11.4
5680,22.4
397,4.9
11902,23.7
2506,3.6
11770,11.0
9407,13.4
3010,5.8
10463,18.9
723,11.0
300,5.8
12884,13.0
9419,9.4
7328,8.5
4185,17.6
13804,13.7
13795,14.5
14305,-1.0
4582,17.0
15089,14.9
7367,6.4
14549,8.3
15028,12.0
7433,16.6
12569,16.7
6965,3.9
1212,11.8
7055,10.6
13474,2.7
12909,15.4
11159,18.2
8840,8.0
11007,8.0
5427,8.8
9664,21.9
15073,15.9
7216,10.6
5994,15.6
3767,5.0
4272,16.8
14841,16.8
15031,5.1
786,1.6
9657,17.2
13482,10.8
15279,14.5
7853,17.6
14194,8.5
2905,4.4
4626,21.6
996,13.0
11741,8.1
14847,24.9
7246,8.5
6250,7.4
9330,19.4
8055,-0.1
14627,2.9
5523,-1.8
10540,10.8
7505,20.6
156,12.5
10099,17.4
3085,13.0
10667,8.4
1552,5.8
8979,18.7
9948,11.1
495,11.1
2321,8.4
912,16.2
12118,5.4
151,13.6
10192,11.9
10703,12.6
10483,17.5
1738,15.4
3001,4.0
13291,15.3
6961,4.0
13839,8.8
2883,7.2
3720,7.6
7127,16.6
888,12.9
5471,3.3
3201,11.6
15053,7.0
4823,10.6
4704,7.8
343,9.6
4136,14.4
11044,6.2
3188,13.5
4522,16.2
2223,11.0
2121,12.4
6858,10.6
15281,16.6
12899,11.9
9123,7.6
9698,17.4
7366,9.4
12495,3.4
4734,8.1
12923,17.4
1465,10.2
4593,18.1
3565,13.1
5840,13.4
283,14.4
14235,10.3
6175,8.6
10530,9.5
4151,13.8
14835,16.6
9209,10.2
7376,11.4
9301,13.3
14258,6.5
8969,19.9
3161,16.8
2630,8.3
12128,6.7
13063,11.6
13595,7.6
1203,9.3
13996,5.8
10401,14.4
616,17.2
3114,17.2
12409,10.0
7481,19.3
9546,4.5
2728,16.5
12657,17.8
12633,20.0
10126,17.2
1357,16.6
12494,5.3
7798,15.0
11830,14.5
13726,18.0
1590,9.1
14901,12.7
3140,14.4
5338,14.7
547,13.0
7118,16.6
11862,14.3
14208,3.2
26,-1.8
1067,6.0
3918,14.6
6604,4.3
5529,2.2
6678,11.0
5398,14.0
8845,7.4
8081,5.7
9835,6.6
14542,10.2
437,5.8
9199,5.4
13977,12.8
5269,17.7
1861,6.2
10684,10.6
8316,13.4
12937,16.2
2706,10.4
12967,20.1
5325,15.8
6957,8.0
11797,18.1
14081,17.6
9059,6.3
9338,19.3
4011,10.2
13739,20.2
534,15.0
11532,18.3
585,16.0
13069,12.1
13091,8.9
10374,8.4
11697,3.5
8762,8.3
6464,15.2
12017,10.2
14303,-3.3
1916,4.8
13554,6.1
8107,7.4
14581,12.2
1910,5.2
9758,16.2
11778,13.7
1133,7.8
9988,14.9
11006,8.8
1317,20.2
4368,1.4
8313,16.8
11724,11.0
8856,7.8
7325,5.2
6080,21.6
13516,7.3
2601,-0.8
6568,2.1
2173,6.0
3605,6.1
6429,17.8
7995,7.0
3768,5.6
5077,9.1
8274,17.3
4631,17.4
8961,24.9
240,16.4
13273,14.3
14584,11.3
7602,12.1
8772,0.0
1867,5.7
12426,9.5
15211,18.6
2521,2.7
10107,17.5
1820,9.1
2410,13.8
8243,22.9
6637,7.9
5187,13.4
11020,5.8
4565,15.8
7942,15.2
12623,21.5
6391,14.4
2118,13.4
3779,12.3
4961,21.6
2809,10.8
498,17.8
14169,12.8
10256,7.6
4284,11.2
10427,18.0
13332,20.1
228,16.0
13705,20.3
10024,25.4
2741,19.5
10134,15.6
6001,17.0
5718,15.6
13892,3.5
5583,5.8
12931,12.7
13019,13.2
12619,20.6
1128,6.7
14829,18.9
1706,16.3
7450,15.0
3153,22.0
9704,15.1
13883,3.9
14746,11.6
6240,1.5
7104,15.0
12543,12.7
2721,18.6
7445,14.0
7893,20.1
14796,19.1
11689,3.0
8042,4.8
9006,16.0
9357,20.3
9622,13.4
11853,17.1
11701,11.6
11346,4.7
11108,18.4
10219,4.6
6054,23.7
10341,16.5
12456,2.7
2550,7.3
7440,11.6
6768,20.0
9937,2.3
13611,8.1
6449,15.8
12791,9.4
14920,8.4
2644,8.6
13420,14.8
4487,11.2
2061,20.8
4645,13.4
14409,19.2
13263,14.9
14836,18.8
13815,13.5
7265,2.6
4174,13.6
12778,6.7
14905,9.4
8543,15.1
12223,15.0
983,19.2
10407,15.8
5480,5.2
12021,9.2
4797,2.1
9859,1.3
3662,6.6
14128,15.3
6947,9.1
4657,13.0
6414,18.6
3150,20.2
9620,11.4
9121,2.8
4813,9.0
5969,19.0
2939,-1.6
1340,15.4
1391,9.1
9901,3.2
13213,8.7
9469,6.1
11143,20.4
11266,10.3
9236,9.6
6146,11.2
1412,6.8
2256,5.0
14629,2.1
10984,4.2
6120,16.2
2212,5.4
5603,9.8
6004,12.0
5417,8.8
4938,17.6
3624,5.4
3158,13.2
4267,15.8
463,7.2
1754,8.8
13233,8.3
9234,11.0
6380,12.8
3829,18.2
378,-1.5
10240,7.4
1335,15.0
14872,15.8
2716,13.8
9838,4.8
10774,18.9
13863,8.0
9933,2.0
6322,11.2
13238,10.9
10031,18.6
1894,5.0
4661,9.2
9919,4.3
7769,10.6
7090,16.2
6221,11.0
9360,19.2
14697,10.2
7037,7.9
8816,4.6
8887,12.0
12297,17.9
11418,10.9
10563,8.1
11415,8.0
3992,6.5
6691,14.2
1030,8.4
2220,7.2
11909,17.0
14125,14.5
3793,20.2
11584,15.0
10725,16.4
4327,6.8
13112,4.5
8302,14.2
14560,11.9
13494,9.3
5731,13.8
2917,3.8
5586,6.4
12291,17.2
6326,14.0
1515,2.9
14510,11.9
13916,3.5
12895,13.0
2263,3.4
4479,9.2
4239,21.4
13036,16.3
13240,8.9
893,14.0
1490,4.6
12288,17.5
11630,16.0
8516,11.6
2933,-7.6
14107,17.6
1129,4.6
731,6.4
3084,12.4
7297,5.4
4588,17.5
2795,13.4
7601,11.4
798,11.3
6232,3.4
734,3.9
10734,15.6
2244,3.5
178,15.5
1174,5.4
790,8.0
15311,4.5
198,18.9
10479,17.6
7675,8.9
548,15.6
3339,5.6
9511,6.8
7465,13.4
8903,13.8
11304,5.6
12642,18.2
7533,13.2
66,5.6
4712,9.4
5214,10.0
12276,19.4
5033,11.2
14716,12.9
2572,2.7
10481,15.8
11010,8.2
622,17.2
6222,9.8
787,0.3
3332,8.8
14773,13.8
6008,13.2
10804,20.9
8334,15.2
13430,12.1
10768,18.0
8900,10.6
515,10.2
478,9.4
4476,8.8
12567,10.4
9023,18.6
6899,7.8
1033,9.3
9541,4.8
2598,-3.6
1514,1.4
6191,4.6
11121,19.2
7237,11.3
5753,13.1
10385,17.2
13198,6.4
8236,15.8
8536,16.6
5521,3.4
1462,6.8
7915,15.8
1871,-0.2
12497,4.3
7209,16.7
10306,4.2
7349,2.2
4623,18.0
9682,13.8
4818,6.6
220,16.6
12766,7.7
9213,5.6
2476,14.2
4248,18.8
11708,2.1
14884,10.6
12858,13.0
6487,10.8
9640,14.4
9946,12.7
5650,15.8
13966,11.3
11061,12.2
8052,1.0
14106,19.7
2881,7.2
1677,18.4
6060,20.6
901,15.2
11691,2.9
14623,8.6
2296,7.7
15320,9.0
8488,9.8
11063,13.0
8956,22.8
12917,12.9
11330,-2.4
6772,17.7
12122,12.2
7257,6.0
2580,3.6
7966,12.7
14557,9.9
11377,7.0
15127,19.1
10009,13.8
9568,3.0
5254,12.8
681,3.9
14299,2.4
3159,14.0
11126,15.3
2987,2.8
4908,17.6
1882,2.2
8883,12.5
1940,12.4
3296,8.0
3534,14.6
5974,8.8
3729,3.4
490,8.7
5708,16.2
1181,9.4
1375,11.2
5014,13.8
626,15.8
4758,3.1
11147,15.1
11717,2.4
11219,18.3
4180,11.0
13311,19.2
8983,27.8
2887,7.8
8876,12.4
4539,13.4
10942,5.0
6671,8.8
6453,15.5
1366,13.8
2639,7.5
14531,12.9
5602,11.8
13875,2.8
5730,14.3
7204,16.1
5296,20.2
11786,13.9
2938,-1.4
10477,15.9
13292,16.0
8890,14.4
5979,10.8
4534,11.3
13759,17.0
7669,6.0
7607,13.2
12293,19.1
10084,16.9
11480,16.5
14919,6.5
6681,11.2
5428,6.4
5266,15.2
10788,21.4
15049,10.9
1784,7.0
7116,15.4
494,7.0
12084,1.5
8981,24.2
2038,20.8
4041,7.8
2897,6.6
8558,14.9
12467,5.2
10075,18.4
11864,21.8
2653,3.2
10556,6.9
8514,15.8
2031,18.2
5089,5.8
813,11.0
7235,16.6
6280,1.6
14131,14.3
1079,2.8
2226,9.3
11956,19.4
14031,18.9
12809,6.9
3261,6.2
5649,16.0
3862,20.4
2936,-2.3
11499,21.4
7080,16.2
3917,18.2
12485,9.4
305,7.5
4056,8.4
14603,4.9
2999,3.7
9767,12.2
1231,16.6
2313,10.0
12050,7.3
10509,13.8
13088,15.9
4321,10.7
15215,16.7
6470,13.0
15233,22.3
7500,16.3
12938,13.6
3899,16.6
3567,11.0
5452,5.8
8022,5.6
13274,11.5
12134,11.9
4270,15.0
8531,14.4
4086,11.0
6663,8.6
12463,6.4
588,17.8
3365,8.8
2670,10.6
5515,5.7
15263,10.6
13201,4.0
2395,18.4
5506,5.9
2170,4.8
14399,17.4
8134,12.0
10472,16.6
14431,23.7
9257,10.8
12793,6.6
5673,21.2
2774,17.8
7620,7.8
6559,6.7
14060,18.0
8456,8.4
12679,13.5
14375,12.2
5798,8.7
5982,10.8
5882,8.6
9663,16.9
12137,10.6
2181,4.6
11436,12.5
1473,5.0
6103,16.4
11600,14.7
9363,18.0
9999,15.1
421,1.9
2306,7.4
13101,12.9
171,17.0
3956,14.6
5606,11.5
14189,6.5
8462,6.5
1725,11.6
8938,20.3
15195,27.1
14357,12.2
13432,12.7
904,17.2
3494,16.6
8346,11.8
9957,7.0
7797,18.0
7396,13.8
12806,5.5
2080,16.2
7928,17.2
11461,14.5
7933,13.6
10087,15.6
10899,9.6
7211,15.0
4677,6.6
6533,3.4
5209,10.3
2646,6.4
13241,9.7
11202,16.9
10110,21.8
11594,15.6
10795,16.8
6365,19.4
11851,16.7
2155,8.0
11179,19.0
7370,4.0
13652,12.8
7837,18.3
3715,8.2
8111,3.9
13889,6.1
12719,13.3
3622,4.1
4516,12.4
7354,11.2
8750,6.2
1436,6.6
507,12.8
5275,17.2
5663,20.6
5402,4.4
5930,5.1
8947,17.0
2339,14.0
13253,16.7
4386,5.8
11923,17.9
7680,5.4
11796,16.8
11574,17.7
8693,9.2
643,9.8
1539,9.6
1211,10.8
11285,11.6
14007,9.8
8864,4.0
6106,15.0
5615,8.0
13498,13.1
1464,11.3
1192,12.4
3590,5.8
9926,3.4
6360,16.7
8697,8.4
12476,4.3
6719,12.2
506,15.6
11345,6.2
9463,6.8
9522,2.6
9841,2.8
1773,13.0
272,14.4
12519,9.2
14385,15.9
3618,3.0
2381,17.7
7008,4.4
13423,13.8
4633,17.2
8504,6.5
746,3.0
7707,8.0
3569,11.4
8982,25.4
15300,11.1
8557,14.8
6448,15.6
5599,12.3
11235,14.2
11019,8.0
8572,17.2
10811,20.3
1912,6.8
9422,10.6
599,13.8
3892,14.3
5540,7.6
1652,23.4
8106,7.6
1893,3.7
11387,4.2
6502,14.2
4362,7.4
14995,3.0
375,1.6
1966,9.6
3957,11.1
14658,8.4
5696,21.8
1243,13.6
12664,20.1
12358,8.6
9355,20.9
941,18.2
13377,17.7
3346,2.6
2657,2.8
15005,10.7
10008,15.2
5326,16.2
10035,16.5
6578,-0.7
2799,13.6
4306,16.0
11099,13.9
12422,9.7
7244,7.0
298,11.6
12518,7.0
3823,22.4
10166,7.0
7977,8.6
2035,23.2
4039,11.5
13957,13.8
11971,17.9
1499,2.2
3512,15.6
15220,14.8
8844,8.0
8362,4.4
6828,16.2
7130,18.4
12271,18.5
9406,13.8
4085,9.4
242,18.0
13044,20.3
1644,18.6
7371,6.2
9677,17.4
5594,14.3
11501,21.9
12982,24.1
5231,11.6
2076,12.8
4103,5.8
7493,21.8
9043,8.6
5968,18.6
12818,6.8
12110,8.4
3966,10.2
10623,5.9
15020,11.4
14678,8.1
6754,14.7
10718,16.2
12445,6.8
12759,6.2
4078,4.2
7754,9.1
8832,8.4
2778,19.3
4603,18.2
4932,15.8
1985,16.0
3861,19.8
7774,7.1
325,5.0
14402,17.1
6394,15.8
11495,20.4
4054,9.6
2237,-1.9
5229,11.2
4571,18.6
8976,20.4
7454,14.4
1268,16.2
864,13.3
4942,17.2
2253,7.2
6010,16.0
6911,2.8
10046,24.6
6998,5.5
371,5.2
12824,6.7
7940,15.0
609,15.7
4651,13.8
12835,7.1
8872,16.6
15336,7.5
14808,20.2
11527,19.5
2364,14.4
7766,5.8
7148,17.8
9103,8.2
3789,16.4
11194,17.3
5581,7.6
9453,10.0
5060,10.8
15046,7.7
13510,10.9
8671,13.9
662,8.8
10959,3.4
12232,22.2
2776,17.0
4535,10.7
7189,19.6
14699,10.7
5573,7.0
6135,12.6
4427,0.2
5247,12.2
12336,11.8
3981,2.7
7825,14.7
2669,8.3
3977,8.0
279,15.9
11373,2.2
8718,11.2
7452,19.0
5197,6.6
13690,16.0
14301,0.8
4155,12.0
14321,-0.3
4883,16.3
5807,12.2
3809,10.8
8713,9.7
12079,5.8
4683,11.0
11721,7.3
14192,7.6
10972,4.0
5593,9.0
14097,16.7
6897,11.6
4563,17.2
8376,7.9
9498,5.6
12620,22.2
1269,14.5
2350,9.8
8745,2.3
1384,9.0
12097,5.9
9036,12.5
5856,4.0
297,11.6
8635,19.0
13507,10.0
12165,9.8
10066,22.8
2077,14.3
9594,6.3
12240,17.0
2229,4.3
2842,13.4
2537,8.6
194,17.6
12721,9.0
7362,8.9
6636,6.7
7498,19.2
13902,0.2
4042,8.0
6553,3.8
13452,14.1
5505,8.7
6854,14.4
6761,18.6
5300,17.1
11839,14.5
320,4.8
7135,16.2
1371,11.4
15062,8.2
2654,3.8
9099,8.0
10715,12.9
3398,11.9
8532,13.1
9819,3.4
12738,5.2
13988,8.9
12883,11.6
926,18.6
244,18.3
7469,17.1
8207,16.9
143,11.0
5983,10.7
8151,10.1
2363,13.4
11228,15.2
129,10.4
1161,6.6
14644,4.2
15030,7.1
5953,6.0
287,12.4
9598,10.2
5308,18.5
8681,13.8
1170,4.8
13341,18.9
13602,8.6
6792,21.4
11233,14.7
1859,8.6
10941,4.2
10141,13.2
6781,17.2
12501,0.7
10421,19.8
3121,15.3
8579,13.9
1311,21.0
1032,9.3
8339,11.6
13031,18.4
6382,12.8
7910,15.8
931,19.4
691,13.2
12724,13.0
6364,17.8
1909,6.8
9021,17.2
15111,13.3
14503,17.9
44,-0.2
3939,11.8
10373,10.9
7108,15.2
9455,2.5
4319,7.3
2965,3.4
3969,6.8
9379,21.4
13755,19.8
10148,14.0
13210,6.3
7478,16.9
6308,12.3
4159,12.6
3092,14.4
11982,10.0
7954,10.5
5555,7.2
3982,0.5
14016,16.4
6940,6.2
1404,11.6
3195,12.4
9666,25.2
10505,14.0
9975,12.1
969,20.0
12446,7.2
6543,7.6
9117,4.4
2843,14.4
2851,12.5
12635,20.3
13060,15.8
5956,9.9
10856,13.5
13068,10.5
4471,7.0
9992,16.6
12314,14.7
1789,8.8
13582,6.4
2059,23.6
7143,19.2
13590,6.8
1902,3.7
4686,10.8
11325,1.2
8090,3.4
4922,17.8
6785,20.0
13653,14.4
75,3.5
2345,17.7
6447,16.0
8430,11.4
8622,18.1
4586,21.8
14772,13.6
12684,15.8
9558,1.8
12841,8.9
1553,4.1
5874,7.5
8432,10.0
8975,18.8
14182,8.0
14970,7.5
9169,6.6
11468,13.5
5695,22.4
2941,0.1
13196,5.7
11368,1.8
7381,9.8
12360,6.3
1620,16.6
15329,8.6
7905,18.6
10798,21.2
12438,-0.8
6782,20.6
12535,7.2
13478,9.5
14153,16.1
1609,10.9
3096,15.5
2415,15.6
13370,19.9
2017,19.4
2971,0.5
15040,6.6
3246,5.8
124,6.4
1106,-1.8
1814,9.0
11963,20.9
14713,5.5
8790,7.8
2123,11.0
14415,20.4
10727,12.4
10968,2.6
8970,19.7
14834,16.6
2197,-0.8
4051,7.4
1216,10.4
7701,9.9
725,3.1
9170,1.9
808,8.0
11489,15.0
10680,9.0
4906,15.5
13419,13.7
13874,7.0
3962,5.9
11879,18.4
2671,10.8
9755,13.6
9427,15.3
9417,12.8
1764,7.0
12278,19.2
607,17.0
12613,23.8
9938,4.6
3217,6.8
5737,11.8
8479,11.2
2053,20.4
3164,16.4
10751,15.0
11744,9.3
13651,12.8
1657,26.0
8069,8.2
8644,15.2
2710,13.1
14068,22.2
7549,20.2
4266,15.6
6715,12.4
422,2.8
5316,17.1
8849,11.5
2845,9.8
4066,8.8
13520,7.8
5244,17.8
1001,12.5
4198,18.4
2418,15.8
14945,3.4
3575,12.9
6726,15.4
3847,17.0
961,17.8
9848,2.4
12842,5.1
15224,15.3
757,8.4
5313,16.8
2284,14.8
12885,10.2
12889,10.3
4827,10.5
13673,20.6
807,5.8
3907,18.3
7023,7.8
1956,10.2
9343,21.6
10499,12.6
12506,2.7
2402,16.6
11025,6.9
1073,-2.1
6524,3.4
13052,18.1
15333,6.1
8095,2.6
14522,17.0
12867,7.4
11466,21.7
12246,14.5
1003,15.7
7658,-0.7
15000,8.1
7566,16.8
14175,13.4
5368,12.0
13587,7.6
6289,5.6
11084,12.8
13519,7.0
9773,13.4
985,14.9
12562,7.7
6169,10.6
11737,4.6
7384,9.3
10675,3.0
14020,14.7
9955,5.7
14380,13.8
9460,9.8
2462,15.4
268,17.2
7962,11.4
3580,14.0
71,4.6
13427,17.1
12461,1.6
11810,10.7
2821,13.0
15172,16.5
589,15.5
10709,14.8
11802,15.9
13801,12.1
11908,16.7
11075,7.5
3758,10.2
6845,15.0
2028,19.2
8869,14.8
11167,18.1
12546,15.0
5454,7.5
10137,13.2
11944,15.0
10061,27.2
10274,7.9
2432,20.0
4647,15.0
8469,6.8
9893,1.5
896,18.0
12624,21.6
1587,12.4
6686,8.6
1719,14.6
6100,14.6
3806,10.4
8806,5.2
13676,19.4
3961,6.4
10245,11.6
7036,9.8
12985,21.4
890,14.6
13834,13.0
4006,9.4
4939,16.3
12147,6.4
9942,3.5
5898,5.8
11537,17.9
12242,18.1
11570,17.5
584,20.8
3932,12.3
1260,13.3
13195,4.2
310,10.2
1716,12.8
6009,13.4
2052,20.6
10652,8.9
4668,12.5
4298,7.6
6646,9.4
3783,14.4
1008,13.6
7347,3.6
12796,5.9
14384,15.1
8383,2.2
11170,18.1
4059,5.6
8721,8.2
90,8.0
1987,18.0
11087,12.6
12731,6.0
13644,16.2
7279,0.2
13438,11.7
11107,17.4
13321,14.7
14566,8.2
9517,6.7
14422,20.4
13205,9.3
2925,4.7
10214,1.8
8185,17.4
5884,7.6
2341,12.8
11618,10.5
10898,8.2
627,18.6
10299,9.1
7545,18.6
9967,11.4
4765,4.3
14740,12.4
12953,16.9
128,10.0
12248,15.2
11981,10.2
4182,14.2
7299,9.6
6995,8.2
2398,19.5
14694,8.1
1186,8.6
14104,17.5
14911,8.6
5314,16.4
9220,10.0
4247,15.6
14660,9.4
9107,3.4
9497,8.6
1096,5.6
6653,8.0
1273,17.1
5698,20.0
12001,12.0
8728,7.4
6797,25.4
9590,11.2
6615,9.8
3358,9.2
7755,6.4
183,16.9
12124,9.3
13778,18.5
6513,11.5
4567,21.5
6603,4.2
12726,8.4
1961,10.0
4992,13.2
4891,19.2
8039,6.6
5869,4.5
9570,8.0
14554,12.0
6226,5.1
11832,13.5
10857,15.4
1251,23.2
3176,18.8
3359,8.1
10545,4.8
9851,5.6
12427,8.6
13809,9.8
7411,7.3
7538,14.8
1051,9.0
9221,12.6
8464,8.0
4763,4.4
15164,16.8
1874,3.0
9278,13.6
11606,14.9
7282,10.6
9008,14.4
11679,0.6
4322,9.0
9448,5.2
5831,5.4
12444,5.9
11569,16.7
12736,7.0
13453,9.7
11932,20.0
4485,14.0
8615,17.3
3924,13.0
14546,5.7
15129,16.4
11323,1.6
7850,17.4
12392,1.1
3113,20.6
3303,2.3
9536,7.2
1690,19.9
9862,6.1
5048,8.0
12369,8.0
3308,2.8
1504,0.8
1806,0.4
3871,20.9
10199,9.6
3791,18.3
14615,7.1
11863,17.6
14913,9.9
1717,14.9
2696,15.2
1848,2.6
4512,9.5
15289,12.9
6622,7.7
3435,14.0
11288,7.1
142,11.8
10744,16.0
6992,6.3
10346,14.4
10109,22.0
1117,4.9
1756,7.0
497,18.3
6751,14.2
870,16.8
3357,6.6
9104,8.6
7678,3.2
721,7.6
886,13.6
14736,11.8
11898,17.3
12744,5.8
8347,6.6
9712,17.6
8102,8.8
13347,17.9
10466,16.7
314,5.7
13732,19.6
11455,8.3
4204,14.4
5850,4.6
6129,17.4
5447,4.6
3129,17.4
1996,21.2
11378,8.3
3968,11.5
12119,8.1
336,10.4
12919,16.2
12848,9.2
10626,6.7
2985,4.1
4620,20.0
6531,4.6
11602,13.3
3558,14.4
13993,9.2
3416,12.8
307,12.8
15232,20.5
15327,10.3
348,6.8
5918,5.8
13740,19.6
7243,7.6
14587,9.8
4482,12.5
12193,10.3
9421,9.6
8263,20.4
10325,11.8
6855,15.3
12480,3.0
12974,18.2
12500,1.3
10304,4.6
1666,21.0
7579,12.0
5570,5.8
52,4.3
11009,8.3
6263,6.0
1445,6.8
10074,18.6
10420,19.6
1695,20.5
1574,9.0
11365,2.4
4405,4.4
1630,16.2
12901,14.0
1881,2.8
5074,8.9
5509,4.5
13551,7.7
10387,20.0
9040,14.6
10895,5.0
10638,2.7
186,19.6
5558,7.4
7185,18.8
14198,10.4
13459,15.4
6587,7.4
1234,13.4
10721,19.2
3915,17.0
446,1.6
844,5.0
5201,8.0
13501,14.3
14719,16.4
2440,11.7
3103,16.1
7692,4.0
4774,4.4
9718,19.4
6974,3.3
6094,17.6
9486,4.0
2153,11.4
5518,5.5
12678,11.4
5067,6.6
12950,15.3
11816,15.5
12779,6.3
776,-0.4
8417,6.4
14270,5.2
6324,11.3
4920,16.4
13357,16.9
9182,3.6
14575,7.7
15338,2.6
3136,16.8
14747,13.4
5462,3.9
3183,14.8
12739,6.2
7522,21.0
12179,7.9
3199,16.3
14212,4.0
1289,20.9
14606,6.9
14650,6.8
11410,10.1
7542,20.8
1879,3.6
13032,19.0
10237,9.1
5457,6.8
2148,6.8
4131,12.2
1036,14.6
8828,9.4
14626,3.6
4134,9.4
649,9.6
9275,14.4
6711,19.6
861,16.2
9095,9.1
191,17.4
8301,12.0
6026,15.9
1942,14.6
4331,10.4
13596,8.3
8775,2.8
7972,10.6
14532,12.9
14141,12.3
14958,7.5
2775,17.0
4145,13.1
13207,7.3
2617,1.2
2411,15.1
1094,6.9
6065,21.8
1546,6.2
4589,19.3
6034,24.0
10389,19.0
6953,9.2
3135,17.4
3856,25.6
14155,12.9
6419,20.8
3805,10.6
13380,18.1
10151,13.8
7431,12.6
6774,19.5
13485,12.8
464,7.1
1257,16.9
2259,6.8
5630,16.4
14866,16.6
6231,4.0
7382,8.1
10827,15.2
14378,14.8
1262,15.6
15019,7.2
7212,16.0
975,15.8
14430,23.4
5866,5.6
9133,1.6
6582,-1.7
2387,15.7
14928,6.5
5021,15.4
7129,18.2
12821,6.8
3882,16.6
6055,25.2
13951,10.7
14682,10.9
15131,13.6
3875,19.4
2789,14.3
9136,9.3
13643,19.7
1857,5.0
13309,14.3
4108,12.5
5213,8.6
8281,16.4
3255,2.0
7323,9.3
2690,11.4
7389,8.6
4627,20.6
11429,10.1
1319,18.8
11575,18.2
15161,20.0
5162,8.5
11129,16.2
10936,2.2
1135,7.4
4529,14.8
3505,19.4
4749,10.0
7086,10.0
9941,4.0
10722,19.8
15142,19.3
6336,9.2
11523,23.3
6982,11.0
13064,12.6
2505,4.4
2904,4.8
570,17.4
1448,5.2
3414,14.3
12363,5.4
12956,18.8
9290,23.2
12195,18.3
6837,16.8
3226,11.0
14952,8.1
4383,6.7
9229,6.4
7845,12.3
3539,18.3
10832,18.2
13760,16.8
2827,15.6
5780,11.0
4996,11.6
1338,13.7
3262,5.0
7876,15.9
11064,9.7
6838,14.2
5741,13.7
650,9.4
6039,18.9
2258,6.5
5395,12.2
13408,13.8
7082,13.9
14984,7.1
3521,15.0
11524,21.1
4478,6.2
5660,19.7
13359,15.3
67,7.8
14390,20.6
14319,10.7
7609,14.8
1258,14.7
12243,16.6
13074,17.9
991,17.0
3504,18.5
8305,16.6
919,20.8
165,11.8
10108,19.6
13111,4.9
9141,10.1
4594,18.8
12435,-1.2
2850,10.8
11152,18.8
15310,5.9
13506,11.0
4460,11.8
11438,13.6
6623,7.9
9306,15.8
12868,5.9
8490,9.4
9867,3.3
2735,24.0
5669,19.4
4988,18.3
13818,14.4
2378,16.0
12085,-0.6
4172,13.2
8092,3.8
12466,5.7
2103,11.4
3759,7.8
11955,16.4
1837,6.6
12313,16.3
12745,5.2
12517,6.7
5710,16.4
8799,5.3
4500,8.5
1093,6.8
10251,2.6
6718,11.0
11013,9.3
8960,22.6
160,15.0
203,15.8
6483,12.4
3940,10.9
15122,20.0
4933,17.6
11857,15.0
7647,7.5
1230,17.2
9166,12.8
3046,10.1
7957,11.0
2915,4.8
13942,9.6
4251,19.8
6111,11.3
6204,-1.5
2725,14.4
4290,17.3
4334,13.8
383,1.8
7485,15.9
4886,14.7
857,13.2
370,5.8
6539,5.6
2561,0.4
3801,16.8
5455,7.6
10397,18.0
12606,23.0
6859,10.9
12113,9.1
13322,16.6
14738,10.9
5944,12.1
615,16.8
2575,10.8
53,4.4
10933,2.6
3340,4.6
11616,6.0
9897,4.6
13915,4.2
10333,15.1
10286,7.8
14130,17.1
5876,5.0
10432,16.6
8995,21.1
1812,6.3
990,17.0
10631,8.5
12871,13.2
8411,2.8
2942,3.8
9480,9.6
3163,17.0
4678,6.6
2618,0.7
3612,2.2
8235,15.1
7871,20.1
12262,18.1
3792,18.6
9695,21.0
10365,13.6
10045,24.9
3439,13.1
1892,9.0
14797,17.8
14324,4.7
5255,13.2
13909,6.7
5167,4.0
6460,16.8
1505,0.6
10596,6.6
670,6.4
9471,10.0
14472,19.5
897,12.8
3306,6.2
8026,4.5
6239,3.3
2890,5.8
6003,12.7
7739,12.5
11684,5.3
14899,11.8
8397,7.4
2,-2.8
9961,6.2
13048,13.4
6079,18.6
531,16.1
14994,4.3
8181,17.7
13282,10.2
6476,11.8
13697,15.6
13007,16.5
8923,19.2
3406,9.4
5991,17.0
6328,8.9
10615,10.5
2565,5.2
2581,2.0
12525,13.8
8385,2.4
2607,-0.9
10726,15.4
14543,10.2
9447,10.4
2104,11.8
14279,4.0
10931,5.2
14049,25.5
4994,15.0
11467,16.4
5057,11.8
658,9.8
4434,6.0
14576,8.2
3816,21.6
6773,16.4
12973,17.7
9813,6.5
14475,22.9
7260,3.2
3904,15.3
10945,7.3
13670,18.0
9288,19.4
6811,20.0
11043,7.6
9359,18.8
3700,6.0
11702,9.9
1788,4.4
13033,17.6
6314,11.5
3645,11.0
1776,9.0
192,18.4
9012,17.8
10501,13.3
13202,5.2
14684,11.4
5388,12.2
10547,4.0
4951,17.8
2687,13.4
4390,7.5
4927,20.8
5552,11.4
11966,13.5
238,13.4
14234,10.2
10497,12.6
6901,8.3
11208,22.5
15204,20.1
9137,8.5
11085,12.7
8640,19.2
5097,9.0
11082,9.2
11437,14.9
10575,3.4
3552,16.0
15296,12.6
3360,8.4
8328,15.4
5628,11.5
7751,9.5
5783,9.8
4507,8.2
14463,24.2
146,11.3
11300,9.4
2294,9.2
7178,14.8
9928,8.9
14637,3.6
11017,7.6
14550,6.1
12735,6.1
8690,7.9
7081,13.2
4733,9.4
8912,15.2
4384,7.4
10513,15.0
14080,19.5
11843,16.1
4545,16.2
596,15.9
13960,7.9
10783,17.0
5164,4.7
14040,18.8
1647,21.8
6815,17.6
2700,12.6
1700,17.6
2773,15.4
6968,4.4
8143,6.2
6219,8.4
86,4.8
12573,14.3
12541,12.1
15209,20.4
2594,-1.0
10654,6.0
1029,6.3
136,11.8
6972,1.8
11460,12.8
7024,9.6
2854,9.7
1200,9.6
6121,14.2
9763,12.4
8758,12.0
11807,16.3
6296,4.0
3927,14.2
10105,19.0
13560,2.2
8468,7.8
3606,3.4
13691,16.6
2330,13.2
2187,2.2
195,18.3
5059,11.3
802,9.8
2668,7.8
241,18.8
2068,21.8
14116,18.2
13436,11.2
644,12.2
9116,4.0
5103,2.6
1637,18.3
7552,21.3
8312,15.2
3074,13.7
9014,18.0
7296,6.4
3278,3.6
8003,12.1
10327,13.4
4970,19.0
10904,9.9
8326,16.3
6915,9.2
10710,11.7
7829,17.4
62,7.4
12131,7.5
12186,11.1
14281,2.5
11209,16.8
11100,14.4
679,5.3
2041,19.4
8933,20.9
5307,13.5
11384,4.7
3641,6.2
12663,18.8
12491,2.2
3258,3.8
1873,3.2
4744,3.6
9909,8.1
2912,2.2
4027,9.8
5488,8.0
13256,10.1
8024,8.4
7786,12.3
14209,5.5
6864,16.2
489,10.4
8685,12.6
690,12.2
602,14.8
10103,15.4
1014,9.2
869,14.5
1993,17.4
7610,11.8
5283,16.4
4370,2.8
11597,13.8
1361,12.9
10731,9.6
1526,6.4
12792,8.7
1629,16.0
1551,4.8
10962,-0.6
14867,18.2
1337,17.2
3901,18.4
5041,9.0
8252,17.7
10442,20.5
11198,15.0
5039,6.8
2346,17.8
14263,3.4
5485,2.0
13620,7.1
5694,23.0
5119,10.3
5166,4.0
1134,5.4
8342,8.0
10643,6.4
10278,10.2
10451,16.6
4017,3.8
10409,17.4
14917,10.1
2424,17.6
4138,17.6
859,12.6
2962,7.6
8089,6.0
12460,1.2
13530,1.7
13139,10.7
13021,15.6
1364,14.4
13572,5.4
1779,2.3
10639,2.7
2101,11.1
1818,11.4
369,4.8
4937,16.1
5285,14.8
8367,7.2
12429,4.1
7071,16.4
2093,11.0
7817,10.9
1920,5.0
82,5.0
7331,6.6
7304,9.6
816,9.7
11881,15.7
4396,1.3
8475,10.4
6124,18.2
4120,8.4
12591,15.6
13621,6.2
1813,7.7
1271,15.4
8751,5.1
2994,2.2
11676,-4.1
6409,19.6
11882,17.6
2642,9.6
9280,17.5
10645,8.6
2305,6.7
11169,17.2
12854,9.4
4195,20.4
12814,5.3
3849,20.2
15110,11.3
12872,13.3
14693,9.2
3554,13.5
2195,1.4
2600,0.3
6163,10.7
1518,6.1
10790,16.4
11647,6.3
6309,9.6
5755,6.5
5633,10.8
8399,1.4
14293,6.0
7162,22.7
11562,15.3
11269,8.1
1988,15.3
9533,7.3
7737,12.4
517,13.5
6160,13.0
14551,8.7
13947,12.8
12372,7.1
11086,12.4
9607,10.5
4456,9.6
2761,15.0
6481,16.2
5911,4.5
13867,5.8
6547,6.3
4855,10.0
7644,6.8
13607,11.4
14864,18.9
6358,16.7
9741,19.0
2438,13.4
3765,10.2
6432,18.4
8643,17.2
7846,14.0
10918,4.3
9665,23.2
13781,16.5
6340,7.4
4821,7.0
18,0.8
3560,9.5
3951,12.8
49,0.5
15188,21.7
887,14.5
6261,0.6
7236,10.6
6989,8.8
6043,23.0
8708,10.4
3168,15.8
2949,3.1
1424,7.9
139,11.2
10116,18.5
10570,6.2
3197,15.8
5131,5.8
112,11.0
8160,8.4
13320,17.6
4559,14.4
4595,19.0
4690,6.6
7951,12.6
13979,11.1
3277,7.0
4068,12.6
4408,2.4
10865,13.6
13175,6.1
9729,19.7
451,9.0
7262,4.8
3731,7.4
7256,7.6
13748,21.0
4986,16.5
3663,4.0
2763,19.6
8850,11.4
11278,11.5
1855,4.8
999,14.0
389,3.1
6426,20.9
1476,10.2
2240,0.9
14520,15.6
14035,15.1
8112,4.0
992,14.8
7032,11.8
4997,12.4
3922,16.6
2972,0.8
6871,9.6
11560,17.3
4769,0.5
1293,16.6
14379,16.6
4173,11.8
2535,5.2
14023,19.4
1907,6.5
12714,15.6
14574,6.2
8560,13.8
6033,22.0
7619,9.0
1151,1.2
1567,9.6
3171,15.4
9689,20.8
7106,15.2
4160,14.3
4287,11.3
2230,3.2
11358,9.1
174,13.8
1903,4.1
9291,19.4
8752,3.6
15128,18.9
3408,12.8
1538,12.0
2292,8.4
9523,4.4
1363,15.0
4357,2.4
5260,13.4
11444,8.9
11633,7.0
680,5.5
12462,4.7
3664,5.1
1661,18.6
508,10.0
166,14.6
12705,10.3
9198,5.9
12794,6.8
7365,13.1
1914,6.8
7263,3.0
14791,17.9
14961,6.4
7361,6.8
1104,-2.6
12013,10.6
9944,9.4
5310,18.8
11567,16.1
5754,11.0
152,16.4
12167,10.5
5679,20.4
14028,17.2
3551,13.0
3722,9.2
11293,6.4
14483,16.4
4538,10.6
11413,6.1
10014,15.3
8463,7.6
1991,19.3
13525,5.2
8501,8.4
5141,8.3
3811,12.2
14790,19.9
3450,15.0
4591,19.4
7352,7.0
205,18.9
9327,19.5
6680,8.8
2749,16.8
8497,8.6
1849,2.0
13925,8.0
10180,13.4
3240,8.3
12163,8.6
3109,20.8
10179,12.8
5934,14.2
12552,9.8
5810,9.8
8575,15.7
5634,11.3
4307,14.9
3156,17.3
6534,3.1
15183,18.6
15125,17.8
12711,14.9
8891,11.4
3832,15.4
13374,19.4
4776,5.2
7997,5.8
4276,15.4
14959,6.7
10883,10.4
14731,12.9
278,13.2
6771,18.6
7415,12.0
3252,4.0
10951,6.6
10672,7.0
14885,9.7
289,12.6
3075,14.8
11078,15.0
9582,9.3
10842,15.0
270,12.5
4570,21.2
13477,7.9
9583,10.4
6696,17.6
4316,11.4
3180,16.1
1422,10.0
8275,17.2
9065,6.4
12594,16.0
4557,14.5
7812,13.2
6297,5.1
14024,20.5
11222,16.7
14875,16.8
1132,9.6
10642,4.0
10521,8.8
6242,2.0
11624,13.4
14386,17.9
7423,12.0
11158,17.3
10152,16.0
11037,8.2
12544,16.4
5520,4.6
9408,14.8
13360,15.7
11487,16.7
9256,9.5
3786,13.8
11401,11.6
8345,10.1
2161,11.2
3008,6.5
1105,-3.6
11305,3.7
692,13.9
12006,9.3
4956,17.3
8307,17.2
4369,1.6
2765,19.0
3929,15.3
13845,6.2
15074,15.9
7778,9.0
11073,11.2
628,17.4
2451,17.8
10943,5.5
3824,18.7
13788,12.6
15280,13.7
3743,11.4
2176,4.0
6689,9.4
8858,8.4
3318,6.4
13492,9.4
9653,15.0
7432,12.6
2787,15.4
1196,5.4
1676,17.1
3947,15.4
7618,9.5
4444,7.8
5722,16.0
11946,17.2
10695,7.4
13010,16.4
2369,14.6
4967,20.9
2217,4.0
8148,10.3
10410,16.0
3326,4.4
11376,4.8
3583,13.6
15004,10.0
15075,16.4
3619,5.6
6217,9.7
2468,16.4
8277,17.9
12986,21.7
5973,10.5
3667,8.4
5158,2.5
7594,11.2
6976,7.1
10211,6.5
3423,16.2
10717,18.0
8199,16.6
2409,14.2
3212,13.5
13137,7.0
5366,15.5
11402,9.8
6593,4.8
2895,13.0
13433,11.1
14149,16.4
3642,7.8
13362,19.2
11289,7.5
12870,8.7
9475,5.4
10193,12.4
13220,9.7
9061,8.8
14868,18.0
13768,15.4
8548,12.8
15205,20.6
5451,11.0
7160,21.2
10685,12.4
7866,13.6
2743,17.4
15234,22.6
10082,19.2
9797,15.8
4958,19.6
14053,19.0
10572,2.6
6474,12.9
7888,20.4
8811,1.5
492,7.2
12252,16.9
1116,6.3
5637,14.6
13484,12.7
15147,19.0
11351,5.1
13895,4.8
13215,9.7
6589,-0.4
13932,12.3
7557,18.2
10692,7.0
12268,17.9
5241,12.5
14197,7.7
2783,17.2
11275,11.8
10661,6.5
1696,19.2
5685,20.2
2295,9.9
5939,14.8
7763,8.6
10244,10.8
9968,10.4
3313,5.4
4781,4.6
8350,7.6
11416,9.0
9784,14.4
9915,2.2
7605,13.1
215,17.9
6707,12.4
12634,19.4
8682,12.0
14026,19.8
3483,16.6
7006,8.7
5102,3.8
6599,5.8
3764,7.5
14649,8.7
6410,20.6
11609,10.7
25,0.8
10601,8.4
7659,1.2
13383,19.7
9744,20.2
14136,13.0
13230,6.6
6683,7.8
9171,4.7
10847,15.1
10039,15.5
12615,24.1
8584,14.5
14003,12.1
13188,5.0
11759,9.5
14812,22.1
12700,15.5
1102,-1.4
3276,10.2
5345,20.2
14034,14.8
13940,8.3
13511,11.5
8386,3.2
8835,10.2
13878,1.8
15330,9.5
2207,-5.2
4552,13.4
4402,5.8
7395,14.5
3718,8.4
972,18.2
4579,17.6
6516,16.0
719,4.2
6155,8.6
14488,18.1
2803,12.8
2566,7.0
4025,7.1
6198,6.6
8224,18.6
13566,9.0
4063,6.2
9889,3.1
2792,15.2
2222,8.0
5818,8.2
3866,16.7
11089,12.4
13298,12.6
13959,8.2
11654,-1.6
3227,5.8
4214,20.8
3923,14.2
10469,15.8
11441,14.5
1401,15.0
8931,19.3
7703,6.0
4979,18.3
3253,1.2
13250,11.4
2661,8.4
2158,11.4
8578,15.2
8088,7.8
674,3.9
11659,-0.7
7011,7.6
11255,14.6
10197,10.6
3841,20.2
1815,7.7
12770,7.9
15097,11.6
2100,10.6
13533,1.2
6708,12.8
1673,17.1
10293,8.6
4213,22.0
11558,16.3
11149,18.1
1548,5.3
15284,6.2
8547,11.8
5184,9.7
1461,6.8
14414,21.0
3220,8.2
12940,15.8
14066,25.4
7170,18.0
7430,13.2
14642,2.9
1751,12.9
3976,9.4
8353,4.0
1772,13.5
9388,15.4
10070,23.2
10860,15.7
2016,18.4
2005,13.8
3893,14.9
3237,7.4
4424,-1.7
10270,7.6
8588,17.2
10980,5.8
2257,5.9
4072,11.6
5574,7.0
9083,12.0
14597,7.8
5355,19.2
8418,4.8
6093,16.8
7935,17.9
12421,8.6
1519,5.4
14284,3.0
1378,11.0
5672,20.4
9215,4.5
2587,3.2
14986,10.6
5621,13.3
12100,8.7
11049,12.0
12632,21.8
5842,7.5
7122,14.0
5832,3.4
9821,2.6
4888,19.2
5904,4.2
522,15.5
8043,4.8
3607,6.8
9120,5.4
234,12.4
3796,22.8
6318,12.4
7094,14.0
10202,9.3
1948,11.6
6361,14.0
14435,19.1
12036,5.8
6091,15.8
10863,12.8
13955,8.1
2224,9.7
9298,20.0
13891,5.8
9010,16.2
5571,5.2
4523,18.1
5793,11.2
13493,10.0
5738,10.0
2624,5.2
4728,-3.8
7818,10.8
8859,12.8
15216,13.8
14002,9.9
9080,10.1
11403,9.2
2437,16.0
6056,26.6
9009,16.2
6352,13.6
10533,12.0
3167,18.8
1809,6.5
12416,10.1
7161,23.4
9456,7.4
5086,4.0
12357,9.7
7016,9.8
11950,17.0
4945,21.0
6046,17.8
12850,11.4
14225,2.3
6919,13.0
5590,11.2
7226,14.7
1228,16.7
11813,17.3
6846,17.8
8244,24.6
11860,15.4
6555,3.6
159,15.4
8851,11.3
9779,16.0
1589,9.8
15101,11.7
14563,12.0
14540,10.9
14333,5.5
6687,10.6
14348,13.7
13120,6.2
10576,1.7
12146,9.3
7480,17.0
14228,3.3
1556,6.0
2828,14.6
436,7.4
5789,9.8
13375,17.5
1588,13.8
7398,13.0
2780,17.2
13794,13.4
9242,12.5
5686,22.6
3965,7.6
4727,-1.5
9165,14.4
1238,12.5
2951,-0.8
10534,9.5
12239,18.1
11847,13.7
14133,15.4
1497,4.4
6465,13.2
7355,7.4
7823,15.8
7547,18.4
7913,16.6
10614,8.1
14372,19.1
5185,11.2
5647,17.6
14427,24.2
5242,12.8
2130,14.8
2092,10.1
5409,8.6
10207,7.8
187,17.6
11481,16.0
7938,14.6
3655,6.2
3426,10.2
11751,4.5
1381,10.8
15174,20.7
8605,17.6
7427,15.8
5037,4.6
4897,17.6
3175,16.0
13062,10.4
12226,14.9
8448,3.4
15191,18.0
13664,14.6
2235,-4.1
8068,4.4
9959,9.2
4236,16.5
13646,18.1
14025,20.7
11726,5.5
9764,16.8
24,0.6
3363,6.8
1088,-1.2
10886,10.4
8733,8.0
14059,15.4
2841,11.6
10503,15.2
7537,14.4
7470,18.6
14312,5.9
4152,17.3
9501,5.5
695,4.6
14762,21.1
6337,8.2
1227,14.8
1999,16.0
276,15.6
11651,1.3
5929,4.9
2953,0.2
3637,7.0
3906,17.8
4778,1.6
5845,1.0
14881,16.9
4117,9.5
11611,10.0
1137,9.0
2767,15.4
8182,17.6
13499,13.6
13119,7.2
7661,8.0
9134,3.6
11395,8.7
2490,7.4
14858,14.1
7742,10.0
3935,12.8
2384,19.8
8016,13.2
7084,15.4
115,8.6
1863,7.4
10750,15.0
3119,14.6
4258,23.0
14177,16.6
12983,24.0
2819,12.0
11685,6.8
11507,18.8
14067,23.6
4699,6.4
3802,13.2
6068,22.0
3536,17.1
3825,16.5
6642,10.4
13272,15.0
1946,11.4
14810,20.5
11696,4.1
12789,7.7
9802,13.8
7269,6.0
11962,20.4
7929,15.8
7166,18.4
6963,3.4
5867,6.0
10859,14.5
4761,3.5
10386,19.6
882,17.0
557,14.4
12440,-0.8
1207,11.0
11614,10.7
7684,4.6
11846,13.3
9702,16.8
6538,5.2
10485,16.0
3211,11.8
3630,9.8
1708,17.1
12655,18.8
8458,5.9
1140,4.0
3162,17.6
6207,-0.5
14854,16.1
3730,8.7
10101,16.6
15090,11.9
2660,6.8
8848,11.4
1307,21.2
2567,7.2
9190,2.4
2834,14.0
14690,9.9
9429,13.0
2151,8.4
11959,20.4
3835,15.4
14876,17.9
11746,4.0
12602,17.9
10378,16.1
9326,17.6
5004,13.7
6626,10.8
9495,7.6
1627,13.0
12277,21.1
9714,15.8
15050,7.9
358,0.4
138,10.9
8491,12.4
9748,19.9
382,1.2
11181,19.5
11550,19.1
4857,13.0
14276,4.9
1439,5.4
9569,5.6
946,20.9
12712,15.2
5498,4.0
4916,15.4
8556,13.4
10913,6.4
1932,5.9
2352,12.8
3236,8.6
14569,4.3
9493,2.8
12689,16.0
3807,10.8
14135,15.6
1936,12.7
13677,17.7
4154,14.6
8988,26.8
2416,15.9
11728,9.4
6139,11.4
785,1.2
6789,18.2
11350,4.0
8036,5.3
8315,13.8
14530,20.6
5668,19.5
2172,3.8
2169,5.9
6628,11.1
4009,7.6
4340,7.2
910,12.3
6268,5.5
2309,4.8
10033,17.4
9449,4.8
6591,4.8
4458,10.0
7597,8.8
9370,17.7
11782,12.8
14334,6.7
4652,11.4
6218,8.3
442,4.0
3415,18.2
9591,8.1
13424,12.5
13681,15.2
9649,16.6
12014,6.8
5744,15.5
1054,9.6
13391,15.2
3699,3.3
929,15.6
6468,16.0
8767,10.0
1829,4.2
14078,21.9
13965,11.2
11854,14.8
13763,19.8
2011,16.1
913,13.6
7611,10.0
13099,12.2
11808,15.6
15017,5.6
2606,0.4
4928,23.2
9783,14.4
6564,3.1
12484,8.8
6,1.5
11172,17.6
7835,18.8
6583,-0.4
3361,8.6
10135,17.3
13976,11.8
1635,14.4
1141,4.0
13398,13.9
359,1.8
2070,20.2
3134,17.4
5160,5.8
6990,11.2
3243,9.4
2242,1.2
1474,4.9
13178,3.9
10081,18.0
3259,4.7
10213,5.6
4020,4.0
13565,12.4
8566,17.1
3500,15.4
2658,4.4
12966,17.9
1130,7.2
14109,17.6
1819,11.5
7461,14.6
12025,8.2
11984,15.0
12520,9.7
7064,10.9
4318,10.8
9342,21.4
4669,13.0
9428,16.0
5476,6.8
15093,8.5
13470,13.1
1856,3.8
2282,13.0
13356,16.8
4008,8.0
6401,20.0
15231,19.2
14245,6.7
386,6.4
1628,14.3
10906,10.2
11729,10.2
12924,14.5
14320,0.5
7718,7.0
11773,11.0
11381,6.3
15295,9.9
9101,8.4
13293,12.8
10058,22.4
1842,4.6
2497,5.6
201,16.2
14181,11.3
3868,18.2
5054,12.6
5889,9.2
2702,13.9
7922,19.0
331,11.4
3808,11.4
935,13.8
10651,7.2
1774,13.0
12066,1.7
8611,22.1
10878,15.0
14046,17.9
989,16.5
5443,3.8
12787,7.4
6993,6.8
13118,7.5
5806,12.2
14768,15.6
13680,16.2
6574,-2.0
3052,10.6
13265,8.5
8365,5.0
4615,21.8
3321,5.1
13871,7.3
6246,-0.8
6048,20.7
3311,6.7
11926,15.1
12059,7.0
14403,18.5
11196,20.0
8210,20.3
11431,11.9
3628,3.4
13610,9.1
10366,13.4
1356,21.2
5002,16.2
11906,16.2
5823,13.2
14588,6.8
5670,21.8
3112,21.2
182,15.1
13604,8.6
10004,10.4
855,7.4
12932,15.8
4912,18.7
13961,8.5
1800,2.9
14218,8.1
10621,6.4
5482,6.6
12785,8.6
1968,11.2
12776,8.7
12492,5.6
4697,6.2
4987,18.2
4650,15.3
1159,4.8
9405,13.4
11868,15.0
1325,17.5
10288,8.7
12056,8.1
4796,3.6
6796,24.8
5808,10.2
15143,17.7
1455,9.2
5410,8.9
8333,13.4
2800,13.4
9836,3.6
10332,17.5
7616,9.1
13745,18.1
7815,13.0
4378,5.8
8921,16.2
12189,9.0
6716,11.6
10128,19.3
3736,6.6
2261,6.4
7429,14.1
4005,7.6
9302,12.2
13787,15.4
11190,17.2
2394,17.0
1185,7.0
2007,14.0
193,19.3
13675,18.8
8770,1.2
5525,4.0
771,3.6
10587,8.3
1478,5.5
1846,1.5
3740,11.4
12250,15.8
7986,9.7
405,7.4
14641,-0.1
10265,0.6
10088,17.7
13123,4.3
6317,10.4
6581,-0.8
10571,3.2
1447,1.7
342,11.4
7468,15.2
14377,13.5
10719,18.4
727,3.4
4577,18.0
9168,8.0
9250,8.4
3516,19.8
13654,16.2
12370,11.4
7156,19.4
7851,17.2
10178,12.0
9491,0.9
1348,17.7
660,12.8
1492,4.2
12559,13.9
13750,25.5
5154,3.2
10507,13.6
9885,1.6
14705,8.9
9277,14.8
2524,1.1
11805,11.5
13002,20.4
5374,11.9
3198,16.4
5717,18.4
11672,4.0
13975,11.8
12610,17.6
8259,17.9
12954,17.5
40,2.8
10461,16.2
12865,6.1
13227,8.4
13723,18.9
11639,9.5
6816,18.1
10559,9.2
11777,13.7
12512,2.2
10704,12.2
2723,22.2
14111,15.6
13157,10.9
9335,20.2
14938,10.1
7155,18.5
11771,11.3
14165,15.2
12041,5.7
7230,7.6
10412,17.0
5075,12.8
10523,7.9
7880,19.2
5394,12.4
9641,16.4
14792,17.0
7789,13.9
14343,8.9
4088,8.9
1967,10.1
13805,11.8
13523,7.2
14726,10.2
6999,5.7
423,5.5
14239,5.8
10096,18.2
14592,1.9
13161,8.6
6142,14.8
5661,22.9
9031,10.8
4596,18.8
2659,4.2
141,11.7
2597,-4.4
6701,6.2
1377,11.6
3674,5.0
9658,12.4
15185,17.1
6362,13.4
14383,14.9
4741,4.2
1138,6.4
10449,19.2
7374,5.0
1787,-1.2
13556,3.7
4646,17.1
7568,16.4
459,7.2
6115,10.8
8179,16.9
11565,14.5
948,17.4
9528,8.1
6370,17.6
4628,20.3
7358,5.1
5925,8.4
6040,19.2
441,3.8
6659,11.0
9794,15.8
10430,16.6
8831,8.2
9046,12.6
3830,16.6
14428,21.5
6144,8.4
13905,0.3
6344,10.5
14322,1.9
1958,10.0
9262,13.0
155,16.5
10487,11.0
12211,15.1
4578,17.5
1089,-1.0
6049,22.0
11132,18.4
14062,19.0
9122,5.2
7950,11.2
11101,17.4
1674,14.3
6763,21.5
12853,9.0
6416,21.6
14676,6.7
11439,14.2
2326,12.8
7096,18.7
13180,3.2
12728,12.5
6450,15.4
14759,17.9
1715,12.4
9890,3.8
9172,7.8
8381,4.4
9433,12.6
3831,13.8
6299,5.1
3348,1.6
14613,3.0
9177,6.7
10013,10.8
587,18.8
9346,23.2
10964,-1.8
14618,3.9
10091,18.0
2990,3.4
14260,6.7
12109,7.6
13624,9.6
11749,2.3
9587,12.0
264,9.2
11739,5.3
12092,0.3
6788,19.2
14639,2.2
13065,14.7
10131,16.0
3864,15.4
10435,17.5
10592,7.8
6274,7.2
13324,18.5
15041,7.5
3711,4.9
8438,6.2
9786,14.4
1529,7.4
12584,14.5
923,17.0
12035,5.2
7329,9.8
4364,4.6
669,7.0
3604,6.9
5108,4.6
10102,15.6
13836,5.8
5248,9.8
7183,20.7
10888,10.7
2591,2.4
5906,1.8
9973,13.0
6509,13.8
11205,15.1
7133,15.7
2307,5.3
8804,9.5
3690,10.5
687,8.5
612,16.0
7167,18.0
12104,6.9
3200,13.6
10459,15.0
11168,16.3
6629,8.2
4135,10.6
1898,4.4
282,15.6
258,13.6
11116,13.8
14478,19.7
4943,17.7
2822,14.2
11531,20.3
3525,14.8
14827,20.1
5223,14.4
2285,13.4
6063,18.0
8078,11.6
4654,14.4
5000,13.9
6710,16.8
14326,9.9
8676,17.1
10403,14.1
5416,8.6
475,6.4
2555,-0.5
8087,6.8
7,6.9
11849,13.1
6411,22.7
14076,20.9
13694,14.0
5546,10.8
2426,15.6
6744,14.5
10006,13.8
14780,16.4
2274,7.9
9203,7.4
1577,11.5
7264,3.4
9259,11.1
10183,7.3
3970,7.8
5879,7.2
12916,12.5
14331,7.2
7193,14.7
3867,19.6
14465,17.1
6823,15.4
11240,15.2
7548,18.8
781,2.4
15107,9.3
1749,11.6
10983,6.0
6519,12.0
5774,12.4
9283,14.5
9369,17.0
2324,11.0
10271,8.3
5055,8.2
10800,22.7
13851,7.5
10482,16.8
1727,17.6
610,16.2
4666,17.2
5413,10.2
8103,9.8
8174,11.6
8535,15.1
11349,1.9
3750,6.8
11407,10.5
97,6.8
6985,10.0
3137,14.4
1537,12.0
11780,10.3
3648,8.9
13645,16.8
1517,8.6
14910,6.0
4624,19.4
11861,15.3
6566,3.0
2090,11.6
7097,16.2
6171,10.6
7521,21.8
572,19.8
14608,8.4
13935,7.8
3062,10.4
597,18.4
6633,9.8
14482,14.6
7875,15.0
7345,1.0
6304,7.1
12311,15.6
15283,6.7
12526,12.2
5976,8.3
8562,13.8
1938,14.6
12878,10.5
8100,6.8
1753,7.6
3670,3.0
11844,12.4
12318,11.5
2361,15.8
4260,15.6
5432,6.2
6285,5.4
12070,5.9
14538,13.7
11929,15.2
12011,5.3
13133,5.8
13270,11.0
13514,5.6
5591,13.7
1171,6.3
7927,17.0
13752,22.4
9614,11.6
11333,0.9
14363,7.3
12402,9.2
14074,18.1
874,11.3
2297,12.5
14292,6.3
2643,7.6
14240,2.6
5347,14.7
9032,10.6
15245,12.6
581,19.2
204,16.7
7896,20.8
9833,8.5
2014,20.9
11445,8.2
11663,-0.7
905,15.4
631,16.0
8461,4.2
12788,6.6
1974,8.4
162,12.4
4998,14.6
12645,20.2
9557,2.7
14931,6.0
4713,10.0
9067,7.3
1431,4.0
6868,10.8
14033,18.2
7710,8.0
7736,11.0
4283,12.1
7531,16.4
12934,13.7
11048,10.4
10053,20.6
10851,12.8
3384,8.6
14992,4.6
12455,4.4
12786,8.6
7462,13.7
3331,9.5
14795,21.6
10595,2.4
6404,20.9
8895,10.8
2096,13.0
10195,9.3
12882,10.8
7999,8.3
5017,16.9
8738,8.0
1449,5.6
6900,7.8
2610,-1.6
1900,3.6
8186,15.3
3920,16.6
2757,18.4
6397,15.5
10077,17.6
11888,15.5
13306,14.0
2097,16.8
8329,11.7
14514,15.9
5624,11.6
9028,19.0
3471,12.6
8266,19.4
2171,2.4
14179,11.8
14108,20.1
8590,18.4
2010,15.2
15026,7.3
1283,18.2
15126,18.9
10028,18.2
14742,11.5
1019,5.8
9518,3.8
11002,1.7
8667,13.5
2810,12.3
13251,12.6
1651,21.7
14763,16.3
1169,8.4
10720,18.8
9398,12.0
6256,8.0
5469,5.3
14744,13.8
10258,8.4
867,11.2
11166,17.2
5093,6.5
5433,3.8
541,13.2
9324,15.5
15094,10.7
6354,12.6
14339,7.7
3390,6.8
11154,19.0
11451,9.4
12325,12.7
15244,10.1
10775,17.4
11005,8.0
3959,9.7
14241,2.9
6643,10.0
6841,15.2
12703,11.7
3586,15.4
12380,8.9
2563,-0.2
10822,17.4
13687,18.5
12212,14.3
5036,6.2
1080,0.4
5891,7.2
10277,9.4
10644,10.8
4966,19.3
2023,15.8
13802,13.4
7909,17.5
13397,12.8
7321,6.0
226,16.0
1013,9.1
1929,8.5
12862,10.4
5251,13.8
9596,10.8
2179,5.4
697,2.4
1124,7.4
7378,9.2
12087,-2.2
12574,15.0
5110,3.8
7902,17.0
1778,4.4
12217,13.0
2634,7.7
7544,18.4
7604,11.2
3489,18.8
1037,13.2
10448,17.4
12527,10.1
15253,13.8
8505,9.4
2649,5.6
10473,15.0
2979,7.0
2547,9.9
5132,7.6
2159,11.1
11329,-2.8
9114,4.3
6445,17.6
3967,13.6
1428,2.6
12904,11.8
2520,4.6
12258,21.8
8033,-2.2
13153,4.9
13254,13.2
15148,17.2
448,8.0
13022,15.4
9476,3.8
5995,13.3
12310,16.8
3727,6.2
7353,8.2
8553,19.4
6279,1.8
13729,21.5
7295,4.4
9496,10.6
6251,4.4
5926,10.2
2460,18.6
22,-1.0
2066,20.7
1653,24.2
8894,13.2
8706,13.0
10935,3.7
1376,12.0
1724,12.8
10660,8.1
3754,9.3
10517,9.4
8652,13.6
4183,15.1
4082,9.6
9678,17.4
11870,18.1
8474,6.8
6579,0.8
4558,15.8
3537,19.4
12839,9.4
7003,8.0
10773,16.6
9560,3.0
14545,7.3
12614,24.4
8789,5.0
9951,12.9
646,10.0
6381,13.6
7527,16.4
14879,16.1
12356,7.8
7165,20.9
11660,1.2
12227,15.5
7697,4.5
11182,19.6
14446,22.7
4875,15.0
10736,16.9
13185,2.6
5341,18.2
13094,8.5
12180,9.1
7031,11.3
2160,10.8
685,13.6
14129,15.6
11435,11.0
2461,17.2
11029,9.6
11889,16.4
7128,15.8
6267,4.7
4941,18.4
5946,10.4
4583,18.9
5784,9.0
10422,19.6
7569,17.2
13075,18.2
10512,16.6
521,22.0
8714,11.5
13508,12.1
13719,20.2
3983,2.1
14675,9.0
13281,13.1
780,2.4
10613,6.6
12598,17.7
5607,11.8
5978,9.6
8843,7.6
3747,2.6
2196,-1.2
8561,13.8
15166,16.0
4285,12.6
8569,19.2
10408,17.9
9832,8.9
9805,9.2
6979,7.2
1827,7.9
11824,14.7
9154,7.0
14528,18.1
14849,22.3
2376,20.6
8551,14.2
3839,23.9
14519,15.2
1246,19.2
7504,21.4
11483,17.1
6511,11.2
11886,16.7
14052,21.1
5439,-2.0
10759,14.7
11615,6.0
10229,7.8
14201,5.7
8964,20.4
10681,11.2
11754,4.8
14914,11.8
14648,8.8
5510,6.5
5330,18.0
4531,12.0
9866,3.1
365,-1.8
12401,4.8
12089,2.6
15315,3.6
147,11.6
1668,22.5
11280,13.9
14595,7.0
7650,7.5
8599,19.1
11698,6.8
7788,11.6
3456,15.4
11768,11.4
3271,6.7
4940,16.2
9223,12.6
12384,7.7
6230,4.2
13679,16.2
12431,1.7
9047,15.0
3926,13.9
13113,7.2
8080,6.0
78,7.0
7088,15.0
2247,6.0
12646,20.2
14382,12.1
15265,11.1
14745,13.2
12697,14.2
7451,18.8
8980,21.3
2279,7.0
8123,8.0
12287,18.2
3897,14.8
12346,11.3
7177,16.8
9312,17.8
14523,10.3
3631,9.9
13235,10.5
6272,6.1
8616,17.3
392,1.6
3191,10.1
16,2.1
4200,13.9
2672,10.8
14653,8.8
6164,3.0
12583,14.4
3493,17.1
9651,15.9
13005,18.8
7394,14.6
4839,7.0
593,18.2
12027,5.7
14308,7.3
8737,8.6
5827,2.2
10749,14.5
7961,12.8
5887,9.7
2355,12.6
6036,21.2
4798,1.2
10634,6.4
13276,12.3
4592,22.6
11234,12.8
8656,19.0
163,15.3
14233,6.0
14492,18.2
15008,10.3
7380,12.9
15277,11.1
10201,10.0
6356,13.6
11276,10.9
9092,7.0
5542,10.2
6007,11.3
7993,9.0
7638,6.6
6793,22.4
10900,10.6
7758,5.4
4837,5.6
2293,8.8
6548,4.0
7898,18.9
4481,10.7
3716,11.6
10837,15.6
6140,15.2
9956,5.8
1549,6.6
11221,15.6
10331,17.2
2044,16.2
767,8.3
5693,24.0
7870,19.1
9700,19.3
7857,17.6
3302,1.5
4517,10.6
13941,8.2
12381,7.4
3292,8.0
9011,18.6
1403,11.6
1382,10.1
10340,16.4
6928,8.4
5671,25.2
1638,14.2
15033,6.0
6907,10.3
8591,14.9
6406,16.7
9074,12.7
11757,8.3
1179,8.1
5448,8.2
12644,17.3
10322,11.7
5078,7.8
8648,18.0
5175,4.0
10142,13.7
689,12.0
13597,8.2
6525,4.9
15068,10.5
6488,9.6
10145,17.0
7154,15.0
12906,8.5
6610,6.6
10902,10.0
13143,4.4
13177,4.4
4349,5.2
14256,6.6
1884,3.8
13268,10.0
2494,8.2
5947,12.6
3036,15.0
5777,10.2
11795,13.5
845,4.7
8734,9.6
11916,17.1
12379,9.8
11871,17.7
12415,9.0
7967,12.0
13017,16.5
7340,8.4
13835,10.4
12690,16.5
7137,18.4
2964,4.3
2529,12.4
5772,13.8
1048,6.0
7045,4.8
1960,11.3
2530,11.4
11138,24.2
8429,10.6
4917,14.3
9325,15.6
5901,4.2
8286,16.0
4259,16.4
13151,4.9
13255,12.0
5656,19.4
6097,17.4
5907,4.8
7373,3.5
2978,4.9
13609,11.2
14289,3.4
6721,15.5
7842,17.5
8264,18.1
13475,4.6
12111,10.9
3138,14.2
8325,15.0
15236,15.8
12265,15.8
14591,3.4
11421,11.7
1826,8.4
5548,5.4
8785,7.6
10917,9.2
12329,13.1
560,14.2
13532,1.3
8435,9.0
5435,2.6
4437,10.8
10382,16.6
8597,20.8
1442,3.8
8453,8.2
4406,3.1
14634,6.1
1689,21.9
15145,17.2
9917,4.0
13814,12.2
5962,9.0
2496,7.8
12548,14.0
340,11.9
2408,15.8
9793,13.3
12804,4.9
5782,13.4
4576,17.3
3725,7.4
15266,9.9
2785,16.6
9715,16.0
13203,6.5
14429,20.4
1012,14.8
5280,14.8
4895,18.4
9958,8.2
7121,16.4
6549,2.6
4037,7.4
148,15.8
285,15.6
15146,17.5
8555,13.0
12135,13.4
12886,12.2
9732,15.2
6770,20.0
4443,4.4
7446,12.8
236,13.2
14725,11.6
10754,16.2
7123,14.8
12801,8.4
14671,10.8
3083,13.8
14708,9.9
10294,10.0
632,15.6
6813,16.5
2493,8.8
2665,6.9
13029,19.0
13114,9.7
12907,10.7
10526,12.0
10060,25.3
11811,11.3
12075,6.0
12995,19.8
4211,20.6
9686,18.5
10593,4.8
3874,18.4
9424,13.3
10853,14.6
2817,10.8
12653,21.7
14645,7.2
15058,8.0
13793,12.5
7426,15.7
12345,12.4
13204,8.5
13899,3.0
11253,13.0
14137,11.9
9777,16.6
1735,16.5
7397,9.6
11015,7.8
4255,21.8
15165,18.1
2475,16.6
10756,13.8
15316,0.9
3713,7.2
13789,13.3
1804,3.6
707,-0.2
11238,11.4
14210,6.5
5189,12.6
13358,15.0
5472,2.1
72,2.8
7843,16.2
14823,20.6
5101,5.4
6764,21.0
9382,18.6
10793,15.0
1125,9.2
1241,17.0
12631,25.3
14495,14.9
2349,9.9
11543,19.6
6602,4.4
12200,20.7
6780,18.8
9769,15.9
12098,7.9
11921,17.2
4358,3.4
1343,18.4
15322,5.8
13330,28.7
14700,9.2
8632,20.0
6652,10.4
1100,9.6
10829,17.0
9160,4.8
8841,8.6
9738,21.7
7327,3.8
7622,8.5
987,12.8
10658,9.0
2852,7.8
11695,7.0
8853,11.0
630,15.4
1249,20.0
3179,14.4
482,8.6
9776,16.0
9654,12.0
3040,16.4
5010,16.2
13410,15.2
7000,9.0
3273,12.1
7227,11.6
3683,4.7
6674,13.0
6807,22.3
12337,12.3
14940,10.6
1316,20.8
3225,11.2
1072,-0.2
4815,8.3
12969,19.2
10823,18.3
9852,8.0
5752,13.6
10617,8.4
14042,16.6
4616,21.4
3097,14.4
12168,9.4
14489,18.1
6869,8.6
1300,15.9
7285,10.3
6284,5.1
12920,17.6
13617,11.2
5495,2.5
5291,19.8
9600,9.2
10037,18.7
1798,2.3
12149,6.1
9667,23.6
5203,8.0
8227,17.4
5047,6.0
6441,20.9
8636,19.4
8105,11.8
2359,13.7
14407,15.7
3654,7.1
7052,12.8
11371,2.7
1286,19.4
14012,15.6
4445,7.0
11608,11.1
2137,10.4
6787,19.2
10828,18.1
12208,11.1
15069,9.6
9873,2.4
14963,9.6
13055,16.2
13770,24.4
6894,15.0
9884,2.0
13145,3.6
10733,12.4
11827,14.6
8564,15.8
7151,17.7
963,14.2
6012,17.4
4882,19.7
140,11.8
12611,19.1
12046,7.9
13868,6.7
8906,13.3
6936,4.0
6542,5.4
5243,14.8
11380,7.6
10030,20.6
4431,3.6
12817,6.1
406,7.6
8212,24.6
9196,6.9
12834,10.2
10603,6.1
10737,15.3
13243,9.4
10582,2.7
9135,7.1
8234,17.3
11022,5.0
11563,15.8
11214,16.4
11556,20.0
4399,4.1
5252,14.7
11,0.4
4760,2.2
1177,7.4
10139,12.3
10693,8.3
2863,7.4
6471,11.9
12057,8.3
6228,4.2
9218,8.0
12040,2.7
2989,2.4
9153,7.4
11081,9.2
7117,16.8
11207,18.0
7010,5.2
11530,21.5
13130,3.6
11760,6.2
8927,17.6
12592,15.7
1440,2.6
14956,6.7
2875,9.8
12178,8.0
9108,4.6
14450,24.3
13505,10.5
12281,19.4
11339,5.7
7232,9.9
3726,9.1
2772,15.1
9816,6.8
454,5.8
9013,20.0
8189,11.6
1367,12.0
3712,6.0
15120,18.1
1388,13.4
9042,10.6
1000,14.2
7761,6.8
3553,13.6
4114,8.2
9829,3.2
1667,22.4
3173,16.0
13338,17.0
9539,9.8
14433,24.4
488,10.4
3230,10.1
3828,19.4
10824,18.3
14723,14.2
5208,9.4
7848,16.6
11424,10.1
5704,15.5
14801,21.8
8133,8.4
703,4.8
5105,1.6
13658,12.4
3291,8.4
8125,11.4
11865,25.0
10600,7.6
9519,3.6
14786,18.8
13852,4.4
4909,17.8
4440,6.8
13981,11.4
986,13.4
14594,5.9
14187,10.7
14099,16.0
7705,9.4
12241,15.7
6257,7.0
11677,-1.7
6089,14.0
10666,11.1
5238,9.9
12065,3.7
1198,4.9
12373,9.1
9710,18.6
13930,13.0
7519,21.2
6812,17.6
9991,16.0
9206,14.1
8320,16.6
9556,2.4
10225,10.0
7175,15.3
4470,8.9
891,13.1
10985,4.1
1969,12.9
12595,16.4
5757,10.0
6527,3.8
6294,5.2
14960,7.0
7595,10.2
9110,6.6
3249,6.1
6570,0.5
6638,9.6
7351,6.4
14088,17.9
9400,15.4
12060,8.9
7473,17.0
12504,2.1
12257,20.0
14145,15.3
13317,18.1
1239,12.4
2289,10.0
2740,20.3
8467,9.6
4585,18.5
9227,7.4
1229,15.7
9200,3.2
6980,9.4
5178,6.8
12020,8.6
10724,18.8
4293,15.5
1058,5.0
6262,4.0
11036,8.8
281,18.2
9235,10.9
9508,7.8
968,20.4
10573,2.1
3953,14.0
1939,12.1
12978,18.5
1274,15.8
619,16.6
13047,15.5
1742,13.4
1390,10.0
2203,0.6
9771,12.0
9847,2.6
3568,10.6
10544,7.7
10404,14.4
6116,12.2
15297,13.5
6052,21.2
3178,15.6
3192,11.6
9499,7.0
6099,14.6
7029,9.2
575,21.8
10552,9.2
6656,9.3
7115,16.6
13527,3.8
6276,5.1
9472,6.2
13797,10.1
11083,16.2
5897,4.7
5724,14.8
10185,8.4
10831,18.0
269,15.4
629,17.6
11970,18.2
3081,11.2
3466,14.8
6430,18.2
14306,2.8
7062,10.0
12588,20.7
12215,12.3
14925,6.1
5543,7.0
10238,10.1
4356,5.2
13997,11.2
2113,14.2
8219,23.6
10232,7.2
12120,6.8
14916,9.2
3216,10.6
3814,17.3
8321,18.1
13176,7.7
2278,3.9
4599,19.2
13,-0.6
14170,13.4
12668,15.2
1525,7.5
2365,15.0
4648,15.6
11244,11.7
12197,21.5
10532,12.7
374,2.7
13071,13.9
6477,14.3
525,14.2
9131,4.3
14997,7.6
12765,8.8
6895,14.0
10339,14.0
3591,5.7
11106,18.8
7904,16.6
2958,10.2
11815,17.3
529,18.8
3714,8.3
4732,4.4
9461,10.3
12473,1.5
1394,13.6
12201,20.0
12582,16.2
9989,13.2
11171,16.7
9633,8.7
10574,2.6
15132,10.9
12003,13.2
5631,15.4
9465,5.8
6563,7.3
4703,5.0
1712,15.8
14971,8.1
955,18.4
6675,11.2
3453,16.0
9579,13.0
14413,20.6
12803,4.9
8595,18.2
2071,18.8
14944,4.8
10169,5.8
158,12.2
7005,11.5
12080,4.3
9094,7.5
352,3.6
6078,20.2
6236,-1.3
12732,7.3
12322,12.9
8946,18.3
11163,18.5
15306,2.9
2920,10.2
8503,7.4
4644,13.1
661,11.2
7057,9.9
10181,10.8
3665,6.8
7979,6.7
306,9.9
10527,13.8
4790,10.6
2356,12.8
11894,17.2
11996,11.8
1927,9.2
14336,8.0
3427,9.6
8941,18.1
3638,4.4
13058,18.5
1266,15.0
1560,10.6
14398,20.1
11787,13.2
10326,15.3
7179,14.4
4109,12.7
7867,14.0
4904,12.6
7294,1.2
514,11.9
894,16.0
8601,18.8
21,-0.2
11577,15.9
15254,14.2
899,12.6
207,22.2
458,7.6
10246,9.4
2430,14.8
8442,10.8
12398,0.5
9299,17.0
3389,10.2
9905,8.3
3911,18.9
5383,9.0
8907,16.0
552,14.8
9631,10.6
10462,17.0
3144,14.6
6917,11.0
2056,19.4
1925,8.8
634,14.8
6082,18.4
8508,9.5
14247,8.2
14857,15.3
8619,21.4
13183,1.3
105,11.3
3041,14.0
12430,2.6
10361,11.3
1709,14.5
89,5.4
7014,9.1
10433,16.4
3174,17.0
917,18.5
7833,18.6
6732,20.0
1949,10.3
12236,15.2
11040,8.0
6368,17.8
1,-2.6
8032,-0.3
12529,8.1
6047,18.6
9127,4.2
14152,14.2
2720,16.2
8783,5.8
15054,8.1
3117,19.6
11128,15.5
15262,11.6
10640,4.0
9768,12.8
3762,8.8
213,17.8
778,2.9
3496,15.5
13546,9.0
2043,16.6
8920,17.4
5420,10.0
6154,6.2
9759,16.2
8357,8.4
12894,12.2
11758,10.0
13378,16.8
12625,20.4
10205,6.4
8465,8.6
12052,9.2
4167,15.4
10960,0.9
3788,15.4
8586,16.0
583,18.2
15210,19.1
15318,4.5
116,9.3
6644,10.4
13869,8.0
15268,15.5
14990,8.9
13757,18.8
8712,9.4
1763,4.1
1875,0.8
12157,9.2
11536,19.5
10445,17.0
3224,8.7
526,15.8
7725,6.1
2946,4.3
4473,9.4
12091,-1.4
5655,16.6
8884,13.2
6059,21.5
959,15.6
12636,17.3
6342,10.7
3633,9.1
1050,8.3
8782,5.6
8711,7.8
3380,9.2
3676,7.2
5776,11.0
13887,8.7
6573,0.6
5179,7.6
1607,11.0
3610,3.8
14974,7.1
6635,10.7
15339,2.7
10001,13.4
791,7.0
8984,23.8
3056,9.4
10047,20.4
1980,13.7
11425,10.1
3598,5.4
933,15.9
12155,7.9
13194,7.3
7424,13.2
5626,9.9
1682,20.5
4179,13.2
12218,13.5
13156,8.4
6446,17.2
4116,6.0
988,17.3
11703,11.3
11645,7.2
2896,5.2
3778,13.4
5658,18.6
11722,8.6
3093,14.9
3155,21.0
11393,5.2
1823,7.5
14777,17.0
1098,9.2
10396,18.6
2844,13.8
9078,7.8
3342,2.8
38,2.0
6540,3.6
14360,11.3
8707,12.6
3356,7.6
13025,17.5
9645,13.0
11745,6.3
11801,17.3
12857,12.1
10698,7.6
11186,18.3
12191,12.7
7813,13.0
14927,6.8
9098,7.4
8220,24.0
14953,5.8
10699,7.8
2428,14.4
5043,6.6
5346,18.5
8954,19.4
11939,18.6
4811,9.7
8476,11.2
686,12.6
4799,2.8
7437,14.7
2353,13.2
6353,12.8
13862,10.1
4569,20.6
8213,21.0
2752,23.2
9077,9.4
8073,10.0
9109,6.2
1040,5.8
14174,11.7
7491,19.6
1265,16.1
12771,7.0
14237,9.3
7059,11.4
277,11.6
5084,11.3
10276,7.0
9437,10.7
2382,16.2
571,21.2
1435,4.1
12094,-2.6
9439,11.3
5352,13.4
12873,13.2
11718,2.0
10706,11.3
5445,0.6
1007,11.2
12962,15.5
4543,15.4
12987,22.7
15096,11.5
14242,5.1
2064,18.4
1136,9.0
9882,6.0
14215,5.0
5343,17.9
10177,10.3
294,11.2
9739,24.6
10204,5.4
8780,9.6
11521,18.5
2403,18.6
10321,11.0
3998,5.6
14325,8.2
3741,12.0
11700,11.2
14167,15.3
2719,13.3
14138,12.1
12713,16.9
5150,5.6
2808,11.2
9017,17.0
556,12.4
13707,15.8
4795,2.6
2469,15.3
3738,13.2
4286,11.8
12643,15.9
9908,7.2
2604,0.4
362,4.0
6924,3.1
1704,18.8
2139,12.1
3239,6.0
2383,16.7
7314,2.6
4311,13.8
9477,3.4
1312,19.8
14477,22.6
3930,13.7
6183,-0.8
13303,16.1
1591,8.2
14416,15.7
2162,7.8
2396,19.6
317,3.3
9516,8.8
11303,6.1
5233,15.4
13672,18.6
5068,6.2
4036,6.4
8987,29.0
3020,11.0
9903,2.3
11579,17.6
8228,16.2
12741,4.4
9105,5.6
5295,18.4
3972,7.4
5370,13.1
4133,10.8
974,16.0
7291,9.0
9175,8.4
954,18.7
9610,11.2
9752,17.4
12327,15.2
13660,14.4
12457,3.0
9547,2.1
14296,4.7
5016,12.6
14930,5.1
9179,6.0
10874,11.8
7490,18.7
13239,8.2
1640,17.6
1290,19.4
11873,19.1
1380,9.0
1933,7.2
4675,6.0
14029,17.5
11352,1.1
10222,7.0
892,14.8
7287,11.4
4876,12.3
12261,20.5
7906,19.9
12447,8.7
8194,11.9
14406,18.9
10301,10.4
9041,15.4
10929,2.9
2466,18.4
7657,0.2
10106,17.5
9788,13.3
1913,4.1
13331,21.8
11362,3.0
2736,22.6
726,2.0
7214,12.6
8245,25.5
1796,3.4
3845,18.6
6402,19.4
10745,16.0
10992,0.8
936,13.4
2265,2.4
824,6.2
12513,5.0
7274,4.0
11593,14.8
1389,10.8
3564,13.3
9076,11.0
5429,6.8
7827,14.4
5690,23.1
13059,17.2
7878,20.0
1868,7.6
13373,18.2
8202,14.8
11607,12.4
7486,17.4
9655,14.3
806,3.5
4805,9.6
13559,3.5
12260,21.8
10300,8.7
14051,25.5
15276,10.9
10426,18.1
9155,3.4
7511,18.8
8056,2.6
4494,7.8
2632,7.4
13668,11.8
8896,11.4
8623,17.8
7832,15.3
4388,6.1
145,11.0
6467,15.0
2033,18.0
14013,16.4
1165,6.0
11692,4.2
2050,17.3
3760,8.5
10816,17.4
12676,11.4
4435,7.0
3430,13.3
8190,14.0
13457,13.8
7069,17.7
4361,3.8
10616,6.8
9454,3.4
1771,12.4
3511,18.2
271,12.0
12984,22.2
15309,7.6
8436,10.1
12605,21.1
12764,4.9
2032,16.0
14712,5.2
12316,13.3
9005,17.2
14837,15.9
3810,13.0
13785,17.6
9996,14.4
14095,18.9
4346,5.3
10653,11.1
545,14.5
3241,10.6
8930,20.4
8502,8.4
11713,6.5
9323,14.8
15218,13.3
12303,18.5
10961,-2.2
7564,14.8
920,22.4
14001,12.7
11779,14.8
6640,9.0
12151,10.4
7694,0.5
8230,15.4
12651,20.1
7126,17.6
4278,15.2
2983,1.6
130,12.6
13409,15.6
7980,9.0
2667,7.1
7138,17.5
3223,6.9
9374,14.8
7693,3.1
5392,12.9
614,15.9
15196,25.6
1466,11.7
4497,9.2
3042,14.6
9126,5.8
2419,15.8
5085,6.6
3294,4.9
6737,17.4
1500,-0.1
13014,14.4
9018,17.0
1521,5.5
14000,11.2
11122,18.8
4232,27.4
7686,4.4
8820,9.1
4430,3.4
12045,6.2
390,1.6
12537,11.2
15134,13.5
7124,15.2
5913,10.0
12182,13.3
8592,15.3
4806,7.4
13327,18.4
13749,22.0
11551,17.9
8238,17.6
8044,2.8
15013,9.5
3993,6.4
11834,13.4
11918,15.2
14661,10.8
13400,16.2
6609,4.1
5319,15.2
15102,14.5
7119,15.0
2421,16.4
5604,12.6
1750,11.5
15072,12.3
13846,7.4
12254,15.7
14912,9.9
338,12.2
8407,5.4
11855,12.6
1341,15.9
14652,6.9
7982,7.8
12086,-1.2
3640,8.4
329,11.3
13563,4.6
3004,10.1
6960,2.8
4090,8.5
11307,-0.2
9828,3.5
2322,8.4
6667,10.8
7009,7.6
4197,16.7
3549,12.1
9650,17.3
8363,8.0
4203,15.2
14304,-2.4
11761,10.2
12418,8.6
13722,21.2
13350,19.9
13816,13.8
6185,2.4
1639,13.8
9130,3.3
60,6.8
1240,16.2
5760,13.4
5136,9.0
2343,14.1
2120,10.2
1524,5.4
7617,10.9
153,15.0
481,5.8
6122,14.7
12652,20.2
7674,6.4
7101,11.6
12112,10.8
1762,5.6
8942,19.6
7715,5.4
9977,12.1
13946,10.5
7479,17.2
6212,5.4
12693,18.0
4853,6.4
2711,11.1
6766,18.4
4150,12.4
12385,6.5
1333,14.4
14451,26.9
11046,7.2
8378,4.4
9328,20.5
14419,19.8
14894,13.5
10250,1.4
14006,13.6
3850,21.2
8340,9.0
4124,6.6
13081,11.6
13765,19.4
11555,21.7
4788,5.9
2866,8.2
11968,12.9
1386,12.5
5941,8.5
3067,15.8
13913,8.7
3629,5.9
14526,15.2
12989,21.9
13742,18.6
3028,14.6
2969,1.6
11664,1.1
9900,6.3
11145,17.3
8646,19.4
6136,11.4
8801,2.4
4263,18.6
13018,14.0
645,11.0
14824,19.8
2074,11.6
12244,15.9
341,11.2
8041,5.8
1622,16.2
12875,13.9
7141,18.8
5796,13.1
7184,18.5
14328,9.8
8232,16.4
5475,4.6
10281,10.0
12116,8.0
10367,14.0
14219,9.7
74,0.7
15182,18.1
15235,17.7
10849,15.2
11372,4.0
10268,8.4
8633,18.8
14176,16.1
2051,20.2
2541,10.3
1301,18.9
5877,6.6
7368,3.6
11622,13.4
1304,16.7
8428,10.6
13963,9.9
2599,0.2
12808,8.5
2573,4.2
11472,16.4
3186,16.0
12145,9.6
2768,17.8
4831,6.8
4223,18.6
14817,18.2
2106,9.9
2679,10.8
10953,2.2
12880,13.3
13591,4.6
1387,11.4
14851,19.1
14573,7.5
13714,24.8
14880,15.8
7083,15.0
13364,17.9
13192,5.3
1279,16.2
13221,5.8
804,8.0
1555,5.8
14567,7.3
11382,5.4
4566,18.8
12994,20.4
14845,21.9
4841,6.2
3594,4.9
6035,23.2
6852,13.8
10112,15.5
8705,13.4
4177,14.0
1308,21.4
9106,3.4
3452,16.6
3695,6.0
4242,19.8
11348,2.2
2198,-3.1
8966,20.2
4425,-1.9
6150,7.8
943,13.9
822,8.3
5005,12.8
6612,9.6
12469,3.1
8356,9.3
5619,12.0
4547,13.8
12175,12.3
2538,10.2
14969,5.8
9503,10.2
5207,6.8
14609,9.4
13837,5.2
13575,5.6
3054,8.9
3675,6.4
7776,6.6
7218,10.5
6722,12.6
3300,6.6
3310,6.6
7221,12.7
8519,10.4
10682,8.2
5954,6.8
10998,4.0
12600,17.4
832,12.8
11271,5.3
3462,16.9
13489,13.4
14329,9.1
7643,5.2
54,2.9
12256,18.0
3451,17.4
6305,6.0
10093,17.9
1481,2.7
4873,11.6
13087,17.5
8038,7.0
12342,12.1
3335,6.0
6016,17.8
4926,20.3
9138,9.9
5797,12.3
11485,14.9
10353,16.4
15085,12.1
5083,9.2
6645,9.8
12481,5.3
11249,9.1
5490,9.7
768,10.2
2065,20.5
14586,9.7
11687,5.9
7311,6.0
8477,9.7
15249,13.7
4524,16.6
11568,17.2
10524,9.8
2717,15.0
2079,13.6
11581,14.8
8914,18.8
951,16.2
8058,8.8
2482,12.2
10454,15.2
9181,2.2
11404,6.8
1759,9.4
9984,13.5
4422,-4.6
6704,11.6
13671,18.4
9916,2.8
5182,6.0
8533,12.6
3701,8.6
4243,19.3
688,8.5
3432,16.4
13395,13.7
4944,19.6
966,17.5
14895,14.1
14564,10.8
10395,16.4
2713,11.6
4757,4.9
13290,13.5
12350,14.4
14654,7.2
6320,15.8
13472,8.8
5975,7.6
3572,12.2
12997,20.4
5299,16.8
1990,18.0
12312,16.0
12951,17.3
1205,9.2
13490,12.2
13050,15.6
4971,16.9
14924,7.3
13226,6.6
6783,19.4
3600,10.8
6490,15.2
8609,23.4
15307,7.6
13888,8.7
8070,7.6
8577,17.2
7973,10.0
14300,2.1
1625,15.8
536,13.0
8766,8.3
7970,12.4
13224,8.4
4212,18.8
6456,16.8
3507,20.2
8393,3.4
9524,6.5
7112,16.8
11694,6.0
2708,13.8
5031,10.6
6514,12.2
4662,11.9
4021,5.3
1854,6.7
14479,20.1
2872,8.1
3030,14.0
9397,18.2
1645,21.6
3417,13.8
3476,15.8
14662,10.7
11053,12.8
1792,8.5
13718,21.8
3797,16.0
3368,8.2
11559,15.6
11725,10.5
7196,12.7
14804,18.0
5109,5.2
6024,23.0
11641,4.2
8795,1.8
11248,7.6
14277,5.8
126,9.4
5959,8.8
3876,19.6
11127,15.0
13635,9.2
4451,9.4
7147,18.1
3531,15.6
10922,4.4
827,8.4
9831,5.6
7790,11.6
984,17.0
11473,13.4
11197,17.1
7783,10.2
10380,18.6
14707,10.1
2443,17.5
8554,15.6
10541,11.2
345,6.8
814,12.6
6166,4.9
12999,18.9
11397,7.5
13939,6.2
15007,9.9
11517,18.7
12298,15.7
5779,8.1
2116,13.0
10026,16.8
793,2.8
15260,9.9
6898,11.1
2674,10.2
94,4.0
4225,21.0
3756,9.8
2891,8.9
2371,17.0
11420,10.4
14417,15.8
3228,8.0
7863,13.1
6359,19.4
14132,13.0
13102,9.8
7326,1.2
6028,17.8
11045,5.3
13429,11.7
11104,13.4
1865,5.6
4612,15.8
10049,19.8
2645,4.6
2243,3.2
5373,13.4
2336,15.2
950,17.4
11260,13.3
1120,4.6
10789,17.4
2204,-1.3
419,4.0
922,17.8
9446,8.0
8669,14.6
10227,7.4
5408,8.0
5788,11.5
5742,14.4
7667,2.0
5567,13.1
8135,10.6
1202,9.0
10818,15.8
5765,13.8
8389,2.9
1970,16.6
11302,4.1
4018,4.5
10343,13.8
3687,6.6
13108,8.7
1997,22.2
4033,11.0
15186,21.3
11246,12.9
1248,20.8
2192,4.0
2712,10.6
9184,3.0
2190,2.8
4670,12.8
5142,7.6
5984,11.2
6565,4.2
7804,18.9
11954,14.8
6943,6.2
11789,10.2
12903,13.1
9510,5.0
10055,19.0
10535,6.6
10641,4.1
2136,8.6
1065,3.5
600,12.8
4227,19.2
10813,15.6
7577,15.4
77,4.2
7546,18.8
2898,9.2
4820,11.0
9506,9.9
14291,5.2
6413,22.8
9444,9.2
9064,8.0
12042,9.5
8007,7.5
5468,4.4
5951,9.8
14989,9.1
11157,17.1
3391,6.4
5415,10.1
2560,1.0
15176,16.6
8162,10.3
2635,7.9
5256,17.5
3530,16.9
8567,18.3
1908,7.5
12621,25.4
14232,3.0
235,13.3
12219,15.9
1604,13.7
7984,7.9
9310,15.4
11869,15.3
3490,18.6
15117,20.0
11150,19.7
1994,19.4
2824,13.4
14267,10.2
10568,7.6
13924,7.6
1342,18.2
8512,15.0
1619,20.6
11905,17.4
5287,15.6
2060,20.6
15272,12.1
2219,3.9
9865,6.4
6038,20.2
260,16.3
14387,14.8
10231,9.8
12977,20.7
9093,8.0
3744,9.6
2026,17.7
6988,7.6
4234,19.6
1917,4.2
1828,4.8
9765,14.2
12607,21.6
12941,18.7
6233,-0.2
14338,9.4
12846,5.7
6283,6.4
4208,15.4
12819,7.8
224,19.2
8915,19.8
10002,13.0
9333,19.6
13721,18.1
6469,15.2
13956,10.8
14462,24.5
13746,18.1
14932,2.5
10954,2.9
846,5.2
4289,13.8
5560,11.4
13234,7.3
2551,6.4
13917,5.8
11120,14.4
117,9.8
8837,7.1
5966,17.7
8195,11.6
12362,5.3
14043,17.5
8659,14.8
7489,17.6
5,-0.5
5342,17.2
9111,8.2
10787,17.7
4324,6.4
1063,5.4
2590,1.6
8434,10.4
13046,18.0
9352,21.8
11062,15.2
3735,10.2
13918,4.4
10589,7.2
3517,19.6
6986,9.7
11613,8.7
10755,13.1
6767,19.1
5622,12.1
1605,12.7
1733,16.1
10516,12.5
10901,10.6
14349,11.9
9504,8.4
11640,7.4
3812,14.2
14779,16.8
10554,3.0
10167,5.2
11706,3.2
1761,7.8
5401,6.2
2739,20.0
13829,7.2
14788,19.1
2472,11.0
6738,18.6
6891,5.1
12199,20.1
7943,15.1
12910,14.0
9685,16.5
4206,21.6
6371,17.7
10350,13.0
9361,20.2
10348,15.5
232,16.6
8258,16.2
7561,12.8
9795,15.4
6168,6.0
11475,16.5
3596,3.6
6288,4.0
4632,15.2
125,6.7
7641,9.3
6229,3.0
13542,7.6
1296,17.5
1976,14.1
14558,11.9
14497,18.1
10267,5.8
12772,6.6
5750,12.2
8152,10.7
14896,13.2
3086,13.8
14253,6.3
6882,10.0
14295,8.6
7673,7.0
3345,6.2
8172,9.4
14473,17.1
5870,5.0
6506,14.2
2797,11.8
918,19.4
1646,22.1
5122,7.4
5126,8.3
13170,2.2
13623,12.4
4621,20.2
6809,23.5
364,1.4
11479,19.6
2125,8.3
8150,9.2
12315,12.1
12761,8.1
8717,9.9
13013,15.7
55,1.8
638,15.0
302,8.5
10958,1.5
5811,7.8
1276,15.6
14178,12.1
12912,14.5
10247,6.6
13568,3.3
13337,17.6
4432,-0.4
3644,11.4
4143,18.9
2878,9.4
12394,2.6
6493,10.8
13367,18.7
10478,17.2
10453,18.7
5240,10.8
14447,22.9
10488,14.3
6937,5.7
7240,13.2
14124,16.0
9945,11.6
13389,18.2
10160,15.9
2593,-1.0
11309,0.3
2393,14.7
523,13.9
6376,17.9
6981,11.5
13716,19.8
6677,11.8
3900,17.7
14793,18.6
12891,9.2
5585,6.7
14381,12.4
7956,11.2
7570,17.0
11314,0.1
6777,20.6
12348,12.8
10161,10.9
671,4.2
4188,15.6
666,15.6
3266,0.6
1887,4.6
11458,10.6
8472,6.0
9911,4.4
11139,24.0
12647,17.4
9091,8.4
7687,4.8
6031,20.8
15091,12.4
6090,15.4
6238,1.6
7350,4.8
7830,16.1
760,0.1
6254,2.2
1906,5.2
12234,18.4
12015,8.6
12330,11.4
3818,21.6
6269,4.8
4300,14.8
5569,9.2
7941,15.8
10785,14.0
4164,13.8
11223,16.7
5971,14.8
3579,16.0
2832,15.4
5449,8.4
3472,14.9
6327,12.4
137,12.2
7043,4.1
4892,20.8
2180,10.2
10320,7.2
7730,5.4
3177,14.8
4854,6.2
4637,16.9
5115,0.0
14290,5.9
7648,7.6
4261,19.0
12536,6.3
1331,14.0
10209,12.5
12734,11.2
10674,1.4
7002,9.5
9550,1.4
6941,8.5
8017,10.8
6241,0.5
9521,3.9
15319,6.0
6881,6.6
13051,13.5
10342,13.9
4530,11.1
10314,8.2
4673,8.6
12173,13.5
6996,7.2
1252,22.2
11470,13.7
3374,6.5
2814,10.2
4719,7.8
6544,7.6
10040,17.8
4858,14.0
7901,18.7
11229,16.2
8580,14.0
8427,10.7
1077,-3.6
10176,8.4
4363,5.0
12154,8.7
770,8.6
10357,12.4
12725,10.0
8865,5.0
249,17.2
9766,17.2
7239,11.7
3419,14.6
10273,9.2
10015,17.0
14739,10.6
4976,17.8
4544,11.9
5565,9.4
7939,16.4
716,6.8
14822,20.3
12338,12.3
2048,16.6
5997,14.0
6600,4.8
7245,7.6
13456,13.0
4178,15.8
4809,6.0
10916,10.0
14562,12.0
7140,20.4
7190,19.4
1460,5.4
5989,15.2
9860,1.3
10948,10.7
2000,13.8
12763,3.1
12805,6.2
8175,14.6
404,9.6
384,4.2
14585,12.0
14568,5.0
10344,15.4
1633,17.0
14666,11.1
13772,22.6
4784,8.7
14616,8.6
6970,4.8
3925,13.2
13528,3.4
4158,14.8
7449,12.8
13140,11.8
14090,18.1
13550,10.9
8415,8.4
2193,2.2
11328,-0.9
12661,17.6
10016,17.6
1015,8.4
5124,9.5
13164,6.0
7418,12.7
7409,5.9
8989,24.4
2871,13.0
9,3.3
10136,16.0
1838,7.6
4804,6.4
255,15.4
7026,12.6
5713,19.2
12677,11.6
3324,2.8
7714,4.6
1581,11.6
11148,16.2
924,18.8
2779,18.2
10700,7.6
7891,19.2
6132,15.3
13216,5.8
5320,15.0
7312,5.0
7102,11.4
6042,21.3
3775,15.6
4835,6.2
12328,14.4
4964,18.2
10971,3.6
539,11.6
7483,15.0
2745,17.6
3719,4.9
14643,2.3
6819,16.8
13659,11.8
9337,18.2
13319,16.7
4468,8.3
667,10.3
7575,14.6
11211,15.7
8549,13.8
5063,8.6
11023,8.4
10975,5.2
1353,18.9
13323,18.4
7114,19.5
15003,6.0
8662,16.2
2703,12.8
3330,4.0
8053,0.4
11829,15.6
9588,13.4
3584,13.5
14504,21.3
13454,10.7
5645,17.8
3376,7.5
1256,15.8
6190,6.4
11704,8.2
13843,8.2
13970,12.2
9442,10.6
13987,8.9
5348,13.8
11003,4.1
12490,3.8
11476,16.9
11125,17.8
4175,12.0
13460,11.8
4910,17.1
1852,6.8
6316,13.1
12972,16.1
15123,17.1
2105,10.8
133,18.5
13428,15.0
5029,11.7
928,13.5
823,9.4
7576,16.2
11632,9.8
1531,8.2
1214,9.8
504,16.5
12477,5.2
10188,9.6
6530,5.2
3072,16.2
10150,15.0
9576,11.2
9086,8.3
13116,11.4
8647,17.4
6619,3.9
13971,11.6
9273,10.6
3709,4.6
14718,16.4
4849,11.2
4748,7.6
4268,14.2
11714,2.4
12326,12.1
11794,14.8
15159,17.3
8905,11.5
4186,16.4
10406,17.6
5301,16.5
2923,6.0
6588,3.5
1810,4.8
3486,17.8
7419,10.7
3141,14.4
10019,18.6
9347,21.6
1324,16.6
4312,11.5
7494,21.6
8702,11.2
9872,8.6
8691,6.8
14985,8.0
10048,21.2
9580,12.2
13807,11.6
11911,19.6
10578,3.4
5541,7.1
11428,9.6
6172,11.8
1540,6.6
9409,12.7
2681,12.1
15163,17.0
11185,20.2
13704,19.1
6313,7.6
1191,10.8
13964,10.8
5293,18.6
1542,6.4
11493,14.1
11516,18.0
7056,9.6
2539,12.5
953,16.6
7241,10.1
6731,20.2
4846,11.2
6801,21.8
8010,11.9
4330,8.1
8924,16.9
5334,18.8
7330,6.0
9348,23.0
4729,0.1
11486,16.5
6541,4.6
11174,22.6
5305,12.6
5161,7.8
7860,16.4
2156,5.2
1062,5.2
10808,16.6
1167,6.5
11414,7.7
3636,8.0
7651,5.4
5588,8.8
11130,17.8
7192,18.0
4491,5.2
7266,3.4
11332,-0.3
4980,18.3
8335,13.6
15269,15.1
11769,10.8
4946,21.0
2782,19.0
717,4.2
10011,10.0
2502,9.9
4360,2.6
4171,14.6
8082,5.0
14977,9.9
395,8.2
13923,6.2
14512,10.8
7186,16.1
15071,14.5
4492,4.6
1365,13.6
14625,8.1
14191,7.6
8787,7.2
14397,19.6
12144,7.8
13584,5.6
5917,5.4
4968,21.4
2914,4.4
15222,16.7
10518,8.4
5644,15.9
3766,5.2
3440,14.6
12043,10.3
12324,13.3
7357,5.4
6806,23.8
9879,9.1
2143,9.6
5104,2.6
5073,7.8
1571,9.1
4079,5.2
1122,3.9
2786,15.5
14527,16.8
2967,2.8
2504,11.6
5988,15.0
11657,-0.5
8867,7.6
11000,2.0
7164,16.8
11540,16.4
728,6.2
7587,16.6
7543,17.5
412,8.2
11338,4.4
9708,16.9
5745,16.0
7668,3.4
825,7.2
3267,2.0
3974,8.6
8808,6.5
8306,17.6
417,8.6
11261,14.4
9817,3.1
6748,16.0
8967,19.9
12377,10.3
11088,12.6
14807,19.9
2082,17.0
8945,18.6
10738,12.4
12161,8.9
3373,8.7
5726,16.3
4107,12.1
10636,3.6
4380,7.5
7723,7.8
1066,3.7
3913,18.8
13479,10.7
5536,10.2
8002,11.5
5387,10.4
5732,13.6
11690,1.3
2738,19.6
5052,4.9
4000,9.6
9760,17.6
2427,16.0
11938,16.8
6833,17.0
10123,16.6
1687,21.8
851,9.6
11738,5.3
6303,5.4
9087,11.5
12784,8.5
14593,3.9
5878,10.8
8527,12.8
2839,15.0
11279,12.2
4611,19.2
9540,4.6
9207,10.8
11008,7.7
9823,4.6
2489,9.6
11922,14.7
6905,10.1
7390,7.7
11443,13.7
2849,11.8
14069,23.1
6665,10.2
5881,9.6
10262,3.2
4452,10.2
9949,10.2
7421,14.2
13600,8.4
9827,3.0
12838,10.9
6484,11.9
2479,11.8
6617,9.4
10457,16.5
11151,18.1
13515,6.8
14903,11.1
11251,12.1
13245,10.8
14061,18.9
2141,10.4
13296,14.8
11310,-0.6
5188,9.6
14891,13.4
12237,17.0
11548,15.7
2744,16.0
7253,10.4
13284,14.9
3506,21.8
1679,17.8
4249,17.6
3147,18.0
8130,8.2
10486,14.8
7004,9.8
580,19.6
9662,16.5
12991,22.4
4070,10.8
13500,13.3
3343,1.8
13184,3.2
7404,12.0
12775,8.2
3672,3.0
559,14.4
5237,10.2
7805,21.0
13407,13.3
11041,9.6
512,14.3
12921,17.9
1081,-0.6
1664,20.6
9204,8.9
1931,8.8
14840,17.2
1150,-0.4
2838,17.2
5949,9.1
8308,14.6
8932,21.2
15021,12.5
14262,6.8
5177,5.3
11867,15.4
14098,17.1
830,15.0
8311,15.5
4752,10.2
14975,4.1
14918,9.6
15252,10.0
635,15.6
4465,5.2
12556,12.4
6799,23.4
7987,6.6
7079,18.2
6966,2.5
4142,19.0
7027,13.6
9183,4.4
876,10.8
4869,11.7
5315,15.6
5222,13.2
4,-0.8
3051,11.0
5691,20.6
3124,15.6
14599,10.1
10852,14.2
2491,9.6
13365,18.4
3854,24.7
13125,4.5
4777,1.2
9907,9.0
14640,-0.4
7509,22.2
6457,18.6
6293,8.3
1148,2.8
11453,7.1
574,18.4
3769,6.9
11928,14.0
4146,12.9
853,4.6
10174,8.6
10966,0.1
5919,8.8
13121,4.1
13403,18.3
9358,19.8
6614,5.9
6002,12.3
9163,12.0
10893,5.4
4495,6.0
8173,11.8
6655,7.4
12039,2.8
2368,14.0
12307,16.6
4780,3.4
12323,14.1
7992,7.0
2950,1.5
5625,9.5
6971,0.1
8716,11.1
10647,6.4
13208,9.2
1841,5.9
5986,16.4
537,14.4
2806,14.0
5801,13.6
5596,16.4
7206,17.5
7343,0.8
12533,16.4
7560,15.0
8096,0.4
11367,3.0
784,2.1
12249,15.6
1409,11.4
10729,11.7
154,15.9
7806,18.8
3009,5.0
1686,21.2
11093,12.4
4014,6.5
7455,13.8
12913,14.4
3863,17.6
2733,21.2
1895,5.4
5442,6.1
569,18.2
6709,13.8
5854,3.9
1816,8.6
10257,6.1
8319,15.3
3394,13.9
3327,4.2
15314,5.6
6102,15.5
2975,3.1
980,17.8
10492,15.7
190,17.2
9331,16.8
5088,4.2
699,2.8
14976,8.6
606,17.8
12468,4.8
301,7.7
14832,19.1
3420,15.5
15042,11.9
1060,7.3
14056,18.6
15181,20.3
10757,14.8
3444,13.6
1069,4.6
10716,17.4
2205,-1.4
9435,12.0
7339,10.2
8208,16.4
7679,2.2
11312,-0.5
13503,10.6
4642,16.2
7683,2.9
12946,18.5
9007,14.3
7996,7.4
11259,13.8
12740,8.8
5600,12.0
9151,8.8
7022,5.6
14619,3.8
4893,20.5
225,18.6
14362,8.4
3354,6.3
5895,7.4
10677,7.7
8754,4.2
3436,13.4
14565,9.4
14373,14.8
1693,19.6
6893,9.4
1045,7.7
3446,13.6
12757,5.1
8050,3.6
9146,5.8
15313,4.4
10927,3.8
11296,7.6
4735,9.0
4496,9.8
1218,9.0
13446,8.0
13703,19.0
6015,17.8
9719,20.2
3987,1.2
4911,17.8
9492,2.8
4493,5.3
6944,5.0
5699,18.8
8352,6.5
12259,23.3
13992,11.9
956,20.0
11983,13.7
11426,9.7
2869,9.4
11969,16.4
4433,1.8
4973,14.6
14207,6.5
2961,9.4
14172,14.1
2200,-1.2
98,9.5
15116,20.3
2557,2.7
11375,2.9
8445,6.0
12115,10.8
4199,16.0
9637,13.0
5539,8.5
1648,20.8
12874,13.0
12915,13.4
12183,14.6
9888,3.1
11383,4.8
6197,3.6
6295,4.0
4499,9.6
1154,8.0
2255,5.1
9874,5.3
3170,14.8
7400,13.8
10248,3.8
7158,20.8
12282,23.2
15137,16.2
3108,21.8
4548,12.7
11915,17.8
14589,5.5
5423,9.4
2049,15.8
13168,0.5
11835,13.3
9208,10.7
8815,1.2
14681,8.0
15034,9.4
14075,18.8
262,14.2
13922,3.4
11561,15.3
4061,6.2
5534,5.8
14486,15.7
14257,6.8
6616,7.9
8120,5.4
8155,9.6
1802,4.6
4736,6.7
15325,8.6
2385,21.4
6694,13.6
5759,11.2
1959,10.4
2976,2.6
8680,14.4
1843,2.9
1734,15.6
2911,1.6
11411,10.4
8338,15.3
13822,7.6
1986,15.6
9561,1.3
6546,8.6
14243,9.7
7098,14.2
2811,12.2
659,11.0
9986,16.3
2511,3.1
11589,12.4
4282,12.0
9339,19.1
11464,18.5
8800,2.6
6287,5.6
11774,11.1
1930,9.3
7125,17.7
197,20.0
7777,9.1
2931,0.5
8004,9.2
2327,13.2
4389,6.2
8958,19.5
12688,14.6
4218,23.6
11447,9.3
202,13.8
3510,16.0
4931,15.7
14582,6.0
5535,7.4
9925,2.7
5791,11.6
10969,7.2
1707,18.0
5172,0.8
5249,12.0
13949,12.9
11666,3.2
6528,5.3
15113,17.1
5855,3.2
8164,11.5
854,8.6
13877,3.0
14555,12.9
4737,8.4
12289,17.3
10352,14.2
698,1.8
11344,5.7
11191,17.0
3696,5.6
1636,17.5
7280,3.6
7554,19.8
11649,6.5
3581,11.2
1291,18.7
12851,12.5
6585,3.1
13808,10.4
1853,6.1
5232,14.6
3763,7.8
3304,3.6
1495,1.9
13919,2.4
11935,15.5
11637,7.9
7994,4.5
1998,18.5
663,8.8
12971,16.4
13545,10.2
3748,4.2
4413,1.9
12936,17.1
5530,0.7
5575,8.0
8901,10.7
7526,15.8
9474,5.7
5864,6.6
13260,10.9
10867,10.6
6776,19.8
12221,16.1
1306,20.6
13688,18.7
13696,17.1
7392,12.0
10429,16.2
11494,18.6
5592,12.2
10230,9.3
9721,17.2
1663,20.8
5450,11.4
15242,12.5
15271,13.4
3627,5.6
13931,11.7
13339,19.9
13083,16.0
2693,11.3
11252,12.6
9789,13.4
14892,12.9
10921,4.8
10817,15.3
5915,5.2
3157,16.2
11506,20.5
9914,3.2
13471,11.2
6668,8.6
1059,3.2
4636,16.0
3242,9.3
1678,17.4
6892,6.9
6374,16.4
7574,15.9
14820,18.4
1757,7.0
6019,18.0
12383,8.1
5116,-1.8
8755,7.6
7408,3.4
2790,16.2
863,12.4
7858,15.7
1484,5.6
7035,10.4
7721,5.8
5977,8.8
5134,9.9
206,20.2
4488,8.2
6938,7.9
9062,5.2
12685,16.1
6910,2.4
502,13.8
7385,8.4
1028,5.6
3840,19.6
10882,9.5
13773,16.8
8110,8.0
14948,5.4
5056,8.4
9762,14.8
8154,9.3
10965,2.4
14183,9.4
2731,16.8
14434,24.2
8996,17.3
14039,16.6
11837,16.7
2454,14.8
12790,10.5
7215,8.5
3104,16.6
13067,13.6
14151,16.4
8392,0.9
6278,6.4
3099,17.9
6184,0.6
10470,17.7
3561,9.2
5892,6.2
12666,22.0
14624,5.5
12706,10.9
13986,10.2
391,-0.5
6736,20.6
5618,11.7
5258,15.5
9687,21.8
2695,13.8
2027,16.2
13440,12.8
5463,6.3
2568,6.2
8006,11.2
64,6.3
12076,4.9
2062,20.8
5276,14.6
7208,18.4
8684,12.2
8571,18.2
6331,9.0
4859,13.9
14552,10.8
12185,10.2
4887,18.8
9268,17.6
878,12.6
8529,11.2
7916,14.0
6863,13.8
7892,21.0
6439,23.0
7869,17.8
1016,7.5
9467,4.0
11990,14.8
7629,5.5
12743,5.8
11534,21.1
13103,9.4
14605,5.4
995,16.1
10173,6.6
4297,10.1
161,13.0
5675,20.3
6873,6.4
14737,12.1
12990,23.6
9692,22.4
7989,4.5
3843,19.0
13417,12.4
10805,19.1
11653,-0.8
1021,10.0
3073,15.4
7555,17.6
3943,12.0
1585,13.2
10147,14.4
3152,19.0
14541,13.7
8226,17.8
12206,16.0
775,0.2
10748,15.0
9670,23.5
7099,17.0
5486,2.9
6235,-1.4
9555,-0.4
7041,4.6
2612,-1.8
7513,19.8
11016,8.8
10233,8.6
8433,12.9
10253,5.8
10555,5.7
8792,10.6
10627,8.2
5393,12.4
14502,16.2
11080,12.8
14356,17.8
8838,6.4
3890,18.7
3556,17.0
11394,6.5
1528,6.0
15167,15.1
1267,16.0
7734,5.0
1899,5.8
4658,15.2
3005,10.0
2734,23.4
15293,11.3
189,18.6
9998,13.7
9167,10.8
2747,18.4
2047,18.3
7849,17.0
2558,4.9
9274,12.4
8666,14.8
11096,13.7
13035,17.2
6396,14.9
12309,13.1
3385,9.0
4555,15.9
1184,6.2
6420,20.0
5051,5.4
5311,17.9
2433,20.0
6949,10.1
13803,12.8
10583,3.2
769,10.6
1685,18.0
8322,16.4
11111,17.6
11363,2.3
11636,6.4
14423,20.5
5578,6.0
4426,0.2
13526,4.6
466,8.6
6265,5.5
5734,14.4
11284,10.9
11964,17.1
5191,6.3
13418,13.6
5390,13.3
860,14.0
7270,8.0
